{
"type": "FeatureCollection",
"name": "PWD_2015_national_100m",
"features": [
{ "type": "Feature", "id": 1, "properties": { "lon": 54.0147, "lat": 53.7924, "year": "2015", "ISO": "RUS", "ISO_No": "643", "Name": "Russia", "PWC_Lat": "53.7924", "PWC_Lon": "54.0147", "Pop": "144985059", "Density": "8.8", "Area": "16416864.1", "PWD_A": "4077.5", "PWD_G": "711.8", "PWD_M": "1149.4", "PWD_P1": "0.8", "PWD_P2": "1.6", "PWD_P3": "2.6", "PWD_P4": "3.8", "PWD_P5": "5.2", "PWD_P6": "7.0", "PWD_P7": "9.1", "PWD_P8": "11.7", "PWD_P9": "14.8", "PWD_P10": "18.6", "PWD_P11": "23.1", "PWD_P12": "28.4", "PWD_P13": "34.5", "PWD_P14": "41.4", "PWD_P15": "49.1", "PWD_P16": "57.6", "PWD_P17": "66.8", "PWD_P18": "76.7", "PWD_P19": "87.3", "PWD_P20": "98.5", "PWD_P21": "110.3", "PWD_P22": "122.7", "PWD_P23": "135.8", "PWD_P24": "149.7", "PWD_P25": "164.3", "PWD_P26": "179.7", "PWD_P27": "196.0", "PWD_P28": "213.3", "PWD_P29": "231.7", "PWD_P30": "251.4", "PWD_P31": "272.4", "PWD_P32": "294.9", "PWD_P33": "319.0", "PWD_P34": "345.0", "PWD_P35": "372.7", "PWD_P36": "402.6", "PWD_P37": "434.5", "PWD_P38": "468.8", "PWD_P39": "506.1", "PWD_P40": "546.5", "PWD_P41": "590.2", "PWD_P42": "637.1", "PWD_P43": "687.6", "PWD_P44": "742.2", "PWD_P45": "800.5", "PWD_P46": "862.3", "PWD_P47": "928.1", "PWD_P48": "998.0", "PWD_P49": "1071.5", "PWD_P50": "1149.4", "PWD_P51": "1231.4", "PWD_P52": "1317.8", "PWD_P53": "1408.7", "PWD_P54": "1503.5", "PWD_P55": "1602.3", "PWD_P56": "1705.4", "PWD_P57": "1814.0", "PWD_P58": "1928.1", "PWD_P59": "2046.1", "PWD_P60": "2169.5", "PWD_P61": "2301.1", "PWD_P62": "2442.3", "PWD_P63": "2593.0", "PWD_P64": "2754.7", "PWD_P65": "2925.9", "PWD_P66": "3109.6", "PWD_P67": "3302.4", "PWD_P68": "3502.1", "PWD_P69": "3712.2", "PWD_P70": "3931.5", "PWD_P71": "4159.5", "PWD_P72": "4393.5", "PWD_P73": "4630.3", "PWD_P74": "4878.4", "PWD_P75": "5133.2", "PWD_P76": "5398.6", "PWD_P77": "5670.1", "PWD_P78": "5949.9", "PWD_P79": "6245.4", "PWD_P80": "6547.4", "PWD_P81": "6862.7", "PWD_P82": "7199.9", "PWD_P83": "7544.0", "PWD_P84": "7877.3", "PWD_P85": "8208.3", "PWD_P86": "8577.7", "PWD_P87": "8971.7", "PWD_P88": "9386.4", "PWD_P89": "9908.3", "PWD_P90": "10657.3", "PWD_P91": "11553.2", "PWD_P92": "12678.7", "PWD_P93": "14124.5", "PWD_P94": "15829.9", "PWD_P95": "17828.3", "PWD_P96": "19956.1", "PWD_P97": "22857.3", "PWD_P98": "26256.1", "PWD_P99": "32184.1", "PWD_P100": "229080.9" }, "geometry": { "type": "Point", "coordinates": [ 54.0147, 53.7924 ] } },
{ "type": "Feature", "id": 2, "properties": { "lon": 110.1959, "lat": -4.9011, "year": "2015", "ISO": "IDN", "ISO_No": "360", "Name": "Indonesia", "PWC_Lat": "-4.9011", "PWC_Lon": "110.1959", "Pop": "258383256", "Density": "137.0", "Area": "1886224.8", "PWD_A": "3451.5", "PWD_G": "975.8", "PWD_M": "1143.6", "PWD_P1": "9.5", "PWD_P2": "16.3", "PWD_P3": "23.0", "PWD_P4": "29.7", "PWD_P5": "36.5", "PWD_P6": "43.4", "PWD_P7": "50.5", "PWD_P8": "58.0", "PWD_P9": "65.8", "PWD_P10": "73.9", "PWD_P11": "82.2", "PWD_P12": "90.8", "PWD_P13": "100.0", "PWD_P14": "109.8", "PWD_P15": "120.5", "PWD_P16": "131.9", "PWD_P17": "144.1", "PWD_P18": "157.1", "PWD_P19": "171.2", "PWD_P20": "186.6", "PWD_P21": "203.2", "PWD_P22": "221.2", "PWD_P23": "240.3", "PWD_P24": "260.9", "PWD_P25": "283.0", "PWD_P26": "306.8", "PWD_P27": "332.3", "PWD_P28": "359.6", "PWD_P29": "388.7", "PWD_P30": "419.8", "PWD_P31": "451.9", "PWD_P32": "484.3", "PWD_P33": "517.1", "PWD_P34": "550.2", "PWD_P35": "583.8", "PWD_P36": "617.6", "PWD_P37": "651.4", "PWD_P38": "685.5", "PWD_P39": "720.4", "PWD_P40": "755.8", "PWD_P41": "791.4", "PWD_P42": "827.5", "PWD_P43": "864.0", "PWD_P44": "901.4", "PWD_P45": "939.7", "PWD_P46": "979.0", "PWD_P47": "1018.9", "PWD_P48": "1059.6", "PWD_P49": "1101.3", "PWD_P50": "1143.6", "PWD_P51": "1186.9", "PWD_P52": "1231.2", "PWD_P53": "1277.3", "PWD_P54": "1324.7", "PWD_P55": "1374.0", "PWD_P56": "1425.6", "PWD_P57": "1479.7", "PWD_P58": "1536.3", "PWD_P59": "1596.6", "PWD_P60": "1660.9", "PWD_P61": "1730.3", "PWD_P62": "1806.1", "PWD_P63": "1889.9", "PWD_P64": "1982.9", "PWD_P65": "2086.8", "PWD_P66": "2203.9", "PWD_P67": "2335.9", "PWD_P68": "2485.3", "PWD_P69": "2651.8", "PWD_P70": "2835.4", "PWD_P71": "3036.1", "PWD_P72": "3251.3", "PWD_P73": "3477.5", "PWD_P74": "3714.9", "PWD_P75": "3967.1", "PWD_P76": "4234.6", "PWD_P77": "4527.7", "PWD_P78": "4841.5", "PWD_P79": "5178.6", "PWD_P80": "5542.4", "PWD_P81": "5942.7", "PWD_P82": "6380.6", "PWD_P83": "6844.0", "PWD_P84": "7338.1", "PWD_P85": "7870.2", "PWD_P86": "8424.7", "PWD_P87": "8977.2", "PWD_P88": "9613.4", "PWD_P89": "10304.9", "PWD_P90": "11046.8", "PWD_P91": "11840.5", "PWD_P92": "12649.6", "PWD_P93": "13513.6", "PWD_P94": "14507.5", "PWD_P95": "15360.0", "PWD_P96": "16379.2", "PWD_P97": "17540.0", "PWD_P98": "20153.0", "PWD_P99": "24611.9", "PWD_P100": "36117.8" }, "geometry": { "type": "Point", "coordinates": [ 110.1959, -4.9011 ] } },
{ "type": "Feature", "id": 3, "properties": { "lon": -92.2836, "lat": 37.42, "year": "2015", "ISO": "USA", "ISO_No": "840", "Name": "United States", "PWC_Lat": "37.42", "PWC_Lon": "-92.2836", "Pop": "320878312", "Density": "35.0", "Area": "9173866.9", "PWD_A": "4394.2", "PWD_G": "1335.1", "PWD_M": "1883.7", "PWD_P1": "4.9", "PWD_P2": "10.3", "PWD_P3": "16.6", "PWD_P4": "23.9", "PWD_P5": "32.5", "PWD_P6": "42.4", "PWD_P7": "53.8", "PWD_P8": "66.9", "PWD_P9": "81.8", "PWD_P10": "98.9", "PWD_P11": "118.2", "PWD_P12": "140.0", "PWD_P13": "164.3", "PWD_P14": "191.6", "PWD_P15": "221.6", "PWD_P16": "254.3", "PWD_P17": "289.1", "PWD_P18": "325.8", "PWD_P19": "364.9", "PWD_P20": "405.5", "PWD_P21": "447.0", "PWD_P22": "489.4", "PWD_P23": "532.8", "PWD_P24": "576.7", "PWD_P25": "620.7", "PWD_P26": "665.6", "PWD_P27": "710.9", "PWD_P28": "756.5", "PWD_P29": "802.7", "PWD_P30": "849.4", "PWD_P31": "896.2", "PWD_P32": "943.4", "PWD_P33": "991.3", "PWD_P34": "1039.5", "PWD_P35": "1088.1", "PWD_P36": "1137.1", "PWD_P37": "1186.4", "PWD_P38": "1236.3", "PWD_P39": "1286.7", "PWD_P40": "1337.3", "PWD_P41": "1388.8", "PWD_P42": "1441.0", "PWD_P43": "1493.7", "PWD_P44": "1547.1", "PWD_P45": "1601.4", "PWD_P46": "1656.3", "PWD_P47": "1712.0", "PWD_P48": "1768.4", "PWD_P49": "1825.4", "PWD_P50": "1883.7", "PWD_P51": "1943.1", "PWD_P52": "2003.7", "PWD_P53": "2065.7", "PWD_P54": "2129.0", "PWD_P55": "2193.7", "PWD_P56": "2259.6", "PWD_P57": "2327.0", "PWD_P58": "2396.3", "PWD_P59": "2467.6", "PWD_P60": "2540.6", "PWD_P61": "2616.0", "PWD_P62": "2693.8", "PWD_P63": "2774.1", "PWD_P64": "2857.3", "PWD_P65": "2943.7", "PWD_P66": "3033.6", "PWD_P67": "3127.1", "PWD_P68": "3225.1", "PWD_P69": "3328.4", "PWD_P70": "3435.5", "PWD_P71": "3548.3", "PWD_P72": "3667.3", "PWD_P73": "3793.0", "PWD_P74": "3926.5", "PWD_P75": "4068.4", "PWD_P76": "4220.6", "PWD_P77": "4384.6", "PWD_P78": "4561.3", "PWD_P79": "4754.4", "PWD_P80": "4962.7", "PWD_P81": "5191.5", "PWD_P82": "5443.3", "PWD_P83": "5722.3", "PWD_P84": "6040.2", "PWD_P85": "6390.4", "PWD_P86": "6796.1", "PWD_P87": "7253.1", "PWD_P88": "7784.0", "PWD_P89": "8393.7", "PWD_P90": "9113.6", "PWD_P91": "9963.6", "PWD_P92": "11002.2", "PWD_P93": "12260.8", "PWD_P94": "13863.7", "PWD_P95": "15955.8", "PWD_P96": "18896.4", "PWD_P97": "23359.1", "PWD_P98": "31073.3", "PWD_P99": "48324.6", "PWD_P100": "483417.9" }, "geometry": { "type": "Point", "coordinates": [ -92.2836, 37.42 ] } },
{ "type": "Feature", "id": 4, "properties": { "lon": -64.847610473632812, "lat": 18.053190231323242, "year": "2015", "ISO": "VIR", "ISO_No": "850", "Name": "Virgin_Islands_U_S", "PWC_Lat": "18.0531902313232", "PWC_Lon": "-64.8476104736328", "Pop": "104949", "Density": "273.7", "Area": "383.5", "PWD_A": "756.9", "PWD_G": "519.3", "PWD_M": "530.7", "PWD_P1": "26.3", "PWD_P2": "39.7", "PWD_P3": "52.9", "PWD_P4": "67.0", "PWD_P5": "83.0", "PWD_P6": "100.5", "PWD_P7": "118.9", "PWD_P8": "135.4", "PWD_P9": "152.1", "PWD_P10": "166.3", "PWD_P11": "178.1", "PWD_P12": "188.9", "PWD_P13": "198.7", "PWD_P14": "208.7", "PWD_P15": "219.2", "PWD_P16": "230.2", "PWD_P17": "240.9", "PWD_P18": "251.5", "PWD_P19": "261.8", "PWD_P20": "272.6", "PWD_P21": "282.7", "PWD_P22": "294.1", "PWD_P23": "305.6", "PWD_P24": "316.4", "PWD_P25": "327.1", "PWD_P26": "337.0", "PWD_P27": "348.3", "PWD_P28": "359.0", "PWD_P29": "367.8", "PWD_P30": "376.4", "PWD_P31": "385.7", "PWD_P32": "394.1", "PWD_P33": "402.0", "PWD_P34": "409.5", "PWD_P35": "416.0", "PWD_P36": "423.0", "PWD_P37": "429.3", "PWD_P38": "435.6", "PWD_P39": "442.1", "PWD_P40": "448.5", "PWD_P41": "455.4", "PWD_P42": "462.8", "PWD_P43": "470.5", "PWD_P44": "478.4", "PWD_P45": "485.4", "PWD_P46": "494.3", "PWD_P47": "502.7", "PWD_P48": "512.4", "PWD_P49": "522.2", "PWD_P50": "530.7", "PWD_P51": "538.8", "PWD_P52": "547.0", "PWD_P53": "555.8", "PWD_P54": "565.3", "PWD_P55": "575.6", "PWD_P56": "586.8", "PWD_P57": "596.2", "PWD_P58": "605.6", "PWD_P59": "615.4", "PWD_P60": "627.6", "PWD_P61": "640.4", "PWD_P62": "650.8", "PWD_P63": "663.2", "PWD_P64": "677.4", "PWD_P65": "689.2", "PWD_P66": "703.6", "PWD_P67": "719.6", "PWD_P68": "737.0", "PWD_P69": "754.3", "PWD_P70": "774.0", "PWD_P71": "795.0", "PWD_P72": "817.7", "PWD_P73": "854.7", "PWD_P74": "906.5", "PWD_P75": "1021.1", "PWD_P76": "1175.5", "PWD_P77": "1262.6", "PWD_P78": "1351.7", "PWD_P79": "1420.4", "PWD_P80": "1491.1", "PWD_P81": "1537.2", "PWD_P82": "1594.3", "PWD_P83": "1641.6", "PWD_P84": "1681.1", "PWD_P85": "1709.0", "PWD_P86": "1734.3", "PWD_P87": "1757.5", "PWD_P88": "1794.3", "PWD_P89": "1827.8", "PWD_P90": "1862.1", "PWD_P91": "1887.0", "PWD_P92": "1920.6", "PWD_P93": "1944.5", "PWD_P94": "1967.8", "PWD_P95": "1994.4", "PWD_P96": "2020.4", "PWD_P97": "2041.9", "PWD_P98": "2065.0", "PWD_P99": "2099.2", "PWD_P100": "2189.9" }, "geometry": { "type": "Point", "coordinates": [ -64.847610473632812, 18.053190231323242 ] } },
{ "type": "Feature", "id": 5, "properties": { "lon": -50.668186187744141, "lat": 66.032180786132812, "year": "2015", "ISO": "GRL", "ISO_No": "304", "Name": "Greenland", "PWC_Lat": "66.0321807861328", "PWC_Lon": "-50.6681861877441", "Pop": "56378", "Density": "0.0", "Area": "2128390.2", "PWD_A": "480.4", "PWD_G": "369.4", "PWD_M": "445.4", "PWD_P1": "21.9", "PWD_P2": "30.9", "PWD_P3": "47.5", "PWD_P4": "60.0", "PWD_P5": "71.1", "PWD_P6": "83.4", "PWD_P7": "98.6", "PWD_P8": "109.8", "PWD_P9": "119.6", "PWD_P10": "128.9", "PWD_P11": "138.6", "PWD_P12": "146.0", "PWD_P13": "153.6", "PWD_P14": "161.6", "PWD_P15": "169.5", "PWD_P16": "177.2", "PWD_P17": "186.4", "PWD_P18": "194.3", "PWD_P19": "201.4", "PWD_P20": "208.1", "PWD_P21": "214.1", "PWD_P22": "220.1", "PWD_P23": "224.7", "PWD_P24": "229.4", "PWD_P25": "234.9", "PWD_P26": "240.5", "PWD_P27": "246.4", "PWD_P28": "252.2", "PWD_P29": "259.2", "PWD_P30": "268.1", "PWD_P31": "277.7", "PWD_P32": "286.7", "PWD_P33": "295.9", "PWD_P34": "304.7", "PWD_P35": "314.0", "PWD_P36": "324.0", "PWD_P37": "334.6", "PWD_P38": "346.0", "PWD_P39": "356.2", "PWD_P40": "365.5", "PWD_P41": "374.0", "PWD_P42": "382.4", "PWD_P43": "390.3", "PWD_P44": "397.4", "PWD_P45": "406.0", "PWD_P46": "415.3", "PWD_P47": "423.9", "PWD_P48": "431.7", "PWD_P49": "438.4", "PWD_P50": "445.4", "PWD_P51": "452.3", "PWD_P52": "460.9", "PWD_P53": "469.5", "PWD_P54": "480.7", "PWD_P55": "493.2", "PWD_P56": "505.9", "PWD_P57": "517.1", "PWD_P58": "526.1", "PWD_P59": "537.0", "PWD_P60": "548.1", "PWD_P61": "558.4", "PWD_P62": "568.8", "PWD_P63": "577.9", "PWD_P64": "589.0", "PWD_P65": "598.1", "PWD_P66": "606.5", "PWD_P67": "615.4", "PWD_P68": "623.8", "PWD_P69": "631.6", "PWD_P70": "639.5", "PWD_P71": "648.7", "PWD_P72": "657.5", "PWD_P73": "666.8", "PWD_P74": "678.9", "PWD_P75": "694.9", "PWD_P76": "714.5", "PWD_P77": "737.2", "PWD_P78": "756.0", "PWD_P79": "772.0", "PWD_P80": "785.0", "PWD_P81": "797.1", "PWD_P82": "810.4", "PWD_P83": "823.0", "PWD_P84": "836.7", "PWD_P85": "852.5", "PWD_P86": "865.4", "PWD_P87": "880.4", "PWD_P88": "894.4", "PWD_P89": "903.4", "PWD_P90": "910.5", "PWD_P91": "918.4", "PWD_P92": "926.7", "PWD_P93": "934.8", "PWD_P94": "944.0", "PWD_P95": "952.4", "PWD_P96": "963.7", "PWD_P97": "975.1", "PWD_P98": "992.1", "PWD_P99": "1012.7", "PWD_P100": "1094.0" }, "geometry": { "type": "Point", "coordinates": [ -50.668186187744141, 66.032180786132812 ] } },
{ "type": "Feature", "id": 6, "properties": { "lon": 113.7837, "lat": 32.3543, "year": "2015", "ISO": "CHN", "ISO_No": "156", "Name": "China", "PWC_Lat": "32.3543", "PWC_Lon": "113.7837", "Pop": "1406847868", "Density": "152.2", "Area": "9241743.8", "PWD_A": "9090.9", "PWD_G": "1573.2", "PWD_M": "1290.1", "PWD_P1": "17.2", "PWD_P2": "31.0", "PWD_P3": "43.6", "PWD_P4": "55.8", "PWD_P5": "68.2", "PWD_P6": "80.9", "PWD_P7": "94.1", "PWD_P8": "107.9", "PWD_P9": "122.2", "PWD_P10": "136.8", "PWD_P11": "151.7", "PWD_P12": "166.8", "PWD_P13": "182.3", "PWD_P14": "198.0", "PWD_P15": "214.0", "PWD_P16": "230.2", "PWD_P17": "246.6", "PWD_P18": "263.1", "PWD_P19": "279.9", "PWD_P20": "296.9", "PWD_P21": "314.1", "PWD_P22": "331.5", "PWD_P23": "349.2", "PWD_P24": "367.3", "PWD_P25": "385.9", "PWD_P26": "405.0", "PWD_P27": "424.6", "PWD_P28": "444.7", "PWD_P29": "465.4", "PWD_P30": "486.8", "PWD_P31": "509.0", "PWD_P32": "532.2", "PWD_P33": "556.3", "PWD_P34": "581.5", "PWD_P35": "608.0", "PWD_P36": "635.6", "PWD_P37": "664.8", "PWD_P38": "695.4", "PWD_P39": "727.9", "PWD_P40": "762.2", "PWD_P41": "798.9", "PWD_P42": "838.0", "PWD_P43": "880.1", "PWD_P44": "925.3", "PWD_P45": "974.2", "PWD_P46": "1027.1", "PWD_P47": "1084.5", "PWD_P48": "1147.0", "PWD_P49": "1215.4", "PWD_P50": "1290.1", "PWD_P51": "1372.1", "PWD_P52": "1462.0", "PWD_P53": "1560.6", "PWD_P54": "1668.3", "PWD_P55": "1785.5", "PWD_P56": "1913.1", "PWD_P57": "2051.7", "PWD_P58": "2202.1", "PWD_P59": "2364.8", "PWD_P60": "2540.9", "PWD_P61": "2731.6", "PWD_P62": "2937.0", "PWD_P63": "3158.3", "PWD_P64": "3396.0", "PWD_P65": "3650.2", "PWD_P66": "3921.5", "PWD_P67": "4212.6", "PWD_P68": "4525.1", "PWD_P69": "4859.5", "PWD_P70": "5217.7", "PWD_P71": "5600.3", "PWD_P72": "6009.3", "PWD_P73": "6446.8", "PWD_P74": "6914.2", "PWD_P75": "7412.5", "PWD_P76": "7947.3", "PWD_P77": "8523.3", "PWD_P78": "9147.8", "PWD_P79": "9824.6", "PWD_P80": "10553.3", "PWD_P81": "11346.9", "PWD_P82": "12210.2", "PWD_P83": "13152.1", "PWD_P84": "14193.5", "PWD_P85": "15351.3", "PWD_P86": "16650.7", "PWD_P87": "18097.2", "PWD_P88": "19740.9", "PWD_P89": "21604.0", "PWD_P90": "23735.7", "PWD_P91": "26196.3", "PWD_P92": "29060.4", "PWD_P93": "32497.6", "PWD_P94": "36732.2", "PWD_P95": "42191.9", "PWD_P96": "49293.9", "PWD_P97": "59650.5", "PWD_P98": "75977.0", "PWD_P99": "106735.7", "PWD_P100": "3089591.6" }, "geometry": { "type": "Point", "coordinates": [ 113.7837, 32.3543 ] } },
{ "type": "Feature", "id": 7, "properties": { "lon": 144.7654, "lat": -32.9208, "year": "2015", "ISO": "AUS", "ISO_No": "36", "Name": "Australia", "PWC_Lat": "-32.9208", "PWC_Lon": "144.7654", "Pop": "23932499", "Density": "3.1", "Area": "7637991.2", "PWD_A": "3173.7", "PWD_G": "1517.1", "PWD_M": "2494.7", "PWD_P1": "1.5", "PWD_P2": "4.9", "PWD_P3": "10.6", "PWD_P4": "18.9", "PWD_P5": "30.8", "PWD_P6": "47.9", "PWD_P7": "71.6", "PWD_P8": "103.7", "PWD_P9": "145.8", "PWD_P10": "198.4", "PWD_P11": "258.8", "PWD_P12": "324.0", "PWD_P13": "393.0", "PWD_P14": "464.8", "PWD_P15": "537.1", "PWD_P16": "609.1", "PWD_P17": "682.5", "PWD_P18": "755.3", "PWD_P19": "827.6", "PWD_P20": "899.2", "PWD_P21": "968.8", "PWD_P22": "1037.3", "PWD_P23": "1103.5", "PWD_P24": "1168.8", "PWD_P25": "1233.8", "PWD_P26": "1298.0", "PWD_P27": "1361.8", "PWD_P28": "1423.8", "PWD_P29": "1484.9", "PWD_P30": "1545.1", "PWD_P31": "1602.5", "PWD_P32": "1659.3", "PWD_P33": "1715.2", "PWD_P34": "1769.2", "PWD_P35": "1823.0", "PWD_P36": "1876.0", "PWD_P37": "1925.2", "PWD_P38": "1972.9", "PWD_P39": "2020.2", "PWD_P40": "2066.1", "PWD_P41": "2111.9", "PWD_P42": "2156.0", "PWD_P43": "2199.7", "PWD_P44": "2242.9", "PWD_P45": "2285.6", "PWD_P46": "2326.9", "PWD_P47": "2369.4", "PWD_P48": "2411.7", "PWD_P49": "2453.2", "PWD_P50": "2494.7", "PWD_P51": "2535.7", "PWD_P52": "2576.7", "PWD_P53": "2618.7", "PWD_P54": "2659.8", "PWD_P55": "2700.7", "PWD_P56": "2740.9", "PWD_P57": "2781.1", "PWD_P58": "2820.9", "PWD_P59": "2861.8", "PWD_P60": "2903.9", "PWD_P61": "2945.5", "PWD_P62": "2988.5", "PWD_P63": "3031.5", "PWD_P64": "3076.2", "PWD_P65": "3121.6", "PWD_P66": "3166.5", "PWD_P67": "3212.2", "PWD_P68": "3258.6", "PWD_P69": "3306.9", "PWD_P70": "3355.8", "PWD_P71": "3405.8", "PWD_P72": "3458.1", "PWD_P73": "3513.0", "PWD_P74": "3570.4", "PWD_P75": "3630.9", "PWD_P76": "3691.3", "PWD_P77": "3755.1", "PWD_P78": "3825.2", "PWD_P79": "3899.1", "PWD_P80": "3976.0", "PWD_P81": "4057.7", "PWD_P82": "4146.7", "PWD_P83": "4238.5", "PWD_P84": "4338.3", "PWD_P85": "4445.4", "PWD_P86": "4568.3", "PWD_P87": "4714.7", "PWD_P88": "4875.1", "PWD_P89": "5066.8", "PWD_P90": "5287.2", "PWD_P91": "5565.0", "PWD_P92": "5923.6", "PWD_P93": "6392.6", "PWD_P94": "7025.8", "PWD_P95": "7917.3", "PWD_P96": "9216.2", "PWD_P97": "11069.9", "PWD_P98": "14074.8", "PWD_P99": "20151.2", "PWD_P100": "179626.9" }, "geometry": { "type": "Point", "coordinates": [ 144.7654, -32.9208 ] } },
{ "type": "Feature", "id": 8, "properties": { "lon": -45.7423, "lat": -16.9214, "year": "2015", "ISO": "BRA", "ISO_No": "76", "Name": "Brazil", "PWC_Lat": "-16.9214", "PWC_Lon": "-45.7423", "Pop": "204471758", "Density": "24.3", "Area": "8419955.0", "PWD_A": "10240.5", "PWD_G": "3147.1", "PWD_M": "5833.9", "PWD_P1": "1.7", "PWD_P2": "3.7", "PWD_P3": "6.4", "PWD_P4": "10.2", "PWD_P5": "15.9", "PWD_P6": "24.4", "PWD_P7": "36.6", "PWD_P8": "53.9", "PWD_P9": "77.8", "PWD_P10": "110.5", "PWD_P11": "154.1", "PWD_P12": "211.2", "PWD_P13": "284.4", "PWD_P14": "374.3", "PWD_P15": "479.5", "PWD_P16": "597.7", "PWD_P17": "725.4", "PWD_P18": "861.5", "PWD_P19": "1001.8", "PWD_P20": "1147.2", "PWD_P21": "1295.0", "PWD_P22": "1443.9", "PWD_P23": "1594.2", "PWD_P24": "1745.4", "PWD_P25": "1895.7", "PWD_P26": "2045.2", "PWD_P27": "2193.7", "PWD_P28": "2340.7", "PWD_P29": "2487.4", "PWD_P30": "2635.1", "PWD_P31": "2780.9", "PWD_P32": "2926.9", "PWD_P33": "3072.8", "PWD_P34": "3220.3", "PWD_P35": "3369.5", "PWD_P36": "3518.5", "PWD_P37": "3667.8", "PWD_P38": "3819.3", "PWD_P39": "3974.1", "PWD_P40": "4130.8", "PWD_P41": "4289.1", "PWD_P42": "4450.1", "PWD_P43": "4614.1", "PWD_P44": "4780.4", "PWD_P45": "4948.4", "PWD_P46": "5117.5", "PWD_P47": "5289.5", "PWD_P48": "5466.9", "PWD_P49": "5647.5", "PWD_P50": "5833.9", "PWD_P51": "6027.3", "PWD_P52": "6223.6", "PWD_P53": "6422.7", "PWD_P54": "6626.1", "PWD_P55": "6830.5", "PWD_P56": "7041.6", "PWD_P57": "7257.8", "PWD_P58": "7479.4", "PWD_P59": "7706.1", "PWD_P60": "7940.8", "PWD_P61": "8177.5", "PWD_P62": "8419.0", "PWD_P63": "8671.2", "PWD_P64": "8933.4", "PWD_P65": "9203.7", "PWD_P66": "9484.5", "PWD_P67": "9772.0", "PWD_P68": "10068.5", "PWD_P69": "10368.7", "PWD_P70": "10690.4", "PWD_P71": "11029.1", "PWD_P72": "11373.4", "PWD_P73": "11737.2", "PWD_P74": "12110.0", "PWD_P75": "12500.0", "PWD_P76": "12912.9", "PWD_P77": "13338.2", "PWD_P78": "13788.0", "PWD_P79": "14270.7", "PWD_P80": "14784.6", "PWD_P81": "15321.6", "PWD_P82": "15887.8", "PWD_P83": "16508.2", "PWD_P84": "17176.4", "PWD_P85": "17899.3", "PWD_P86": "18694.7", "PWD_P87": "19574.2", "PWD_P88": "20541.0", "PWD_P89": "21615.3", "PWD_P90": "22878.5", "PWD_P91": "24295.6", "PWD_P92": "25915.9", "PWD_P93": "27955.2", "PWD_P94": "30565.6", "PWD_P95": "33909.0", "PWD_P96": "38434.7", "PWD_P97": "44990.4", "PWD_P98": "56146.8", "PWD_P99": "79476.1", "PWD_P100": "454679.5" }, "geometry": { "type": "Point", "coordinates": [ -45.7423, -16.9214 ] } },
{ "type": "Feature", "id": 9, "properties": { "lon": -87.9775, "lat": 46.8683, "year": "2015", "ISO": "CAN", "ISO_No": "124", "Name": "Canada", "PWC_Lat": "46.8683", "PWC_Lon": "-87.9775", "Pop": "36026668", "Density": "3.9", "Area": "9139103.0", "PWD_A": "5745.5", "PWD_G": "1858.7", "PWD_M": "3275.5", "PWD_P1": "1.9", "PWD_P2": "4.3", "PWD_P3": "7.4", "PWD_P4": "11.7", "PWD_P5": "17.4", "PWD_P6": "25.2", "PWD_P7": "35.4", "PWD_P8": "48.3", "PWD_P9": "64.5", "PWD_P10": "84.4", "PWD_P11": "108.7", "PWD_P12": "137.9", "PWD_P13": "173.2", "PWD_P14": "215.1", "PWD_P15": "264.6", "PWD_P16": "322.7", "PWD_P17": "389.1", "PWD_P18": "463.6", "PWD_P19": "544.9", "PWD_P20": "633.1", "PWD_P21": "726.7", "PWD_P22": "824.3", "PWD_P23": "920.3", "PWD_P24": "1018.2", "PWD_P25": "1118.2", "PWD_P26": "1220.8", "PWD_P27": "1320.9", "PWD_P28": "1418.9", "PWD_P29": "1515.4", "PWD_P30": "1609.3", "PWD_P31": "1702.4", "PWD_P32": "1793.5", "PWD_P33": "1882.4", "PWD_P34": "1972.5", "PWD_P35": "2060.1", "PWD_P36": "2145.2", "PWD_P37": "2230.4", "PWD_P38": "2315.1", "PWD_P39": "2398.2", "PWD_P40": "2479.7", "PWD_P41": "2560.7", "PWD_P42": "2641.0", "PWD_P43": "2718.9", "PWD_P44": "2796.7", "PWD_P45": "2875.0", "PWD_P46": "2953.6", "PWD_P47": "3033.1", "PWD_P48": "3114.0", "PWD_P49": "3193.5", "PWD_P50": "3275.5", "PWD_P51": "3357.2", "PWD_P52": "3442.1", "PWD_P53": "3528.9", "PWD_P54": "3618.2", "PWD_P55": "3707.3", "PWD_P56": "3797.0", "PWD_P57": "3887.7", "PWD_P58": "3982.2", "PWD_P59": "4079.6", "PWD_P60": "4182.2", "PWD_P61": "4288.5", "PWD_P62": "4398.4", "PWD_P63": "4510.3", "PWD_P64": "4624.8", "PWD_P65": "4742.4", "PWD_P66": "4869.1", "PWD_P67": "5000.5", "PWD_P68": "5141.3", "PWD_P69": "5289.8", "PWD_P70": "5444.7", "PWD_P71": "5609.4", "PWD_P72": "5779.3", "PWD_P73": "5951.6", "PWD_P74": "6137.5", "PWD_P75": "6332.6", "PWD_P76": "6537.9", "PWD_P77": "6757.5", "PWD_P78": "6997.4", "PWD_P79": "7261.3", "PWD_P80": "7539.5", "PWD_P81": "7847.8", "PWD_P82": "8174.3", "PWD_P83": "8527.7", "PWD_P84": "8919.5", "PWD_P85": "9371.3", "PWD_P86": "9839.6", "PWD_P87": "10370.6", "PWD_P88": "10941.4", "PWD_P89": "11589.3", "PWD_P90": "12360.9", "PWD_P91": "13206.1", "PWD_P92": "14271.0", "PWD_P93": "15523.7", "PWD_P94": "16992.4", "PWD_P95": "19020.8", "PWD_P96": "21677.3", "PWD_P97": "25504.7", "PWD_P98": "32256.0", "PWD_P99": "45907.2", "PWD_P100": "352744.8" }, "geometry": { "type": "Point", "coordinates": [ -87.9775, 46.8683 ] } },
{ "type": "Feature", "id": 10, "properties": { "lon": -71.3234, "lat": -34.0827, "year": "2015", "ISO": "CHL", "ISO_No": "152", "Name": "Chile", "PWC_Lat": "-34.0827", "PWC_Lon": "-71.3234", "Pop": "17969356", "Density": "24.1", "Area": "746900.3", "PWD_A": "4390.8", "PWD_G": "1339.7", "PWD_M": "2717.2", "PWD_P1": "1.4", "PWD_P2": "3.5", "PWD_P3": "6.2", "PWD_P4": "9.4", "PWD_P5": "13.3", "PWD_P6": "18.1", "PWD_P7": "23.7", "PWD_P8": "30.4", "PWD_P9": "38.3", "PWD_P10": "47.2", "PWD_P11": "57.4", "PWD_P12": "68.9", "PWD_P13": "82.3", "PWD_P14": "98.0", "PWD_P15": "117.2", "PWD_P16": "140.2", "PWD_P17": "167.9", "PWD_P18": "200.3", "PWD_P19": "236.3", "PWD_P20": "275.4", "PWD_P21": "315.4", "PWD_P22": "357.8", "PWD_P23": "401.5", "PWD_P24": "445.6", "PWD_P25": "492.9", "PWD_P26": "542.9", "PWD_P27": "594.6", "PWD_P28": "649.2", "PWD_P29": "707.8", "PWD_P30": "770.3", "PWD_P31": "836.0", "PWD_P32": "907.5", "PWD_P33": "982.8", "PWD_P34": "1054.6", "PWD_P35": "1131.6", "PWD_P36": "1221.8", "PWD_P37": "1317.6", "PWD_P38": "1413.5", "PWD_P39": "1517.3", "PWD_P40": "1621.5", "PWD_P41": "1732.4", "PWD_P42": "1850.3", "PWD_P43": "1968.9", "PWD_P44": "2083.9", "PWD_P45": "2187.1", "PWD_P46": "2291.2", "PWD_P47": "2394.0", "PWD_P48": "2497.2", "PWD_P49": "2604.9", "PWD_P50": "2717.2", "PWD_P51": "2831.5", "PWD_P52": "2940.5", "PWD_P53": "3045.0", "PWD_P54": "3141.4", "PWD_P55": "3244.9", "PWD_P56": "3350.6", "PWD_P57": "3458.9", "PWD_P58": "3572.0", "PWD_P59": "3689.9", "PWD_P60": "3807.9", "PWD_P61": "3937.7", "PWD_P62": "4072.8", "PWD_P63": "4200.9", "PWD_P64": "4346.7", "PWD_P65": "4508.7", "PWD_P66": "4690.8", "PWD_P67": "4902.0", "PWD_P68": "5096.1", "PWD_P69": "5290.8", "PWD_P70": "5475.5", "PWD_P71": "5659.6", "PWD_P72": "5864.2", "PWD_P73": "6067.4", "PWD_P74": "6259.4", "PWD_P75": "6470.8", "PWD_P76": "6663.9", "PWD_P77": "6840.1", "PWD_P78": "7031.6", "PWD_P79": "7246.7", "PWD_P80": "7501.2", "PWD_P81": "7812.5", "PWD_P82": "8168.9", "PWD_P83": "8558.5", "PWD_P84": "8935.5", "PWD_P85": "9356.2", "PWD_P86": "9878.5", "PWD_P87": "10427.5", "PWD_P88": "11087.3", "PWD_P89": "11709.0", "PWD_P90": "12271.3", "PWD_P91": "12680.5", "PWD_P92": "13107.9", "PWD_P93": "13661.1", "PWD_P94": "14438.4", "PWD_P95": "15309.5", "PWD_P96": "16431.6", "PWD_P97": "17559.5", "PWD_P98": "18953.5", "PWD_P99": "21035.2", "PWD_P100": "25061.3" }, "geometry": { "type": "Point", "coordinates": [ -71.3234, -34.0827 ] } },
{ "type": "Feature", "id": 11, "properties": { "lon": 67.532867431640625, "lat": 34.62451171875, "year": "2015", "ISO": "AFG", "ISO_No": "4", "Name": "Afghanistan", "PWC_Lat": "34.62451171875", "PWC_Lon": "67.5328674316406", "Pop": "34413603", "Density": "53.5", "Area": "643054.5", "PWD_A": "2930.9", "PWD_G": "291.6", "PWD_M": "190.3", "PWD_P1": "5.4", "PWD_P2": "8.6", "PWD_P3": "11.1", "PWD_P4": "13.2", "PWD_P5": "15.1", "PWD_P6": "16.7", "PWD_P7": "18.4", "PWD_P8": "20.0", "PWD_P9": "21.6", "PWD_P10": "23.1", "PWD_P11": "24.8", "PWD_P12": "26.4", "PWD_P13": "28.1", "PWD_P14": "29.7", "PWD_P15": "31.3", "PWD_P16": "33.1", "PWD_P17": "35.0", "PWD_P18": "36.9", "PWD_P19": "38.9", "PWD_P20": "40.9", "PWD_P21": "42.9", "PWD_P22": "45.1", "PWD_P23": "47.4", "PWD_P24": "49.7", "PWD_P25": "52.2", "PWD_P26": "54.8", "PWD_P27": "57.5", "PWD_P28": "60.4", "PWD_P29": "63.5", "PWD_P30": "66.9", "PWD_P31": "70.4", "PWD_P32": "74.1", "PWD_P33": "78.0", "PWD_P34": "82.1", "PWD_P35": "86.5", "PWD_P36": "91.1", "PWD_P37": "95.9", "PWD_P38": "101.1", "PWD_P39": "106.6", "PWD_P40": "112.4", "PWD_P41": "118.6", "PWD_P42": "125.1", "PWD_P43": "132.1", "PWD_P44": "139.4", "PWD_P45": "146.9", "PWD_P46": "154.7", "PWD_P47": "162.7", "PWD_P48": "171.3", "PWD_P49": "180.5", "PWD_P50": "190.3", "PWD_P51": "200.8", "PWD_P52": "211.9", "PWD_P53": "223.5", "PWD_P54": "236.0", "PWD_P55": "249.6", "PWD_P56": "264.7", "PWD_P57": "281.4", "PWD_P58": "299.9", "PWD_P59": "319.8", "PWD_P60": "341.3", "PWD_P61": "364.8", "PWD_P62": "390.4", "PWD_P63": "418.6", "PWD_P64": "450.9", "PWD_P65": "486.5", "PWD_P66": "525.8", "PWD_P67": "569.3", "PWD_P68": "618.1", "PWD_P69": "673.6", "PWD_P70": "736.0", "PWD_P71": "805.6", "PWD_P72": "882.0", "PWD_P73": "968.3", "PWD_P74": "1068.2", "PWD_P75": "1184.2", "PWD_P76": "1316.2", "PWD_P77": "1463.7", "PWD_P78": "1640.7", "PWD_P79": "1830.3", "PWD_P80": "2060.5", "PWD_P81": "2389.6", "PWD_P82": "2911.8", "PWD_P83": "3538.9", "PWD_P84": "4525.4", "PWD_P85": "5699.1", "PWD_P86": "8136.9", "PWD_P87": "11311.8", "PWD_P88": "13607.7", "PWD_P89": "15265.8", "PWD_P90": "16612.2", "PWD_P91": "17565.7", "PWD_P92": "18249.0", "PWD_P93": "18700.9", "PWD_P94": "19042.5", "PWD_P95": "19334.6", "PWD_P96": "19636.5", "PWD_P97": "19954.2", "PWD_P98": "20304.0", "PWD_P99": "20826.8", "PWD_P100": "23352.2" }, "geometry": { "type": "Point", "coordinates": [ 67.532867431640625, 34.62451171875 ] } },
{ "type": "Feature", "id": 12, "properties": { "lon": 19.873258590698242, "lat": 41.194202423095703, "year": "2015", "ISO": "ALB", "ISO_No": "8", "Name": "Albania", "PWC_Lat": "41.1942024230957", "PWC_Lon": "19.8732585906982", "Pop": "2890523", "Density": "102.4", "Area": "28220.5", "PWD_A": "4144.6", "PWD_G": "1022.7", "PWD_M": "1484.8", "PWD_P1": "6.5", "PWD_P2": "10.1", "PWD_P3": "13.7", "PWD_P4": "17.6", "PWD_P5": "21.7", "PWD_P6": "26.2", "PWD_P7": "30.8", "PWD_P8": "35.5", "PWD_P9": "40.3", "PWD_P10": "45.3", "PWD_P11": "50.7", "PWD_P12": "56.4", "PWD_P13": "62.7", "PWD_P14": "69.4", "PWD_P15": "76.5", "PWD_P16": "84.1", "PWD_P17": "92.4", "PWD_P18": "101.9", "PWD_P19": "112.3", "PWD_P20": "123.5", "PWD_P21": "135.9", "PWD_P22": "149.6", "PWD_P23": "164.6", "PWD_P24": "180.8", "PWD_P25": "198.3", "PWD_P26": "216.5", "PWD_P27": "236.5", "PWD_P28": "258.6", "PWD_P29": "282.8", "PWD_P30": "307.8", "PWD_P31": "335.2", "PWD_P32": "363.8", "PWD_P33": "394.3", "PWD_P34": "426.6", "PWD_P35": "460.5", "PWD_P36": "497.8", "PWD_P37": "537.7", "PWD_P38": "581.7", "PWD_P39": "628.6", "PWD_P40": "678.0", "PWD_P41": "731.6", "PWD_P42": "789.5", "PWD_P43": "850.6", "PWD_P44": "916.0", "PWD_P45": "988.2", "PWD_P46": "1067.3", "PWD_P47": "1155.7", "PWD_P48": "1252.6", "PWD_P49": "1364.1", "PWD_P50": "1484.8", "PWD_P51": "1611.1", "PWD_P52": "1758.2", "PWD_P53": "1914.9", "PWD_P54": "2084.5", "PWD_P55": "2258.0", "PWD_P56": "2447.8", "PWD_P57": "2648.6", "PWD_P58": "2829.0", "PWD_P59": "3039.5", "PWD_P60": "3253.4", "PWD_P61": "3460.8", "PWD_P62": "3652.1", "PWD_P63": "3875.7", "PWD_P64": "4082.0", "PWD_P65": "4295.7", "PWD_P66": "4522.8", "PWD_P67": "4732.4", "PWD_P68": "4936.3", "PWD_P69": "5133.4", "PWD_P70": "5331.1", "PWD_P71": "5490.5", "PWD_P72": "5655.7", "PWD_P73": "5813.9", "PWD_P74": "6002.4", "PWD_P75": "6204.1", "PWD_P76": "6449.8", "PWD_P77": "6718.1", "PWD_P78": "6940.6", "PWD_P79": "7255.8", "PWD_P80": "7553.6", "PWD_P81": "7896.1", "PWD_P82": "8138.5", "PWD_P83": "8487.9", "PWD_P84": "9338.9", "PWD_P85": "10481.5", "PWD_P86": "11379.7", "PWD_P87": "12033.6", "PWD_P88": "12594.7", "PWD_P89": "13376.3", "PWD_P90": "14226.3", "PWD_P91": "14943.6", "PWD_P92": "15516.2", "PWD_P93": "16057.1", "PWD_P94": "16258.1", "PWD_P95": "16430.6", "PWD_P96": "16602.4", "PWD_P97": "16788.9", "PWD_P98": "16998.1", "PWD_P99": "17287.1", "PWD_P100": "18329.0" }, "geometry": { "type": "Point", "coordinates": [ 19.873258590698242, 41.194202423095703 ] } },
{ "type": "Feature", "id": 13, "properties": { "lon": 3.5299, "lat": 35.5536, "year": "2015", "ISO": "DZA", "ISO_No": "12", "Name": "Algeria", "PWC_Lat": "35.5536", "PWC_Lon": "3.5299", "Pop": "39728020", "Density": "17.2", "Area": "2310253.3", "PWD_A": "3803.8", "PWD_G": "977.1", "PWD_M": "1664.5", "PWD_P1": "1.2", "PWD_P2": "3.7", "PWD_P3": "6.9", "PWD_P4": "10.6", "PWD_P5": "14.8", "PWD_P6": "19.4", "PWD_P7": "24.7", "PWD_P8": "30.5", "PWD_P9": "37.0", "PWD_P10": "44.4", "PWD_P11": "52.6", "PWD_P12": "61.7", "PWD_P13": "71.7", "PWD_P14": "82.8", "PWD_P15": "94.8", "PWD_P16": "107.9", "PWD_P17": "121.9", "PWD_P18": "136.7", "PWD_P19": "152.0", "PWD_P20": "168.2", "PWD_P21": "185.1", "PWD_P22": "202.6", "PWD_P23": "220.8", "PWD_P24": "239.8", "PWD_P25": "259.7", "PWD_P26": "280.4", "PWD_P27": "302.0", "PWD_P28": "324.5", "PWD_P29": "348.0", "PWD_P30": "372.7", "PWD_P31": "398.9", "PWD_P32": "426.8", "PWD_P33": "456.5", "PWD_P34": "488.7", "PWD_P35": "524.0", "PWD_P36": "562.8", "PWD_P37": "606.2", "PWD_P38": "654.9", "PWD_P39": "709.1", "PWD_P40": "769.8", "PWD_P41": "837.0", "PWD_P42": "910.7", "PWD_P43": "990.2", "PWD_P44": "1073.7", "PWD_P45": "1162.2", "PWD_P46": "1255.6", "PWD_P47": "1351.9", "PWD_P48": "1452.5", "PWD_P49": "1557.7", "PWD_P50": "1664.5", "PWD_P51": "1775.8", "PWD_P52": "1888.9", "PWD_P53": "2005.8", "PWD_P54": "2124.7", "PWD_P55": "2249.6", "PWD_P56": "2379.8", "PWD_P57": "2513.6", "PWD_P58": "2648.7", "PWD_P59": "2788.1", "PWD_P60": "2934.9", "PWD_P61": "3087.1", "PWD_P62": "3242.9", "PWD_P63": "3404.7", "PWD_P64": "3566.5", "PWD_P65": "3732.9", "PWD_P66": "3906.2", "PWD_P67": "4083.2", "PWD_P68": "4265.8", "PWD_P69": "4449.7", "PWD_P70": "4641.5", "PWD_P71": "4834.0", "PWD_P72": "5036.0", "PWD_P73": "5239.8", "PWD_P74": "5452.1", "PWD_P75": "5663.3", "PWD_P76": "5881.1", "PWD_P77": "6104.5", "PWD_P78": "6339.5", "PWD_P79": "6578.1", "PWD_P80": "6823.7", "PWD_P81": "7080.5", "PWD_P82": "7360.3", "PWD_P83": "7643.8", "PWD_P84": "7934.4", "PWD_P85": "8243.9", "PWD_P86": "8575.6", "PWD_P87": "8913.4", "PWD_P88": "9270.4", "PWD_P89": "9669.9", "PWD_P90": "10107.4", "PWD_P91": "10614.9", "PWD_P92": "11212.4", "PWD_P93": "11870.5", "PWD_P94": "12639.0", "PWD_P95": "13545.4", "PWD_P96": "14757.2", "PWD_P97": "16409.7", "PWD_P98": "18729.4", "PWD_P99": "24037.8", "PWD_P100": "61120.8" }, "geometry": { "type": "Point", "coordinates": [ 3.5299, 35.5536 ] } },
{ "type": "Feature", "id": 14, "properties": { "lon": -170.69732666015625, "lat": -14.30906867980957, "year": "2015", "ISO": "ASM", "ISO_No": "16", "Name": "American Samoa", "PWC_Lat": "-14.3090686798096", "PWC_Lon": "-170.697326660156", "Pop": "55805", "Density": "234.7", "Area": "237.8", "PWD_A": "822.8", "PWD_G": "581.8", "PWD_M": "730.0", "PWD_P1": "18.5", "PWD_P2": "40.0", "PWD_P3": "52.6", "PWD_P4": "67.0", "PWD_P5": "80.5", "PWD_P6": "94.3", "PWD_P7": "109.6", "PWD_P8": "125.4", "PWD_P9": "139.5", "PWD_P10": "152.5", "PWD_P11": "166.6", "PWD_P12": "179.7", "PWD_P13": "194.5", "PWD_P14": "208.0", "PWD_P15": "222.6", "PWD_P16": "239.7", "PWD_P17": "258.9", "PWD_P18": "276.9", "PWD_P19": "295.3", "PWD_P20": "308.3", "PWD_P21": "327.8", "PWD_P22": "343.5", "PWD_P23": "360.0", "PWD_P24": "376.5", "PWD_P25": "391.1", "PWD_P26": "407.8", "PWD_P27": "423.3", "PWD_P28": "442.2", "PWD_P29": "456.5", "PWD_P30": "469.1", "PWD_P31": "484.2", "PWD_P32": "500.4", "PWD_P33": "515.9", "PWD_P34": "528.5", "PWD_P35": "545.2", "PWD_P36": "563.2", "PWD_P37": "576.7", "PWD_P38": "592.5", "PWD_P39": "606.9", "PWD_P40": "620.1", "PWD_P41": "631.4", "PWD_P42": "647.5", "PWD_P43": "660.1", "PWD_P44": "673.4", "PWD_P45": "684.5", "PWD_P46": "693.2", "PWD_P47": "704.5", "PWD_P48": "713.7", "PWD_P49": "722.6", "PWD_P50": "730.0", "PWD_P51": "739.1", "PWD_P52": "747.7", "PWD_P53": "757.7", "PWD_P54": "767.7", "PWD_P55": "776.2", "PWD_P56": "786.5", "PWD_P57": "796.8", "PWD_P58": "807.5", "PWD_P59": "819.8", "PWD_P60": "829.7", "PWD_P61": "844.1", "PWD_P62": "857.9", "PWD_P63": "873.3", "PWD_P64": "890.9", "PWD_P65": "908.4", "PWD_P66": "927.0", "PWD_P67": "945.5", "PWD_P68": "958.8", "PWD_P69": "977.8", "PWD_P70": "995.6", "PWD_P71": "1017.9", "PWD_P72": "1032.0", "PWD_P73": "1051.6", "PWD_P74": "1075.1", "PWD_P75": "1092.7", "PWD_P76": "1118.2", "PWD_P77": "1155.6", "PWD_P78": "1184.4", "PWD_P79": "1215.9", "PWD_P80": "1240.7", "PWD_P81": "1258.9", "PWD_P82": "1274.6", "PWD_P83": "1289.6", "PWD_P84": "1312.0", "PWD_P85": "1352.5", "PWD_P86": "1399.4", "PWD_P87": "1450.0", "PWD_P88": "1502.3", "PWD_P89": "1544.3", "PWD_P90": "1588.6", "PWD_P91": "1646.2", "PWD_P92": "1694.7", "PWD_P93": "1721.2", "PWD_P94": "1772.8", "PWD_P95": "1821.3", "PWD_P96": "1905.1", "PWD_P97": "2465.6", "PWD_P98": "2742.5", "PWD_P99": "2977.4", "PWD_P100": "3723.2" }, "geometry": { "type": "Point", "coordinates": [ -170.69732666015625, -14.30906867980957 ] } },
{ "type": "Feature", "id": 15, "properties": { "lon": 1.5456167459487915, "lat": 42.519302368164062, "year": "2015", "ISO": "AND", "ISO_No": "20", "Name": "Andorra", "PWC_Lat": "42.5193023681641", "PWC_Lon": "1.54561674594879", "Pop": "77993", "Density": "172.9", "Area": "451.2", "PWD_A": "3216.7", "PWD_G": "1362.0", "PWD_M": "1825.1", "PWD_P1": "8.2", "PWD_P2": "11.9", "PWD_P3": "18.5", "PWD_P4": "27.8", "PWD_P5": "39.2", "PWD_P6": "55.8", "PWD_P7": "72.1", "PWD_P8": "99.6", "PWD_P9": "131.4", "PWD_P10": "162.6", "PWD_P11": "186.0", "PWD_P12": "217.8", "PWD_P13": "248.4", "PWD_P14": "278.9", "PWD_P15": "304.3", "PWD_P16": "333.0", "PWD_P17": "369.6", "PWD_P18": "399.9", "PWD_P19": "434.1", "PWD_P20": "463.9", "PWD_P21": "497.4", "PWD_P22": "523.5", "PWD_P23": "557.7", "PWD_P24": "591.9", "PWD_P25": "621.2", "PWD_P26": "652.6", "PWD_P27": "695.8", "PWD_P28": "732.2", "PWD_P29": "763.7", "PWD_P30": "796.5", "PWD_P31": "833.0", "PWD_P32": "870.9", "PWD_P33": "920.2", "PWD_P34": "957.7", "PWD_P35": "1004.4", "PWD_P36": "1049.1", "PWD_P37": "1106.3", "PWD_P38": "1146.8", "PWD_P39": "1186.5", "PWD_P40": "1236.8", "PWD_P41": "1275.7", "PWD_P42": "1312.4", "PWD_P43": "1362.7", "PWD_P44": "1441.2", "PWD_P45": "1492.3", "PWD_P46": "1551.2", "PWD_P47": "1628.9", "PWD_P48": "1688.9", "PWD_P49": "1750.0", "PWD_P50": "1825.1", "PWD_P51": "1917.5", "PWD_P52": "1976.3", "PWD_P53": "2030.7", "PWD_P54": "2082.9", "PWD_P55": "2156.5", "PWD_P56": "2245.1", "PWD_P57": "2310.1", "PWD_P58": "2374.3", "PWD_P59": "2421.5", "PWD_P60": "2482.8", "PWD_P61": "2557.8", "PWD_P62": "2631.1", "PWD_P63": "2692.3", "PWD_P64": "2852.3", "PWD_P65": "2963.7", "PWD_P66": "3065.9", "PWD_P67": "3190.8", "PWD_P68": "3301.4", "PWD_P69": "3454.4", "PWD_P70": "3640.0", "PWD_P71": "3840.5", "PWD_P72": "3933.7", "PWD_P73": "4022.5", "PWD_P74": "4144.8", "PWD_P75": "4300.0", "PWD_P76": "4411.4", "PWD_P77": "4593.7", "PWD_P78": "4922.7", "PWD_P79": "5187.2", "PWD_P80": "5525.8", "PWD_P81": "5684.5", "PWD_P82": "5867.6", "PWD_P83": "6065.4", "PWD_P84": "6317.9", "PWD_P85": "7065.6", "PWD_P86": "7650.7", "PWD_P87": "8287.7", "PWD_P88": "8842.6", "PWD_P89": "9215.4", "PWD_P90": "9374.7", "PWD_P91": "9654.7", "PWD_P92": "9761.8", "PWD_P93": "9861.3", "PWD_P94": "9911.3", "PWD_P95": "10024.1", "PWD_P96": "10555.2", "PWD_P97": "13696.5", "PWD_P98": "15494.5", "PWD_P99": "16599.9", "PWD_P100": "17537.0" }, "geometry": { "type": "Point", "coordinates": [ 1.545616745948792, 42.519302368164062 ] } },
{ "type": "Feature", "id": 16, "properties": { "lon": 14.8872, "lat": -10.7587, "year": "2015", "ISO": "AGO", "ISO_No": "24", "Name": "Angola", "PWC_Lat": "-10.7587", "PWC_Lon": "14.8872", "Pop": "27884379", "Density": "22.3", "Area": "1249772.4", "PWD_A": "4487.2", "PWD_G": "317.7", "PWD_M": "202.4", "PWD_P1": "1.7", "PWD_P2": "2.6", "PWD_P3": "3.6", "PWD_P4": "4.5", "PWD_P5": "5.4", "PWD_P6": "6.3", "PWD_P7": "7.2", "PWD_P8": "8.1", "PWD_P9": "9.1", "PWD_P10": "10.2", "PWD_P11": "11.3", "PWD_P12": "12.4", "PWD_P13": "13.6", "PWD_P14": "14.9", "PWD_P15": "16.1", "PWD_P16": "17.4", "PWD_P17": "18.8", "PWD_P18": "20.2", "PWD_P19": "21.7", "PWD_P20": "23.2", "PWD_P21": "24.8", "PWD_P22": "26.4", "PWD_P23": "28.1", "PWD_P24": "29.7", "PWD_P25": "31.4", "PWD_P26": "33.2", "PWD_P27": "34.9", "PWD_P28": "36.8", "PWD_P29": "38.8", "PWD_P30": "40.9", "PWD_P31": "43.2", "PWD_P32": "45.7", "PWD_P33": "48.3", "PWD_P34": "51.2", "PWD_P35": "54.4", "PWD_P36": "57.9", "PWD_P37": "61.8", "PWD_P38": "66.1", "PWD_P39": "71.1", "PWD_P40": "76.8", "PWD_P41": "82.8", "PWD_P42": "89.0", "PWD_P43": "96.3", "PWD_P44": "104.5", "PWD_P45": "114.1", "PWD_P46": "125.4", "PWD_P47": "139.0", "PWD_P48": "155.8", "PWD_P49": "176.6", "PWD_P50": "202.4", "PWD_P51": "235.3", "PWD_P52": "278.7", "PWD_P53": "338.7", "PWD_P54": "414.4", "PWD_P55": "500.3", "PWD_P56": "591.3", "PWD_P57": "690.7", "PWD_P58": "789.6", "PWD_P59": "893.6", "PWD_P60": "1004.9", "PWD_P61": "1126.1", "PWD_P62": "1253.4", "PWD_P63": "1381.7", "PWD_P64": "1507.9", "PWD_P65": "1638.4", "PWD_P66": "1778.6", "PWD_P67": "1929.0", "PWD_P68": "2103.9", "PWD_P69": "2302.3", "PWD_P70": "2532.7", "PWD_P71": "2773.8", "PWD_P72": "3018.5", "PWD_P73": "3259.4", "PWD_P74": "3533.7", "PWD_P75": "3833.4", "PWD_P76": "4135.5", "PWD_P77": "4404.1", "PWD_P78": "4666.8", "PWD_P79": "4896.2", "PWD_P80": "5125.0", "PWD_P81": "5382.9", "PWD_P82": "5674.9", "PWD_P83": "6051.8", "PWD_P84": "6768.5", "PWD_P85": "7794.8", "PWD_P86": "9086.7", "PWD_P87": "15977.6", "PWD_P88": "17615.6", "PWD_P89": "18706.7", "PWD_P90": "19894.4", "PWD_P91": "21279.8", "PWD_P92": "22533.6", "PWD_P93": "23571.2", "PWD_P94": "24753.1", "PWD_P95": "26127.3", "PWD_P96": "27815.8", "PWD_P97": "31074.6", "PWD_P98": "35644.9", "PWD_P99": "37979.4", "PWD_P100": "42072.8" }, "geometry": { "type": "Point", "coordinates": [ 14.8872, -10.7587 ] } },
{ "type": "Feature", "id": 17, "properties": { "lon": -61.820774078369141, "lat": 17.114997863769531, "year": "2015", "ISO": "ATG", "ISO_No": "28", "Name": "Antigua and Barbuda", "PWC_Lat": "17.1149978637695", "PWC_Lon": "-61.8207740783691", "Pop": "93570", "Density": "208.3", "Area": "449.2", "PWD_A": "1030.7", "PWD_G": "592.7", "PWD_M": "617.6", "PWD_P1": "18.7", "PWD_P2": "30.9", "PWD_P3": "40.9", "PWD_P4": "51.9", "PWD_P5": "62.6", "PWD_P6": "73.2", "PWD_P7": "86.8", "PWD_P8": "103.4", "PWD_P9": "119.8", "PWD_P10": "135.5", "PWD_P11": "149.5", "PWD_P12": "162.8", "PWD_P13": "175.7", "PWD_P14": "188.8", "PWD_P15": "202.8", "PWD_P16": "217.9", "PWD_P17": "233.8", "PWD_P18": "250.3", "PWD_P19": "264.0", "PWD_P20": "277.1", "PWD_P21": "289.0", "PWD_P22": "300.1", "PWD_P23": "309.8", "PWD_P24": "319.3", "PWD_P25": "330.1", "PWD_P26": "340.4", "PWD_P27": "351.6", "PWD_P28": "363.2", "PWD_P29": "373.7", "PWD_P30": "384.9", "PWD_P31": "394.9", "PWD_P32": "406.1", "PWD_P33": "416.3", "PWD_P34": "426.9", "PWD_P35": "438.3", "PWD_P36": "449.9", "PWD_P37": "461.2", "PWD_P38": "472.1", "PWD_P39": "482.0", "PWD_P40": "493.2", "PWD_P41": "506.4", "PWD_P42": "518.2", "PWD_P43": "529.2", "PWD_P44": "540.9", "PWD_P45": "554.5", "PWD_P46": "567.6", "PWD_P47": "580.1", "PWD_P48": "592.5", "PWD_P49": "605.1", "PWD_P50": "617.6", "PWD_P51": "630.5", "PWD_P52": "642.2", "PWD_P53": "655.5", "PWD_P54": "667.2", "PWD_P55": "679.2", "PWD_P56": "693.8", "PWD_P57": "707.4", "PWD_P58": "720.7", "PWD_P59": "735.8", "PWD_P60": "753.2", "PWD_P61": "768.1", "PWD_P62": "784.4", "PWD_P63": "804.2", "PWD_P64": "824.9", "PWD_P65": "846.7", "PWD_P66": "869.3", "PWD_P67": "898.1", "PWD_P68": "922.5", "PWD_P69": "951.7", "PWD_P70": "979.6", "PWD_P71": "1013.2", "PWD_P72": "1051.2", "PWD_P73": "1090.6", "PWD_P74": "1128.7", "PWD_P75": "1168.0", "PWD_P76": "1207.1", "PWD_P77": "1798.9", "PWD_P78": "2130.4", "PWD_P79": "2274.2", "PWD_P80": "2397.6", "PWD_P81": "2485.5", "PWD_P82": "2554.8", "PWD_P83": "2644.2", "PWD_P84": "2696.9", "PWD_P85": "2730.1", "PWD_P86": "2770.7", "PWD_P87": "2810.3", "PWD_P88": "2828.3", "PWD_P89": "2853.3", "PWD_P90": "2878.5", "PWD_P91": "2903.7", "PWD_P92": "2929.4", "PWD_P93": "2956.2", "PWD_P94": "2991.4", "PWD_P95": "3027.8", "PWD_P96": "3055.7", "PWD_P97": "3080.5", "PWD_P98": "3112.0", "PWD_P99": "3153.8", "PWD_P100": "3277.1" }, "geometry": { "type": "Point", "coordinates": [ -61.820774078369141, 17.114997863769531 ] } },
{ "type": "Feature", "id": 18, "properties": { "lon": 48.114982604980469, "lat": 40.276241302490234, "year": "2015", "ISO": "AZE", "ISO_No": "31", "Name": "Azerbaijan", "PWC_Lat": "40.2762413024902", "PWC_Lon": "48.1149826049805", "Pop": "9622740", "Density": "113.4", "Area": "84892.1", "PWD_A": "2446.8", "PWD_G": "484.7", "PWD_M": "394.1", "PWD_P1": "14.7", "PWD_P2": "18.6", "PWD_P3": "21.5", "PWD_P4": "23.8", "PWD_P5": "25.9", "PWD_P6": "28.1", "PWD_P7": "30.3", "PWD_P8": "32.7", "PWD_P9": "35.2", "PWD_P10": "37.8", "PWD_P11": "40.4", "PWD_P12": "43.1", "PWD_P13": "45.8", "PWD_P14": "48.6", "PWD_P15": "51.7", "PWD_P16": "55.0", "PWD_P17": "58.6", "PWD_P18": "62.5", "PWD_P19": "66.6", "PWD_P20": "71.0", "PWD_P21": "75.7", "PWD_P22": "80.6", "PWD_P23": "85.7", "PWD_P24": "91.0", "PWD_P25": "96.4", "PWD_P26": "102.2", "PWD_P27": "108.2", "PWD_P28": "114.7", "PWD_P29": "121.4", "PWD_P30": "128.5", "PWD_P31": "135.9", "PWD_P32": "143.7", "PWD_P33": "151.9", "PWD_P34": "160.6", "PWD_P35": "169.5", "PWD_P36": "178.8", "PWD_P37": "188.3", "PWD_P38": "198.3", "PWD_P39": "209.0", "PWD_P40": "220.4", "PWD_P41": "232.6", "PWD_P42": "245.8", "PWD_P43": "259.8", "PWD_P44": "274.8", "PWD_P45": "290.9", "PWD_P46": "308.4", "PWD_P47": "327.7", "PWD_P48": "348.3", "PWD_P49": "370.8", "PWD_P50": "394.1", "PWD_P51": "418.7", "PWD_P52": "444.7", "PWD_P53": "471.1", "PWD_P54": "499.1", "PWD_P55": "528.0", "PWD_P56": "558.5", "PWD_P57": "592.1", "PWD_P58": "627.6", "PWD_P59": "664.9", "PWD_P60": "704.2", "PWD_P61": "746.3", "PWD_P62": "796.1", "PWD_P63": "853.3", "PWD_P64": "919.7", "PWD_P65": "998.8", "PWD_P66": "1093.8", "PWD_P67": "1204.4", "PWD_P68": "1319.4", "PWD_P69": "1448.0", "PWD_P70": "1607.1", "PWD_P71": "1820.7", "PWD_P72": "2149.3", "PWD_P73": "2485.8", "PWD_P74": "2819.5", "PWD_P75": "3149.5", "PWD_P76": "3482.5", "PWD_P77": "3794.4", "PWD_P78": "4080.3", "PWD_P79": "4356.9", "PWD_P80": "4651.6", "PWD_P81": "4935.1", "PWD_P82": "5226.1", "PWD_P83": "5571.4", "PWD_P84": "5989.4", "PWD_P85": "6422.6", "PWD_P86": "6845.6", "PWD_P87": "7203.0", "PWD_P88": "7536.4", "PWD_P89": "7870.3", "PWD_P90": "8208.7", "PWD_P91": "8566.4", "PWD_P92": "8923.5", "PWD_P93": "9339.5", "PWD_P94": "9814.4", "PWD_P95": "10432.8", "PWD_P96": "11261.4", "PWD_P97": "12883.7", "PWD_P98": "18000.4", "PWD_P99": "21564.7", "PWD_P100": "28272.3" }, "geometry": { "type": "Point", "coordinates": [ 48.114982604980469, 40.276241302490234 ] } },
{ "type": "Feature", "id": 19, "properties": { "lon": -61.2898, "lat": -32.9631, "year": "2015", "ISO": "ARG", "ISO_No": "32", "Name": "Argentina", "PWC_Lat": "-32.9631", "PWC_Lon": "-61.2898", "Pop": "43075415", "Density": "15.7", "Area": "2745814.8", "PWD_A": "4329.7", "PWD_G": "1244.8", "PWD_M": "2530.2", "PWD_P1": "0.8", "PWD_P2": "1.4", "PWD_P3": "2.2", "PWD_P4": "3.5", "PWD_P5": "5.4", "PWD_P6": "8.3", "PWD_P7": "12.2", "PWD_P8": "17.6", "PWD_P9": "24.6", "PWD_P10": "33.2", "PWD_P11": "44.1", "PWD_P12": "58.5", "PWD_P13": "77.8", "PWD_P14": "103.8", "PWD_P15": "136.7", "PWD_P16": "172.8", "PWD_P17": "210.2", "PWD_P18": "251.2", "PWD_P19": "294.1", "PWD_P20": "337.3", "PWD_P21": "381.6", "PWD_P22": "427.0", "PWD_P23": "474.3", "PWD_P24": "523.6", "PWD_P25": "573.9", "PWD_P26": "625.5", "PWD_P27": "679.2", "PWD_P28": "734.8", "PWD_P29": "792.5", "PWD_P30": "852.9", "PWD_P31": "915.3", "PWD_P32": "980.6", "PWD_P33": "1047.4", "PWD_P34": "1117.1", "PWD_P35": "1189.4", "PWD_P36": "1262.9", "PWD_P37": "1337.8", "PWD_P38": "1413.5", "PWD_P39": "1492.9", "PWD_P40": "1575.1", "PWD_P41": "1659.2", "PWD_P42": "1746.0", "PWD_P43": "1835.7", "PWD_P44": "1926.7", "PWD_P45": "2020.3", "PWD_P46": "2116.7", "PWD_P47": "2217.0", "PWD_P48": "2318.9", "PWD_P49": "2421.7", "PWD_P50": "2530.2", "PWD_P51": "2642.6", "PWD_P52": "2757.8", "PWD_P53": "2876.5", "PWD_P54": "3000.2", "PWD_P55": "3123.6", "PWD_P56": "3250.9", "PWD_P57": "3380.3", "PWD_P58": "3513.3", "PWD_P59": "3646.1", "PWD_P60": "3783.1", "PWD_P61": "3921.1", "PWD_P62": "4061.8", "PWD_P63": "4206.8", "PWD_P64": "4353.1", "PWD_P65": "4497.4", "PWD_P66": "4646.0", "PWD_P67": "4797.3", "PWD_P68": "4953.0", "PWD_P69": "5108.6", "PWD_P70": "5266.3", "PWD_P71": "5429.6", "PWD_P72": "5593.8", "PWD_P73": "5761.6", "PWD_P74": "5938.7", "PWD_P75": "6116.5", "PWD_P76": "6308.5", "PWD_P77": "6503.7", "PWD_P78": "6710.8", "PWD_P79": "6936.4", "PWD_P80": "7176.0", "PWD_P81": "7419.3", "PWD_P82": "7655.9", "PWD_P83": "7892.7", "PWD_P84": "8144.5", "PWD_P85": "8411.5", "PWD_P86": "8706.1", "PWD_P87": "9016.3", "PWD_P88": "9358.3", "PWD_P89": "9757.5", "PWD_P90": "10279.3", "PWD_P91": "10947.6", "PWD_P92": "11693.0", "PWD_P93": "12547.8", "PWD_P94": "13687.4", "PWD_P95": "14984.2", "PWD_P96": "16583.0", "PWD_P97": "18661.6", "PWD_P98": "21073.1", "PWD_P99": "27962.8", "PWD_P100": "39762.2" }, "geometry": { "type": "Point", "coordinates": [ -61.2898, -32.9631 ] } },
{ "type": "Feature", "id": 20, "properties": { "lon": 14.691141128540039, "lat": 47.779754638671875, "year": "2015", "ISO": "AUT", "ISO_No": "40", "Name": "Austria", "PWC_Lat": "47.7797546386719", "PWC_Lon": "14.69114112854", "Pop": "8678666", "Density": "104.6", "Area": "82998.5", "PWD_A": "2049.7", "PWD_G": "618.9", "PWD_M": "782.6", "PWD_P1": "7.9", "PWD_P2": "12.3", "PWD_P3": "15.9", "PWD_P4": "19.5", "PWD_P5": "23.2", "PWD_P6": "27.1", "PWD_P7": "31.0", "PWD_P8": "35.1", "PWD_P9": "39.1", "PWD_P10": "43.4", "PWD_P11": "47.8", "PWD_P12": "52.3", "PWD_P13": "57.2", "PWD_P14": "62.2", "PWD_P15": "67.6", "PWD_P16": "73.4", "PWD_P17": "79.5", "PWD_P18": "85.9", "PWD_P19": "92.6", "PWD_P20": "99.9", "PWD_P21": "107.7", "PWD_P22": "116.2", "PWD_P23": "125.4", "PWD_P24": "135.3", "PWD_P25": "146.0", "PWD_P26": "157.5", "PWD_P27": "169.8", "PWD_P28": "183.2", "PWD_P29": "197.7", "PWD_P30": "213.2", "PWD_P31": "229.7", "PWD_P32": "247.2", "PWD_P33": "266.1", "PWD_P34": "286.2", "PWD_P35": "307.5", "PWD_P36": "330.3", "PWD_P37": "354.4", "PWD_P38": "379.7", "PWD_P39": "406.6", "PWD_P40": "434.9", "PWD_P41": "464.0", "PWD_P42": "494.4", "PWD_P43": "525.8", "PWD_P44": "558.5", "PWD_P45": "592.7", "PWD_P46": "627.9", "PWD_P47": "664.6", "PWD_P48": "703.0", "PWD_P49": "742.9", "PWD_P50": "782.6", "PWD_P51": "823.9", "PWD_P52": "866.1", "PWD_P53": "911.7", "PWD_P54": "960.2", "PWD_P55": "1012.9", "PWD_P56": "1068.4", "PWD_P57": "1125.3", "PWD_P58": "1182.3", "PWD_P59": "1240.7", "PWD_P60": "1302.1", "PWD_P61": "1367.8", "PWD_P62": "1440.0", "PWD_P63": "1522.7", "PWD_P64": "1618.7", "PWD_P65": "1712.2", "PWD_P66": "1801.9", "PWD_P67": "1903.2", "PWD_P68": "2016.0", "PWD_P69": "2137.9", "PWD_P70": "2292.2", "PWD_P71": "2442.7", "PWD_P72": "2581.9", "PWD_P73": "2732.6", "PWD_P74": "2919.1", "PWD_P75": "3147.4", "PWD_P76": "3431.5", "PWD_P77": "3705.5", "PWD_P78": "3885.8", "PWD_P79": "3992.3", "PWD_P80": "4127.3", "PWD_P81": "4333.4", "PWD_P82": "4655.2", "PWD_P83": "5033.2", "PWD_P84": "5345.1", "PWD_P85": "5581.4", "PWD_P86": "5895.5", "PWD_P87": "6608.8", "PWD_P88": "6866.7", "PWD_P89": "7030.7", "PWD_P90": "7182.3", "PWD_P91": "7309.7", "PWD_P92": "7420.5", "PWD_P93": "7513.4", "PWD_P94": "7598.1", "PWD_P95": "7677.6", "PWD_P96": "7758.3", "PWD_P97": "7839.0", "PWD_P98": "7922.9", "PWD_P99": "8045.4", "PWD_P100": "8733.7" }, "geometry": { "type": "Point", "coordinates": [ 14.691141128540039, 47.779754638671875 ] } },
{ "type": "Feature", "id": 21, "properties": { "lon": -77.450202941894531, "lat": 25.257034301757812, "year": "2015", "ISO": "BHS", "ISO_No": "44", "Name": "Bahamas", "PWC_Lat": "25.2570343017578", "PWC_Lon": "-77.4502029418945", "Pop": "374199", "Density": "28.1", "Area": "13324.4", "PWD_A": "1128.8", "PWD_G": "531.2", "PWD_M": "1296.7", "PWD_P1": "1.0", "PWD_P2": "2.2", "PWD_P3": "3.9", "PWD_P4": "5.0", "PWD_P5": "6.5", "PWD_P6": "8.2", "PWD_P7": "10.2", "PWD_P8": "12.6", "PWD_P9": "15.5", "PWD_P10": "20.0", "PWD_P11": "26.4", "PWD_P12": "35.9", "PWD_P13": "49.9", "PWD_P14": "69.1", "PWD_P15": "90.5", "PWD_P16": "115.0", "PWD_P17": "139.3", "PWD_P18": "163.6", "PWD_P19": "188.7", "PWD_P20": "209.1", "PWD_P21": "228.8", "PWD_P22": "247.3", "PWD_P23": "265.2", "PWD_P24": "281.7", "PWD_P25": "298.9", "PWD_P26": "318.0", "PWD_P27": "339.3", "PWD_P28": "363.5", "PWD_P29": "391.0", "PWD_P30": "425.6", "PWD_P31": "455.8", "PWD_P32": "492.2", "PWD_P33": "592.4", "PWD_P34": "683.8", "PWD_P35": "767.9", "PWD_P36": "834.9", "PWD_P37": "895.0", "PWD_P38": "942.9", "PWD_P39": "987.6", "PWD_P40": "1024.4", "PWD_P41": "1060.0", "PWD_P42": "1090.8", "PWD_P43": "1122.3", "PWD_P44": "1151.3", "PWD_P45": "1178.4", "PWD_P46": "1205.0", "PWD_P47": "1230.2", "PWD_P48": "1253.6", "PWD_P49": "1276.2", "PWD_P50": "1296.7", "PWD_P51": "1319.3", "PWD_P52": "1339.2", "PWD_P53": "1361.7", "PWD_P54": "1383.4", "PWD_P55": "1403.1", "PWD_P56": "1424.0", "PWD_P57": "1446.2", "PWD_P58": "1469.1", "PWD_P59": "1492.2", "PWD_P60": "1512.7", "PWD_P61": "1534.2", "PWD_P62": "1553.9", "PWD_P63": "1571.8", "PWD_P64": "1589.5", "PWD_P65": "1608.8", "PWD_P66": "1627.4", "PWD_P67": "1646.2", "PWD_P68": "1662.8", "PWD_P69": "1682.7", "PWD_P70": "1700.7", "PWD_P71": "1719.0", "PWD_P72": "1735.0", "PWD_P73": "1753.3", "PWD_P74": "1772.1", "PWD_P75": "1792.7", "PWD_P76": "1812.1", "PWD_P77": "1837.8", "PWD_P78": "1856.1", "PWD_P79": "1876.5", "PWD_P80": "1895.0", "PWD_P81": "1909.7", "PWD_P82": "1925.1", "PWD_P83": "1940.0", "PWD_P84": "1955.3", "PWD_P85": "1969.6", "PWD_P86": "1985.7", "PWD_P87": "2004.7", "PWD_P88": "2021.8", "PWD_P89": "2041.8", "PWD_P90": "2064.2", "PWD_P91": "2088.5", "PWD_P92": "2112.1", "PWD_P93": "2140.0", "PWD_P94": "2165.4", "PWD_P95": "2191.6", "PWD_P96": "2212.7", "PWD_P97": "2230.0", "PWD_P98": "2244.3", "PWD_P99": "2263.0", "PWD_P100": "2355.3" }, "geometry": { "type": "Point", "coordinates": [ -77.450202941894531, 25.257034301757812 ] } },
{ "type": "Feature", "id": 22, "properties": { "lon": 50.563610076904297, "lat": 26.179557800292969, "year": "2015", "ISO": "BHR", "ISO_No": "48", "Name": "Bahrain", "PWC_Lat": "26.179557800293", "PWC_Lon": "50.5636100769043", "Pop": "1371853", "Density": "2000.2", "Area": "685.8", "PWD_A": "10627.9", "PWD_G": "6018.4", "PWD_M": "7434.3", "PWD_P1": "155.5", "PWD_P2": "235.8", "PWD_P3": "308.7", "PWD_P4": "392.0", "PWD_P5": "475.1", "PWD_P6": "582.3", "PWD_P7": "694.4", "PWD_P8": "809.1", "PWD_P9": "914.4", "PWD_P10": "1038.4", "PWD_P11": "1168.4", "PWD_P12": "1306.3", "PWD_P13": "1457.7", "PWD_P14": "1591.6", "PWD_P15": "1722.3", "PWD_P16": "1850.6", "PWD_P17": "1980.9", "PWD_P18": "2115.2", "PWD_P19": "2254.2", "PWD_P20": "2405.5", "PWD_P21": "2540.2", "PWD_P22": "2673.7", "PWD_P23": "2806.2", "PWD_P24": "2951.7", "PWD_P25": "3094.8", "PWD_P26": "3242.1", "PWD_P27": "3393.4", "PWD_P28": "3536.0", "PWD_P29": "3688.6", "PWD_P30": "3840.5", "PWD_P31": "3992.0", "PWD_P32": "4156.0", "PWD_P33": "4300.3", "PWD_P34": "4457.5", "PWD_P35": "4606.8", "PWD_P36": "4778.3", "PWD_P37": "4946.1", "PWD_P38": "5117.7", "PWD_P39": "5295.0", "PWD_P40": "5452.5", "PWD_P41": "5619.7", "PWD_P42": "5780.0", "PWD_P43": "5950.5", "PWD_P44": "6130.0", "PWD_P45": "6343.8", "PWD_P46": "6523.0", "PWD_P47": "6731.8", "PWD_P48": "6959.3", "PWD_P49": "7193.7", "PWD_P50": "7434.3", "PWD_P51": "7686.5", "PWD_P52": "7926.4", "PWD_P53": "8175.8", "PWD_P54": "8443.5", "PWD_P55": "8678.1", "PWD_P56": "8936.4", "PWD_P57": "9208.6", "PWD_P58": "9505.0", "PWD_P59": "9774.7", "PWD_P60": "10053.3", "PWD_P61": "10371.8", "PWD_P62": "10714.8", "PWD_P63": "11001.6", "PWD_P64": "11303.6", "PWD_P65": "11568.8", "PWD_P66": "11824.3", "PWD_P67": "12081.8", "PWD_P68": "12383.5", "PWD_P69": "12708.0", "PWD_P70": "13024.1", "PWD_P71": "13326.1", "PWD_P72": "13610.5", "PWD_P73": "13978.1", "PWD_P74": "14463.3", "PWD_P75": "14882.2", "PWD_P76": "15257.1", "PWD_P77": "15759.8", "PWD_P78": "16283.3", "PWD_P79": "16832.9", "PWD_P80": "17277.4", "PWD_P81": "17620.9", "PWD_P82": "18034.8", "PWD_P83": "18487.8", "PWD_P84": "19070.7", "PWD_P85": "19549.6", "PWD_P86": "20306.7", "PWD_P87": "20932.7", "PWD_P88": "21620.9", "PWD_P89": "22558.0", "PWD_P90": "23477.5", "PWD_P91": "25287.5", "PWD_P92": "27001.0", "PWD_P93": "28665.9", "PWD_P94": "31456.6", "PWD_P95": "33880.5", "PWD_P96": "36335.8", "PWD_P97": "39745.2", "PWD_P98": "42270.2", "PWD_P99": "46434.6", "PWD_P100": "57268.3" }, "geometry": { "type": "Point", "coordinates": [ 50.563610076904297, 26.179557800292969 ] } },
{ "type": "Feature", "id": 23, "properties": { "lon": 90.235435485839844, "lat": 23.9378662109375, "year": "2015", "ISO": "BGD", "ISO_No": "50", "Name": "Bangladesh", "PWC_Lat": "23.9378662109375", "PWC_Lon": "90.2354354858398", "Pop": "156256287", "Density": "1172.2", "Area": "133302.0", "PWD_A": "9170.2", "PWD_G": "2214.4", "PWD_M": "1508.7", "PWD_P1": "262.3", "PWD_P2": "386.6", "PWD_P3": "452.4", "PWD_P4": "497.0", "PWD_P5": "529.8", "PWD_P6": "557.2", "PWD_P7": "581.2", "PWD_P8": "603.7", "PWD_P9": "624.6", "PWD_P10": "644.4", "PWD_P11": "663.4", "PWD_P12": "681.8", "PWD_P13": "699.6", "PWD_P14": "717.1", "PWD_P15": "734.5", "PWD_P16": "751.6", "PWD_P17": "768.7", "PWD_P18": "785.5", "PWD_P19": "802.3", "PWD_P20": "819.1", "PWD_P21": "836.0", "PWD_P22": "852.8", "PWD_P23": "869.9", "PWD_P24": "886.9", "PWD_P25": "904.3", "PWD_P26": "921.8", "PWD_P27": "939.7", "PWD_P28": "957.9", "PWD_P29": "976.6", "PWD_P30": "995.7", "PWD_P31": "1015.5", "PWD_P32": "1035.6", "PWD_P33": "1056.1", "PWD_P34": "1077.3", "PWD_P35": "1099.1", "PWD_P36": "1121.6", "PWD_P37": "1144.9", "PWD_P38": "1168.8", "PWD_P39": "1193.4", "PWD_P40": "1218.8", "PWD_P41": "1244.7", "PWD_P42": "1271.4", "PWD_P43": "1298.5", "PWD_P44": "1326.2", "PWD_P45": "1354.5", "PWD_P46": "1383.7", "PWD_P47": "1413.6", "PWD_P48": "1444.5", "PWD_P49": "1476.1", "PWD_P50": "1508.7", "PWD_P51": "1542.3", "PWD_P52": "1577.4", "PWD_P53": "1613.4", "PWD_P54": "1650.8", "PWD_P55": "1689.7", "PWD_P56": "1729.9", "PWD_P57": "1771.9", "PWD_P58": "1815.7", "PWD_P59": "1861.8", "PWD_P60": "1910.5", "PWD_P61": "1961.8", "PWD_P62": "2015.7", "PWD_P63": "2072.5", "PWD_P64": "2132.9", "PWD_P65": "2198.2", "PWD_P66": "2268.0", "PWD_P67": "2343.7", "PWD_P68": "2426.2", "PWD_P69": "2516.1", "PWD_P70": "2615.8", "PWD_P71": "2726.8", "PWD_P72": "2848.7", "PWD_P73": "2985.2", "PWD_P74": "3139.1", "PWD_P75": "3315.4", "PWD_P76": "3520.9", "PWD_P77": "3761.1", "PWD_P78": "4038.2", "PWD_P79": "4357.3", "PWD_P80": "4736.6", "PWD_P81": "5214.1", "PWD_P82": "5791.4", "PWD_P83": "6506.9", "PWD_P84": "7420.4", "PWD_P85": "8625.6", "PWD_P86": "10234.3", "PWD_P87": "12492.9", "PWD_P88": "15094.0", "PWD_P89": "18100.0", "PWD_P90": "21673.9", "PWD_P91": "25279.7", "PWD_P92": "29480.1", "PWD_P93": "34148.4", "PWD_P94": "39798.2", "PWD_P95": "51638.6", "PWD_P96": "66774.7", "PWD_P97": "84992.8", "PWD_P98": "104800.4", "PWD_P99": "129500.5", "PWD_P100": "307245.2" }, "geometry": { "type": "Point", "coordinates": [ 90.235435485839844, 23.9378662109375 ] } },
{ "type": "Feature", "id": 24, "properties": { "lon": 44.591697692871094, "lat": 40.276603698730469, "year": "2015", "ISO": "ARM", "ISO_No": "51", "Name": "Armenia", "PWC_Lat": "40.2766036987305", "PWC_Lon": "44.5916976928711", "Pop": "2925559", "Density": "103.3", "Area": "28332.4", "PWD_A": "3905.4", "PWD_G": "1393.1", "PWD_M": "2154.5", "PWD_P1": "9.7", "PWD_P2": "14.8", "PWD_P3": "19.9", "PWD_P4": "25.6", "PWD_P5": "32.2", "PWD_P6": "40.1", "PWD_P7": "49.2", "PWD_P8": "59.1", "PWD_P9": "70.0", "PWD_P10": "81.9", "PWD_P11": "94.9", "PWD_P12": "109.4", "PWD_P13": "125.5", "PWD_P14": "142.9", "PWD_P15": "161.9", "PWD_P16": "182.3", "PWD_P17": "204.9", "PWD_P18": "229.5", "PWD_P19": "256.4", "PWD_P20": "286.0", "PWD_P21": "317.5", "PWD_P22": "352.2", "PWD_P23": "388.9", "PWD_P24": "426.2", "PWD_P25": "464.8", "PWD_P26": "503.9", "PWD_P27": "543.8", "PWD_P28": "584.4", "PWD_P29": "626.6", "PWD_P30": "669.3", "PWD_P31": "712.0", "PWD_P32": "755.2", "PWD_P33": "801.3", "PWD_P34": "846.1", "PWD_P35": "892.7", "PWD_P36": "941.4", "PWD_P37": "989.9", "PWD_P38": "1043.5", "PWD_P39": "1099.2", "PWD_P40": "1161.8", "PWD_P41": "1228.3", "PWD_P42": "1302.2", "PWD_P43": "1383.2", "PWD_P44": "1474.4", "PWD_P45": "1575.3", "PWD_P46": "1686.9", "PWD_P47": "1801.0", "PWD_P48": "1923.2", "PWD_P49": "2035.8", "PWD_P50": "2154.5", "PWD_P51": "2283.7", "PWD_P52": "2415.6", "PWD_P53": "2550.3", "PWD_P54": "2682.2", "PWD_P55": "2820.3", "PWD_P56": "2982.1", "PWD_P57": "3162.0", "PWD_P58": "3356.3", "PWD_P59": "3539.4", "PWD_P60": "3732.8", "PWD_P61": "3917.5", "PWD_P62": "4075.9", "PWD_P63": "4212.2", "PWD_P64": "4325.5", "PWD_P65": "4455.8", "PWD_P66": "4631.9", "PWD_P67": "4830.9", "PWD_P68": "5035.3", "PWD_P69": "5262.2", "PWD_P70": "5475.3", "PWD_P71": "5682.1", "PWD_P72": "5886.0", "PWD_P73": "6079.8", "PWD_P74": "6269.3", "PWD_P75": "6455.1", "PWD_P76": "6634.6", "PWD_P77": "6860.1", "PWD_P78": "7115.7", "PWD_P79": "7377.6", "PWD_P80": "7627.7", "PWD_P81": "7925.7", "PWD_P82": "8207.3", "PWD_P83": "8510.6", "PWD_P84": "8864.3", "PWD_P85": "9163.8", "PWD_P86": "9466.0", "PWD_P87": "9728.2", "PWD_P88": "9990.6", "PWD_P89": "10267.0", "PWD_P90": "10543.9", "PWD_P91": "10831.0", "PWD_P92": "11166.7", "PWD_P93": "11591.5", "PWD_P94": "12088.4", "PWD_P95": "12568.1", "PWD_P96": "13090.2", "PWD_P97": "13619.3", "PWD_P98": "14311.2", "PWD_P99": "15255.8", "PWD_P100": "19832.7" }, "geometry": { "type": "Point", "coordinates": [ 44.591697692871094, 40.276603698730469 ] } },
{ "type": "Feature", "id": 25, "properties": { "lon": -59.568111419677734, "lat": 13.138893127441406, "year": "2015", "ISO": "BRB", "ISO_No": "52", "Name": "Barbados", "PWC_Lat": "13.1388931274414", "PWC_Lon": "-59.5681114196777", "Pop": "285327", "Density": "644.9", "Area": "442.4", "PWD_A": "1260.6", "PWD_G": "950.4", "PWD_M": "1064.1", "PWD_P1": "118.2", "PWD_P2": "144.7", "PWD_P3": "162.9", "PWD_P4": "182.3", "PWD_P5": "199.4", "PWD_P6": "213.3", "PWD_P7": "227.2", "PWD_P8": "241.5", "PWD_P9": "257.3", "PWD_P10": "273.2", "PWD_P11": "288.0", "PWD_P12": "306.5", "PWD_P13": "325.8", "PWD_P14": "345.5", "PWD_P15": "365.8", "PWD_P16": "384.3", "PWD_P17": "403.3", "PWD_P18": "422.9", "PWD_P19": "444.7", "PWD_P20": "466.4", "PWD_P21": "485.3", "PWD_P22": "506.6", "PWD_P23": "527.9", "PWD_P24": "549.6", "PWD_P25": "572.5", "PWD_P26": "592.0", "PWD_P27": "611.4", "PWD_P28": "632.0", "PWD_P29": "651.4", "PWD_P30": "673.2", "PWD_P31": "692.8", "PWD_P32": "713.6", "PWD_P33": "732.7", "PWD_P34": "752.2", "PWD_P35": "773.0", "PWD_P36": "791.9", "PWD_P37": "808.7", "PWD_P38": "826.0", "PWD_P39": "843.8", "PWD_P40": "860.3", "PWD_P41": "876.2", "PWD_P42": "892.3", "PWD_P43": "908.1", "PWD_P44": "924.2", "PWD_P45": "943.7", "PWD_P46": "963.8", "PWD_P47": "988.6", "PWD_P48": "1013.7", "PWD_P49": "1038.5", "PWD_P50": "1064.1", "PWD_P51": "1090.2", "PWD_P52": "1119.5", "PWD_P53": "1152.2", "PWD_P54": "1183.4", "PWD_P55": "1218.3", "PWD_P56": "1244.0", "PWD_P57": "1267.6", "PWD_P58": "1287.4", "PWD_P59": "1307.6", "PWD_P60": "1330.5", "PWD_P61": "1352.7", "PWD_P62": "1373.2", "PWD_P63": "1395.8", "PWD_P64": "1421.5", "PWD_P65": "1450.4", "PWD_P66": "1474.9", "PWD_P67": "1502.2", "PWD_P68": "1528.9", "PWD_P69": "1555.8", "PWD_P70": "1584.7", "PWD_P71": "1612.0", "PWD_P72": "1639.8", "PWD_P73": "1669.8", "PWD_P74": "1705.0", "PWD_P75": "1757.2", "PWD_P76": "1831.8", "PWD_P77": "1903.4", "PWD_P78": "1996.4", "PWD_P79": "2111.2", "PWD_P80": "2195.9", "PWD_P81": "2293.9", "PWD_P82": "2386.6", "PWD_P83": "2438.9", "PWD_P84": "2494.3", "PWD_P85": "2535.4", "PWD_P86": "2569.1", "PWD_P87": "2602.0", "PWD_P88": "2629.6", "PWD_P89": "2653.0", "PWD_P90": "2673.0", "PWD_P91": "2695.3", "PWD_P92": "2715.0", "PWD_P93": "2732.8", "PWD_P94": "2754.6", "PWD_P95": "2775.0", "PWD_P96": "2798.6", "PWD_P97": "2820.5", "PWD_P98": "2854.0", "PWD_P99": "2888.7", "PWD_P100": "3017.8" }, "geometry": { "type": "Point", "coordinates": [ -59.568111419677734, 13.138893127441406 ] } },
{ "type": "Feature", "id": 26, "properties": { "lon": 4.4382452964782715, "lat": 50.844589233398438, "year": "2015", "ISO": "BEL", "ISO_No": "56", "Name": "Belgium", "PWC_Lat": "50.8445892333984", "PWC_Lon": "4.43824529647827", "Pop": "11287931", "Density": "370.7", "Area": "30447.0", "PWD_A": "2896.8", "PWD_G": "1084.8", "PWD_M": "1049.7", "PWD_P1": "32.6", "PWD_P2": "48.8", "PWD_P3": "64.1", "PWD_P4": "79.1", "PWD_P5": "93.8", "PWD_P6": "108.6", "PWD_P7": "123.3", "PWD_P8": "137.9", "PWD_P9": "152.5", "PWD_P10": "167.0", "PWD_P11": "181.6", "PWD_P12": "196.3", "PWD_P13": "211.2", "PWD_P14": "226.5", "PWD_P15": "242.1", "PWD_P16": "258.1", "PWD_P17": "274.7", "PWD_P18": "291.7", "PWD_P19": "309.2", "PWD_P20": "327.3", "PWD_P21": "345.8", "PWD_P22": "364.8", "PWD_P23": "384.2", "PWD_P24": "404.1", "PWD_P25": "424.4", "PWD_P26": "444.8", "PWD_P27": "465.7", "PWD_P28": "487.1", "PWD_P29": "508.9", "PWD_P30": "531.0", "PWD_P31": "553.3", "PWD_P32": "576.1", "PWD_P33": "599.0", "PWD_P34": "622.1", "PWD_P35": "645.6", "PWD_P36": "669.6", "PWD_P37": "693.8", "PWD_P38": "718.7", "PWD_P39": "743.4", "PWD_P40": "768.7", "PWD_P41": "794.2", "PWD_P42": "820.1", "PWD_P43": "846.5", "PWD_P44": "873.6", "PWD_P45": "900.9", "PWD_P46": "929.0", "PWD_P47": "957.9", "PWD_P48": "987.8", "PWD_P49": "1018.4", "PWD_P50": "1049.7", "PWD_P51": "1082.2", "PWD_P52": "1116.1", "PWD_P53": "1151.6", "PWD_P54": "1188.0", "PWD_P55": "1226.5", "PWD_P56": "1267.4", "PWD_P57": "1310.7", "PWD_P58": "1356.4", "PWD_P59": "1405.2", "PWD_P60": "1456.6", "PWD_P61": "1512.5", "PWD_P62": "1571.8", "PWD_P63": "1638.0", "PWD_P64": "1710.7", "PWD_P65": "1789.8", "PWD_P66": "1877.4", "PWD_P67": "1970.4", "PWD_P68": "2070.4", "PWD_P69": "2175.4", "PWD_P70": "2287.6", "PWD_P71": "2405.1", "PWD_P72": "2529.7", "PWD_P73": "2661.1", "PWD_P74": "2802.5", "PWD_P75": "2955.4", "PWD_P76": "3120.6", "PWD_P77": "3294.3", "PWD_P78": "3481.9", "PWD_P79": "3673.7", "PWD_P80": "3873.5", "PWD_P81": "4079.7", "PWD_P82": "4294.5", "PWD_P83": "4522.2", "PWD_P84": "4784.3", "PWD_P85": "5080.2", "PWD_P86": "5418.9", "PWD_P87": "5818.5", "PWD_P88": "6268.7", "PWD_P89": "6820.5", "PWD_P90": "7437.5", "PWD_P91": "8213.2", "PWD_P92": "9441.0", "PWD_P93": "10990.1", "PWD_P94": "12487.7", "PWD_P95": "13937.4", "PWD_P96": "15765.0", "PWD_P97": "18168.9", "PWD_P98": "20807.2", "PWD_P99": "24990.9", "PWD_P100": "32058.6" }, "geometry": { "type": "Point", "coordinates": [ 4.438245296478271, 50.844589233398438 ] } },
{ "type": "Feature", "id": 27, "properties": { "lon": -64.781875610351562, "lat": 32.301643371582031, "year": "2015", "ISO": "BMU", "ISO_No": "60", "Name": "Bermuda", "PWC_Lat": "32.301643371582", "PWC_Lon": "-64.7818756103516", "Pop": "63694", "Density": "824.9", "Area": "77.2", "PWD_A": "1149.5", "PWD_G": "1040.1", "PWD_M": "1105.6", "PWD_P1": "192.2", "PWD_P2": "295.4", "PWD_P3": "332.7", "PWD_P4": "382.4", "PWD_P5": "427.4", "PWD_P6": "460.3", "PWD_P7": "483.7", "PWD_P8": "507.7", "PWD_P9": "538.9", "PWD_P10": "565.9", "PWD_P11": "593.2", "PWD_P12": "622.1", "PWD_P13": "651.0", "PWD_P14": "672.7", "PWD_P15": "690.9", "PWD_P16": "707.1", "PWD_P17": "720.3", "PWD_P18": "735.5", "PWD_P19": "748.8", "PWD_P20": "760.8", "PWD_P21": "772.1", "PWD_P22": "785.7", "PWD_P23": "797.8", "PWD_P24": "810.1", "PWD_P25": "821.4", "PWD_P26": "833.2", "PWD_P27": "845.0", "PWD_P28": "855.7", "PWD_P29": "866.8", "PWD_P30": "877.5", "PWD_P31": "889.0", "PWD_P32": "902.8", "PWD_P33": "913.6", "PWD_P34": "926.3", "PWD_P35": "937.8", "PWD_P36": "951.0", "PWD_P37": "962.4", "PWD_P38": "974.2", "PWD_P39": "984.3", "PWD_P40": "998.4", "PWD_P41": "1010.1", "PWD_P42": "1020.1", "PWD_P43": "1029.4", "PWD_P44": "1040.0", "PWD_P45": "1051.0", "PWD_P46": "1062.7", "PWD_P47": "1072.8", "PWD_P48": "1082.7", "PWD_P49": "1093.9", "PWD_P50": "1105.6", "PWD_P51": "1117.2", "PWD_P52": "1131.1", "PWD_P53": "1144.7", "PWD_P54": "1155.9", "PWD_P55": "1167.8", "PWD_P56": "1176.8", "PWD_P57": "1189.6", "PWD_P58": "1203.6", "PWD_P59": "1216.6", "PWD_P60": "1233.3", "PWD_P61": "1245.4", "PWD_P62": "1259.4", "PWD_P63": "1274.7", "PWD_P64": "1290.8", "PWD_P65": "1302.8", "PWD_P66": "1315.5", "PWD_P67": "1332.1", "PWD_P68": "1345.9", "PWD_P69": "1361.0", "PWD_P70": "1379.2", "PWD_P71": "1393.8", "PWD_P72": "1410.2", "PWD_P73": "1427.9", "PWD_P74": "1445.6", "PWD_P75": "1471.0", "PWD_P76": "1488.9", "PWD_P77": "1504.7", "PWD_P78": "1522.6", "PWD_P79": "1541.7", "PWD_P80": "1560.7", "PWD_P81": "1580.7", "PWD_P82": "1601.6", "PWD_P83": "1629.6", "PWD_P84": "1653.4", "PWD_P85": "1686.3", "PWD_P86": "1724.1", "PWD_P87": "1754.0", "PWD_P88": "1777.4", "PWD_P89": "1795.6", "PWD_P90": "1819.5", "PWD_P91": "1847.3", "PWD_P92": "1870.5", "PWD_P93": "1899.6", "PWD_P94": "1918.5", "PWD_P95": "1936.8", "PWD_P96": "1962.5", "PWD_P97": "1992.9", "PWD_P98": "2056.5", "PWD_P99": "2198.6", "PWD_P100": "2658.0" }, "geometry": { "type": "Point", "coordinates": [ -64.781875610351562, 32.301643371582031 ] } },
{ "type": "Feature", "id": 28, "properties": { "lon": 90.227134704589844, "lat": 27.208536148071289, "year": "2015", "ISO": "BTN", "ISO_No": "64", "Name": "Bhutan", "PWC_Lat": "27.2085361480713", "PWC_Lon": "90.2271347045898", "Pop": "727885", "Density": "18.2", "Area": "40035.6", "PWD_A": "216.7", "PWD_G": "67.4", "PWD_M": "63.4", "PWD_P1": "1.6", "PWD_P2": "2.6", "PWD_P3": "3.4", "PWD_P4": "4.1", "PWD_P5": "4.9", "PWD_P6": "5.7", "PWD_P7": "6.5", "PWD_P8": "7.2", "PWD_P9": "7.9", "PWD_P10": "8.6", "PWD_P11": "9.3", "PWD_P12": "10.1", "PWD_P13": "10.8", "PWD_P14": "11.7", "PWD_P15": "12.5", "PWD_P16": "13.4", "PWD_P17": "14.3", "PWD_P18": "15.2", "PWD_P19": "16.3", "PWD_P20": "17.3", "PWD_P21": "18.3", "PWD_P22": "19.4", "PWD_P23": "20.4", "PWD_P24": "21.5", "PWD_P25": "22.6", "PWD_P26": "23.7", "PWD_P27": "24.9", "PWD_P28": "26.1", "PWD_P29": "27.3", "PWD_P30": "28.6", "PWD_P31": "29.9", "PWD_P32": "31.3", "PWD_P33": "32.8", "PWD_P34": "34.2", "PWD_P35": "35.7", "PWD_P36": "37.3", "PWD_P37": "38.9", "PWD_P38": "40.5", "PWD_P39": "42.2", "PWD_P40": "43.9", "PWD_P41": "45.5", "PWD_P42": "47.3", "PWD_P43": "49.1", "PWD_P44": "51.0", "PWD_P45": "52.9", "PWD_P46": "54.8", "PWD_P47": "56.7", "PWD_P48": "58.9", "PWD_P49": "61.0", "PWD_P50": "63.4", "PWD_P51": "65.8", "PWD_P52": "68.5", "PWD_P53": "71.3", "PWD_P54": "74.4", "PWD_P55": "77.7", "PWD_P56": "81.2", "PWD_P57": "85.0", "PWD_P58": "88.8", "PWD_P59": "93.0", "PWD_P60": "97.2", "PWD_P61": "101.6", "PWD_P62": "106.3", "PWD_P63": "111.0", "PWD_P64": "115.7", "PWD_P65": "120.6", "PWD_P66": "125.4", "PWD_P67": "130.7", "PWD_P68": "136.5", "PWD_P69": "142.3", "PWD_P70": "148.9", "PWD_P71": "155.8", "PWD_P72": "163.2", "PWD_P73": "171.4", "PWD_P74": "181.5", "PWD_P75": "193.4", "PWD_P76": "208.1", "PWD_P77": "222.7", "PWD_P78": "238.3", "PWD_P79": "260.5", "PWD_P80": "287.7", "PWD_P81": "316.5", "PWD_P82": "342.9", "PWD_P83": "375.0", "PWD_P84": "413.6", "PWD_P85": "449.7", "PWD_P86": "482.0", "PWD_P87": "508.0", "PWD_P88": "532.2", "PWD_P89": "568.8", "PWD_P90": "606.0", "PWD_P91": "648.8", "PWD_P92": "782.1", "PWD_P93": "898.9", "PWD_P94": "1059.3", "PWD_P95": "1195.9", "PWD_P96": "1313.7", "PWD_P97": "1456.5", "PWD_P98": "1617.1", "PWD_P99": "1751.0", "PWD_P100": "1845.2" }, "geometry": { "type": "Point", "coordinates": [ 90.227134704589844, 27.208536148071289 ] } },
{ "type": "Feature", "id": 29, "properties": { "lon": -65.6731, "lat": -17.5104, "year": "2015", "ISO": "BOL", "ISO_No": "68", "Name": "Bolivia", "PWC_Lat": "-17.5104", "PWC_Lon": "-65.6731", "Pop": "10869732", "Density": "10.1", "Area": "1075425.1", "PWD_A": "1678.5", "PWD_G": "247.8", "PWD_M": "436.7", "PWD_P1": "0.6", "PWD_P2": "1.1", "PWD_P3": "1.6", "PWD_P4": "2.1", "PWD_P5": "2.7", "PWD_P6": "3.2", "PWD_P7": "3.9", "PWD_P8": "4.5", "PWD_P9": "5.2", "PWD_P10": "5.9", "PWD_P11": "6.6", "PWD_P12": "7.3", "PWD_P13": "8.1", "PWD_P14": "8.9", "PWD_P15": "9.8", "PWD_P16": "10.7", "PWD_P17": "11.6", "PWD_P18": "12.5", "PWD_P19": "13.6", "PWD_P20": "14.6", "PWD_P21": "15.7", "PWD_P22": "16.9", "PWD_P23": "18.2", "PWD_P24": "19.5", "PWD_P25": "20.9", "PWD_P26": "22.5", "PWD_P27": "24.4", "PWD_P28": "26.6", "PWD_P29": "29.3", "PWD_P30": "32.5", "PWD_P31": "36.2", "PWD_P32": "40.4", "PWD_P33": "45.4", "PWD_P34": "51.1", "PWD_P35": "58.2", "PWD_P36": "66.9", "PWD_P37": "77.1", "PWD_P38": "88.7", "PWD_P39": "102.7", "PWD_P40": "118.5", "PWD_P41": "136.4", "PWD_P42": "158.3", "PWD_P43": "183.5", "PWD_P44": "209.3", "PWD_P45": "236.1", "PWD_P46": "267.2", "PWD_P47": "302.7", "PWD_P48": "339.8", "PWD_P49": "386.1", "PWD_P50": "436.7", "PWD_P51": "496.9", "PWD_P52": "564.1", "PWD_P53": "638.2", "PWD_P54": "723.6", "PWD_P55": "823.6", "PWD_P56": "924.7", "PWD_P57": "1038.8", "PWD_P58": "1168.6", "PWD_P59": "1299.5", "PWD_P60": "1445.7", "PWD_P61": "1594.5", "PWD_P62": "1730.7", "PWD_P63": "1890.7", "PWD_P64": "1979.1", "PWD_P65": "2096.1", "PWD_P66": "2268.2", "PWD_P67": "2406.3", "PWD_P68": "2678.1", "PWD_P69": "2938.8", "PWD_P70": "3085.3", "PWD_P71": "3195.9", "PWD_P72": "3322.3", "PWD_P73": "3468.4", "PWD_P74": "3633.5", "PWD_P75": "3737.6", "PWD_P76": "3824.8", "PWD_P77": "3882.1", "PWD_P78": "3927.2", "PWD_P79": "3967.0", "PWD_P80": "4001.4", "PWD_P81": "4036.4", "PWD_P82": "4077.1", "PWD_P83": "4130.7", "PWD_P84": "4206.0", "PWD_P85": "4317.2", "PWD_P86": "4448.9", "PWD_P87": "4549.1", "PWD_P88": "4642.7", "PWD_P89": "4749.3", "PWD_P90": "4891.6", "PWD_P91": "5042.0", "PWD_P92": "5130.6", "PWD_P93": "5214.3", "PWD_P94": "5303.7", "PWD_P95": "5377.6", "PWD_P96": "5447.6", "PWD_P97": "5517.5", "PWD_P98": "5612.8", "PWD_P99": "5745.7", "PWD_P100": "6088.8" }, "geometry": { "type": "Point", "coordinates": [ -65.6731, -17.5104 ] } },
{ "type": "Feature", "id": 30, "properties": { "lon": 17.90825080871582, "lat": 44.331806182861328, "year": "2015", "ISO": "BIH", "ISO_No": "70", "Name": "Bosnia and Herzegovina", "PWC_Lat": "44.3318061828613", "PWC_Lon": "17.9082508087158", "Pop": "3429362", "Density": "67.7", "Area": "50666.8", "PWD_A": "714.3", "PWD_G": "230.7", "PWD_M": "232.7", "PWD_P1": "5.9", "PWD_P2": "9.1", "PWD_P3": "12.0", "PWD_P4": "14.7", "PWD_P5": "17.2", "PWD_P6": "20.0", "PWD_P7": "22.7", "PWD_P8": "25.3", "PWD_P9": "28.0", "PWD_P10": "30.6", "PWD_P11": "33.3", "PWD_P12": "36.0", "PWD_P13": "38.8", "PWD_P14": "41.6", "PWD_P15": "44.6", "PWD_P16": "47.6", "PWD_P17": "50.7", "PWD_P18": "53.8", "PWD_P19": "57.0", "PWD_P20": "60.3", "PWD_P21": "63.7", "PWD_P22": "67.2", "PWD_P23": "70.9", "PWD_P24": "74.6", "PWD_P25": "78.4", "PWD_P26": "82.4", "PWD_P27": "86.5", "PWD_P28": "90.6", "PWD_P29": "94.9", "PWD_P30": "99.1", "PWD_P31": "103.6", "PWD_P32": "108.3", "PWD_P33": "113.1", "PWD_P34": "118.3", "PWD_P35": "123.6", "PWD_P36": "129.2", "PWD_P37": "135.0", "PWD_P38": "140.9", "PWD_P39": "147.1", "PWD_P40": "153.5", "PWD_P41": "160.2", "PWD_P42": "167.1", "PWD_P43": "174.1", "PWD_P44": "181.2", "PWD_P45": "188.5", "PWD_P46": "196.3", "PWD_P47": "204.5", "PWD_P48": "213.2", "PWD_P49": "222.8", "PWD_P50": "232.7", "PWD_P51": "243.1", "PWD_P52": "253.9", "PWD_P53": "265.2", "PWD_P54": "277.2", "PWD_P55": "289.7", "PWD_P56": "302.8", "PWD_P57": "316.5", "PWD_P58": "330.8", "PWD_P59": "346.8", "PWD_P60": "363.7", "PWD_P61": "382.0", "PWD_P62": "401.4", "PWD_P63": "421.7", "PWD_P64": "443.7", "PWD_P65": "466.9", "PWD_P66": "490.6", "PWD_P67": "514.7", "PWD_P68": "539.1", "PWD_P69": "563.0", "PWD_P70": "588.3", "PWD_P71": "613.2", "PWD_P72": "641.1", "PWD_P73": "667.5", "PWD_P74": "693.8", "PWD_P75": "723.9", "PWD_P76": "754.6", "PWD_P77": "786.4", "PWD_P78": "817.2", "PWD_P79": "847.2", "PWD_P80": "874.9", "PWD_P81": "903.2", "PWD_P82": "932.6", "PWD_P83": "968.0", "PWD_P84": "1012.3", "PWD_P85": "1067.3", "PWD_P86": "1138.1", "PWD_P87": "1210.2", "PWD_P88": "1293.2", "PWD_P89": "1373.9", "PWD_P90": "1460.9", "PWD_P91": "1561.7", "PWD_P92": "1655.8", "PWD_P93": "1882.2", "PWD_P94": "3080.7", "PWD_P95": "3767.7", "PWD_P96": "4252.6", "PWD_P97": "4737.1", "PWD_P98": "5461.3", "PWD_P99": "8342.8", "PWD_P100": "12490.3" }, "geometry": { "type": "Point", "coordinates": [ 17.90825080871582, 44.331806182861328 ] } },
{ "type": "Feature", "id": 31, "properties": { "lon": 25.768978118896484, "lat": -23.000116348266602, "year": "2015", "ISO": "BWA", "ISO_No": "72", "Name": "Botswana", "PWC_Lat": "-23.0001163482666", "PWC_Lon": "25.7689781188965", "Pop": "2120715", "Density": "3.7", "Area": "579064.2", "PWD_A": "313.3", "PWD_G": "44.4", "PWD_M": "52.3", "PWD_P1": "0.4", "PWD_P2": "0.5", "PWD_P3": "0.6", "PWD_P4": "0.6", "PWD_P5": "0.8", "PWD_P6": "0.9", "PWD_P7": "1.0", "PWD_P8": "1.1", "PWD_P9": "1.3", "PWD_P10": "1.4", "PWD_P11": "1.5", "PWD_P12": "1.7", "PWD_P13": "1.8", "PWD_P14": "2.0", "PWD_P15": "2.2", "PWD_P16": "2.4", "PWD_P17": "2.7", "PWD_P18": "3.0", "PWD_P19": "3.3", "PWD_P20": "3.6", "PWD_P21": "4.0", "PWD_P22": "4.4", "PWD_P23": "4.9", "PWD_P24": "5.3", "PWD_P25": "5.8", "PWD_P26": "6.3", "PWD_P27": "6.8", "PWD_P28": "7.4", "PWD_P29": "8.0", "PWD_P30": "8.7", "PWD_P31": "9.5", "PWD_P32": "10.3", "PWD_P33": "11.2", "PWD_P34": "12.2", "PWD_P35": "13.4", "PWD_P36": "14.6", "PWD_P37": "16.0", "PWD_P38": "17.5", "PWD_P39": "19.2", "PWD_P40": "21.0", "PWD_P41": "23.0", "PWD_P42": "25.2", "PWD_P43": "27.5", "PWD_P44": "30.0", "PWD_P45": "32.9", "PWD_P46": "36.0", "PWD_P47": "39.6", "PWD_P48": "43.4", "PWD_P49": "47.5", "PWD_P50": "52.3", "PWD_P51": "57.4", "PWD_P52": "62.9", "PWD_P53": "68.7", "PWD_P54": "74.7", "PWD_P55": "81.3", "PWD_P56": "89.4", "PWD_P57": "98.0", "PWD_P58": "107.9", "PWD_P59": "118.7", "PWD_P60": "130.4", "PWD_P61": "142.9", "PWD_P62": "154.7", "PWD_P63": "166.8", "PWD_P64": "179.4", "PWD_P65": "192.8", "PWD_P66": "206.7", "PWD_P67": "220.8", "PWD_P68": "235.6", "PWD_P69": "250.6", "PWD_P70": "267.6", "PWD_P71": "286.5", "PWD_P72": "307.5", "PWD_P73": "330.1", "PWD_P74": "353.8", "PWD_P75": "382.2", "PWD_P76": "414.3", "PWD_P77": "445.0", "PWD_P78": "479.5", "PWD_P79": "519.3", "PWD_P80": "567.4", "PWD_P81": "616.0", "PWD_P82": "662.2", "PWD_P83": "713.3", "PWD_P84": "771.0", "PWD_P85": "812.4", "PWD_P86": "841.4", "PWD_P87": "867.5", "PWD_P88": "898.4", "PWD_P89": "934.5", "PWD_P90": "993.3", "PWD_P91": "1079.9", "PWD_P92": "1180.4", "PWD_P93": "1291.4", "PWD_P94": "1416.2", "PWD_P95": "1538.6", "PWD_P96": "1695.9", "PWD_P97": "1826.2", "PWD_P98": "1935.1", "PWD_P99": "2168.6", "PWD_P100": "3303.9" }, "geometry": { "type": "Point", "coordinates": [ 25.768978118896484, -23.000116348266602 ] } },
{ "type": "Feature", "id": 32, "properties": { "lon": -88.56488037109375, "lat": 17.408769607543945, "year": "2015", "ISO": "BLZ", "ISO_No": "84", "Name": "Belize", "PWC_Lat": "17.4087696075439", "PWC_Lon": "-88.5648803710938", "Pop": "360926", "Density": "16.6", "Area": "21775.8", "PWD_A": "159.4", "PWD_G": "43.6", "PWD_M": "30.0", "PWD_P1": "2.2", "PWD_P2": "2.7", "PWD_P3": "3.3", "PWD_P4": "3.9", "PWD_P5": "4.6", "PWD_P6": "5.2", "PWD_P7": "5.8", "PWD_P8": "6.3", "PWD_P9": "6.7", "PWD_P10": "7.1", "PWD_P11": "7.5", "PWD_P12": "7.9", "PWD_P13": "8.3", "PWD_P14": "8.7", "PWD_P15": "9.1", "PWD_P16": "9.5", "PWD_P17": "10.0", "PWD_P18": "10.4", "PWD_P19": "10.9", "PWD_P20": "11.3", "PWD_P21": "11.7", "PWD_P22": "12.1", "PWD_P23": "12.5", "PWD_P24": "12.9", "PWD_P25": "13.3", "PWD_P26": "13.7", "PWD_P27": "14.2", "PWD_P28": "14.7", "PWD_P29": "15.2", "PWD_P30": "15.7", "PWD_P31": "16.3", "PWD_P32": "16.8", "PWD_P33": "17.4", "PWD_P34": "17.9", "PWD_P35": "18.5", "PWD_P36": "19.1", "PWD_P37": "19.7", "PWD_P38": "20.3", "PWD_P39": "21.0", "PWD_P40": "21.7", "PWD_P41": "22.3", "PWD_P42": "23.0", "PWD_P43": "23.6", "PWD_P44": "24.4", "PWD_P45": "25.2", "PWD_P46": "26.0", "PWD_P47": "26.8", "PWD_P48": "27.8", "PWD_P49": "28.9", "PWD_P50": "30.0", "PWD_P51": "31.2", "PWD_P52": "32.6", "PWD_P53": "34.0", "PWD_P54": "35.7", "PWD_P55": "37.5", "PWD_P56": "39.5", "PWD_P57": "41.4", "PWD_P58": "43.7", "PWD_P59": "46.4", "PWD_P60": "49.4", "PWD_P61": "52.9", "PWD_P62": "56.4", "PWD_P63": "60.1", "PWD_P64": "64.0", "PWD_P65": "68.6", "PWD_P66": "73.5", "PWD_P67": "79.0", "PWD_P68": "84.8", "PWD_P69": "91.4", "PWD_P70": "98.7", "PWD_P71": "106.7", "PWD_P72": "115.5", "PWD_P73": "125.9", "PWD_P74": "136.7", "PWD_P75": "148.3", "PWD_P76": "161.6", "PWD_P77": "174.5", "PWD_P78": "187.4", "PWD_P79": "200.9", "PWD_P80": "215.6", "PWD_P81": "233.3", "PWD_P82": "251.5", "PWD_P83": "268.7", "PWD_P84": "291.0", "PWD_P85": "316.7", "PWD_P86": "343.2", "PWD_P87": "372.6", "PWD_P88": "407.6", "PWD_P89": "450.2", "PWD_P90": "501.0", "PWD_P91": "546.9", "PWD_P92": "591.4", "PWD_P93": "645.2", "PWD_P94": "722.9", "PWD_P95": "837.0", "PWD_P96": "1048.2", "PWD_P97": "1201.6", "PWD_P98": "1312.4", "PWD_P99": "1402.6", "PWD_P100": "1637.4" }, "geometry": { "type": "Point", "coordinates": [ -88.56488037109375, 17.408769607543945 ] } },
{ "type": "Feature", "id": 33, "properties": { "lon": 160.01673889160156, "lat": -9.0375566482543945, "year": "2015", "ISO": "SLB", "ISO_No": "90", "Name": "Solomon Islands", "PWC_Lat": "-9.03755664825439", "PWC_Lon": "160.016738891602", "Pop": "603132", "Density": "20.8", "Area": "29053.7", "PWD_A": "1197.6", "PWD_G": "156.5", "PWD_M": "132.5", "PWD_P1": "1.5", "PWD_P2": "2.3", "PWD_P3": "3.2", "PWD_P4": "4.1", "PWD_P5": "5.0", "PWD_P6": "5.9", "PWD_P7": "6.8", "PWD_P8": "7.9", "PWD_P9": "8.9", "PWD_P10": "10.0", "PWD_P11": "11.2", "PWD_P12": "12.4", "PWD_P13": "13.8", "PWD_P14": "15.2", "PWD_P15": "16.7", "PWD_P16": "18.2", "PWD_P17": "19.8", "PWD_P18": "21.4", "PWD_P19": "23.0", "PWD_P20": "24.7", "PWD_P21": "26.6", "PWD_P22": "28.5", "PWD_P23": "30.5", "PWD_P24": "32.6", "PWD_P25": "34.7", "PWD_P26": "36.9", "PWD_P27": "39.2", "PWD_P28": "41.6", "PWD_P29": "44.2", "PWD_P30": "46.8", "PWD_P31": "49.5", "PWD_P32": "52.3", "PWD_P33": "55.2", "PWD_P34": "58.2", "PWD_P35": "61.3", "PWD_P36": "64.6", "PWD_P37": "68.0", "PWD_P38": "71.5", "PWD_P39": "75.2", "PWD_P40": "79.1", "PWD_P41": "83.0", "PWD_P42": "87.3", "PWD_P43": "91.8", "PWD_P44": "96.6", "PWD_P45": "101.8", "PWD_P46": "107.1", "PWD_P47": "112.9", "PWD_P48": "119.0", "PWD_P49": "125.5", "PWD_P50": "132.5", "PWD_P51": "139.6", "PWD_P52": "147.5", "PWD_P53": "156.1", "PWD_P54": "165.2", "PWD_P55": "175.0", "PWD_P56": "185.2", "PWD_P57": "196.1", "PWD_P58": "207.6", "PWD_P59": "220.1", "PWD_P60": "233.2", "PWD_P61": "247.5", "PWD_P62": "263.1", "PWD_P63": "280.2", "PWD_P64": "299.2", "PWD_P65": "319.5", "PWD_P66": "340.5", "PWD_P67": "364.2", "PWD_P68": "390.4", "PWD_P69": "419.0", "PWD_P70": "451.1", "PWD_P71": "486.9", "PWD_P72": "525.4", "PWD_P73": "568.0", "PWD_P74": "620.6", "PWD_P75": "679.4", "PWD_P76": "744.7", "PWD_P77": "816.8", "PWD_P78": "894.1", "PWD_P79": "984.1", "PWD_P80": "1093.9", "PWD_P81": "1222.3", "PWD_P82": "1390.6", "PWD_P83": "1605.0", "PWD_P84": "1851.8", "PWD_P85": "2136.6", "PWD_P86": "2412.9", "PWD_P87": "2794.1", "PWD_P88": "3133.4", "PWD_P89": "3643.1", "PWD_P90": "4135.3", "PWD_P91": "4563.4", "PWD_P92": "5066.4", "PWD_P93": "5647.9", "PWD_P94": "6310.0", "PWD_P95": "7099.4", "PWD_P96": "8034.4", "PWD_P97": "8998.7", "PWD_P98": "10248.6", "PWD_P99": "12911.6", "PWD_P100": "41255.4" }, "geometry": { "type": "Point", "coordinates": [ 160.016738891601562, -9.037556648254395 ] } },
{ "type": "Feature", "id": 34, "properties": { "lon": -64.590370178222656, "lat": 18.43217658996582, "year": "2015", "ISO": "VGB", "ISO_No": "92", "Name": "British Virgin Islands", "PWC_Lat": "18.4321765899658", "PWC_Lon": "-64.5903701782227", "Pop": "29148", "Density": "155.5", "Area": "187.4", "PWD_A": "445.6", "PWD_G": "361.9", "PWD_M": "471.0", "PWD_P1": "13.0", "PWD_P2": "28.5", "PWD_P3": "43.1", "PWD_P4": "58.5", "PWD_P5": "75.2", "PWD_P6": "90.7", "PWD_P7": "104.1", "PWD_P8": "114.7", "PWD_P9": "127.6", "PWD_P10": "141.4", "PWD_P11": "152.0", "PWD_P12": "162.2", "PWD_P13": "172.6", "PWD_P14": "183.5", "PWD_P15": "194.1", "PWD_P16": "203.6", "PWD_P17": "214.8", "PWD_P18": "224.5", "PWD_P19": "231.6", "PWD_P20": "238.8", "PWD_P21": "245.5", "PWD_P22": "251.4", "PWD_P23": "258.3", "PWD_P24": "265.3", "PWD_P25": "273.8", "PWD_P26": "281.4", "PWD_P27": "290.0", "PWD_P28": "298.9", "PWD_P29": "308.3", "PWD_P30": "316.8", "PWD_P31": "324.7", "PWD_P32": "335.3", "PWD_P33": "347.0", "PWD_P34": "357.2", "PWD_P35": "368.0", "PWD_P36": "378.0", "PWD_P37": "386.8", "PWD_P38": "395.4", "PWD_P39": "404.4", "PWD_P40": "412.2", "PWD_P41": "420.0", "PWD_P42": "425.2", "PWD_P43": "429.9", "PWD_P44": "435.2", "PWD_P45": "441.1", "PWD_P46": "446.7", "PWD_P47": "453.2", "PWD_P48": "458.5", "PWD_P49": "465.9", "PWD_P50": "471.0", "PWD_P51": "476.1", "PWD_P52": "482.4", "PWD_P53": "490.0", "PWD_P54": "496.0", "PWD_P55": "501.1", "PWD_P56": "507.6", "PWD_P57": "512.5", "PWD_P58": "517.5", "PWD_P59": "522.8", "PWD_P60": "526.8", "PWD_P61": "532.6", "PWD_P62": "536.2", "PWD_P63": "541.6", "PWD_P64": "546.0", "PWD_P65": "549.6", "PWD_P66": "554.7", "PWD_P67": "559.2", "PWD_P68": "564.3", "PWD_P69": "568.7", "PWD_P70": "573.9", "PWD_P71": "577.7", "PWD_P72": "582.5", "PWD_P73": "588.1", "PWD_P74": "594.3", "PWD_P75": "600.2", "PWD_P76": "605.2", "PWD_P77": "610.4", "PWD_P78": "615.1", "PWD_P79": "620.3", "PWD_P80": "625.0", "PWD_P81": "630.8", "PWD_P82": "636.0", "PWD_P83": "642.6", "PWD_P84": "648.7", "PWD_P85": "655.6", "PWD_P86": "664.0", "PWD_P87": "673.5", "PWD_P88": "686.0", "PWD_P89": "698.5", "PWD_P90": "710.0", "PWD_P91": "723.1", "PWD_P92": "734.2", "PWD_P93": "746.5", "PWD_P94": "767.3", "PWD_P95": "790.4", "PWD_P96": "818.2", "PWD_P97": "846.5", "PWD_P98": "861.5", "PWD_P99": "880.8", "PWD_P100": "929.7" }, "geometry": { "type": "Point", "coordinates": [ -64.590370178222656, 18.43217658996582 ] } },
{ "type": "Feature", "id": 35, "properties": { "lon": 114.80599975585938, "lat": 4.8481144905090332, "year": "2015", "ISO": "BRN", "ISO_No": "96", "Name": "Brunei", "PWC_Lat": "4.84811449050903", "PWC_Lon": "114.805999755859", "Pop": "414913", "Density": "71.8", "Area": "5777.3", "PWD_A": "1149.0", "PWD_G": "606.4", "PWD_M": "723.5", "PWD_P1": "9.4", "PWD_P2": "23.5", "PWD_P3": "39.8", "PWD_P4": "55.6", "PWD_P5": "71.3", "PWD_P6": "85.6", "PWD_P7": "99.9", "PWD_P8": "114.1", "PWD_P9": "128.1", "PWD_P10": "141.1", "PWD_P11": "153.7", "PWD_P12": "165.9", "PWD_P13": "177.5", "PWD_P14": "188.8", "PWD_P15": "200.9", "PWD_P16": "213.4", "PWD_P17": "226.8", "PWD_P18": "239.1", "PWD_P19": "251.8", "PWD_P20": "263.4", "PWD_P21": "275.0", "PWD_P22": "287.4", "PWD_P23": "299.6", "PWD_P24": "311.9", "PWD_P25": "324.4", "PWD_P26": "337.8", "PWD_P27": "351.0", "PWD_P28": "364.5", "PWD_P29": "380.0", "PWD_P30": "394.6", "PWD_P31": "409.3", "PWD_P32": "424.0", "PWD_P33": "439.9", "PWD_P34": "456.0", "PWD_P35": "470.9", "PWD_P36": "486.9", "PWD_P37": "503.3", "PWD_P38": "519.5", "PWD_P39": "535.3", "PWD_P40": "551.4", "PWD_P41": "568.7", "PWD_P42": "583.0", "PWD_P43": "601.0", "PWD_P44": "618.3", "PWD_P45": "636.1", "PWD_P46": "654.1", "PWD_P47": "672.4", "PWD_P48": "688.8", "PWD_P49": "707.3", "PWD_P50": "723.5", "PWD_P51": "738.7", "PWD_P52": "760.5", "PWD_P53": "783.6", "PWD_P54": "805.2", "PWD_P55": "826.6", "PWD_P56": "848.9", "PWD_P57": "867.7", "PWD_P58": "893.4", "PWD_P59": "915.3", "PWD_P60": "934.8", "PWD_P61": "958.4", "PWD_P62": "983.1", "PWD_P63": "1007.7", "PWD_P64": "1034.0", "PWD_P65": "1059.3", "PWD_P66": "1081.6", "PWD_P67": "1105.1", "PWD_P68": "1131.6", "PWD_P69": "1164.5", "PWD_P70": "1192.8", "PWD_P71": "1220.4", "PWD_P72": "1242.7", "PWD_P73": "1264.1", "PWD_P74": "1286.9", "PWD_P75": "1313.9", "PWD_P76": "1335.0", "PWD_P77": "1354.2", "PWD_P78": "1371.0", "PWD_P79": "1392.4", "PWD_P80": "1415.1", "PWD_P81": "1446.7", "PWD_P82": "1482.7", "PWD_P83": "1532.0", "PWD_P84": "1584.8", "PWD_P85": "1632.5", "PWD_P86": "1686.6", "PWD_P87": "1803.5", "PWD_P88": "1932.7", "PWD_P89": "2013.7", "PWD_P90": "2204.4", "PWD_P91": "2369.9", "PWD_P92": "2511.6", "PWD_P93": "2619.0", "PWD_P94": "2695.9", "PWD_P95": "2787.6", "PWD_P96": "3230.6", "PWD_P97": "5122.0", "PWD_P98": "7091.1", "PWD_P99": "11646.0", "PWD_P100": "18874.8" }, "geometry": { "type": "Point", "coordinates": [ 114.805999755859375, 4.848114490509033 ] } },
{ "type": "Feature", "id": 36, "properties": { "lon": 25.038938522338867, "lat": 42.735710144042969, "year": "2015", "ISO": "BGR", "ISO_No": "100", "Name": "Bulgaria", "PWC_Lat": "42.735710144043", "PWC_Lon": "25.0389385223389", "Pop": "7199738", "Density": "65.0", "Area": "110837.5", "PWD_A": "971.0", "PWD_G": "297.7", "PWD_M": "351.1", "PWD_P1": "6.5", "PWD_P2": "8.4", "PWD_P3": "10.0", "PWD_P4": "11.6", "PWD_P5": "13.2", "PWD_P6": "14.9", "PWD_P7": "16.6", "PWD_P8": "18.3", "PWD_P9": "20.1", "PWD_P10": "22.0", "PWD_P11": "23.9", "PWD_P12": "26.0", "PWD_P13": "28.2", "PWD_P14": "30.5", "PWD_P15": "33.0", "PWD_P16": "35.6", "PWD_P17": "38.4", "PWD_P18": "41.5", "PWD_P19": "44.7", "PWD_P20": "48.3", "PWD_P21": "52.0", "PWD_P22": "56.1", "PWD_P23": "60.5", "PWD_P24": "65.1", "PWD_P25": "70.2", "PWD_P26": "75.8", "PWD_P27": "81.9", "PWD_P28": "88.5", "PWD_P29": "95.5", "PWD_P30": "103.0", "PWD_P31": "111.0", "PWD_P32": "119.4", "PWD_P33": "128.2", "PWD_P34": "137.6", "PWD_P35": "147.6", "PWD_P36": "157.9", "PWD_P37": "168.7", "PWD_P38": "180.0", "PWD_P39": "191.6", "PWD_P40": "203.6", "PWD_P41": "215.8", "PWD_P42": "228.6", "PWD_P43": "241.9", "PWD_P44": "255.5", "PWD_P45": "269.7", "PWD_P46": "284.5", "PWD_P47": "300.1", "PWD_P48": "316.4", "PWD_P49": "333.3", "PWD_P50": "351.1", "PWD_P51": "369.8", "PWD_P52": "389.4", "PWD_P53": "410.9", "PWD_P54": "433.8", "PWD_P55": "457.8", "PWD_P56": "483.1", "PWD_P57": "511.4", "PWD_P58": "540.5", "PWD_P59": "570.8", "PWD_P60": "602.2", "PWD_P61": "635.0", "PWD_P62": "669.7", "PWD_P63": "706.7", "PWD_P64": "746.3", "PWD_P65": "787.3", "PWD_P66": "832.9", "PWD_P67": "882.8", "PWD_P68": "933.9", "PWD_P69": "993.9", "PWD_P70": "1052.9", "PWD_P71": "1107.5", "PWD_P72": "1162.9", "PWD_P73": "1226.6", "PWD_P74": "1302.7", "PWD_P75": "1395.6", "PWD_P76": "1511.9", "PWD_P77": "1627.5", "PWD_P78": "1728.6", "PWD_P79": "1858.5", "PWD_P80": "1993.9", "PWD_P81": "2119.9", "PWD_P82": "2224.6", "PWD_P83": "2348.6", "PWD_P84": "2481.1", "PWD_P85": "2602.2", "PWD_P86": "2710.8", "PWD_P87": "2797.3", "PWD_P88": "2865.3", "PWD_P89": "2933.1", "PWD_P90": "2993.8", "PWD_P91": "3043.7", "PWD_P92": "3086.6", "PWD_P93": "3135.5", "PWD_P94": "3192.8", "PWD_P95": "3303.7", "PWD_P96": "3641.1", "PWD_P97": "4753.0", "PWD_P98": "5072.7", "PWD_P99": "5338.3", "PWD_P100": "6236.2" }, "geometry": { "type": "Point", "coordinates": [ 25.038938522338867, 42.735710144042969 ] } },
{ "type": "Feature", "id": 37, "properties": { "lon": 96.107025146484375, "lat": 19.491270065307617, "year": "2015", "ISO": "MMR", "ISO_No": "104", "Name": "Myanmar", "PWC_Lat": "19.4912700653076", "PWC_Lon": "96.1070251464844", "Pop": "52680723", "Density": "79.0", "Area": "666532.8", "PWD_A": "2718.6", "PWD_G": "336.1", "PWD_M": "220.9", "PWD_P1": "7.2", "PWD_P2": "10.7", "PWD_P3": "13.9", "PWD_P4": "17.1", "PWD_P5": "20.3", "PWD_P6": "23.5", "PWD_P7": "26.7", "PWD_P8": "30.2", "PWD_P9": "33.7", "PWD_P10": "37.3", "PWD_P11": "41.1", "PWD_P12": "44.9", "PWD_P13": "48.9", "PWD_P14": "52.9", "PWD_P15": "56.9", "PWD_P16": "61.0", "PWD_P17": "65.1", "PWD_P18": "69.2", "PWD_P19": "73.4", "PWD_P20": "77.5", "PWD_P21": "81.7", "PWD_P22": "85.8", "PWD_P23": "89.9", "PWD_P24": "94.1", "PWD_P25": "98.3", "PWD_P26": "102.5", "PWD_P27": "106.6", "PWD_P28": "110.7", "PWD_P29": "114.7", "PWD_P30": "118.8", "PWD_P31": "122.8", "PWD_P32": "126.9", "PWD_P33": "131.1", "PWD_P34": "135.2", "PWD_P35": "139.4", "PWD_P36": "143.6", "PWD_P37": "147.9", "PWD_P38": "152.4", "PWD_P39": "157.0", "PWD_P40": "161.8", "PWD_P41": "166.7", "PWD_P42": "171.8", "PWD_P43": "177.0", "PWD_P44": "182.5", "PWD_P45": "188.1", "PWD_P46": "194.1", "PWD_P47": "200.3", "PWD_P48": "206.8", "PWD_P49": "213.7", "PWD_P50": "220.9", "PWD_P51": "228.3", "PWD_P52": "236.1", "PWD_P53": "244.4", "PWD_P54": "253.4", "PWD_P55": "262.9", "PWD_P56": "273.1", "PWD_P57": "284.0", "PWD_P58": "295.5", "PWD_P59": "307.8", "PWD_P60": "321.2", "PWD_P61": "335.7", "PWD_P62": "352.0", "PWD_P63": "370.0", "PWD_P64": "389.9", "PWD_P65": "411.9", "PWD_P66": "435.9", "PWD_P67": "463.4", "PWD_P68": "494.4", "PWD_P69": "529.8", "PWD_P70": "570.1", "PWD_P71": "615.4", "PWD_P72": "668.9", "PWD_P73": "732.9", "PWD_P74": "809.2", "PWD_P75": "901.8", "PWD_P76": "1015.8", "PWD_P77": "1157.5", "PWD_P78": "1333.6", "PWD_P79": "1551.1", "PWD_P80": "1821.2", "PWD_P81": "2139.5", "PWD_P82": "2510.9", "PWD_P83": "2944.3", "PWD_P84": "3446.5", "PWD_P85": "4017.7", "PWD_P86": "4658.3", "PWD_P87": "5432.6", "PWD_P88": "6351.0", "PWD_P89": "7380.6", "PWD_P90": "8504.3", "PWD_P91": "9695.6", "PWD_P92": "11260.6", "PWD_P93": "12904.3", "PWD_P94": "14914.8", "PWD_P95": "17192.8", "PWD_P96": "19808.0", "PWD_P97": "22424.4", "PWD_P98": "25867.0", "PWD_P99": "36258.7", "PWD_P100": "76222.7" }, "geometry": { "type": "Point", "coordinates": [ 96.107025146484375, 19.491270065307617 ] } },
{ "type": "Feature", "id": 38, "properties": { "lon": 29.835687637329102, "lat": -3.2548606395721436, "year": "2015", "ISO": "BDI", "ISO_No": "108", "Name": "Burundi", "PWC_Lat": "-3.25486063957214", "PWC_Lon": "29.8356876373291", "Pop": "10160034", "Density": "405.4", "Area": "25062.0", "PWD_A": "2066.5", "PWD_G": "601.7", "PWD_M": "469.6", "PWD_P1": "109.7", "PWD_P2": "129.0", "PWD_P3": "144.1", "PWD_P4": "156.8", "PWD_P5": "167.5", "PWD_P6": "176.7", "PWD_P7": "184.4", "PWD_P8": "192.3", "PWD_P9": "200.0", "PWD_P10": "206.9", "PWD_P11": "213.7", "PWD_P12": "220.8", "PWD_P13": "228.1", "PWD_P14": "235.2", "PWD_P15": "242.3", "PWD_P16": "249.3", "PWD_P17": "256.3", "PWD_P18": "263.1", "PWD_P19": "270.0", "PWD_P20": "276.7", "PWD_P21": "283.2", "PWD_P22": "289.8", "PWD_P23": "296.4", "PWD_P24": "303.0", "PWD_P25": "309.6", "PWD_P26": "316.2", "PWD_P27": "322.5", "PWD_P28": "328.7", "PWD_P29": "334.8", "PWD_P30": "340.7", "PWD_P31": "346.6", "PWD_P32": "352.4", "PWD_P33": "358.2", "PWD_P34": "363.9", "PWD_P35": "369.6", "PWD_P36": "375.4", "PWD_P37": "381.2", "PWD_P38": "387.1", "PWD_P39": "393.1", "PWD_P40": "399.5", "PWD_P41": "405.9", "PWD_P42": "412.4", "PWD_P43": "419.1", "PWD_P44": "425.9", "PWD_P45": "432.7", "PWD_P46": "439.7", "PWD_P47": "446.8", "PWD_P48": "454.1", "PWD_P49": "461.8", "PWD_P50": "469.6", "PWD_P51": "477.9", "PWD_P52": "486.3", "PWD_P53": "495.2", "PWD_P54": "504.5", "PWD_P55": "514.2", "PWD_P56": "524.7", "PWD_P57": "535.6", "PWD_P58": "546.9", "PWD_P59": "558.2", "PWD_P60": "569.4", "PWD_P61": "581.2", "PWD_P62": "593.7", "PWD_P63": "606.8", "PWD_P64": "620.2", "PWD_P65": "633.9", "PWD_P66": "648.2", "PWD_P67": "662.9", "PWD_P68": "678.6", "PWD_P69": "695.0", "PWD_P70": "712.1", "PWD_P71": "730.5", "PWD_P72": "750.0", "PWD_P73": "770.9", "PWD_P74": "792.6", "PWD_P75": "815.3", "PWD_P76": "840.0", "PWD_P77": "867.8", "PWD_P78": "898.3", "PWD_P79": "935.7", "PWD_P80": "980.0", "PWD_P81": "1032.1", "PWD_P82": "1092.8", "PWD_P83": "1165.9", "PWD_P84": "1244.2", "PWD_P85": "1341.3", "PWD_P86": "1450.1", "PWD_P87": "1578.6", "PWD_P88": "1758.7", "PWD_P89": "2015.2", "PWD_P90": "2283.2", "PWD_P91": "2697.1", "PWD_P92": "3250.0", "PWD_P93": "4119.1", "PWD_P94": "5115.4", "PWD_P95": "6586.9", "PWD_P96": "9573.1", "PWD_P97": "16682.9", "PWD_P98": "33600.6", "PWD_P99": "42012.2", "PWD_P100": "81734.4" }, "geometry": { "type": "Point", "coordinates": [ 29.835687637329102, -3.254860639572144 ] } },
{ "type": "Feature", "id": 39, "properties": { "lon": 27.844242095947266, "lat": 53.533626556396484, "year": "2015", "ISO": "BLR", "ISO_No": "112", "Name": "Belarus", "PWC_Lat": "53.5336265563965", "PWC_Lon": "27.8442420959473", "Pop": "9439423", "Density": "46.2", "Area": "204255.0", "PWD_A": "3686.1", "PWD_G": "824.0", "PWD_M": "1208.4", "PWD_P1": "2.5", "PWD_P2": "3.6", "PWD_P3": "4.9", "PWD_P4": "6.5", "PWD_P5": "8.2", "PWD_P6": "10.3", "PWD_P7": "12.6", "PWD_P8": "15.0", "PWD_P9": "17.8", "PWD_P10": "21.1", "PWD_P11": "25.3", "PWD_P12": "30.3", "PWD_P13": "36.1", "PWD_P14": "42.6", "PWD_P15": "49.8", "PWD_P16": "57.8", "PWD_P17": "67.0", "PWD_P18": "77.7", "PWD_P19": "88.9", "PWD_P20": "100.3", "PWD_P21": "111.9", "PWD_P22": "124.3", "PWD_P23": "137.2", "PWD_P24": "151.2", "PWD_P25": "166.7", "PWD_P26": "183.6", "PWD_P27": "202.0", "PWD_P28": "220.4", "PWD_P29": "237.6", "PWD_P30": "254.3", "PWD_P31": "270.9", "PWD_P32": "287.6", "PWD_P33": "304.6", "PWD_P34": "322.8", "PWD_P35": "343.8", "PWD_P36": "367.4", "PWD_P37": "392.9", "PWD_P38": "418.9", "PWD_P39": "446.7", "PWD_P40": "477.5", "PWD_P41": "513.7", "PWD_P42": "555.5", "PWD_P43": "605.3", "PWD_P44": "659.4", "PWD_P45": "718.3", "PWD_P46": "784.5", "PWD_P47": "871.2", "PWD_P48": "974.2", "PWD_P49": "1087.7", "PWD_P50": "1208.4", "PWD_P51": "1370.1", "PWD_P52": "1560.9", "PWD_P53": "1827.5", "PWD_P54": "2429.3", "PWD_P55": "3062.6", "PWD_P56": "3492.1", "PWD_P57": "3793.3", "PWD_P58": "4039.0", "PWD_P59": "4240.7", "PWD_P60": "4419.7", "PWD_P61": "4588.3", "PWD_P62": "4754.6", "PWD_P63": "4910.8", "PWD_P64": "5072.3", "PWD_P65": "5234.7", "PWD_P66": "5389.2", "PWD_P67": "5534.5", "PWD_P68": "5678.8", "PWD_P69": "5823.9", "PWD_P70": "5969.6", "PWD_P71": "6117.1", "PWD_P72": "6282.8", "PWD_P73": "6448.4", "PWD_P74": "6634.6", "PWD_P75": "6815.0", "PWD_P76": "6993.0", "PWD_P77": "7168.4", "PWD_P78": "7338.8", "PWD_P79": "7505.8", "PWD_P80": "7676.9", "PWD_P81": "8036.3", "PWD_P82": "8342.2", "PWD_P83": "8578.5", "PWD_P84": "8847.0", "PWD_P85": "9148.3", "PWD_P86": "9490.2", "PWD_P87": "9770.9", "PWD_P88": "10027.4", "PWD_P89": "10262.6", "PWD_P90": "10501.6", "PWD_P91": "10730.8", "PWD_P92": "10962.2", "PWD_P93": "11166.3", "PWD_P94": "11346.5", "PWD_P95": "11497.1", "PWD_P96": "11637.8", "PWD_P97": "11768.7", "PWD_P98": "11914.8", "PWD_P99": "12129.1", "PWD_P100": "12737.3" }, "geometry": { "type": "Point", "coordinates": [ 27.844242095947266, 53.533626556396484 ] } },
{ "type": "Feature", "id": 40, "properties": { "lon": 104.61626434326172, "lat": 12.157404899597168, "year": "2015", "ISO": "KHM", "ISO_No": "116", "Name": "Cambodia", "PWC_Lat": "12.1574048995972", "PWC_Lon": "104.616264343262", "Pop": "15521435", "Density": "86.8", "Area": "178738.5", "PWD_A": "2813.3", "PWD_G": "368.5", "PWD_M": "262.4", "PWD_P1": "7.2", "PWD_P2": "12.6", "PWD_P3": "17.3", "PWD_P4": "21.6", "PWD_P5": "25.9", "PWD_P6": "30.3", "PWD_P7": "34.8", "PWD_P8": "39.5", "PWD_P9": "44.4", "PWD_P10": "49.3", "PWD_P11": "54.1", "PWD_P12": "58.9", "PWD_P13": "63.8", "PWD_P14": "68.8", "PWD_P15": "73.8", "PWD_P16": "79.0", "PWD_P17": "83.9", "PWD_P18": "88.7", "PWD_P19": "93.5", "PWD_P20": "98.4", "PWD_P21": "103.4", "PWD_P22": "108.3", "PWD_P23": "113.3", "PWD_P24": "118.2", "PWD_P25": "123.1", "PWD_P26": "128.1", "PWD_P27": "132.9", "PWD_P28": "137.9", "PWD_P29": "142.9", "PWD_P30": "148.0", "PWD_P31": "153.2", "PWD_P32": "158.3", "PWD_P33": "163.5", "PWD_P34": "168.7", "PWD_P35": "173.8", "PWD_P36": "179.1", "PWD_P37": "184.3", "PWD_P38": "189.6", "PWD_P39": "195.1", "PWD_P40": "200.6", "PWD_P41": "206.4", "PWD_P42": "212.2", "PWD_P43": "218.1", "PWD_P44": "224.0", "PWD_P45": "229.9", "PWD_P46": "235.9", "PWD_P47": "242.2", "PWD_P48": "248.7", "PWD_P49": "255.4", "PWD_P50": "262.4", "PWD_P51": "270.0", "PWD_P52": "277.8", "PWD_P53": "286.0", "PWD_P54": "294.7", "PWD_P55": "303.9", "PWD_P56": "313.6", "PWD_P57": "323.7", "PWD_P58": "334.7", "PWD_P59": "346.1", "PWD_P60": "358.3", "PWD_P61": "371.2", "PWD_P62": "385.4", "PWD_P63": "401.2", "PWD_P64": "418.6", "PWD_P65": "437.6", "PWD_P66": "458.4", "PWD_P67": "481.6", "PWD_P68": "506.7", "PWD_P69": "535.5", "PWD_P70": "567.3", "PWD_P71": "604.7", "PWD_P72": "647.8", "PWD_P73": "699.1", "PWD_P74": "758.1", "PWD_P75": "828.8", "PWD_P76": "912.6", "PWD_P77": "1016.1", "PWD_P78": "1138.6", "PWD_P79": "1286.4", "PWD_P80": "1460.9", "PWD_P81": "1673.8", "PWD_P82": "1921.5", "PWD_P83": "2208.6", "PWD_P84": "2561.3", "PWD_P85": "2994.3", "PWD_P86": "3511.5", "PWD_P87": "4132.5", "PWD_P88": "4869.8", "PWD_P89": "5706.0", "PWD_P90": "6676.1", "PWD_P91": "7831.8", "PWD_P92": "9103.5", "PWD_P93": "10976.6", "PWD_P94": "13635.9", "PWD_P95": "17157.3", "PWD_P96": "21748.4", "PWD_P97": "26502.2", "PWD_P98": "31627.7", "PWD_P99": "40220.5", "PWD_P100": "178572.9" }, "geometry": { "type": "Point", "coordinates": [ 104.616264343261719, 12.157404899597168 ] } },
{ "type": "Feature", "id": 41, "properties": { "lon": 11.81163501739502, "lat": 6.211113452911377, "year": "2015", "ISO": "CMR", "ISO_No": "120", "Name": "Cameroon", "PWC_Lat": "6.21111345291138", "PWC_Lon": "11.811635017395", "Pop": "23298375", "Density": "50.1", "Area": "465487.4", "PWD_A": "3079.9", "PWD_G": "363.3", "PWD_M": "253.1", "PWD_P1": "3.7", "PWD_P2": "5.4", "PWD_P3": "7.2", "PWD_P4": "9.0", "PWD_P5": "10.9", "PWD_P6": "12.9", "PWD_P7": "14.9", "PWD_P8": "17.1", "PWD_P9": "19.5", "PWD_P10": "22.0", "PWD_P11": "24.6", "PWD_P12": "27.4", "PWD_P13": "30.4", "PWD_P14": "33.6", "PWD_P15": "37.0", "PWD_P16": "40.5", "PWD_P17": "44.0", "PWD_P18": "47.6", "PWD_P19": "51.3", "PWD_P20": "55.1", "PWD_P21": "58.9", "PWD_P22": "62.8", "PWD_P23": "66.8", "PWD_P24": "70.9", "PWD_P25": "75.0", "PWD_P26": "79.2", "PWD_P27": "83.6", "PWD_P28": "88.1", "PWD_P29": "92.9", "PWD_P30": "97.9", "PWD_P31": "103.2", "PWD_P32": "108.6", "PWD_P33": "114.3", "PWD_P34": "120.2", "PWD_P35": "126.2", "PWD_P36": "132.5", "PWD_P37": "138.9", "PWD_P38": "145.7", "PWD_P39": "152.7", "PWD_P40": "160.0", "PWD_P41": "167.6", "PWD_P42": "175.4", "PWD_P43": "183.5", "PWD_P44": "192.0", "PWD_P45": "200.8", "PWD_P46": "209.9", "PWD_P47": "219.7", "PWD_P48": "230.2", "PWD_P49": "241.5", "PWD_P50": "253.1", "PWD_P51": "265.6", "PWD_P52": "279.0", "PWD_P53": "293.2", "PWD_P54": "308.1", "PWD_P55": "324.2", "PWD_P56": "341.4", "PWD_P57": "360.3", "PWD_P58": "380.7", "PWD_P59": "403.4", "PWD_P60": "427.8", "PWD_P61": "455.3", "PWD_P62": "485.5", "PWD_P63": "521.6", "PWD_P64": "560.6", "PWD_P65": "605.1", "PWD_P66": "652.4", "PWD_P67": "709.7", "PWD_P68": "776.5", "PWD_P69": "853.3", "PWD_P70": "937.2", "PWD_P71": "1045.5", "PWD_P72": "1175.9", "PWD_P73": "1331.4", "PWD_P74": "1558.0", "PWD_P75": "1817.4", "PWD_P76": "2097.2", "PWD_P77": "2628.1", "PWD_P78": "3492.1", "PWD_P79": "4450.9", "PWD_P80": "5944.4", "PWD_P81": "6979.0", "PWD_P82": "7557.8", "PWD_P83": "8172.0", "PWD_P84": "8415.8", "PWD_P85": "8571.6", "PWD_P86": "8718.3", "PWD_P87": "8857.5", "PWD_P88": "9073.1", "PWD_P89": "12592.0", "PWD_P90": "15072.6", "PWD_P91": "16273.4", "PWD_P92": "16889.3", "PWD_P93": "17468.4", "PWD_P94": "17931.1", "PWD_P95": "18283.7", "PWD_P96": "18590.0", "PWD_P97": "18953.3", "PWD_P98": "19417.0", "PWD_P99": "19707.3", "PWD_P100": "20967.6" }, "geometry": { "type": "Point", "coordinates": [ 11.81163501739502, 6.211113452911377 ] } },
{ "type": "Feature", "id": 42, "properties": { "lon": -23.987957000732422, "lat": 15.678464889526367, "year": "2015", "ISO": "CPV", "ISO_No": "132", "Name": "Cape Verde", "PWC_Lat": "15.6784648895264", "PWC_Lon": "-23.9879570007324", "Pop": "524739", "Density": "126.5", "Area": "4149.2", "PWD_A": "1498.1", "PWD_G": "471.4", "PWD_M": "396.3", "PWD_P1": "11.6", "PWD_P2": "16.2", "PWD_P3": "20.5", "PWD_P4": "24.5", "PWD_P5": "29.1", "PWD_P6": "34.1", "PWD_P7": "39.5", "PWD_P8": "45.2", "PWD_P9": "50.5", "PWD_P10": "56.5", "PWD_P11": "61.5", "PWD_P12": "66.3", "PWD_P13": "71.8", "PWD_P14": "77.6", "PWD_P15": "82.7", "PWD_P16": "88.0", "PWD_P17": "93.1", "PWD_P18": "97.7", "PWD_P19": "102.3", "PWD_P20": "107.2", "PWD_P21": "112.1", "PWD_P22": "117.4", "PWD_P23": "123.7", "PWD_P24": "130.0", "PWD_P25": "136.4", "PWD_P26": "143.4", "PWD_P27": "150.7", "PWD_P28": "158.8", "PWD_P29": "166.8", "PWD_P30": "174.9", "PWD_P31": "183.9", "PWD_P32": "192.3", "PWD_P33": "201.3", "PWD_P34": "211.1", "PWD_P35": "220.7", "PWD_P36": "230.9", "PWD_P37": "242.6", "PWD_P38": "254.4", "PWD_P39": "264.6", "PWD_P40": "273.8", "PWD_P41": "283.6", "PWD_P42": "293.7", "PWD_P43": "303.6", "PWD_P44": "314.4", "PWD_P45": "323.8", "PWD_P46": "334.7", "PWD_P47": "348.0", "PWD_P48": "362.1", "PWD_P49": "377.8", "PWD_P50": "396.3", "PWD_P51": "413.9", "PWD_P52": "428.7", "PWD_P53": "441.7", "PWD_P54": "458.0", "PWD_P55": "477.8", "PWD_P56": "499.2", "PWD_P57": "521.4", "PWD_P58": "552.4", "PWD_P59": "579.5", "PWD_P60": "608.2", "PWD_P61": "640.5", "PWD_P62": "671.3", "PWD_P63": "712.2", "PWD_P64": "761.5", "PWD_P65": "818.6", "PWD_P66": "877.2", "PWD_P67": "950.4", "PWD_P68": "1041.0", "PWD_P69": "1188.6", "PWD_P70": "1389.7", "PWD_P71": "1753.7", "PWD_P72": "1942.3", "PWD_P73": "2087.4", "PWD_P74": "2592.5", "PWD_P75": "2795.7", "PWD_P76": "3155.5", "PWD_P77": "3438.7", "PWD_P78": "3601.4", "PWD_P79": "3758.2", "PWD_P80": "3922.2", "PWD_P81": "4013.9", "PWD_P82": "4085.6", "PWD_P83": "4147.4", "PWD_P84": "4204.0", "PWD_P85": "4245.5", "PWD_P86": "4292.5", "PWD_P87": "4340.1", "PWD_P88": "4404.6", "PWD_P89": "4490.2", "PWD_P90": "4583.6", "PWD_P91": "4673.7", "PWD_P92": "4765.1", "PWD_P93": "4846.5", "PWD_P94": "4995.6", "PWD_P95": "5232.7", "PWD_P96": "5432.2", "PWD_P97": "5889.4", "PWD_P98": "6844.3", "PWD_P99": "7527.6", "PWD_P100": "12236.7" }, "geometry": { "type": "Point", "coordinates": [ -23.987957000732422, 15.678464889526367 ] } },
{ "type": "Feature", "id": 43, "properties": { "lon": -81.284461975097656, "lat": 19.319093704223633, "year": "2015", "ISO": "CYM", "ISO_No": "136", "Name": "Cayman Islands", "PWC_Lat": "19.3190937042236", "PWC_Lon": "-81.2844619750977", "Pop": "61720", "Density": "211.9", "Area": "291.3", "PWD_A": "1040.0", "PWD_G": "780.5", "PWD_M": "1015.8", "PWD_P1": "10.9", "PWD_P2": "20.4", "PWD_P3": "28.5", "PWD_P4": "39.4", "PWD_P5": "57.5", "PWD_P6": "71.0", "PWD_P7": "85.5", "PWD_P8": "112.9", "PWD_P9": "201.0", "PWD_P10": "359.2", "PWD_P11": "397.4", "PWD_P12": "430.1", "PWD_P13": "465.8", "PWD_P14": "504.5", "PWD_P15": "534.0", "PWD_P16": "559.9", "PWD_P17": "582.7", "PWD_P18": "605.5", "PWD_P19": "627.0", "PWD_P20": "644.2", "PWD_P21": "658.8", "PWD_P22": "674.3", "PWD_P23": "689.7", "PWD_P24": "709.1", "PWD_P25": "727.9", "PWD_P26": "745.3", "PWD_P27": "759.5", "PWD_P28": "772.3", "PWD_P29": "786.7", "PWD_P30": "799.7", "PWD_P31": "811.4", "PWD_P32": "820.8", "PWD_P33": "831.9", "PWD_P34": "842.4", "PWD_P35": "851.8", "PWD_P36": "861.8", "PWD_P37": "871.7", "PWD_P38": "880.3", "PWD_P39": "891.3", "PWD_P40": "902.8", "PWD_P41": "914.1", "PWD_P42": "923.7", "PWD_P43": "931.3", "PWD_P44": "942.6", "PWD_P45": "955.1", "PWD_P46": "967.8", "PWD_P47": "979.5", "PWD_P48": "990.6", "PWD_P49": "1003.6", "PWD_P50": "1015.8", "PWD_P51": "1028.9", "PWD_P52": "1042.2", "PWD_P53": "1056.0", "PWD_P54": "1069.2", "PWD_P55": "1087.7", "PWD_P56": "1101.3", "PWD_P57": "1113.8", "PWD_P58": "1127.7", "PWD_P59": "1139.7", "PWD_P60": "1149.9", "PWD_P61": "1159.7", "PWD_P62": "1170.0", "PWD_P63": "1180.8", "PWD_P64": "1193.0", "PWD_P65": "1201.7", "PWD_P66": "1212.2", "PWD_P67": "1224.8", "PWD_P68": "1238.3", "PWD_P69": "1254.4", "PWD_P70": "1267.8", "PWD_P71": "1284.3", "PWD_P72": "1303.0", "PWD_P73": "1315.6", "PWD_P74": "1335.7", "PWD_P75": "1359.0", "PWD_P76": "1376.5", "PWD_P77": "1389.2", "PWD_P78": "1404.4", "PWD_P79": "1416.9", "PWD_P80": "1429.3", "PWD_P81": "1440.6", "PWD_P82": "1452.3", "PWD_P83": "1464.3", "PWD_P84": "1475.0", "PWD_P85": "1491.1", "PWD_P86": "1533.3", "PWD_P87": "1598.1", "PWD_P88": "1653.4", "PWD_P89": "1713.5", "PWD_P90": "1768.7", "PWD_P91": "1819.5", "PWD_P92": "1876.1", "PWD_P93": "1945.3", "PWD_P94": "1994.1", "PWD_P95": "2063.1", "PWD_P96": "2111.6", "PWD_P97": "2165.6", "PWD_P98": "2242.9", "PWD_P99": "2347.1", "PWD_P100": "2677.9" }, "geometry": { "type": "Point", "coordinates": [ -81.284461975097656, 19.319093704223633 ] } },
{ "type": "Feature", "id": 44, "properties": { "lon": 18.421117782592773, "lat": 5.4351897239685059, "year": "2015", "ISO": "CAF", "ISO_No": "140", "Name": "Central African Republic", "PWC_Lat": "5.43518972396851", "PWC_Lon": "18.4211177825928", "Pop": "4493171", "Density": "7.2", "Area": "621926.8", "PWD_A": "3350.3", "PWD_G": "102.9", "PWD_M": "60.9", "PWD_P1": "0.5", "PWD_P2": "0.9", "PWD_P3": "1.3", "PWD_P4": "1.7", "PWD_P5": "2.1", "PWD_P6": "2.4", "PWD_P7": "2.8", "PWD_P8": "3.2", "PWD_P9": "3.7", "PWD_P10": "4.1", "PWD_P11": "4.6", "PWD_P12": "5.0", "PWD_P13": "5.5", "PWD_P14": "6.0", "PWD_P15": "6.5", "PWD_P16": "7.1", "PWD_P17": "7.8", "PWD_P18": "8.4", "PWD_P19": "9.1", "PWD_P20": "9.8", "PWD_P21": "10.6", "PWD_P22": "11.3", "PWD_P23": "12.1", "PWD_P24": "13.0", "PWD_P25": "13.9", "PWD_P26": "14.9", "PWD_P27": "15.9", "PWD_P28": "16.9", "PWD_P29": "18.1", "PWD_P30": "19.3", "PWD_P31": "20.5", "PWD_P32": "21.9", "PWD_P33": "23.3", "PWD_P34": "24.7", "PWD_P35": "26.2", "PWD_P36": "27.8", "PWD_P37": "29.5", "PWD_P38": "31.1", "PWD_P39": "32.9", "PWD_P40": "34.7", "PWD_P41": "36.6", "PWD_P42": "38.7", "PWD_P43": "41.0", "PWD_P44": "43.4", "PWD_P45": "45.9", "PWD_P46": "48.5", "PWD_P47": "51.4", "PWD_P48": "54.4", "PWD_P49": "57.5", "PWD_P50": "60.9", "PWD_P51": "64.6", "PWD_P52": "68.6", "PWD_P53": "72.9", "PWD_P54": "77.6", "PWD_P55": "82.7", "PWD_P56": "88.3", "PWD_P57": "94.6", "PWD_P58": "101.4", "PWD_P59": "108.9", "PWD_P60": "117.1", "PWD_P61": "126.3", "PWD_P62": "136.5", "PWD_P63": "148.0", "PWD_P64": "161.0", "PWD_P65": "175.1", "PWD_P66": "190.6", "PWD_P67": "208.2", "PWD_P68": "228.4", "PWD_P69": "251.8", "PWD_P70": "278.3", "PWD_P71": "308.2", "PWD_P72": "341.0", "PWD_P73": "380.1", "PWD_P74": "426.1", "PWD_P75": "485.1", "PWD_P76": "552.1", "PWD_P77": "622.5", "PWD_P78": "706.3", "PWD_P79": "802.6", "PWD_P80": "914.7", "PWD_P81": "1086.3", "PWD_P82": "1346.8", "PWD_P83": "1625.3", "PWD_P84": "2160.2", "PWD_P85": "4070.1", "PWD_P86": "6735.6", "PWD_P87": "11229.8", "PWD_P88": "13798.2", "PWD_P89": "16646.1", "PWD_P90": "18333.8", "PWD_P91": "19750.4", "PWD_P92": "21466.3", "PWD_P93": "22852.5", "PWD_P94": "23632.8", "PWD_P95": "24475.7", "PWD_P96": "26093.5", "PWD_P97": "28226.9", "PWD_P98": "30627.3", "PWD_P99": "33403.3", "PWD_P100": "39427.6" }, "geometry": { "type": "Point", "coordinates": [ 18.421117782592773, 5.435189723968506 ] } },
{ "type": "Feature", "id": 45, "properties": { "lon": 80.426246643066406, "lat": 7.207420825958252, "year": "2015", "ISO": "LKA", "ISO_No": "144", "Name": "Sri Lanka", "PWC_Lat": "7.20742082595825", "PWC_Lon": "80.4262466430664", "Pop": "20908023", "Density": "319.9", "Area": "65366.0", "PWD_A": "2930.9", "PWD_G": "1099.5", "PWD_M": "1031.0", "PWD_P1": "30.1", "PWD_P2": "53.3", "PWD_P3": "74.1", "PWD_P4": "93.8", "PWD_P5": "112.3", "PWD_P6": "129.8", "PWD_P7": "146.1", "PWD_P8": "161.9", "PWD_P9": "177.2", "PWD_P10": "192.3", "PWD_P11": "207.2", "PWD_P12": "221.5", "PWD_P13": "235.9", "PWD_P14": "250.2", "PWD_P15": "264.4", "PWD_P16": "278.4", "PWD_P17": "292.4", "PWD_P18": "306.3", "PWD_P19": "320.0", "PWD_P20": "333.9", "PWD_P21": "347.8", "PWD_P22": "362.1", "PWD_P23": "376.7", "PWD_P24": "391.7", "PWD_P25": "407.0", "PWD_P26": "422.5", "PWD_P27": "438.2", "PWD_P28": "454.4", "PWD_P29": "470.9", "PWD_P30": "488.1", "PWD_P31": "505.8", "PWD_P32": "524.0", "PWD_P33": "543.1", "PWD_P34": "562.9", "PWD_P35": "583.4", "PWD_P36": "604.8", "PWD_P37": "626.9", "PWD_P38": "649.7", "PWD_P39": "674.0", "PWD_P40": "699.4", "PWD_P41": "725.9", "PWD_P42": "753.5", "PWD_P43": "782.6", "PWD_P44": "813.1", "PWD_P45": "845.1", "PWD_P46": "878.3", "PWD_P47": "913.4", "PWD_P48": "950.6", "PWD_P49": "989.7", "PWD_P50": "1031.0", "PWD_P51": "1074.5", "PWD_P52": "1119.8", "PWD_P53": "1168.4", "PWD_P54": "1219.3", "PWD_P55": "1271.6", "PWD_P56": "1327.8", "PWD_P57": "1385.9", "PWD_P58": "1447.8", "PWD_P59": "1512.5", "PWD_P60": "1581.6", "PWD_P61": "1653.5", "PWD_P62": "1728.4", "PWD_P63": "1807.8", "PWD_P64": "1892.2", "PWD_P65": "1982.4", "PWD_P66": "2076.1", "PWD_P67": "2175.4", "PWD_P68": "2280.7", "PWD_P69": "2390.7", "PWD_P70": "2507.8", "PWD_P71": "2631.0", "PWD_P72": "2761.6", "PWD_P73": "2899.4", "PWD_P74": "3047.2", "PWD_P75": "3201.7", "PWD_P76": "3359.9", "PWD_P77": "3527.0", "PWD_P78": "3705.3", "PWD_P79": "3888.7", "PWD_P80": "4088.2", "PWD_P81": "4298.8", "PWD_P82": "4521.8", "PWD_P83": "4765.2", "PWD_P84": "5017.8", "PWD_P85": "5305.4", "PWD_P86": "5633.5", "PWD_P87": "5972.2", "PWD_P88": "6324.7", "PWD_P89": "6735.8", "PWD_P90": "7193.4", "PWD_P91": "7734.0", "PWD_P92": "8379.3", "PWD_P93": "9197.6", "PWD_P94": "10270.8", "PWD_P95": "11567.6", "PWD_P96": "13241.3", "PWD_P97": "15527.7", "PWD_P98": "19696.2", "PWD_P99": "28594.4", "PWD_P100": "99343.2" }, "geometry": { "type": "Point", "coordinates": [ 80.426246643066406, 7.207420825958252 ] } },
{ "type": "Feature", "id": 46, "properties": { "lon": 17.437591552734375, "lat": 11.46577262878418, "year": "2015", "ISO": "TCD", "ISO_No": "148", "Name": "Chad", "PWC_Lat": "11.4657726287842", "PWC_Lon": "17.4375915527344", "Pop": "14110970", "Density": "11.1", "Area": "1271778.2", "PWD_A": "410.0", "PWD_G": "48.0", "PWD_M": "41.8", "PWD_P1": "1.0", "PWD_P2": "1.7", "PWD_P3": "2.4", "PWD_P4": "3.2", "PWD_P5": "3.8", "PWD_P6": "4.6", "PWD_P7": "5.3", "PWD_P8": "5.9", "PWD_P9": "6.4", "PWD_P10": "7.1", "PWD_P11": "7.8", "PWD_P12": "8.5", "PWD_P13": "9.2", "PWD_P14": "9.9", "PWD_P15": "10.6", "PWD_P16": "11.4", "PWD_P17": "12.1", "PWD_P18": "12.9", "PWD_P19": "13.7", "PWD_P20": "14.5", "PWD_P21": "15.3", "PWD_P22": "16.1", "PWD_P23": "16.9", "PWD_P24": "17.7", "PWD_P25": "18.5", "PWD_P26": "19.3", "PWD_P27": "20.2", "PWD_P28": "21.0", "PWD_P29": "21.9", "PWD_P30": "22.7", "PWD_P31": "23.6", "PWD_P32": "24.5", "PWD_P33": "25.3", "PWD_P34": "26.2", "PWD_P35": "27.0", "PWD_P36": "27.8", "PWD_P37": "28.7", "PWD_P38": "29.5", "PWD_P39": "30.4", "PWD_P40": "31.2", "PWD_P41": "32.2", "PWD_P42": "33.1", "PWD_P43": "34.2", "PWD_P44": "35.2", "PWD_P45": "36.2", "PWD_P46": "37.3", "PWD_P47": "38.4", "PWD_P48": "39.5", "PWD_P49": "40.6", "PWD_P50": "41.8", "PWD_P51": "43.0", "PWD_P52": "44.3", "PWD_P53": "45.6", "PWD_P54": "46.9", "PWD_P55": "48.2", "PWD_P56": "49.7", "PWD_P57": "51.2", "PWD_P58": "52.8", "PWD_P59": "54.4", "PWD_P60": "56.2", "PWD_P61": "58.0", "PWD_P62": "59.8", "PWD_P63": "61.7", "PWD_P64": "63.7", "PWD_P65": "65.8", "PWD_P66": "67.9", "PWD_P67": "70.1", "PWD_P68": "72.4", "PWD_P69": "74.6", "PWD_P70": "77.0", "PWD_P71": "79.3", "PWD_P72": "81.8", "PWD_P73": "84.4", "PWD_P74": "87.4", "PWD_P75": "90.6", "PWD_P76": "94.0", "PWD_P77": "97.5", "PWD_P78": "101.4", "PWD_P79": "105.6", "PWD_P80": "109.9", "PWD_P81": "114.8", "PWD_P82": "120.4", "PWD_P83": "126.9", "PWD_P84": "134.6", "PWD_P85": "142.8", "PWD_P86": "152.9", "PWD_P87": "165.3", "PWD_P88": "179.6", "PWD_P89": "200.2", "PWD_P90": "234.5", "PWD_P91": "355.1", "PWD_P92": "2103.5", "PWD_P93": "3001.7", "PWD_P94": "3638.8", "PWD_P95": "3736.5", "PWD_P96": "4452.1", "PWD_P97": "5416.0", "PWD_P98": "5458.9", "PWD_P99": "5504.6", "PWD_P100": "5659.9" }, "geometry": { "type": "Point", "coordinates": [ 17.437591552734375, 11.46577262878418 ] } },
{ "type": "Feature", "id": 47, "properties": { "lon": 120.93982696533203, "lat": 24.19074821472168, "year": "2015", "ISO": "TWN", "ISO_No": "158", "Name": "Taiwan", "PWC_Lat": "24.1907482147217", "PWC_Lon": "120.939826965332", "Pop": "23557473", "Density": "646.9", "Area": "36417.2", "PWD_A": "11373.2", "PWD_G": "4969.1", "PWD_M": "6713.2", "PWD_P1": "57.4", "PWD_P2": "113.6", "PWD_P3": "166.5", "PWD_P4": "216.8", "PWD_P5": "267.2", "PWD_P6": "318.7", "PWD_P7": "372.1", "PWD_P8": "428.1", "PWD_P9": "486.7", "PWD_P10": "548.6", "PWD_P11": "612.6", "PWD_P12": "680.0", "PWD_P13": "750.0", "PWD_P14": "824.4", "PWD_P15": "902.6", "PWD_P16": "984.0", "PWD_P17": "1068.2", "PWD_P18": "1155.8", "PWD_P19": "1247.8", "PWD_P20": "1341.7", "PWD_P21": "1438.8", "PWD_P22": "1539.8", "PWD_P23": "1645.8", "PWD_P24": "1755.6", "PWD_P25": "1871.2", "PWD_P26": "1989.6", "PWD_P27": "2112.3", "PWD_P28": "2239.4", "PWD_P29": "2370.6", "PWD_P30": "2509.7", "PWD_P31": "2655.0", "PWD_P32": "2811.3", "PWD_P33": "2976.1", "PWD_P34": "3146.9", "PWD_P35": "3324.6", "PWD_P36": "3509.3", "PWD_P37": "3694.1", "PWD_P38": "3891.6", "PWD_P39": "4090.7", "PWD_P40": "4297.8", "PWD_P41": "4513.4", "PWD_P42": "4733.3", "PWD_P43": "4959.8", "PWD_P44": "5188.2", "PWD_P45": "5423.6", "PWD_P46": "5661.1", "PWD_P47": "5912.4", "PWD_P48": "6177.0", "PWD_P49": "6447.4", "PWD_P50": "6713.2", "PWD_P51": "6978.7", "PWD_P52": "7255.6", "PWD_P53": "7543.8", "PWD_P54": "7835.4", "PWD_P55": "8150.2", "PWD_P56": "8461.6", "PWD_P57": "8784.3", "PWD_P58": "9121.2", "PWD_P59": "9467.2", "PWD_P60": "9819.5", "PWD_P61": "10175.1", "PWD_P62": "10550.8", "PWD_P63": "10931.3", "PWD_P64": "11338.2", "PWD_P65": "11743.6", "PWD_P66": "12148.7", "PWD_P67": "12576.8", "PWD_P68": "13020.5", "PWD_P69": "13471.3", "PWD_P70": "13932.3", "PWD_P71": "14393.1", "PWD_P72": "14880.6", "PWD_P73": "15429.0", "PWD_P74": "16035.7", "PWD_P75": "16711.8", "PWD_P76": "17409.1", "PWD_P77": "18125.0", "PWD_P78": "18859.7", "PWD_P79": "19616.0", "PWD_P80": "20375.7", "PWD_P81": "21103.8", "PWD_P82": "21870.8", "PWD_P83": "22624.0", "PWD_P84": "23452.3", "PWD_P85": "24326.1", "PWD_P86": "25298.1", "PWD_P87": "26452.0", "PWD_P88": "27660.7", "PWD_P89": "28958.4", "PWD_P90": "30314.3", "PWD_P91": "31923.4", "PWD_P92": "33412.6", "PWD_P93": "34859.9", "PWD_P94": "36314.3", "PWD_P95": "37811.4", "PWD_P96": "39573.5", "PWD_P97": "41738.6", "PWD_P98": "45509.5", "PWD_P99": "54602.8", "PWD_P100": "72003.1" }, "geometry": { "type": "Point", "coordinates": [ 120.939826965332031, 24.19074821472168 ] } },
{ "type": "Feature", "id": 48, "properties": { "lon": -74.8818, "lat": 5.9134, "year": "2015", "ISO": "COL", "ISO_No": "170", "Name": "Colombia", "PWC_Lat": "5.9134", "PWC_Lon": "-74.8818", "Pop": "47520666", "Density": "42.0", "Area": "1132388.3", "PWD_A": "6087.0", "PWD_G": "1066.0", "PWD_M": "2542.7", "PWD_P1": "3.2", "PWD_P2": "6.3", "PWD_P3": "9.1", "PWD_P4": "11.4", "PWD_P5": "13.7", "PWD_P6": "16.0", "PWD_P7": "18.2", "PWD_P8": "20.4", "PWD_P9": "22.6", "PWD_P10": "25.0", "PWD_P11": "27.4", "PWD_P12": "29.9", "PWD_P13": "32.6", "PWD_P14": "35.3", "PWD_P15": "38.4", "PWD_P16": "41.8", "PWD_P17": "45.6", "PWD_P18": "49.9", "PWD_P19": "54.8", "PWD_P20": "60.4", "PWD_P21": "66.9", "PWD_P22": "74.2", "PWD_P23": "82.2", "PWD_P24": "91.3", "PWD_P25": "101.4", "PWD_P26": "112.8", "PWD_P27": "125.8", "PWD_P28": "141.0", "PWD_P29": "158.6", "PWD_P30": "177.9", "PWD_P31": "199.7", "PWD_P32": "224.4", "PWD_P33": "253.2", "PWD_P34": "289.0", "PWD_P35": "333.8", "PWD_P36": "387.0", "PWD_P37": "447.6", "PWD_P38": "517.8", "PWD_P39": "599.2", "PWD_P40": "692.7", "PWD_P41": "797.6", "PWD_P42": "911.1", "PWD_P43": "1032.6", "PWD_P44": "1188.8", "PWD_P45": "1390.0", "PWD_P46": "1607.1", "PWD_P47": "1814.9", "PWD_P48": "2030.9", "PWD_P49": "2271.0", "PWD_P50": "2542.7", "PWD_P51": "2832.8", "PWD_P52": "3132.9", "PWD_P53": "3430.1", "PWD_P54": "3715.6", "PWD_P55": "3978.9", "PWD_P56": "4227.3", "PWD_P57": "4474.3", "PWD_P58": "4739.6", "PWD_P59": "5012.2", "PWD_P60": "5297.1", "PWD_P61": "5608.9", "PWD_P62": "5925.4", "PWD_P63": "6252.1", "PWD_P64": "6582.9", "PWD_P65": "6976.1", "PWD_P66": "7359.7", "PWD_P67": "7747.9", "PWD_P68": "8161.6", "PWD_P69": "8604.0", "PWD_P70": "9043.2", "PWD_P71": "9485.0", "PWD_P72": "9959.7", "PWD_P73": "10460.5", "PWD_P74": "10929.7", "PWD_P75": "11547.0", "PWD_P76": "12154.7", "PWD_P77": "12729.8", "PWD_P78": "13196.9", "PWD_P79": "13654.1", "PWD_P80": "14025.5", "PWD_P81": "14378.7", "PWD_P82": "14762.5", "PWD_P83": "15209.4", "PWD_P84": "15818.8", "PWD_P85": "16445.1", "PWD_P86": "16999.1", "PWD_P87": "17352.3", "PWD_P88": "17604.5", "PWD_P89": "17883.9", "PWD_P90": "18213.5", "PWD_P91": "18504.2", "PWD_P92": "18799.9", "PWD_P93": "19097.7", "PWD_P94": "19447.7", "PWD_P95": "19786.8", "PWD_P96": "20215.6", "PWD_P97": "20731.3", "PWD_P98": "21262.9", "PWD_P99": "21787.3", "PWD_P100": "26322.1" }, "geometry": { "type": "Point", "coordinates": [ -74.8818, 5.9134 ] } },
{ "type": "Feature", "id": 49, "properties": { "lon": 43.583980560302734, "lat": -11.971466064453125, "year": "2015", "ISO": "COM", "ISO_No": "174", "Name": "Comoros", "PWC_Lat": "-11.9714660644531", "PWC_Lon": "43.5839805603027", "Pop": "777434", "Density": "455.4", "Area": "1707.2", "PWD_A": "1062.1", "PWD_G": "699.6", "PWD_M": "717.9", "PWD_P1": "84.3", "PWD_P2": "103.7", "PWD_P3": "120.4", "PWD_P4": "137.4", "PWD_P5": "150.1", "PWD_P6": "160.5", "PWD_P7": "170.8", "PWD_P8": "180.9", "PWD_P9": "191.4", "PWD_P10": "204.6", "PWD_P11": "219.6", "PWD_P12": "235.5", "PWD_P13": "250.4", "PWD_P14": "264.2", "PWD_P15": "275.5", "PWD_P16": "284.2", "PWD_P17": "291.7", "PWD_P18": "298.9", "PWD_P19": "305.7", "PWD_P20": "311.9", "PWD_P21": "318.3", "PWD_P22": "325.5", "PWD_P23": "333.6", "PWD_P24": "341.6", "PWD_P25": "350.2", "PWD_P26": "359.1", "PWD_P27": "368.5", "PWD_P28": "378.3", "PWD_P29": "388.7", "PWD_P30": "399.4", "PWD_P31": "411.3", "PWD_P32": "423.8", "PWD_P33": "437.3", "PWD_P34": "452.1", "PWD_P35": "466.2", "PWD_P36": "480.6", "PWD_P37": "495.5", "PWD_P38": "510.4", "PWD_P39": "524.8", "PWD_P40": "539.4", "PWD_P41": "556.4", "PWD_P42": "573.9", "PWD_P43": "591.1", "PWD_P44": "608.7", "PWD_P45": "626.5", "PWD_P46": "643.6", "PWD_P47": "662.5", "PWD_P48": "680.5", "PWD_P49": "699.2", "PWD_P50": "717.9", "PWD_P51": "737.0", "PWD_P52": "756.6", "PWD_P53": "779.7", "PWD_P54": "803.0", "PWD_P55": "827.0", "PWD_P56": "853.4", "PWD_P57": "878.3", "PWD_P58": "903.8", "PWD_P59": "930.1", "PWD_P60": "955.7", "PWD_P61": "981.3", "PWD_P62": "1009.2", "PWD_P63": "1036.5", "PWD_P64": "1063.8", "PWD_P65": "1089.4", "PWD_P66": "1117.8", "PWD_P67": "1147.4", "PWD_P68": "1178.0", "PWD_P69": "1208.9", "PWD_P70": "1239.3", "PWD_P71": "1271.1", "PWD_P72": "1299.7", "PWD_P73": "1330.6", "PWD_P74": "1356.5", "PWD_P75": "1381.8", "PWD_P76": "1405.2", "PWD_P77": "1427.8", "PWD_P78": "1449.0", "PWD_P79": "1473.2", "PWD_P80": "1499.7", "PWD_P81": "1531.7", "PWD_P82": "1562.4", "PWD_P83": "1598.1", "PWD_P84": "1643.0", "PWD_P85": "1694.4", "PWD_P86": "1755.1", "PWD_P87": "1851.2", "PWD_P88": "1952.8", "PWD_P89": "2072.3", "PWD_P90": "2213.7", "PWD_P91": "2408.9", "PWD_P92": "2596.9", "PWD_P93": "2748.8", "PWD_P94": "2957.4", "PWD_P95": "3288.0", "PWD_P96": "3693.5", "PWD_P97": "4252.0", "PWD_P98": "4933.0", "PWD_P99": "5786.8", "PWD_P100": "6985.2" }, "geometry": { "type": "Point", "coordinates": [ 43.583980560302734, -11.971466064453125 ] } },
{ "type": "Feature", "id": 50, "properties": { "lon": 45.172271728515625, "lat": -12.801040649414062, "year": "2015", "ISO": "MYT", "ISO_No": "175", "Name": "Mayotte", "PWC_Lat": "-12.8010406494141", "PWC_Lon": "45.1722717285156", "Pop": "240010", "Density": "591.2", "Area": "406.0", "PWD_A": "1208.8", "PWD_G": "866.5", "PWD_M": "866.3", "PWD_P1": "136.2", "PWD_P2": "160.0", "PWD_P3": "175.8", "PWD_P4": "188.0", "PWD_P5": "200.3", "PWD_P6": "211.3", "PWD_P7": "221.4", "PWD_P8": "231.3", "PWD_P9": "241.9", "PWD_P10": "251.8", "PWD_P11": "261.3", "PWD_P12": "272.2", "PWD_P13": "281.4", "PWD_P14": "292.1", "PWD_P15": "305.1", "PWD_P16": "319.4", "PWD_P17": "335.9", "PWD_P18": "351.2", "PWD_P19": "367.0", "PWD_P20": "382.7", "PWD_P21": "399.0", "PWD_P22": "415.6", "PWD_P23": "429.3", "PWD_P24": "442.1", "PWD_P25": "455.6", "PWD_P26": "468.4", "PWD_P27": "479.8", "PWD_P28": "493.4", "PWD_P29": "508.6", "PWD_P30": "523.6", "PWD_P31": "538.9", "PWD_P32": "552.6", "PWD_P33": "564.8", "PWD_P34": "578.5", "PWD_P35": "591.8", "PWD_P36": "606.7", "PWD_P37": "620.9", "PWD_P38": "635.8", "PWD_P39": "650.6", "PWD_P40": "667.9", "PWD_P41": "682.6", "PWD_P42": "698.3", "PWD_P43": "716.5", "PWD_P44": "732.4", "PWD_P45": "749.5", "PWD_P46": "769.3", "PWD_P47": "788.4", "PWD_P48": "809.6", "PWD_P49": "838.2", "PWD_P50": "866.3", "PWD_P51": "898.4", "PWD_P52": "933.7", "PWD_P53": "970.7", "PWD_P54": "1011.4", "PWD_P55": "1056.7", "PWD_P56": "1097.7", "PWD_P57": "1129.5", "PWD_P58": "1158.8", "PWD_P59": "1190.4", "PWD_P60": "1227.1", "PWD_P61": "1263.4", "PWD_P62": "1303.5", "PWD_P63": "1348.4", "PWD_P64": "1394.4", "PWD_P65": "1444.7", "PWD_P66": "1494.4", "PWD_P67": "1536.2", "PWD_P68": "1587.8", "PWD_P69": "1633.7", "PWD_P70": "1679.9", "PWD_P71": "1734.7", "PWD_P72": "1780.8", "PWD_P73": "1820.9", "PWD_P74": "1860.0", "PWD_P75": "1897.0", "PWD_P76": "1936.1", "PWD_P77": "1971.4", "PWD_P78": "2016.1", "PWD_P79": "2068.2", "PWD_P80": "2115.1", "PWD_P81": "2166.8", "PWD_P82": "2217.0", "PWD_P83": "2279.1", "PWD_P84": "2334.7", "PWD_P85": "2388.9", "PWD_P86": "2451.5", "PWD_P87": "2501.1", "PWD_P88": "2553.7", "PWD_P89": "2611.0", "PWD_P90": "2664.6", "PWD_P91": "2727.0", "PWD_P92": "2775.2", "PWD_P93": "2822.4", "PWD_P94": "2877.8", "PWD_P95": "2965.3", "PWD_P96": "3049.3", "PWD_P97": "3130.4", "PWD_P98": "3209.8", "PWD_P99": "3324.6", "PWD_P100": "3663.7" }, "geometry": { "type": "Point", "coordinates": [ 45.172271728515625, -12.801040649414062 ] } },
{ "type": "Feature", "id": 51, "properties": { "lon": 14.735225677490234, "lat": -2.7825095653533936, "year": "2015", "ISO": "COG", "ISO_No": "178", "Name": "Republic of Congo", "PWC_Lat": "-2.78250956535339", "PWC_Lon": "14.7352256774902", "Pop": "4856093", "Density": "14.3", "Area": "339923.5", "PWD_A": "5886.5", "PWD_G": "297.1", "PWD_M": "71.8", "PWD_P1": "1.6", "PWD_P2": "2.3", "PWD_P3": "2.8", "PWD_P4": "3.2", "PWD_P5": "3.6", "PWD_P6": "4.0", "PWD_P7": "4.3", "PWD_P8": "4.6", "PWD_P9": "5.0", "PWD_P10": "5.2", "PWD_P11": "5.5", "PWD_P12": "5.8", "PWD_P13": "6.0", "PWD_P14": "6.3", "PWD_P15": "6.6", "PWD_P16": "6.9", "PWD_P17": "7.1", "PWD_P18": "7.4", "PWD_P19": "7.8", "PWD_P20": "8.1", "PWD_P21": "8.5", "PWD_P22": "8.9", "PWD_P23": "9.3", "PWD_P24": "9.7", "PWD_P25": "10.1", "PWD_P26": "10.5", "PWD_P27": "10.9", "PWD_P28": "11.3", "PWD_P29": "11.8", "PWD_P30": "12.4", "PWD_P31": "13.0", "PWD_P32": "13.6", "PWD_P33": "14.3", "PWD_P34": "15.0", "PWD_P35": "15.8", "PWD_P36": "16.6", "PWD_P37": "17.4", "PWD_P38": "18.4", "PWD_P39": "19.4", "PWD_P40": "20.4", "PWD_P41": "21.6", "PWD_P42": "23.0", "PWD_P43": "24.7", "PWD_P44": "26.9", "PWD_P45": "29.7", "PWD_P46": "33.4", "PWD_P47": "38.3", "PWD_P48": "44.8", "PWD_P49": "53.8", "PWD_P50": "71.8", "PWD_P51": "1000.5", "PWD_P52": "1384.2", "PWD_P53": "1707.5", "PWD_P54": "2051.5", "PWD_P55": "2316.0", "PWD_P56": "2391.3", "PWD_P57": "2681.1", "PWD_P58": "3057.7", "PWD_P59": "3191.4", "PWD_P60": "3404.6", "PWD_P61": "3443.7", "PWD_P62": "3535.7", "PWD_P63": "3759.8", "PWD_P64": "3901.2", "PWD_P65": "8457.3", "PWD_P66": "10280.8", "PWD_P67": "11187.8", "PWD_P68": "11737.0", "PWD_P69": "11840.0", "PWD_P70": "11900.3", "PWD_P71": "12170.2", "PWD_P72": "12430.6", "PWD_P73": "12607.8", "PWD_P74": "12965.0", "PWD_P75": "13221.1", "PWD_P76": "13379.1", "PWD_P77": "13840.2", "PWD_P78": "14067.3", "PWD_P79": "14566.5", "PWD_P80": "15241.6", "PWD_P81": "15724.6", "PWD_P82": "15831.5", "PWD_P83": "15901.4", "PWD_P84": "16031.8", "PWD_P85": "16146.1", "PWD_P86": "16354.9", "PWD_P87": "16510.5", "PWD_P88": "16888.9", "PWD_P89": "17192.7", "PWD_P90": "17478.0", "PWD_P91": "18105.8", "PWD_P92": "18337.8", "PWD_P93": "18844.2", "PWD_P94": "19025.6", "PWD_P95": "19482.0", "PWD_P96": "19751.1", "PWD_P97": "19841.8", "PWD_P98": "19907.3", "PWD_P99": "20311.9", "PWD_P100": "22023.1" }, "geometry": { "type": "Point", "coordinates": [ 14.735225677490234, -2.782509565353394 ] } },
{ "type": "Feature", "id": 52, "properties": { "lon": 23.7048, "lat": -3.8992, "year": "2015", "ISO": "COD", "ISO_No": "180", "Name": "Democratic Republic of the Congo", "PWC_Lat": "-3.8992", "PWC_Lon": "23.7048", "Pop": "76244531", "Density": "33.2", "Area": "2297129.5", "PWD_A": "4035.4", "PWD_G": "263.1", "PWD_M": "194.3", "PWD_P1": "2.6", "PWD_P2": "4.1", "PWD_P3": "5.4", "PWD_P4": "6.6", "PWD_P5": "7.9", "PWD_P6": "9.1", "PWD_P7": "10.4", "PWD_P8": "11.8", "PWD_P9": "13.3", "PWD_P10": "14.8", "PWD_P11": "16.4", "PWD_P12": "18.1", "PWD_P13": "19.9", "PWD_P14": "21.7", "PWD_P15": "23.6", "PWD_P16": "25.5", "PWD_P17": "27.5", "PWD_P18": "29.7", "PWD_P19": "31.9", "PWD_P20": "34.2", "PWD_P21": "36.5", "PWD_P22": "39.0", "PWD_P23": "41.6", "PWD_P24": "44.3", "PWD_P25": "47.1", "PWD_P26": "50.1", "PWD_P27": "53.2", "PWD_P28": "56.5", "PWD_P29": "60.0", "PWD_P30": "63.8", "PWD_P31": "67.7", "PWD_P32": "71.8", "PWD_P33": "76.1", "PWD_P34": "80.6", "PWD_P35": "85.2", "PWD_P36": "90.1", "PWD_P37": "95.2", "PWD_P38": "100.5", "PWD_P39": "106.1", "PWD_P40": "112.0", "PWD_P41": "118.2", "PWD_P42": "124.9", "PWD_P43": "131.9", "PWD_P44": "139.5", "PWD_P45": "147.4", "PWD_P46": "155.7", "PWD_P47": "164.4", "PWD_P48": "173.7", "PWD_P49": "183.7", "PWD_P50": "194.3", "PWD_P51": "205.5", "PWD_P52": "217.2", "PWD_P53": "229.8", "PWD_P54": "243.5", "PWD_P55": "258.1", "PWD_P56": "274.0", "PWD_P57": "290.9", "PWD_P58": "308.7", "PWD_P59": "327.7", "PWD_P60": "348.1", "PWD_P61": "370.3", "PWD_P62": "394.4", "PWD_P63": "420.8", "PWD_P64": "449.8", "PWD_P65": "481.0", "PWD_P66": "515.0", "PWD_P67": "551.6", "PWD_P68": "590.7", "PWD_P69": "633.6", "PWD_P70": "680.5", "PWD_P71": "732.5", "PWD_P72": "789.8", "PWD_P73": "854.5", "PWD_P74": "928.4", "PWD_P75": "1015.3", "PWD_P76": "1119.5", "PWD_P77": "1251.2", "PWD_P78": "1431.4", "PWD_P79": "1672.5", "PWD_P80": "1953.7", "PWD_P81": "2296.5", "PWD_P82": "2684.3", "PWD_P83": "3153.7", "PWD_P84": "3692.0", "PWD_P85": "4481.1", "PWD_P86": "5449.8", "PWD_P87": "6629.6", "PWD_P88": "8314.3", "PWD_P89": "10178.8", "PWD_P90": "12541.7", "PWD_P91": "14999.3", "PWD_P92": "17217.6", "PWD_P93": "19958.2", "PWD_P94": "22768.9", "PWD_P95": "26445.2", "PWD_P96": "30722.6", "PWD_P97": "36092.2", "PWD_P98": "43873.0", "PWD_P99": "61518.0", "PWD_P100": "111758.5" }, "geometry": { "type": "Point", "coordinates": [ 23.7048, -3.8992 ] } },
{ "type": "Feature", "id": 53, "properties": { "lon": -159.7985, "lat": -20.3789, "year": "2015", "ISO": "COK", "ISO_No": "184", "Name": "Cook Islands", "PWC_Lat": "-20.3789", "PWC_Lon": "-159.7985", "Pop": "17581", "Density": "61.1", "Area": "287.6", "PWD_A": "362.5", "PWD_G": "216.7", "PWD_M": "317.5", "PWD_P1": "5.2", "PWD_P2": "6.0", "PWD_P3": "7.0", "PWD_P4": "7.8", "PWD_P5": "9.0", "PWD_P6": "13.5", "PWD_P7": "17.7", "PWD_P8": "22.3", "PWD_P9": "26.3", "PWD_P10": "31.2", "PWD_P11": "35.7", "PWD_P12": "40.5", "PWD_P13": "45.4", "PWD_P14": "50.6", "PWD_P15": "56.1", "PWD_P16": "62.0", "PWD_P17": "68.5", "PWD_P18": "75.6", "PWD_P19": "83.5", "PWD_P20": "91.2", "PWD_P21": "99.9", "PWD_P22": "108.5", "PWD_P23": "117.0", "PWD_P24": "125.3", "PWD_P25": "133.1", "PWD_P26": "140.4", "PWD_P27": "150.0", "PWD_P28": "158.6", "PWD_P29": "166.6", "PWD_P30": "175.5", "PWD_P31": "182.7", "PWD_P32": "190.4", "PWD_P33": "199.0", "PWD_P34": "206.7", "PWD_P35": "214.4", "PWD_P36": "221.4", "PWD_P37": "228.1", "PWD_P38": "235.4", "PWD_P39": "241.8", "PWD_P40": "247.5", "PWD_P41": "254.8", "PWD_P42": "262.9", "PWD_P43": "270.1", "PWD_P44": "277.5", "PWD_P45": "282.9", "PWD_P46": "289.9", "PWD_P47": "296.5", "PWD_P48": "302.8", "PWD_P49": "310.2", "PWD_P50": "317.5", "PWD_P51": "325.5", "PWD_P52": "332.9", "PWD_P53": "339.1", "PWD_P54": "344.8", "PWD_P55": "351.2", "PWD_P56": "357.4", "PWD_P57": "364.5", "PWD_P58": "369.7", "PWD_P59": "375.5", "PWD_P60": "382.6", "PWD_P61": "390.5", "PWD_P62": "398.9", "PWD_P63": "406.4", "PWD_P64": "413.8", "PWD_P65": "421.0", "PWD_P66": "428.7", "PWD_P67": "436.9", "PWD_P68": "444.1", "PWD_P69": "455.5", "PWD_P70": "465.3", "PWD_P71": "474.5", "PWD_P72": "483.3", "PWD_P73": "492.6", "PWD_P74": "504.5", "PWD_P75": "516.7", "PWD_P76": "530.5", "PWD_P77": "543.1", "PWD_P78": "554.1", "PWD_P79": "564.6", "PWD_P80": "578.3", "PWD_P81": "594.5", "PWD_P82": "605.6", "PWD_P83": "620.5", "PWD_P84": "634.8", "PWD_P85": "657.2", "PWD_P86": "684.8", "PWD_P87": "724.8", "PWD_P88": "751.3", "PWD_P89": "772.8", "PWD_P90": "793.3", "PWD_P91": "815.8", "PWD_P92": "841.6", "PWD_P93": "859.6", "PWD_P94": "877.3", "PWD_P95": "904.0", "PWD_P96": "940.8", "PWD_P97": "998.1", "PWD_P98": "1136.7", "PWD_P99": "1185.3", "PWD_P100": "1302.7" }, "geometry": { "type": "Point", "coordinates": [ -159.7985, -20.3789 ] } },
{ "type": "Feature", "id": 54, "properties": { "lon": -84.150070190429688, "lat": 9.9688730239868164, "year": "2015", "ISO": "CRI", "ISO_No": "188", "Name": "Costa Rica", "PWC_Lat": "9.96887302398682", "PWC_Lon": "-84.1500701904297", "Pop": "4847804", "Density": "94.4", "Area": "51350.7", "PWD_A": "3122.7", "PWD_G": "875.8", "PWD_M": "1535.0", "PWD_P1": "6.2", "PWD_P2": "9.0", "PWD_P3": "11.7", "PWD_P4": "14.7", "PWD_P5": "18.1", "PWD_P6": "22.1", "PWD_P7": "26.7", "PWD_P8": "31.6", "PWD_P9": "36.6", "PWD_P10": "41.9", "PWD_P11": "47.3", "PWD_P12": "52.8", "PWD_P13": "58.5", "PWD_P14": "64.4", "PWD_P15": "70.5", "PWD_P16": "76.9", "PWD_P17": "83.6", "PWD_P18": "90.9", "PWD_P19": "99.0", "PWD_P20": "108.4", "PWD_P21": "119.2", "PWD_P22": "131.1", "PWD_P23": "143.8", "PWD_P24": "157.3", "PWD_P25": "172.4", "PWD_P26": "188.9", "PWD_P27": "206.9", "PWD_P28": "227.6", "PWD_P29": "250.5", "PWD_P30": "275.8", "PWD_P31": "303.3", "PWD_P32": "333.4", "PWD_P33": "367.5", "PWD_P34": "405.5", "PWD_P35": "447.9", "PWD_P36": "494.2", "PWD_P37": "544.3", "PWD_P38": "601.6", "PWD_P39": "663.0", "PWD_P40": "728.8", "PWD_P41": "799.8", "PWD_P42": "872.3", "PWD_P43": "945.8", "PWD_P44": "1023.6", "PWD_P45": "1102.6", "PWD_P46": "1182.4", "PWD_P47": "1268.3", "PWD_P48": "1353.1", "PWD_P49": "1442.8", "PWD_P50": "1535.0", "PWD_P51": "1630.3", "PWD_P52": "1722.0", "PWD_P53": "1820.5", "PWD_P54": "1917.0", "PWD_P55": "2014.9", "PWD_P56": "2119.9", "PWD_P57": "2229.8", "PWD_P58": "2346.5", "PWD_P59": "2463.2", "PWD_P60": "2601.6", "PWD_P61": "2737.5", "PWD_P62": "2862.2", "PWD_P63": "2989.2", "PWD_P64": "3134.4", "PWD_P65": "3291.1", "PWD_P66": "3449.7", "PWD_P67": "3623.0", "PWD_P68": "3811.1", "PWD_P69": "4016.9", "PWD_P70": "4214.4", "PWD_P71": "4412.3", "PWD_P72": "4601.5", "PWD_P73": "4768.6", "PWD_P74": "4950.5", "PWD_P75": "5138.5", "PWD_P76": "5338.0", "PWD_P77": "5521.9", "PWD_P78": "5712.9", "PWD_P79": "5909.8", "PWD_P80": "6134.1", "PWD_P81": "6343.3", "PWD_P82": "6555.5", "PWD_P83": "6764.2", "PWD_P84": "6968.4", "PWD_P85": "7191.7", "PWD_P86": "7447.9", "PWD_P87": "7721.4", "PWD_P88": "8017.3", "PWD_P89": "8297.6", "PWD_P90": "8656.2", "PWD_P91": "9041.0", "PWD_P92": "9474.8", "PWD_P93": "9911.1", "PWD_P94": "10410.7", "PWD_P95": "10981.3", "PWD_P96": "11812.7", "PWD_P97": "12587.1", "PWD_P98": "13508.1", "PWD_P99": "14661.9", "PWD_P100": "26318.0" }, "geometry": { "type": "Point", "coordinates": [ -84.150070190429688, 9.968873023986816 ] } },
{ "type": "Feature", "id": 55, "properties": { "lon": 16.353399276733398, "lat": 45.220684051513672, "year": "2015", "ISO": "HRV", "ISO_No": "191", "Name": "Croatia", "PWC_Lat": "45.2206840515137", "PWC_Lon": "16.3533992767334", "Pop": "4232874", "Density": "74.8", "Area": "56598.6", "PWD_A": "1022.8", "PWD_G": "341.1", "PWD_M": "387.6", "PWD_P1": "6.1", "PWD_P2": "9.0", "PWD_P3": "11.7", "PWD_P4": "14.2", "PWD_P5": "16.8", "PWD_P6": "19.4", "PWD_P7": "22.0", "PWD_P8": "24.7", "PWD_P9": "27.6", "PWD_P10": "30.6", "PWD_P11": "33.8", "PWD_P12": "37.1", "PWD_P13": "40.5", "PWD_P14": "44.0", "PWD_P15": "47.5", "PWD_P16": "51.1", "PWD_P17": "54.8", "PWD_P18": "58.6", "PWD_P19": "62.5", "PWD_P20": "66.5", "PWD_P21": "70.5", "PWD_P22": "74.8", "PWD_P23": "79.2", "PWD_P24": "83.9", "PWD_P25": "88.8", "PWD_P26": "93.8", "PWD_P27": "99.0", "PWD_P28": "104.4", "PWD_P29": "110.3", "PWD_P30": "116.6", "PWD_P31": "123.2", "PWD_P32": "130.4", "PWD_P33": "137.8", "PWD_P34": "145.7", "PWD_P35": "154.1", "PWD_P36": "163.2", "PWD_P37": "172.8", "PWD_P38": "183.0", "PWD_P39": "193.8", "PWD_P40": "205.5", "PWD_P41": "217.9", "PWD_P42": "231.4", "PWD_P43": "246.2", "PWD_P44": "261.9", "PWD_P45": "278.9", "PWD_P46": "297.6", "PWD_P47": "318.2", "PWD_P48": "340.0", "PWD_P49": "362.9", "PWD_P50": "387.6", "PWD_P51": "414.4", "PWD_P52": "442.3", "PWD_P53": "471.0", "PWD_P54": "500.2", "PWD_P55": "531.2", "PWD_P56": "563.5", "PWD_P57": "598.6", "PWD_P58": "636.5", "PWD_P59": "678.2", "PWD_P60": "724.2", "PWD_P61": "771.5", "PWD_P62": "822.1", "PWD_P63": "874.4", "PWD_P64": "928.6", "PWD_P65": "985.7", "PWD_P66": "1045.1", "PWD_P67": "1107.6", "PWD_P68": "1171.3", "PWD_P69": "1242.3", "PWD_P70": "1314.0", "PWD_P71": "1388.5", "PWD_P72": "1467.8", "PWD_P73": "1541.7", "PWD_P74": "1613.7", "PWD_P75": "1683.0", "PWD_P76": "1758.6", "PWD_P77": "1834.9", "PWD_P78": "1913.8", "PWD_P79": "1986.3", "PWD_P80": "2073.1", "PWD_P81": "2158.7", "PWD_P82": "2241.4", "PWD_P83": "2315.0", "PWD_P84": "2396.9", "PWD_P85": "2477.4", "PWD_P86": "2570.2", "PWD_P87": "2658.3", "PWD_P88": "2745.4", "PWD_P89": "2828.2", "PWD_P90": "2905.0", "PWD_P91": "2977.4", "PWD_P92": "3034.1", "PWD_P93": "3102.2", "PWD_P94": "3233.7", "PWD_P95": "3416.3", "PWD_P96": "3882.7", "PWD_P97": "4363.2", "PWD_P98": "4973.3", "PWD_P99": "5639.5", "PWD_P100": "6953.9" }, "geometry": { "type": "Point", "coordinates": [ 16.353399276733398, 45.220684051513672 ] } },
{ "type": "Feature", "id": 56, "properties": { "lon": -79.344245910644531, "lat": 21.789638519287109, "year": "2015", "ISO": "CUB", "ISO_No": "192", "Name": "Cuba", "PWC_Lat": "21.7896385192871", "PWC_Lon": "-79.3442459106445", "Pop": "11324776", "Density": "102.6", "Area": "110338.8", "PWD_A": "1667.3", "PWD_G": "494.0", "PWD_M": "698.4", "PWD_P1": "11.1", "PWD_P2": "14.9", "PWD_P3": "18.0", "PWD_P4": "20.7", "PWD_P5": "23.2", "PWD_P6": "25.5", "PWD_P7": "27.9", "PWD_P8": "30.4", "PWD_P9": "32.8", "PWD_P10": "35.3", "PWD_P11": "37.9", "PWD_P12": "40.6", "PWD_P13": "43.5", "PWD_P14": "46.5", "PWD_P15": "49.6", "PWD_P16": "53.0", "PWD_P17": "56.5", "PWD_P18": "60.4", "PWD_P19": "64.5", "PWD_P20": "69.0", "PWD_P21": "73.8", "PWD_P22": "78.9", "PWD_P23": "84.4", "PWD_P24": "90.6", "PWD_P25": "97.3", "PWD_P26": "104.6", "PWD_P27": "112.6", "PWD_P28": "121.4", "PWD_P29": "130.4", "PWD_P30": "140.3", "PWD_P31": "151.1", "PWD_P32": "163.1", "PWD_P33": "176.0", "PWD_P34": "190.4", "PWD_P35": "206.3", "PWD_P36": "223.8", "PWD_P37": "242.4", "PWD_P38": "262.0", "PWD_P39": "283.9", "PWD_P40": "308.2", "PWD_P41": "334.6", "PWD_P42": "362.9", "PWD_P43": "394.1", "PWD_P44": "427.6", "PWD_P45": "464.3", "PWD_P46": "505.0", "PWD_P47": "547.7", "PWD_P48": "593.0", "PWD_P49": "642.8", "PWD_P50": "698.4", "PWD_P51": "753.4", "PWD_P52": "809.1", "PWD_P53": "867.2", "PWD_P54": "925.7", "PWD_P55": "988.0", "PWD_P56": "1051.9", "PWD_P57": "1117.9", "PWD_P58": "1184.0", "PWD_P59": "1246.5", "PWD_P60": "1305.2", "PWD_P61": "1365.8", "PWD_P62": "1431.3", "PWD_P63": "1493.1", "PWD_P64": "1558.1", "PWD_P65": "1627.0", "PWD_P66": "1702.6", "PWD_P67": "1782.0", "PWD_P68": "1857.9", "PWD_P69": "1936.0", "PWD_P70": "2019.8", "PWD_P71": "2104.5", "PWD_P72": "2189.9", "PWD_P73": "2268.0", "PWD_P74": "2348.5", "PWD_P75": "2428.6", "PWD_P76": "2506.0", "PWD_P77": "2578.6", "PWD_P78": "2652.6", "PWD_P79": "2734.1", "PWD_P80": "2817.8", "PWD_P81": "2903.2", "PWD_P82": "2991.5", "PWD_P83": "3081.5", "PWD_P84": "3173.9", "PWD_P85": "3266.9", "PWD_P86": "3359.7", "PWD_P87": "3465.4", "PWD_P88": "3582.5", "PWD_P89": "3775.8", "PWD_P90": "4086.5", "PWD_P91": "4474.9", "PWD_P92": "5285.9", "PWD_P93": "6207.1", "PWD_P94": "6862.4", "PWD_P95": "7675.4", "PWD_P96": "8348.0", "PWD_P97": "8863.6", "PWD_P98": "9349.1", "PWD_P99": "9961.7", "PWD_P100": "11840.7" }, "geometry": { "type": "Point", "coordinates": [ -79.344245910644531, 21.789638519287109 ] } },
{ "type": "Feature", "id": 57, "properties": { "lon": 33.286758422851562, "lat": 35.007736206054688, "year": "2015", "ISO": "CYP", "ISO_No": "196", "Name": "Cyprus", "PWC_Lat": "35.0077362060547", "PWC_Lon": "33.2867584228516", "Pop": "1160986", "Density": "125.8", "Area": "9225.5", "PWD_A": "1644.8", "PWD_G": "833.8", "PWD_M": "1291.5", "PWD_P1": "7.3", "PWD_P2": "13.6", "PWD_P3": "20.9", "PWD_P4": "28.7", "PWD_P5": "37.3", "PWD_P6": "46.4", "PWD_P7": "56.8", "PWD_P8": "68.3", "PWD_P9": "80.3", "PWD_P10": "93.6", "PWD_P11": "107.5", "PWD_P12": "122.2", "PWD_P13": "138.3", "PWD_P14": "155.3", "PWD_P15": "173.2", "PWD_P16": "192.1", "PWD_P17": "211.4", "PWD_P18": "231.2", "PWD_P19": "252.4", "PWD_P20": "274.5", "PWD_P21": "296.0", "PWD_P22": "317.0", "PWD_P23": "337.6", "PWD_P24": "359.0", "PWD_P25": "380.2", "PWD_P26": "401.3", "PWD_P27": "422.5", "PWD_P28": "444.6", "PWD_P29": "467.9", "PWD_P30": "493.3", "PWD_P31": "519.2", "PWD_P32": "545.9", "PWD_P33": "574.1", "PWD_P34": "604.0", "PWD_P35": "633.3", "PWD_P36": "664.3", "PWD_P37": "697.2", "PWD_P38": "732.0", "PWD_P39": "770.1", "PWD_P40": "810.1", "PWD_P41": "852.5", "PWD_P42": "894.6", "PWD_P43": "941.2", "PWD_P44": "988.3", "PWD_P45": "1036.2", "PWD_P46": "1085.6", "PWD_P47": "1133.2", "PWD_P48": "1184.7", "PWD_P49": "1236.9", "PWD_P50": "1291.5", "PWD_P51": "1346.8", "PWD_P52": "1401.7", "PWD_P53": "1458.8", "PWD_P54": "1514.6", "PWD_P55": "1575.2", "PWD_P56": "1632.3", "PWD_P57": "1688.9", "PWD_P58": "1752.3", "PWD_P59": "1812.7", "PWD_P60": "1879.6", "PWD_P61": "1939.7", "PWD_P62": "2005.1", "PWD_P63": "2068.6", "PWD_P64": "2136.0", "PWD_P65": "2198.4", "PWD_P66": "2261.0", "PWD_P67": "2320.7", "PWD_P68": "2379.0", "PWD_P69": "2439.3", "PWD_P70": "2494.6", "PWD_P71": "2553.8", "PWD_P72": "2608.1", "PWD_P73": "2657.6", "PWD_P74": "2706.0", "PWD_P75": "2750.5", "PWD_P76": "2799.1", "PWD_P77": "2850.1", "PWD_P78": "2900.8", "PWD_P79": "2944.7", "PWD_P80": "2981.8", "PWD_P81": "3026.1", "PWD_P82": "3091.2", "PWD_P83": "3174.2", "PWD_P84": "3248.5", "PWD_P85": "3316.9", "PWD_P86": "3383.8", "PWD_P87": "3464.0", "PWD_P88": "3545.7", "PWD_P89": "3623.1", "PWD_P90": "3702.6", "PWD_P91": "3796.7", "PWD_P92": "3882.7", "PWD_P93": "3961.3", "PWD_P94": "4050.8", "PWD_P95": "4172.7", "PWD_P96": "4410.1", "PWD_P97": "4623.3", "PWD_P98": "4743.1", "PWD_P99": "4876.0", "PWD_P100": "5811.2" }, "geometry": { "type": "Point", "coordinates": [ 33.286758422851562, 35.007736206054688 ] } },
{ "type": "Feature", "id": 58, "properties": { "lon": 15.551514625549316, "lat": 49.828937530517578, "year": "2015", "ISO": "CZE", "ISO_No": "203", "Name": "Czech Republic", "PWC_Lat": "49.8289375305176", "PWC_Lon": "15.5515146255493", "Pop": "10601390", "Density": "136.0", "Area": "77965.6", "PWD_A": "1350.4", "PWD_G": "589.0", "PWD_M": "873.5", "PWD_P1": "12.0", "PWD_P2": "17.0", "PWD_P3": "21.3", "PWD_P4": "25.3", "PWD_P5": "29.3", "PWD_P6": "33.4", "PWD_P7": "37.7", "PWD_P8": "42.2", "PWD_P9": "47.1", "PWD_P10": "52.2", "PWD_P11": "57.8", "PWD_P12": "63.8", "PWD_P13": "70.1", "PWD_P14": "77.0", "PWD_P15": "84.4", "PWD_P16": "92.3", "PWD_P17": "100.9", "PWD_P18": "110.1", "PWD_P19": "120.0", "PWD_P20": "130.4", "PWD_P21": "141.4", "PWD_P22": "153.3", "PWD_P23": "165.9", "PWD_P24": "179.1", "PWD_P25": "193.1", "PWD_P26": "207.8", "PWD_P27": "223.6", "PWD_P28": "240.2", "PWD_P29": "257.6", "PWD_P30": "275.9", "PWD_P31": "295.3", "PWD_P32": "315.8", "PWD_P33": "337.4", "PWD_P34": "359.6", "PWD_P35": "383.2", "PWD_P36": "408.0", "PWD_P37": "433.9", "PWD_P38": "460.4", "PWD_P39": "488.6", "PWD_P40": "517.3", "PWD_P41": "546.9", "PWD_P42": "577.8", "PWD_P43": "610.1", "PWD_P44": "643.7", "PWD_P45": "678.5", "PWD_P46": "714.6", "PWD_P47": "753.2", "PWD_P48": "792.3", "PWD_P49": "832.7", "PWD_P50": "873.5", "PWD_P51": "915.6", "PWD_P52": "959.7", "PWD_P53": "1004.3", "PWD_P54": "1050.9", "PWD_P55": "1097.2", "PWD_P56": "1143.8", "PWD_P57": "1191.6", "PWD_P58": "1241.1", "PWD_P59": "1292.9", "PWD_P60": "1344.2", "PWD_P61": "1395.4", "PWD_P62": "1448.7", "PWD_P63": "1500.3", "PWD_P64": "1553.1", "PWD_P65": "1606.6", "PWD_P66": "1660.9", "PWD_P67": "1714.5", "PWD_P68": "1769.4", "PWD_P69": "1825.0", "PWD_P70": "1880.3", "PWD_P71": "1933.2", "PWD_P72": "1985.8", "PWD_P73": "2035.9", "PWD_P74": "2085.0", "PWD_P75": "2135.5", "PWD_P76": "2189.0", "PWD_P77": "2245.9", "PWD_P78": "2308.0", "PWD_P79": "2376.5", "PWD_P80": "2447.7", "PWD_P81": "2522.4", "PWD_P82": "2605.7", "PWD_P83": "2696.9", "PWD_P84": "2786.8", "PWD_P85": "2884.0", "PWD_P86": "2989.3", "PWD_P87": "3104.7", "PWD_P88": "3237.2", "PWD_P89": "3395.9", "PWD_P90": "3575.2", "PWD_P91": "3731.2", "PWD_P92": "3860.8", "PWD_P93": "3987.4", "PWD_P94": "4114.2", "PWD_P95": "4250.1", "PWD_P96": "4452.6", "PWD_P97": "4671.1", "PWD_P98": "4867.0", "PWD_P99": "5042.6", "PWD_P100": "6282.7" }, "geometry": { "type": "Point", "coordinates": [ 15.551514625549316, 49.828937530517578 ] } },
{ "type": "Feature", "id": 59, "properties": { "lon": 2.2861251831054688, "lat": 8.051539421081543, "year": "2015", "ISO": "BEN", "ISO_No": "204", "Name": "Benin", "PWC_Lat": "8.05153942108154", "PWC_Lon": "2.28612518310547", "Pop": "10575962", "Density": "91.5", "Area": "115556.5", "PWD_A": "1922.8", "PWD_G": "325.4", "PWD_M": "275.2", "PWD_P1": "12.2", "PWD_P2": "15.5", "PWD_P3": "17.9", "PWD_P4": "20.1", "PWD_P5": "22.1", "PWD_P6": "24.0", "PWD_P7": "25.9", "PWD_P8": "27.8", "PWD_P9": "29.8", "PWD_P10": "32.0", "PWD_P11": "34.2", "PWD_P12": "36.5", "PWD_P13": "38.9", "PWD_P14": "41.5", "PWD_P15": "43.9", "PWD_P16": "46.2", "PWD_P17": "48.5", "PWD_P18": "50.9", "PWD_P19": "53.2", "PWD_P20": "55.7", "PWD_P21": "58.3", "PWD_P22": "61.2", "PWD_P23": "64.6", "PWD_P24": "68.2", "PWD_P25": "71.6", "PWD_P26": "75.2", "PWD_P27": "79.1", "PWD_P28": "83.2", "PWD_P29": "87.4", "PWD_P30": "91.8", "PWD_P31": "96.5", "PWD_P32": "101.5", "PWD_P33": "106.9", "PWD_P34": "112.8", "PWD_P35": "119.2", "PWD_P36": "126.0", "PWD_P37": "132.8", "PWD_P38": "139.9", "PWD_P39": "147.7", "PWD_P40": "156.3", "PWD_P41": "165.2", "PWD_P42": "174.5", "PWD_P43": "184.5", "PWD_P44": "195.5", "PWD_P45": "206.7", "PWD_P46": "218.3", "PWD_P47": "230.5", "PWD_P48": "244.2", "PWD_P49": "259.4", "PWD_P50": "275.2", "PWD_P51": "291.8", "PWD_P52": "308.6", "PWD_P53": "325.4", "PWD_P54": "343.7", "PWD_P55": "363.0", "PWD_P56": "383.3", "PWD_P57": "404.1", "PWD_P58": "425.5", "PWD_P59": "448.6", "PWD_P60": "474.1", "PWD_P61": "500.7", "PWD_P62": "528.4", "PWD_P63": "557.5", "PWD_P64": "587.0", "PWD_P65": "616.8", "PWD_P66": "647.8", "PWD_P67": "679.8", "PWD_P68": "715.3", "PWD_P69": "753.8", "PWD_P70": "794.2", "PWD_P71": "837.1", "PWD_P72": "885.2", "PWD_P73": "942.1", "PWD_P74": "1006.6", "PWD_P75": "1082.6", "PWD_P76": "1174.7", "PWD_P77": "1282.7", "PWD_P78": "1401.3", "PWD_P79": "1545.6", "PWD_P80": "1718.7", "PWD_P81": "1884.3", "PWD_P82": "2064.8", "PWD_P83": "2263.9", "PWD_P84": "2490.1", "PWD_P85": "2739.1", "PWD_P86": "3018.2", "PWD_P87": "3329.7", "PWD_P88": "3718.5", "PWD_P89": "4086.9", "PWD_P90": "4797.7", "PWD_P91": "5542.9", "PWD_P92": "7304.5", "PWD_P93": "10950.2", "PWD_P94": "12447.2", "PWD_P95": "13949.2", "PWD_P96": "16199.7", "PWD_P97": "18372.4", "PWD_P98": "19166.2", "PWD_P99": "20429.2", "PWD_P100": "21229.6" }, "geometry": { "type": "Point", "coordinates": [ 2.286125183105469, 8.051539421081543 ] } },
{ "type": "Feature", "id": 60, "properties": { "lon": 10.876242637634277, "lat": 55.851959228515625, "year": "2015", "ISO": "DNK", "ISO_No": "208", "Name": "Denmark", "PWC_Lat": "55.8519592285156", "PWC_Lon": "10.8762426376343", "Pop": "5688695", "Density": "132.7", "Area": "42863.7", "PWD_A": "2949.7", "PWD_G": "856.7", "PWD_M": "1180.6", "PWD_P1": "8.9", "PWD_P2": "12.1", "PWD_P3": "15.5", "PWD_P4": "19.5", "PWD_P5": "24.0", "PWD_P6": "29.2", "PWD_P7": "35.1", "PWD_P8": "41.8", "PWD_P9": "49.1", "PWD_P10": "57.1", "PWD_P11": "65.9", "PWD_P12": "75.7", "PWD_P13": "86.5", "PWD_P14": "98.5", "PWD_P15": "111.8", "PWD_P16": "126.5", "PWD_P17": "142.5", "PWD_P18": "159.7", "PWD_P19": "178.1", "PWD_P20": "197.6", "PWD_P21": "218.1", "PWD_P22": "239.5", "PWD_P23": "261.4", "PWD_P24": "284.3", "PWD_P25": "308.0", "PWD_P26": "332.4", "PWD_P27": "357.8", "PWD_P28": "383.7", "PWD_P29": "410.2", "PWD_P30": "437.5", "PWD_P31": "465.7", "PWD_P32": "494.8", "PWD_P33": "524.6", "PWD_P34": "555.8", "PWD_P35": "587.6", "PWD_P36": "620.1", "PWD_P37": "653.9", "PWD_P38": "689.1", "PWD_P39": "724.9", "PWD_P40": "761.7", "PWD_P41": "799.7", "PWD_P42": "838.2", "PWD_P43": "877.6", "PWD_P44": "918.1", "PWD_P45": "959.6", "PWD_P46": "1002.3", "PWD_P47": "1045.5", "PWD_P48": "1089.3", "PWD_P49": "1135.0", "PWD_P50": "1180.6", "PWD_P51": "1226.7", "PWD_P52": "1275.0", "PWD_P53": "1324.6", "PWD_P54": "1375.1", "PWD_P55": "1427.0", "PWD_P56": "1479.7", "PWD_P57": "1533.0", "PWD_P58": "1585.8", "PWD_P59": "1639.9", "PWD_P60": "1696.9", "PWD_P61": "1752.1", "PWD_P62": "1808.4", "PWD_P63": "1865.6", "PWD_P64": "1926.5", "PWD_P65": "1989.6", "PWD_P66": "2053.4", "PWD_P67": "2120.5", "PWD_P68": "2190.8", "PWD_P69": "2263.1", "PWD_P70": "2336.7", "PWD_P71": "2414.0", "PWD_P72": "2492.3", "PWD_P73": "2575.3", "PWD_P74": "2662.1", "PWD_P75": "2755.2", "PWD_P76": "2859.1", "PWD_P77": "2973.3", "PWD_P78": "3097.9", "PWD_P79": "3238.0", "PWD_P80": "3394.5", "PWD_P81": "3566.3", "PWD_P82": "3778.0", "PWD_P83": "3996.3", "PWD_P84": "4217.7", "PWD_P85": "4435.3", "PWD_P86": "4695.5", "PWD_P87": "5019.7", "PWD_P88": "5409.1", "PWD_P89": "5854.6", "PWD_P90": "6562.7", "PWD_P91": "7445.2", "PWD_P92": "8474.7", "PWD_P93": "10057.2", "PWD_P94": "11960.6", "PWD_P95": "14714.8", "PWD_P96": "17138.5", "PWD_P97": "20027.4", "PWD_P98": "23158.3", "PWD_P99": "30418.6", "PWD_P100": "46437.5" }, "geometry": { "type": "Point", "coordinates": [ 10.876242637634277, 55.851959228515625 ] } },
{ "type": "Feature", "id": 61, "properties": { "lon": -61.364677429199219, "lat": 15.386155128479004, "year": "2015", "ISO": "DMA", "ISO_No": "212", "Name": "Dominica", "PWC_Lat": "15.386155128479", "PWC_Lon": "-61.3646774291992", "Pop": "71175", "Density": "92.9", "Area": "766.3", "PWD_A": "611.7", "PWD_G": "229.7", "PWD_M": "190.0", "PWD_P1": "16.3", "PWD_P2": "18.5", "PWD_P3": "20.5", "PWD_P4": "22.4", "PWD_P5": "24.8", "PWD_P6": "27.1", "PWD_P7": "29.2", "PWD_P8": "31.1", "PWD_P9": "33.4", "PWD_P10": "35.3", "PWD_P11": "37.2", "PWD_P12": "39.0", "PWD_P13": "40.9", "PWD_P14": "42.7", "PWD_P15": "44.5", "PWD_P16": "46.5", "PWD_P17": "48.5", "PWD_P18": "50.3", "PWD_P19": "52.1", "PWD_P20": "53.9", "PWD_P21": "55.7", "PWD_P22": "57.5", "PWD_P23": "59.3", "PWD_P24": "61.3", "PWD_P25": "63.6", "PWD_P26": "66.1", "PWD_P27": "68.8", "PWD_P28": "71.4", "PWD_P29": "74.3", "PWD_P30": "77.2", "PWD_P31": "80.0", "PWD_P32": "83.1", "PWD_P33": "86.2", "PWD_P34": "89.4", "PWD_P35": "93.3", "PWD_P36": "97.4", "PWD_P37": "101.7", "PWD_P38": "106.4", "PWD_P39": "111.7", "PWD_P40": "116.7", "PWD_P41": "122.3", "PWD_P42": "128.4", "PWD_P43": "135.1", "PWD_P44": "142.0", "PWD_P45": "149.0", "PWD_P46": "154.7", "PWD_P47": "162.8", "PWD_P48": "171.7", "PWD_P49": "181.2", "PWD_P50": "190.0", "PWD_P51": "199.0", "PWD_P52": "209.0", "PWD_P53": "219.3", "PWD_P54": "230.6", "PWD_P55": "244.4", "PWD_P56": "258.6", "PWD_P57": "275.5", "PWD_P58": "293.4", "PWD_P59": "309.0", "PWD_P60": "326.5", "PWD_P61": "348.8", "PWD_P62": "374.1", "PWD_P63": "403.5", "PWD_P64": "446.3", "PWD_P65": "500.4", "PWD_P66": "544.7", "PWD_P67": "591.3", "PWD_P68": "641.6", "PWD_P69": "672.9", "PWD_P70": "739.5", "PWD_P71": "798.1", "PWD_P72": "839.9", "PWD_P73": "886.0", "PWD_P74": "933.8", "PWD_P75": "978.0", "PWD_P76": "1016.8", "PWD_P77": "1045.0", "PWD_P78": "1078.3", "PWD_P79": "1112.3", "PWD_P80": "1159.2", "PWD_P81": "1191.9", "PWD_P82": "1253.6", "PWD_P83": "1306.2", "PWD_P84": "1358.2", "PWD_P85": "1465.5", "PWD_P86": "1661.4", "PWD_P87": "1771.6", "PWD_P88": "1906.0", "PWD_P89": "1991.8", "PWD_P90": "2054.4", "PWD_P91": "2135.2", "PWD_P92": "2221.9", "PWD_P93": "2324.4", "PWD_P94": "2401.3", "PWD_P95": "2475.5", "PWD_P96": "2549.9", "PWD_P97": "2616.2", "PWD_P98": "2682.7", "PWD_P99": "2812.2", "PWD_P100": "2909.9" }, "geometry": { "type": "Point", "coordinates": [ -61.364677429199219, 15.386155128479004 ] } },
{ "type": "Feature", "id": 62, "properties": { "lon": -70.166519165039062, "lat": 18.802715301513672, "year": "2015", "ISO": "DOM", "ISO_No": "214", "Name": "Dominican Republic", "PWC_Lat": "18.8027153015137", "PWC_Lon": "-70.1665191650391", "Pop": "10281674", "Density": "213.3", "Area": "48194.2", "PWD_A": "4845.6", "PWD_G": "1689.6", "PWD_M": "2901.7", "PWD_P1": "15.2", "PWD_P2": "22.1", "PWD_P3": "27.8", "PWD_P4": "33.6", "PWD_P5": "39.7", "PWD_P6": "46.3", "PWD_P7": "53.7", "PWD_P8": "62.0", "PWD_P9": "71.8", "PWD_P10": "82.7", "PWD_P11": "95.3", "PWD_P12": "109.6", "PWD_P13": "125.7", "PWD_P14": "144.1", "PWD_P15": "164.7", "PWD_P16": "186.9", "PWD_P17": "210.7", "PWD_P18": "235.7", "PWD_P19": "262.2", "PWD_P20": "290.8", "PWD_P21": "321.3", "PWD_P22": "354.0", "PWD_P23": "388.7", "PWD_P24": "425.5", "PWD_P25": "465.3", "PWD_P26": "507.8", "PWD_P27": "553.2", "PWD_P28": "601.2", "PWD_P29": "652.1", "PWD_P30": "706.7", "PWD_P31": "764.1", "PWD_P32": "823.9", "PWD_P33": "885.8", "PWD_P34": "953.4", "PWD_P35": "1025.6", "PWD_P36": "1103.5", "PWD_P37": "1186.6", "PWD_P38": "1277.5", "PWD_P39": "1373.8", "PWD_P40": "1476.8", "PWD_P41": "1585.9", "PWD_P42": "1701.4", "PWD_P43": "1820.3", "PWD_P44": "1948.0", "PWD_P45": "2085.6", "PWD_P46": "2238.9", "PWD_P47": "2395.0", "PWD_P48": "2553.5", "PWD_P49": "2723.8", "PWD_P50": "2901.7", "PWD_P51": "3093.5", "PWD_P52": "3286.1", "PWD_P53": "3476.0", "PWD_P54": "3667.9", "PWD_P55": "3864.3", "PWD_P56": "4074.0", "PWD_P57": "4290.7", "PWD_P58": "4507.6", "PWD_P59": "4734.6", "PWD_P60": "4961.9", "PWD_P61": "5173.3", "PWD_P62": "5372.7", "PWD_P63": "5594.0", "PWD_P64": "5816.7", "PWD_P65": "6074.7", "PWD_P66": "6341.3", "PWD_P67": "6593.4", "PWD_P68": "6810.9", "PWD_P69": "7022.0", "PWD_P70": "7266.0", "PWD_P71": "7506.5", "PWD_P72": "7732.3", "PWD_P73": "7942.9", "PWD_P74": "8156.3", "PWD_P75": "8479.0", "PWD_P76": "8943.4", "PWD_P77": "9401.1", "PWD_P78": "9863.8", "PWD_P79": "10330.9", "PWD_P80": "10755.2", "PWD_P81": "11119.3", "PWD_P82": "11411.8", "PWD_P83": "11683.1", "PWD_P84": "11936.0", "PWD_P85": "12163.4", "PWD_P86": "12376.1", "PWD_P87": "12557.4", "PWD_P88": "12727.9", "PWD_P89": "12881.8", "PWD_P90": "13023.6", "PWD_P91": "13162.3", "PWD_P92": "13307.5", "PWD_P93": "13442.1", "PWD_P94": "13560.9", "PWD_P95": "13677.9", "PWD_P96": "13790.6", "PWD_P97": "13907.0", "PWD_P98": "14077.0", "PWD_P99": "14406.3", "PWD_P100": "18307.5" }, "geometry": { "type": "Point", "coordinates": [ -70.166519165039062, 18.802715301513672 ] } },
{ "type": "Feature", "id": 63, "properties": { "lon": -79.278480529785156, "lat": -1.3961880207061768, "year": "2015", "ISO": "ECU", "ISO_No": "218", "Name": "Ecuador", "PWC_Lat": "-1.39618802070618", "PWC_Lon": "-79.2784805297852", "Pop": "16212022", "Density": "63.3", "Area": "256125.0", "PWD_A": "2949.6", "PWD_G": "795.2", "PWD_M": "1345.1", "PWD_P1": "5.2", "PWD_P2": "8.6", "PWD_P3": "11.6", "PWD_P4": "14.5", "PWD_P5": "17.4", "PWD_P6": "20.5", "PWD_P7": "23.8", "PWD_P8": "27.2", "PWD_P9": "30.9", "PWD_P10": "34.7", "PWD_P11": "38.8", "PWD_P12": "43.1", "PWD_P13": "47.7", "PWD_P14": "52.6", "PWD_P15": "57.7", "PWD_P16": "63.2", "PWD_P17": "69.2", "PWD_P18": "75.8", "PWD_P19": "83.2", "PWD_P20": "91.4", "PWD_P21": "100.5", "PWD_P22": "110.6", "PWD_P23": "121.5", "PWD_P24": "133.3", "PWD_P25": "146.5", "PWD_P26": "161.0", "PWD_P27": "176.3", "PWD_P28": "193.6", "PWD_P29": "212.0", "PWD_P30": "232.2", "PWD_P31": "254.4", "PWD_P32": "278.7", "PWD_P33": "304.9", "PWD_P34": "333.7", "PWD_P35": "366.1", "PWD_P36": "401.6", "PWD_P37": "440.7", "PWD_P38": "483.1", "PWD_P39": "529.5", "PWD_P40": "581.4", "PWD_P41": "638.2", "PWD_P42": "699.3", "PWD_P43": "762.9", "PWD_P44": "829.8", "PWD_P45": "902.0", "PWD_P46": "978.6", "PWD_P47": "1060.0", "PWD_P48": "1148.8", "PWD_P49": "1243.1", "PWD_P50": "1345.1", "PWD_P51": "1451.6", "PWD_P52": "1563.4", "PWD_P53": "1682.5", "PWD_P54": "1805.1", "PWD_P55": "1935.2", "PWD_P56": "2067.3", "PWD_P57": "2205.2", "PWD_P58": "2351.5", "PWD_P59": "2505.1", "PWD_P60": "2660.2", "PWD_P61": "2809.5", "PWD_P62": "2976.2", "PWD_P63": "3142.2", "PWD_P64": "3306.5", "PWD_P65": "3490.4", "PWD_P66": "3690.8", "PWD_P67": "3903.8", "PWD_P68": "4085.0", "PWD_P69": "4237.6", "PWD_P70": "4387.3", "PWD_P71": "4570.6", "PWD_P72": "4728.1", "PWD_P73": "4868.8", "PWD_P74": "5037.1", "PWD_P75": "5290.1", "PWD_P76": "5535.1", "PWD_P77": "5776.4", "PWD_P78": "6026.5", "PWD_P79": "6291.2", "PWD_P80": "6510.4", "PWD_P81": "6706.8", "PWD_P82": "6963.1", "PWD_P83": "7332.8", "PWD_P84": "7683.4", "PWD_P85": "7957.5", "PWD_P86": "8187.5", "PWD_P87": "8347.8", "PWD_P88": "8482.3", "PWD_P89": "8607.4", "PWD_P90": "8716.4", "PWD_P91": "8844.8", "PWD_P92": "8977.2", "PWD_P93": "9094.6", "PWD_P94": "9196.7", "PWD_P95": "9298.8", "PWD_P96": "9415.8", "PWD_P97": "9567.2", "PWD_P98": "9727.5", "PWD_P99": "9891.3", "PWD_P100": "10773.3" }, "geometry": { "type": "Point", "coordinates": [ -79.278480529785156, -1.396188020706177 ] } },
{ "type": "Feature", "id": 64, "properties": { "lon": -89.076103210449219, "lat": 13.723048210144043, "year": "2015", "ISO": "SLV", "ISO_No": "222", "Name": "El Salvador", "PWC_Lat": "13.723048210144", "PWC_Lon": "-89.0761032104492", "Pop": "6325120", "Density": "311.5", "Area": "20305.3", "PWD_A": "2508.6", "PWD_G": "1015.4", "PWD_M": "1482.7", "PWD_P1": "41.5", "PWD_P2": "51.4", "PWD_P3": "58.9", "PWD_P4": "65.6", "PWD_P5": "71.6", "PWD_P6": "77.4", "PWD_P7": "83.1", "PWD_P8": "88.9", "PWD_P9": "95.2", "PWD_P10": "101.6", "PWD_P11": "107.5", "PWD_P12": "113.5", "PWD_P13": "120.0", "PWD_P14": "126.9", "PWD_P15": "134.1", "PWD_P16": "142.1", "PWD_P17": "150.6", "PWD_P18": "159.6", "PWD_P19": "169.1", "PWD_P20": "179.3", "PWD_P21": "189.9", "PWD_P22": "201.9", "PWD_P23": "214.0", "PWD_P24": "226.8", "PWD_P25": "241.1", "PWD_P26": "257.0", "PWD_P27": "274.4", "PWD_P28": "292.8", "PWD_P29": "312.8", "PWD_P30": "334.9", "PWD_P31": "359.3", "PWD_P32": "386.6", "PWD_P33": "416.2", "PWD_P34": "448.5", "PWD_P35": "483.5", "PWD_P36": "520.0", "PWD_P37": "561.3", "PWD_P38": "610.3", "PWD_P39": "662.5", "PWD_P40": "719.1", "PWD_P41": "782.6", "PWD_P42": "845.9", "PWD_P43": "918.9", "PWD_P44": "987.8", "PWD_P45": "1057.4", "PWD_P46": "1134.2", "PWD_P47": "1218.4", "PWD_P48": "1312.0", "PWD_P49": "1398.0", "PWD_P50": "1482.7", "PWD_P51": "1580.6", "PWD_P52": "1674.6", "PWD_P53": "1775.8", "PWD_P54": "1871.6", "PWD_P55": "1959.7", "PWD_P56": "2031.7", "PWD_P57": "2121.8", "PWD_P58": "2219.5", "PWD_P59": "2316.7", "PWD_P60": "2411.7", "PWD_P61": "2495.8", "PWD_P62": "2587.9", "PWD_P63": "2684.2", "PWD_P64": "2795.1", "PWD_P65": "2905.9", "PWD_P66": "3021.9", "PWD_P67": "3153.8", "PWD_P68": "3279.1", "PWD_P69": "3411.2", "PWD_P70": "3552.4", "PWD_P71": "3674.3", "PWD_P72": "3775.3", "PWD_P73": "3870.4", "PWD_P74": "3956.0", "PWD_P75": "4054.9", "PWD_P76": "4127.1", "PWD_P77": "4207.0", "PWD_P78": "4316.8", "PWD_P79": "4424.3", "PWD_P80": "4508.3", "PWD_P81": "4603.1", "PWD_P82": "4715.2", "PWD_P83": "4846.8", "PWD_P84": "4962.8", "PWD_P85": "5096.2", "PWD_P86": "5306.9", "PWD_P87": "5578.6", "PWD_P88": "5913.4", "PWD_P89": "6282.2", "PWD_P90": "6764.6", "PWD_P91": "7309.7", "PWD_P92": "7861.9", "PWD_P93": "8301.7", "PWD_P94": "8599.2", "PWD_P95": "8845.5", "PWD_P96": "9100.3", "PWD_P97": "9479.1", "PWD_P98": "9800.8", "PWD_P99": "10322.6", "PWD_P100": "11881.5" }, "geometry": { "type": "Point", "coordinates": [ -89.076103210449219, 13.723048210144043 ] } },
{ "type": "Feature", "id": 65, "properties": { "lon": 9.9356222152709961, "lat": 2.1614110469818115, "year": "2015", "ISO": "GNQ", "ISO_No": "226", "Name": "Equatorial Guinea", "PWC_Lat": "2.16141104698181", "PWC_Lon": "9.935622215271", "Pop": "1168575", "Density": "43.2", "Area": "27057.0", "PWD_A": "176.9", "PWD_G": "77.1", "PWD_M": "52.8", "PWD_P1": "8.9", "PWD_P2": "10.9", "PWD_P3": "12.7", "PWD_P4": "14.1", "PWD_P5": "15.4", "PWD_P6": "16.5", "PWD_P7": "17.5", "PWD_P8": "18.4", "PWD_P9": "19.3", "PWD_P10": "20.1", "PWD_P11": "20.9", "PWD_P12": "21.7", "PWD_P13": "22.4", "PWD_P14": "23.2", "PWD_P15": "24.0", "PWD_P16": "24.8", "PWD_P17": "25.5", "PWD_P18": "26.4", "PWD_P19": "27.2", "PWD_P20": "28.0", "PWD_P21": "28.9", "PWD_P22": "29.8", "PWD_P23": "30.6", "PWD_P24": "31.4", "PWD_P25": "32.2", "PWD_P26": "33.0", "PWD_P27": "33.7", "PWD_P28": "34.5", "PWD_P29": "35.2", "PWD_P30": "35.9", "PWD_P31": "36.6", "PWD_P32": "37.3", "PWD_P33": "38.0", "PWD_P34": "38.7", "PWD_P35": "39.4", "PWD_P36": "40.1", "PWD_P37": "40.9", "PWD_P38": "41.7", "PWD_P39": "42.4", "PWD_P40": "43.1", "PWD_P41": "43.9", "PWD_P42": "44.7", "PWD_P43": "45.5", "PWD_P44": "46.4", "PWD_P45": "47.3", "PWD_P46": "48.3", "PWD_P47": "49.4", "PWD_P48": "50.5", "PWD_P49": "51.6", "PWD_P50": "52.8", "PWD_P51": "54.1", "PWD_P52": "55.4", "PWD_P53": "56.9", "PWD_P54": "58.4", "PWD_P55": "60.1", "PWD_P56": "61.7", "PWD_P57": "63.4", "PWD_P58": "65.4", "PWD_P59": "67.5", "PWD_P60": "69.8", "PWD_P61": "72.6", "PWD_P62": "75.6", "PWD_P63": "78.8", "PWD_P64": "82.3", "PWD_P65": "86.9", "PWD_P66": "91.3", "PWD_P67": "95.5", "PWD_P68": "100.3", "PWD_P69": "106.1", "PWD_P70": "111.8", "PWD_P71": "119.0", "PWD_P72": "129.1", "PWD_P73": "140.6", "PWD_P74": "157.4", "PWD_P75": "203.7", "PWD_P76": "267.8", "PWD_P77": "299.5", "PWD_P78": "325.6", "PWD_P79": "350.0", "PWD_P80": "373.6", "PWD_P81": "387.7", "PWD_P82": "401.6", "PWD_P83": "416.5", "PWD_P84": "433.7", "PWD_P85": "447.4", "PWD_P86": "463.1", "PWD_P87": "479.0", "PWD_P88": "497.7", "PWD_P89": "519.1", "PWD_P90": "539.0", "PWD_P91": "561.1", "PWD_P92": "596.5", "PWD_P93": "636.9", "PWD_P94": "686.6", "PWD_P95": "738.6", "PWD_P96": "802.5", "PWD_P97": "862.5", "PWD_P98": "965.7", "PWD_P99": "1105.5", "PWD_P100": "1471.2" }, "geometry": { "type": "Point", "coordinates": [ 9.935622215270996, 2.161411046981812 ] } },
{ "type": "Feature", "id": 66, "properties": { "lon": 38.6043, "lat": 9.0475, "year": "2015", "ISO": "ETH", "ISO_No": "231", "Name": "Ethiopia", "PWC_Lat": "9.0475", "PWC_Lon": "38.6043", "Pop": "100835452", "Density": "89.4", "Area": "1128529.1", "PWD_A": "1636.6", "PWD_G": "305.1", "PWD_M": "257.9", "PWD_P1": "6.9", "PWD_P2": "10.9", "PWD_P3": "14.7", "PWD_P4": "18.9", "PWD_P5": "23.3", "PWD_P6": "28.3", "PWD_P7": "33.4", "PWD_P8": "38.6", "PWD_P9": "43.9", "PWD_P10": "49.1", "PWD_P11": "54.0", "PWD_P12": "58.7", "PWD_P13": "63.3", "PWD_P14": "67.7", "PWD_P15": "72.0", "PWD_P16": "76.3", "PWD_P17": "80.5", "PWD_P18": "84.8", "PWD_P19": "89.0", "PWD_P20": "93.2", "PWD_P21": "97.4", "PWD_P22": "101.6", "PWD_P23": "105.8", "PWD_P24": "109.9", "PWD_P25": "114.0", "PWD_P26": "118.1", "PWD_P27": "122.2", "PWD_P28": "126.5", "PWD_P29": "130.8", "PWD_P30": "135.2", "PWD_P31": "139.7", "PWD_P32": "144.3", "PWD_P33": "149.1", "PWD_P34": "153.9", "PWD_P35": "159.0", "PWD_P36": "164.1", "PWD_P37": "169.5", "PWD_P38": "175.0", "PWD_P39": "180.7", "PWD_P40": "186.7", "PWD_P41": "192.8", "PWD_P42": "199.2", "PWD_P43": "205.7", "PWD_P44": "212.5", "PWD_P45": "219.5", "PWD_P46": "226.7", "PWD_P47": "234.1", "PWD_P48": "241.8", "PWD_P49": "249.7", "PWD_P50": "257.9", "PWD_P51": "266.3", "PWD_P52": "275.0", "PWD_P53": "284.2", "PWD_P54": "293.8", "PWD_P55": "304.1", "PWD_P56": "314.7", "PWD_P57": "325.8", "PWD_P58": "337.6", "PWD_P59": "350.0", "PWD_P60": "363.1", "PWD_P61": "377.0", "PWD_P62": "391.4", "PWD_P63": "406.4", "PWD_P64": "422.1", "PWD_P65": "438.8", "PWD_P66": "456.9", "PWD_P67": "476.3", "PWD_P68": "496.7", "PWD_P69": "518.5", "PWD_P70": "541.8", "PWD_P71": "566.7", "PWD_P72": "593.3", "PWD_P73": "622.0", "PWD_P74": "652.7", "PWD_P75": "686.3", "PWD_P76": "723.0", "PWD_P77": "763.9", "PWD_P78": "810.1", "PWD_P79": "862.2", "PWD_P80": "920.3", "PWD_P81": "985.5", "PWD_P82": "1059.9", "PWD_P83": "1147.9", "PWD_P84": "1254.6", "PWD_P85": "1387.6", "PWD_P86": "1555.7", "PWD_P87": "1774.5", "PWD_P88": "2064.3", "PWD_P89": "2458.9", "PWD_P90": "2968.3", "PWD_P91": "3634.2", "PWD_P92": "4498.5", "PWD_P93": "5532.9", "PWD_P94": "6838.8", "PWD_P95": "8312.4", "PWD_P96": "9999.0", "PWD_P97": "12611.5", "PWD_P98": "18586.5", "PWD_P99": "28505.5", "PWD_P100": "63641.9" }, "geometry": { "type": "Point", "coordinates": [ 38.6043, 9.0475 ] } },
{ "type": "Feature", "id": 67, "properties": { "lon": 38.611644744873047, "lat": 15.415569305419922, "year": "2015", "ISO": "ERI", "ISO_No": "232", "Name": "Eritrea", "PWC_Lat": "15.4155693054199", "PWC_Lon": "38.611644744873", "Pop": "3342818", "Density": "27.8", "Area": "120383.3", "PWD_A": "421.3", "PWD_G": "88.9", "PWD_M": "75.7", "PWD_P1": "2.9", "PWD_P2": "4.1", "PWD_P3": "5.0", "PWD_P4": "5.9", "PWD_P5": "7.0", "PWD_P6": "8.1", "PWD_P7": "9.2", "PWD_P8": "9.9", "PWD_P9": "10.5", "PWD_P10": "11.1", "PWD_P11": "11.9", "PWD_P12": "12.6", "PWD_P13": "13.4", "PWD_P14": "14.2", "PWD_P15": "15.1", "PWD_P16": "15.9", "PWD_P17": "16.9", "PWD_P18": "17.9", "PWD_P19": "19.0", "PWD_P20": "20.1", "PWD_P21": "21.3", "PWD_P22": "22.6", "PWD_P23": "23.8", "PWD_P24": "25.1", "PWD_P25": "26.4", "PWD_P26": "27.7", "PWD_P27": "29.0", "PWD_P28": "30.3", "PWD_P29": "31.6", "PWD_P30": "32.8", "PWD_P31": "34.1", "PWD_P32": "35.5", "PWD_P33": "37.0", "PWD_P34": "38.4", "PWD_P35": "39.9", "PWD_P36": "41.5", "PWD_P37": "43.2", "PWD_P38": "45.1", "PWD_P39": "47.1", "PWD_P40": "49.3", "PWD_P41": "51.5", "PWD_P42": "53.8", "PWD_P43": "56.3", "PWD_P44": "58.7", "PWD_P45": "61.3", "PWD_P46": "63.8", "PWD_P47": "66.5", "PWD_P48": "69.3", "PWD_P49": "72.4", "PWD_P50": "75.7", "PWD_P51": "79.3", "PWD_P52": "83.1", "PWD_P53": "87.3", "PWD_P54": "91.6", "PWD_P55": "96.1", "PWD_P56": "100.9", "PWD_P57": "106.0", "PWD_P58": "111.2", "PWD_P59": "116.4", "PWD_P60": "121.7", "PWD_P61": "127.3", "PWD_P62": "133.1", "PWD_P63": "139.1", "PWD_P64": "145.3", "PWD_P65": "152.0", "PWD_P66": "159.0", "PWD_P67": "166.3", "PWD_P68": "173.7", "PWD_P69": "181.2", "PWD_P70": "189.5", "PWD_P71": "198.8", "PWD_P72": "209.1", "PWD_P73": "220.7", "PWD_P74": "235.1", "PWD_P75": "250.8", "PWD_P76": "267.7", "PWD_P77": "285.6", "PWD_P78": "305.1", "PWD_P79": "328.1", "PWD_P80": "355.6", "PWD_P81": "387.6", "PWD_P82": "423.1", "PWD_P83": "460.8", "PWD_P84": "501.6", "PWD_P85": "546.5", "PWD_P86": "597.3", "PWD_P87": "653.4", "PWD_P88": "724.1", "PWD_P89": "811.2", "PWD_P90": "933.6", "PWD_P91": "1132.5", "PWD_P92": "1410.3", "PWD_P93": "1717.4", "PWD_P94": "2086.9", "PWD_P95": "2545.6", "PWD_P96": "3062.1", "PWD_P97": "4019.2", "PWD_P98": "4667.2", "PWD_P99": "5496.8", "PWD_P100": "6700.9" }, "geometry": { "type": "Point", "coordinates": [ 38.611644744873047, 15.415569305419922 ] } },
{ "type": "Feature", "id": 68, "properties": { "lon": 25.48457145690918, "lat": 58.998592376708984, "year": "2015", "ISO": "EST", "ISO_No": "233", "Name": "Estonia", "PWC_Lat": "58.998592376709", "PWC_Lon": "25.4845714569092", "Pop": "1315329", "Density": "30.4", "Area": "43255.8", "PWD_A": "2820.8", "PWD_G": "924.1", "PWD_M": "1905.8", "PWD_P1": "1.7", "PWD_P2": "2.8", "PWD_P3": "4.1", "PWD_P4": "5.5", "PWD_P5": "7.3", "PWD_P6": "9.5", "PWD_P7": "12.5", "PWD_P8": "16.8", "PWD_P9": "22.3", "PWD_P10": "29.3", "PWD_P11": "38.1", "PWD_P12": "48.5", "PWD_P13": "61.0", "PWD_P14": "75.2", "PWD_P15": "91.2", "PWD_P16": "109.1", "PWD_P17": "129.0", "PWD_P18": "151.2", "PWD_P19": "175.3", "PWD_P20": "202.2", "PWD_P21": "231.4", "PWD_P22": "262.5", "PWD_P23": "295.6", "PWD_P24": "330.5", "PWD_P25": "367.5", "PWD_P26": "405.9", "PWD_P27": "446.7", "PWD_P28": "489.8", "PWD_P29": "534.3", "PWD_P30": "580.8", "PWD_P31": "628.8", "PWD_P32": "677.2", "PWD_P33": "729.2", "PWD_P34": "781.0", "PWD_P35": "835.1", "PWD_P36": "891.1", "PWD_P37": "947.9", "PWD_P38": "1008.3", "PWD_P39": "1068.4", "PWD_P40": "1133.5", "PWD_P41": "1201.2", "PWD_P42": "1270.4", "PWD_P43": "1345.0", "PWD_P44": "1417.9", "PWD_P45": "1498.0", "PWD_P46": "1579.4", "PWD_P47": "1660.0", "PWD_P48": "1739.1", "PWD_P49": "1820.0", "PWD_P50": "1905.8", "PWD_P51": "1987.6", "PWD_P52": "2072.4", "PWD_P53": "2165.8", "PWD_P54": "2253.8", "PWD_P55": "2346.2", "PWD_P56": "2447.1", "PWD_P57": "2547.3", "PWD_P58": "2639.2", "PWD_P59": "2735.4", "PWD_P60": "2838.1", "PWD_P61": "2925.7", "PWD_P62": "3015.9", "PWD_P63": "3104.8", "PWD_P64": "3198.3", "PWD_P65": "3303.9", "PWD_P66": "3416.3", "PWD_P67": "3529.6", "PWD_P68": "3644.1", "PWD_P69": "3740.3", "PWD_P70": "3837.5", "PWD_P71": "3930.5", "PWD_P72": "4021.6", "PWD_P73": "4138.0", "PWD_P74": "4253.9", "PWD_P75": "4364.9", "PWD_P76": "4473.3", "PWD_P77": "4595.3", "PWD_P78": "4732.5", "PWD_P79": "4885.0", "PWD_P80": "5068.1", "PWD_P81": "5246.3", "PWD_P82": "5409.9", "PWD_P83": "5561.0", "PWD_P84": "5701.7", "PWD_P85": "5851.9", "PWD_P86": "6045.1", "PWD_P87": "6269.9", "PWD_P88": "6494.5", "PWD_P89": "6765.6", "PWD_P90": "7123.9", "PWD_P91": "7503.1", "PWD_P92": "7814.6", "PWD_P93": "8104.8", "PWD_P94": "8427.5", "PWD_P95": "8917.7", "PWD_P96": "9346.5", "PWD_P97": "9916.5", "PWD_P98": "10875.7", "PWD_P99": "12165.1", "PWD_P100": "19083.7" }, "geometry": { "type": "Point", "coordinates": [ 25.48457145690918, 58.998592376708984 ] } },
{ "type": "Feature", "id": 69, "properties": { "lon": -6.816443920135498, "lat": 62.039810180664062, "year": "2015", "ISO": "FRO", "ISO_No": "234", "Name": "Faroe Islands", "PWC_Lat": "62.0398101806641", "PWC_Lon": "-6.8164439201355", "Pop": "48055", "Density": "33.6", "Area": "1429.5", "PWD_A": "467.1", "PWD_G": "187.9", "PWD_M": "258.0", "PWD_P1": "2.5", "PWD_P2": "3.9", "PWD_P3": "5.1", "PWD_P4": "6.4", "PWD_P5": "7.5", "PWD_P6": "8.7", "PWD_P7": "9.9", "PWD_P8": "11.3", "PWD_P9": "12.8", "PWD_P10": "14.5", "PWD_P11": "16.4", "PWD_P12": "18.2", "PWD_P13": "20.3", "PWD_P14": "22.6", "PWD_P15": "25.3", "PWD_P16": "28.1", "PWD_P17": "31.1", "PWD_P18": "34.5", "PWD_P19": "38.0", "PWD_P20": "41.9", "PWD_P21": "45.8", "PWD_P22": "49.9", "PWD_P23": "54.4", "PWD_P24": "58.7", "PWD_P25": "63.1", "PWD_P26": "67.8", "PWD_P27": "72.9", "PWD_P28": "78.1", "PWD_P29": "83.5", "PWD_P30": "89.3", "PWD_P31": "95.9", "PWD_P32": "102.8", "PWD_P33": "109.0", "PWD_P34": "115.1", "PWD_P35": "121.8", "PWD_P36": "129.3", "PWD_P37": "137.5", "PWD_P38": "146.0", "PWD_P39": "153.9", "PWD_P40": "161.9", "PWD_P41": "170.0", "PWD_P42": "178.5", "PWD_P43": "186.9", "PWD_P44": "196.9", "PWD_P45": "208.0", "PWD_P46": "217.7", "PWD_P47": "226.6", "PWD_P48": "236.3", "PWD_P49": "246.8", "PWD_P50": "258.0", "PWD_P51": "267.6", "PWD_P52": "278.1", "PWD_P53": "288.2", "PWD_P54": "300.8", "PWD_P55": "315.3", "PWD_P56": "331.8", "PWD_P57": "346.7", "PWD_P58": "360.1", "PWD_P59": "374.2", "PWD_P60": "388.3", "PWD_P61": "404.9", "PWD_P62": "424.7", "PWD_P63": "443.7", "PWD_P64": "463.5", "PWD_P65": "488.7", "PWD_P66": "517.4", "PWD_P67": "557.4", "PWD_P68": "605.7", "PWD_P69": "650.7", "PWD_P70": "693.7", "PWD_P71": "742.0", "PWD_P72": "784.7", "PWD_P73": "825.8", "PWD_P74": "857.9", "PWD_P75": "883.7", "PWD_P76": "907.4", "PWD_P77": "928.4", "PWD_P78": "948.6", "PWD_P79": "964.2", "PWD_P80": "986.6", "PWD_P81": "1012.9", "PWD_P82": "1047.7", "PWD_P83": "1091.7", "PWD_P84": "1169.8", "PWD_P85": "1211.9", "PWD_P86": "1234.7", "PWD_P87": "1253.4", "PWD_P88": "1270.4", "PWD_P89": "1287.7", "PWD_P90": "1301.3", "PWD_P91": "1314.9", "PWD_P92": "1327.9", "PWD_P93": "1341.5", "PWD_P94": "1358.7", "PWD_P95": "1370.9", "PWD_P96": "1383.9", "PWD_P97": "1396.8", "PWD_P98": "1413.1", "PWD_P99": "1437.7", "PWD_P100": "1492.4" }, "geometry": { "type": "Point", "coordinates": [ -6.816443920135498, 62.039810180664062 ] } },
{ "type": "Feature", "id": 70, "properties": { "lon": -58.0784, "lat": -51.7165, "year": "2015", "ISO": "FLK", "ISO_No": "238", "Name": "Falkland Islands", "PWC_Lat": "-51.7165", "PWC_Lon": "-58.0784", "Pop": "2836", "Density": "0.2", "Area": "12552.5", "PWD_A": "201.1", "PWD_G": "49.5", "PWD_M": "233.7", "PWD_P1": "0.0", "PWD_P2": "0.0", "PWD_P3": "0.0", "PWD_P4": "0.0", "PWD_P5": "0.0", "PWD_P6": "0.0", "PWD_P7": "0.0", "PWD_P8": "0.0", "PWD_P9": "0.1", "PWD_P10": "0.2", "PWD_P11": "0.5", "PWD_P12": "1.6", "PWD_P13": "2.6", "PWD_P14": "4.0", "PWD_P15": "5.2", "PWD_P16": "6.9", "PWD_P17": "9.2", "PWD_P18": "11.0", "PWD_P19": "12.2", "PWD_P20": "14.2", "PWD_P21": "17.1", "PWD_P22": "19.8", "PWD_P23": "21.5", "PWD_P24": "23.1", "PWD_P25": "24.6", "PWD_P26": "26.2", "PWD_P27": "28.0", "PWD_P28": "29.1", "PWD_P29": "30.3", "PWD_P30": "32.2", "PWD_P31": "34.6", "PWD_P32": "37.0", "PWD_P33": "39.1", "PWD_P34": "41.1", "PWD_P35": "43.5", "PWD_P36": "47.2", "PWD_P37": "51.5", "PWD_P38": "56.8", "PWD_P39": "78.7", "PWD_P40": "85.6", "PWD_P41": "89.7", "PWD_P42": "93.7", "PWD_P43": "107.2", "PWD_P44": "142.3", "PWD_P45": "189.6", "PWD_P46": "204.5", "PWD_P47": "211.6", "PWD_P48": "216.7", "PWD_P49": "228.1", "PWD_P50": "233.7", "PWD_P51": "241.3", "PWD_P52": "249.2", "PWD_P53": "255.9", "PWD_P54": "259.8", "PWD_P55": "263.8", "PWD_P56": "266.7", "PWD_P57": "270.1", "PWD_P58": "273.5", "PWD_P59": "277.8", "PWD_P60": "282.9", "PWD_P61": "285.8", "PWD_P62": "291.1", "PWD_P63": "294.0", "PWD_P64": "299.5", "PWD_P65": "302.9", "PWD_P66": "308.4", "PWD_P67": "315.1", "PWD_P68": "322.0", "PWD_P69": "326.8", "PWD_P70": "332.1", "PWD_P71": "337.5", "PWD_P72": "342.9", "PWD_P73": "344.9", "PWD_P74": "349.3", "PWD_P75": "352.2", "PWD_P76": "360.5", "PWD_P77": "365.6", "PWD_P78": "369.2", "PWD_P79": "371.0", "PWD_P80": "374.3", "PWD_P81": "377.9", "PWD_P82": "381.2", "PWD_P83": "386.6", "PWD_P84": "390.7", "PWD_P85": "394.5", "PWD_P86": "398.9", "PWD_P87": "404.4", "PWD_P88": "409.2", "PWD_P89": "414.8", "PWD_P90": "424.3", "PWD_P91": "427.0", "PWD_P92": "432.4", "PWD_P93": "438.5", "PWD_P94": "445.6", "PWD_P95": "449.3", "PWD_P96": "452.9", "PWD_P97": "459.7", "PWD_P98": "468.2", "PWD_P99": "474.0", "PWD_P100": "498.7" }, "geometry": { "type": "Point", "coordinates": [ -58.0784, -51.7165 ] } },
{ "type": "Feature", "id": 71, "properties": { "lon": 178.2979, "lat": -17.6976, "year": "2015", "ISO": "FJI", "ISO_No": "242", "Name": "Fiji", "PWC_Lat": "-17.6976", "PWC_Lon": "178.2979", "Pop": "868632", "Density": "45.2", "Area": "19217.6", "PWD_A": "2883.8", "PWD_G": "449.5", "PWD_M": "485.9", "PWD_P1": "3.3", "PWD_P2": "4.8", "PWD_P3": "6.2", "PWD_P4": "7.6", "PWD_P5": "9.0", "PWD_P6": "10.5", "PWD_P7": "12.0", "PWD_P8": "13.6", "PWD_P9": "15.2", "PWD_P10": "17.1", "PWD_P11": "19.0", "PWD_P12": "21.0", "PWD_P13": "23.0", "PWD_P14": "25.1", "PWD_P15": "27.5", "PWD_P16": "30.0", "PWD_P17": "32.9", "PWD_P18": "36.1", "PWD_P19": "39.6", "PWD_P20": "43.5", "PWD_P21": "47.6", "PWD_P22": "52.1", "PWD_P23": "56.9", "PWD_P24": "62.0", "PWD_P25": "67.7", "PWD_P26": "74.1", "PWD_P27": "80.9", "PWD_P28": "87.9", "PWD_P29": "95.0", "PWD_P30": "102.6", "PWD_P31": "110.6", "PWD_P32": "119.0", "PWD_P33": "128.3", "PWD_P34": "138.3", "PWD_P35": "148.9", "PWD_P36": "160.4", "PWD_P37": "173.3", "PWD_P38": "188.4", "PWD_P39": "204.6", "PWD_P40": "221.9", "PWD_P41": "240.2", "PWD_P42": "259.1", "PWD_P43": "278.7", "PWD_P44": "300.4", "PWD_P45": "323.6", "PWD_P46": "348.6", "PWD_P47": "377.6", "PWD_P48": "410.3", "PWD_P49": "445.9", "PWD_P50": "485.9", "PWD_P51": "527.3", "PWD_P52": "576.8", "PWD_P53": "628.6", "PWD_P54": "683.9", "PWD_P55": "743.0", "PWD_P56": "811.1", "PWD_P57": "885.5", "PWD_P58": "969.7", "PWD_P59": "1064.1", "PWD_P60": "1161.1", "PWD_P61": "1264.6", "PWD_P62": "1383.7", "PWD_P63": "1497.6", "PWD_P64": "1609.6", "PWD_P65": "1750.5", "PWD_P66": "1888.6", "PWD_P67": "2041.3", "PWD_P68": "2222.9", "PWD_P69": "2408.1", "PWD_P70": "2583.7", "PWD_P71": "2788.2", "PWD_P72": "2996.7", "PWD_P73": "3226.0", "PWD_P74": "3463.8", "PWD_P75": "3746.0", "PWD_P76": "4006.3", "PWD_P77": "4285.1", "PWD_P78": "4590.7", "PWD_P79": "4888.4", "PWD_P80": "5185.3", "PWD_P81": "5512.3", "PWD_P82": "5940.3", "PWD_P83": "6309.8", "PWD_P84": "6762.0", "PWD_P85": "7098.4", "PWD_P86": "7519.1", "PWD_P87": "7985.6", "PWD_P88": "8391.3", "PWD_P89": "8807.7", "PWD_P90": "9271.3", "PWD_P91": "9648.8", "PWD_P92": "10152.7", "PWD_P93": "10752.1", "PWD_P94": "11456.3", "PWD_P95": "12711.5", "PWD_P96": "14265.3", "PWD_P97": "16554.6", "PWD_P98": "18472.6", "PWD_P99": "21715.4", "PWD_P100": "56522.2" }, "geometry": { "type": "Point", "coordinates": [ 178.2979, -17.6976 ] } },
{ "type": "Feature", "id": 72, "properties": { "lon": 24.926815032958984, "lat": 61.717063903808594, "year": "2015", "ISO": "FIN", "ISO_No": "246", "Name": "Finland", "PWC_Lat": "61.7170639038086", "PWC_Lon": "24.926815032959", "Pop": "5481127", "Density": "17.8", "Area": "307940.1", "PWD_A": "949.4", "PWD_G": "275.6", "PWD_M": "470.3", "PWD_P1": "1.3", "PWD_P2": "2.1", "PWD_P3": "2.7", "PWD_P4": "3.3", "PWD_P5": "4.0", "PWD_P6": "4.7", "PWD_P7": "5.5", "PWD_P8": "6.4", "PWD_P9": "7.4", "PWD_P10": "8.6", "PWD_P11": "10.1", "PWD_P12": "11.8", "PWD_P13": "13.8", "PWD_P14": "16.2", "PWD_P15": "19.1", "PWD_P16": "22.7", "PWD_P17": "27.2", "PWD_P18": "32.7", "PWD_P19": "39.5", "PWD_P20": "47.6", "PWD_P21": "56.7", "PWD_P22": "66.5", "PWD_P23": "76.4", "PWD_P24": "86.7", "PWD_P25": "97.2", "PWD_P26": "108.1", "PWD_P27": "119.2", "PWD_P28": "130.5", "PWD_P29": "142.4", "PWD_P30": "154.5", "PWD_P31": "166.9", "PWD_P32": "179.7", "PWD_P33": "193.0", "PWD_P34": "206.9", "PWD_P35": "221.4", "PWD_P36": "236.5", "PWD_P37": "251.9", "PWD_P38": "267.4", "PWD_P39": "283.1", "PWD_P40": "299.4", "PWD_P41": "315.7", "PWD_P42": "332.4", "PWD_P43": "349.5", "PWD_P44": "366.7", "PWD_P45": "383.8", "PWD_P46": "401.3", "PWD_P47": "418.7", "PWD_P48": "435.9", "PWD_P49": "453.2", "PWD_P50": "470.3", "PWD_P51": "488.0", "PWD_P52": "505.7", "PWD_P53": "524.5", "PWD_P54": "544.4", "PWD_P55": "565.4", "PWD_P56": "587.7", "PWD_P57": "611.7", "PWD_P58": "636.1", "PWD_P59": "662.1", "PWD_P60": "688.5", "PWD_P61": "717.4", "PWD_P62": "748.0", "PWD_P63": "779.5", "PWD_P64": "809.8", "PWD_P65": "843.1", "PWD_P66": "881.4", "PWD_P67": "927.5", "PWD_P68": "978.3", "PWD_P69": "1027.2", "PWD_P70": "1072.0", "PWD_P71": "1115.7", "PWD_P72": "1156.3", "PWD_P73": "1196.0", "PWD_P74": "1240.9", "PWD_P75": "1287.6", "PWD_P76": "1342.8", "PWD_P77": "1393.8", "PWD_P78": "1445.1", "PWD_P79": "1500.3", "PWD_P80": "1565.2", "PWD_P81": "1627.9", "PWD_P82": "1681.2", "PWD_P83": "1742.2", "PWD_P84": "1810.0", "PWD_P85": "1886.7", "PWD_P86": "1972.5", "PWD_P87": "2067.5", "PWD_P88": "2179.7", "PWD_P89": "2394.6", "PWD_P90": "3115.3", "PWD_P91": "3492.1", "PWD_P92": "3698.3", "PWD_P93": "3862.2", "PWD_P94": "3992.8", "PWD_P95": "4095.8", "PWD_P96": "4207.4", "PWD_P97": "4314.7", "PWD_P98": "4439.7", "PWD_P99": "4565.4", "PWD_P100": "4949.3" }, "geometry": { "type": "Point", "coordinates": [ 24.926815032958984, 61.717063903808594 ] } },
{ "type": "Feature", "id": 73, "properties": { "lon": 2.6495330333709717, "lat": 47.076469421386719, "year": "2015", "ISO": "FRA", "ISO_No": "250", "Name": "France", "PWC_Lat": "47.0764694213867", "PWC_Lon": "2.64953303337097", "Pop": "64453193", "Density": "118.1", "Area": "545584.7", "PWD_A": "3956.7", "PWD_G": "952.7", "PWD_M": "1161.6", "PWD_P1": "8.4", "PWD_P2": "12.5", "PWD_P3": "16.2", "PWD_P4": "19.9", "PWD_P5": "23.8", "PWD_P6": "27.9", "PWD_P7": "32.4", "PWD_P8": "37.3", "PWD_P9": "42.7", "PWD_P10": "48.7", "PWD_P11": "55.2", "PWD_P12": "62.4", "PWD_P13": "70.3", "PWD_P14": "78.9", "PWD_P15": "88.4", "PWD_P16": "98.9", "PWD_P17": "110.4", "PWD_P18": "123.1", "PWD_P19": "137.1", "PWD_P20": "152.3", "PWD_P21": "168.9", "PWD_P22": "187.0", "PWD_P23": "206.5", "PWD_P24": "227.4", "PWD_P25": "249.7", "PWD_P26": "273.6", "PWD_P27": "298.8", "PWD_P28": "325.3", "PWD_P29": "353.1", "PWD_P30": "382.0", "PWD_P31": "411.7", "PWD_P32": "442.0", "PWD_P33": "472.5", "PWD_P34": "503.5", "PWD_P35": "534.6", "PWD_P36": "566.1", "PWD_P37": "598.2", "PWD_P38": "630.8", "PWD_P39": "664.1", "PWD_P40": "698.5", "PWD_P41": "733.9", "PWD_P42": "771.0", "PWD_P43": "809.7", "PWD_P44": "850.6", "PWD_P45": "894.0", "PWD_P46": "940.2", "PWD_P47": "989.5", "PWD_P48": "1042.7", "PWD_P49": "1099.9", "PWD_P50": "1161.6", "PWD_P51": "1228.2", "PWD_P52": "1300.1", "PWD_P53": "1377.8", "PWD_P54": "1460.8", "PWD_P55": "1549.2", "PWD_P56": "1644.6", "PWD_P57": "1746.9", "PWD_P58": "1855.6", "PWD_P59": "1972.5", "PWD_P60": "2096.2", "PWD_P61": "2224.6", "PWD_P62": "2360.3", "PWD_P63": "2503.7", "PWD_P64": "2652.5", "PWD_P65": "2806.0", "PWD_P66": "2962.4", "PWD_P67": "3125.4", "PWD_P68": "3294.3", "PWD_P69": "3468.4", "PWD_P70": "3648.2", "PWD_P71": "3833.6", "PWD_P72": "4026.6", "PWD_P73": "4229.0", "PWD_P74": "4438.7", "PWD_P75": "4660.9", "PWD_P76": "4892.7", "PWD_P77": "5132.2", "PWD_P78": "5372.7", "PWD_P79": "5631.2", "PWD_P80": "5900.9", "PWD_P81": "6193.9", "PWD_P82": "6493.7", "PWD_P83": "6820.1", "PWD_P84": "7161.2", "PWD_P85": "7524.0", "PWD_P86": "7913.7", "PWD_P87": "8332.4", "PWD_P88": "8832.1", "PWD_P89": "9403.9", "PWD_P90": "10129.1", "PWD_P91": "10953.2", "PWD_P92": "12045.7", "PWD_P93": "13539.2", "PWD_P94": "15339.8", "PWD_P95": "17595.1", "PWD_P96": "21104.0", "PWD_P97": "25363.0", "PWD_P98": "30077.1", "PWD_P99": "35402.5", "PWD_P100": "59762.6" }, "geometry": { "type": "Point", "coordinates": [ 2.649533033370972, 47.076469421386719 ] } },
{ "type": "Feature", "id": 74, "properties": { "lon": -52.989192962646484, "lat": 4.9219951629638672, "year": "2015", "ISO": "GUF", "ISO_No": "254", "Name": "French Guiana", "PWC_Lat": "4.92199516296387", "PWC_Lon": "-52.9891929626465", "Pop": "261007", "Density": "3.1", "Area": "83065.1", "PWD_A": "736.0", "PWD_G": "115.2", "PWD_M": "199.5", "PWD_P1": "0.2", "PWD_P2": "0.3", "PWD_P3": "0.4", "PWD_P4": "0.6", "PWD_P5": "0.8", "PWD_P6": "1.0", "PWD_P7": "1.2", "PWD_P8": "1.3", "PWD_P9": "1.4", "PWD_P10": "1.6", "PWD_P11": "1.9", "PWD_P12": "2.2", "PWD_P13": "2.5", "PWD_P14": "3.1", "PWD_P15": "4.0", "PWD_P16": "5.2", "PWD_P17": "6.3", "PWD_P18": "7.6", "PWD_P19": "9.3", "PWD_P20": "11.2", "PWD_P21": "13.5", "PWD_P22": "16.0", "PWD_P23": "18.7", "PWD_P24": "21.8", "PWD_P25": "24.8", "PWD_P26": "28.6", "PWD_P27": "32.5", "PWD_P28": "36.4", "PWD_P29": "40.4", "PWD_P30": "44.2", "PWD_P31": "48.1", "PWD_P32": "52.3", "PWD_P33": "57.6", "PWD_P34": "64.0", "PWD_P35": "69.9", "PWD_P36": "76.2", "PWD_P37": "82.4", "PWD_P38": "88.7", "PWD_P39": "95.8", "PWD_P40": "104.0", "PWD_P41": "112.1", "PWD_P42": "120.8", "PWD_P43": "129.7", "PWD_P44": "138.9", "PWD_P45": "147.3", "PWD_P46": "156.2", "PWD_P47": "165.7", "PWD_P48": "175.7", "PWD_P49": "187.3", "PWD_P50": "199.5", "PWD_P51": "211.4", "PWD_P52": "225.6", "PWD_P53": "243.0", "PWD_P54": "263.1", "PWD_P55": "281.8", "PWD_P56": "303.0", "PWD_P57": "322.9", "PWD_P58": "339.3", "PWD_P59": "355.0", "PWD_P60": "369.3", "PWD_P61": "385.5", "PWD_P62": "402.2", "PWD_P63": "419.5", "PWD_P64": "438.5", "PWD_P65": "456.4", "PWD_P66": "478.0", "PWD_P67": "501.0", "PWD_P68": "523.5", "PWD_P69": "545.5", "PWD_P70": "570.1", "PWD_P71": "601.6", "PWD_P72": "636.3", "PWD_P73": "674.3", "PWD_P74": "727.6", "PWD_P75": "786.1", "PWD_P76": "857.7", "PWD_P77": "946.6", "PWD_P78": "1037.1", "PWD_P79": "1117.3", "PWD_P80": "1262.2", "PWD_P81": "1507.9", "PWD_P82": "1675.0", "PWD_P83": "1760.4", "PWD_P84": "1828.6", "PWD_P85": "1900.3", "PWD_P86": "1986.3", "PWD_P87": "2078.1", "PWD_P88": "2208.1", "PWD_P89": "2418.4", "PWD_P90": "2675.9", "PWD_P91": "2926.1", "PWD_P92": "3055.3", "PWD_P93": "3224.8", "PWD_P94": "3378.7", "PWD_P95": "3564.4", "PWD_P96": "3752.1", "PWD_P97": "3913.2", "PWD_P98": "4069.6", "PWD_P99": "4291.0", "PWD_P100": "5833.4" }, "geometry": { "type": "Point", "coordinates": [ -52.989192962646484, 4.921995162963867 ] } },
{ "type": "Feature", "id": 75, "properties": { "lon": -149.14036560058594, "lat": -17.28746223449707, "year": "2015", "ISO": "PYF", "ISO_No": "258", "Name": "French Polynesia", "PWC_Lat": "-17.2874622344971", "PWC_Lon": "-149.140365600586", "Pop": "273118", "Density": "59.4", "Area": "4599.4", "PWD_A": "456.5", "PWD_G": "205.1", "PWD_M": "256.1", "PWD_P1": "5.2", "PWD_P2": "6.7", "PWD_P3": "8.2", "PWD_P4": "10.6", "PWD_P5": "13.2", "PWD_P6": "15.7", "PWD_P7": "17.5", "PWD_P8": "19.6", "PWD_P9": "22.1", "PWD_P10": "24.6", "PWD_P11": "27.2", "PWD_P12": "30.3", "PWD_P13": "34.4", "PWD_P14": "37.5", "PWD_P15": "40.2", "PWD_P16": "43.3", "PWD_P17": "46.7", "PWD_P18": "50.2", "PWD_P19": "54.0", "PWD_P20": "58.3", "PWD_P21": "62.5", "PWD_P22": "66.3", "PWD_P23": "70.5", "PWD_P24": "74.6", "PWD_P25": "78.1", "PWD_P26": "81.5", "PWD_P27": "85.3", "PWD_P28": "89.0", "PWD_P29": "92.3", "PWD_P30": "96.0", "PWD_P31": "100.0", "PWD_P32": "104.6", "PWD_P33": "109.4", "PWD_P34": "115.3", "PWD_P35": "121.3", "PWD_P36": "128.0", "PWD_P37": "135.7", "PWD_P38": "143.8", "PWD_P39": "153.0", "PWD_P40": "162.2", "PWD_P41": "171.6", "PWD_P42": "179.2", "PWD_P43": "186.6", "PWD_P44": "195.3", "PWD_P45": "205.7", "PWD_P46": "218.0", "PWD_P47": "227.9", "PWD_P48": "236.4", "PWD_P49": "246.1", "PWD_P50": "256.1", "PWD_P51": "266.7", "PWD_P52": "277.1", "PWD_P53": "288.2", "PWD_P54": "297.6", "PWD_P55": "307.0", "PWD_P56": "316.4", "PWD_P57": "325.3", "PWD_P58": "336.3", "PWD_P59": "349.3", "PWD_P60": "361.1", "PWD_P61": "372.6", "PWD_P62": "386.4", "PWD_P63": "401.3", "PWD_P64": "419.3", "PWD_P65": "438.9", "PWD_P66": "462.4", "PWD_P67": "483.6", "PWD_P68": "510.1", "PWD_P69": "539.8", "PWD_P70": "561.5", "PWD_P71": "582.9", "PWD_P72": "603.3", "PWD_P73": "624.3", "PWD_P74": "647.6", "PWD_P75": "673.9", "PWD_P76": "701.5", "PWD_P77": "734.9", "PWD_P78": "766.5", "PWD_P79": "797.3", "PWD_P80": "828.2", "PWD_P81": "858.4", "PWD_P82": "883.3", "PWD_P83": "907.0", "PWD_P84": "934.6", "PWD_P85": "962.8", "PWD_P86": "1008.7", "PWD_P87": "1057.7", "PWD_P88": "1116.5", "PWD_P89": "1248.0", "PWD_P90": "1373.8", "PWD_P91": "1457.7", "PWD_P92": "1499.5", "PWD_P93": "1528.2", "PWD_P94": "1561.8", "PWD_P95": "1614.4", "PWD_P96": "1665.4", "PWD_P97": "1735.2", "PWD_P98": "1858.0", "PWD_P99": "1938.3", "PWD_P100": "2096.8" }, "geometry": { "type": "Point", "coordinates": [ -149.140365600585938, -17.28746223449707 ] } },
{ "type": "Feature", "id": 76, "properties": { "lon": 42.920822143554688, "lat": 11.568373680114746, "year": "2015", "ISO": "DJI", "ISO_No": "262", "Name": "Djibouti", "PWC_Lat": "11.5683736801147", "PWC_Lon": "42.9208221435547", "Pop": "913997", "Density": "42.3", "Area": "21614.8", "PWD_A": "4107.0", "PWD_G": "621.6", "PWD_M": "2172.9", "PWD_P1": "4.8", "PWD_P2": "6.0", "PWD_P3": "6.7", "PWD_P4": "7.3", "PWD_P5": "7.9", "PWD_P6": "8.7", "PWD_P7": "9.6", "PWD_P8": "10.5", "PWD_P9": "11.3", "PWD_P10": "12.0", "PWD_P11": "12.8", "PWD_P12": "13.7", "PWD_P13": "14.6", "PWD_P14": "15.7", "PWD_P15": "17.1", "PWD_P16": "18.8", "PWD_P17": "20.6", "PWD_P18": "22.5", "PWD_P19": "24.2", "PWD_P20": "26.1", "PWD_P21": "28.0", "PWD_P22": "30.0", "PWD_P23": "32.2", "PWD_P24": "34.6", "PWD_P25": "37.3", "PWD_P26": "40.4", "PWD_P27": "43.5", "PWD_P28": "46.7", "PWD_P29": "50.7", "PWD_P30": "55.6", "PWD_P31": "62.1", "PWD_P32": "70.6", "PWD_P33": "80.8", "PWD_P34": "90.6", "PWD_P35": "101.0", "PWD_P36": "112.3", "PWD_P37": "126.7", "PWD_P38": "148.1", "PWD_P39": "184.9", "PWD_P40": "242.6", "PWD_P41": "310.4", "PWD_P42": "406.2", "PWD_P43": "528.2", "PWD_P44": "681.7", "PWD_P45": "838.5", "PWD_P46": "1049.1", "PWD_P47": "1323.7", "PWD_P48": "1578.8", "PWD_P49": "1877.7", "PWD_P50": "2172.9", "PWD_P51": "2494.3", "PWD_P52": "2736.8", "PWD_P53": "2965.8", "PWD_P54": "3209.0", "PWD_P55": "3447.0", "PWD_P56": "3680.4", "PWD_P57": "3912.9", "PWD_P58": "4132.7", "PWD_P59": "4361.6", "PWD_P60": "4647.4", "PWD_P61": "4947.6", "PWD_P62": "5303.8", "PWD_P63": "5604.6", "PWD_P64": "5842.3", "PWD_P65": "6058.9", "PWD_P66": "6259.6", "PWD_P67": "6437.9", "PWD_P68": "6653.5", "PWD_P69": "6949.6", "PWD_P70": "7248.1", "PWD_P71": "7603.5", "PWD_P72": "8039.2", "PWD_P73": "8348.3", "PWD_P74": "8651.3", "PWD_P75": "8892.3", "PWD_P76": "9059.2", "PWD_P77": "9264.4", "PWD_P78": "9450.1", "PWD_P79": "9602.4", "PWD_P80": "9740.8", "PWD_P81": "9873.6", "PWD_P82": "10026.0", "PWD_P83": "10139.9", "PWD_P84": "10236.2", "PWD_P85": "10318.2", "PWD_P86": "10417.7", "PWD_P87": "10530.9", "PWD_P88": "10648.4", "PWD_P89": "10751.9", "PWD_P90": "10824.8", "PWD_P91": "10911.7", "PWD_P92": "11021.1", "PWD_P93": "11150.8", "PWD_P94": "11297.7", "PWD_P95": "11414.3", "PWD_P96": "11510.4", "PWD_P97": "11623.4", "PWD_P98": "11770.0", "PWD_P99": "11958.6", "PWD_P100": "12418.1" }, "geometry": { "type": "Point", "coordinates": [ 42.920822143554688, 11.568373680114746 ] } },
{ "type": "Feature", "id": 77, "properties": { "lon": 11.062332153320312, "lat": -0.33564811944961548, "year": "2015", "ISO": "GAB", "ISO_No": "266", "Name": "Gabon", "PWC_Lat": "-0.335648119449615", "PWC_Lon": "11.0623321533203", "Pop": "1947690", "Density": "7.4", "Area": "262820.0", "PWD_A": "841.7", "PWD_G": "71.5", "PWD_M": "39.9", "PWD_P1": "0.7", "PWD_P2": "0.9", "PWD_P3": "1.1", "PWD_P4": "1.3", "PWD_P5": "1.5", "PWD_P6": "1.7", "PWD_P7": "1.9", "PWD_P8": "2.1", "PWD_P9": "2.3", "PWD_P10": "2.5", "PWD_P11": "2.7", "PWD_P12": "2.9", "PWD_P13": "3.2", "PWD_P14": "3.4", "PWD_P15": "3.7", "PWD_P16": "4.0", "PWD_P17": "4.3", "PWD_P18": "4.7", "PWD_P19": "5.1", "PWD_P20": "5.5", "PWD_P21": "6.0", "PWD_P22": "6.6", "PWD_P23": "7.2", "PWD_P24": "7.8", "PWD_P25": "8.5", "PWD_P26": "9.3", "PWD_P27": "10.1", "PWD_P28": "11.0", "PWD_P29": "11.9", "PWD_P30": "12.8", "PWD_P31": "13.7", "PWD_P32": "14.7", "PWD_P33": "15.7", "PWD_P34": "16.8", "PWD_P35": "17.8", "PWD_P36": "18.8", "PWD_P37": "19.8", "PWD_P38": "20.8", "PWD_P39": "21.8", "PWD_P40": "22.9", "PWD_P41": "24.1", "PWD_P42": "25.3", "PWD_P43": "26.7", "PWD_P44": "28.3", "PWD_P45": "30.0", "PWD_P46": "31.9", "PWD_P47": "33.9", "PWD_P48": "35.9", "PWD_P49": "37.9", "PWD_P50": "39.9", "PWD_P51": "42.1", "PWD_P52": "44.2", "PWD_P53": "46.5", "PWD_P54": "48.7", "PWD_P55": "51.1", "PWD_P56": "53.6", "PWD_P57": "56.1", "PWD_P58": "58.9", "PWD_P59": "62.2", "PWD_P60": "66.2", "PWD_P61": "71.2", "PWD_P62": "76.9", "PWD_P63": "84.2", "PWD_P64": "93.0", "PWD_P65": "105.9", "PWD_P66": "126.4", "PWD_P67": "188.5", "PWD_P68": "1018.2", "PWD_P69": "1213.1", "PWD_P70": "1359.7", "PWD_P71": "1459.5", "PWD_P72": "1568.5", "PWD_P73": "1647.9", "PWD_P74": "1756.2", "PWD_P75": "1821.8", "PWD_P76": "1929.7", "PWD_P77": "2010.3", "PWD_P78": "2136.0", "PWD_P79": "2233.5", "PWD_P80": "2326.8", "PWD_P81": "2391.0", "PWD_P82": "2480.2", "PWD_P83": "2541.4", "PWD_P84": "2604.7", "PWD_P85": "2675.0", "PWD_P86": "2731.3", "PWD_P87": "2761.2", "PWD_P88": "2821.4", "PWD_P89": "2908.1", "PWD_P90": "2978.6", "PWD_P91": "3027.8", "PWD_P92": "3096.7", "PWD_P93": "3191.0", "PWD_P94": "3332.5", "PWD_P95": "3514.9", "PWD_P96": "3568.3", "PWD_P97": "3594.5", "PWD_P98": "3669.1", "PWD_P99": "3857.8", "PWD_P100": "3931.9" }, "geometry": { "type": "Point", "coordinates": [ 11.062332153320312, -0.335648119449615 ] } },
{ "type": "Feature", "id": 78, "properties": { "lon": 43.684226989746094, "lat": 41.930595397949219, "year": "2015", "ISO": "GEO", "ISO_No": "268", "Name": "Georgia", "PWC_Lat": "41.9305953979492", "PWC_Lon": "43.6842269897461", "Pop": "4024180", "Density": "57.9", "Area": "69484.6", "PWD_A": "3648.9", "PWD_G": "620.2", "PWD_M": "490.5", "PWD_P1": "4.2", "PWD_P2": "6.6", "PWD_P3": "9.2", "PWD_P4": "11.7", "PWD_P5": "14.2", "PWD_P6": "16.6", "PWD_P7": "19.0", "PWD_P8": "21.4", "PWD_P9": "23.8", "PWD_P10": "26.3", "PWD_P11": "28.9", "PWD_P12": "31.8", "PWD_P13": "34.9", "PWD_P14": "38.2", "PWD_P15": "41.8", "PWD_P16": "45.7", "PWD_P17": "49.9", "PWD_P18": "54.4", "PWD_P19": "59.0", "PWD_P20": "63.8", "PWD_P21": "68.9", "PWD_P22": "74.3", "PWD_P23": "80.0", "PWD_P24": "86.1", "PWD_P25": "92.6", "PWD_P26": "99.3", "PWD_P27": "105.8", "PWD_P28": "112.7", "PWD_P29": "119.9", "PWD_P30": "127.8", "PWD_P31": "136.2", "PWD_P32": "145.1", "PWD_P33": "154.5", "PWD_P34": "164.3", "PWD_P35": "174.7", "PWD_P36": "185.5", "PWD_P37": "196.3", "PWD_P38": "208.4", "PWD_P39": "221.5", "PWD_P40": "235.2", "PWD_P41": "249.8", "PWD_P42": "265.4", "PWD_P43": "282.4", "PWD_P44": "301.2", "PWD_P45": "321.8", "PWD_P46": "344.2", "PWD_P47": "370.4", "PWD_P48": "401.6", "PWD_P49": "440.2", "PWD_P50": "490.5", "PWD_P51": "552.7", "PWD_P52": "623.9", "PWD_P53": "703.0", "PWD_P54": "796.2", "PWD_P55": "904.9", "PWD_P56": "1041.0", "PWD_P57": "1186.4", "PWD_P58": "1385.2", "PWD_P59": "1586.9", "PWD_P60": "1840.8", "PWD_P61": "2159.2", "PWD_P62": "2523.5", "PWD_P63": "2898.6", "PWD_P64": "3239.1", "PWD_P65": "3567.3", "PWD_P66": "3962.1", "PWD_P67": "4399.9", "PWD_P68": "4877.8", "PWD_P69": "5439.4", "PWD_P70": "5915.7", "PWD_P71": "6485.7", "PWD_P72": "6896.3", "PWD_P73": "7263.7", "PWD_P74": "7605.3", "PWD_P75": "7888.7", "PWD_P76": "8145.1", "PWD_P77": "8413.8", "PWD_P78": "8676.5", "PWD_P79": "8922.7", "PWD_P80": "9152.7", "PWD_P81": "9419.4", "PWD_P82": "9691.2", "PWD_P83": "9935.4", "PWD_P84": "10181.3", "PWD_P85": "10417.8", "PWD_P86": "10654.2", "PWD_P87": "10884.4", "PWD_P88": "11109.3", "PWD_P89": "11353.7", "PWD_P90": "11579.1", "PWD_P91": "11800.0", "PWD_P92": "12027.8", "PWD_P93": "12259.2", "PWD_P94": "12492.0", "PWD_P95": "12726.1", "PWD_P96": "13009.8", "PWD_P97": "13380.7", "PWD_P98": "13857.6", "PWD_P99": "14382.8", "PWD_P100": "16958.3" }, "geometry": { "type": "Point", "coordinates": [ 43.684226989746094, 41.930595397949219 ] } },
{ "type": "Feature", "id": 79, "properties": { "lon": -16.023881912231445, "lat": 13.408347129821777, "year": "2015", "ISO": "GMB", "ISO_No": "270", "Name": "Gambia", "PWC_Lat": "13.4083471298218", "PWC_Lon": "-16.0238819122314", "Pop": "2085860", "Density": "197.2", "Area": "10576.8", "PWD_A": "2551.3", "PWD_G": "730.1", "PWD_M": "721.6", "PWD_P1": "30.2", "PWD_P2": "37.9", "PWD_P3": "42.6", "PWD_P4": "46.3", "PWD_P5": "49.4", "PWD_P6": "52.5", "PWD_P7": "55.7", "PWD_P8": "58.9", "PWD_P9": "62.2", "PWD_P10": "65.9", "PWD_P11": "69.6", "PWD_P12": "73.3", "PWD_P13": "77.1", "PWD_P14": "80.9", "PWD_P15": "84.9", "PWD_P16": "89.0", "PWD_P17": "93.2", "PWD_P18": "97.6", "PWD_P19": "102.3", "PWD_P20": "107.1", "PWD_P21": "112.4", "PWD_P22": "117.9", "PWD_P23": "123.7", "PWD_P24": "130.1", "PWD_P25": "137.5", "PWD_P26": "145.2", "PWD_P27": "153.0", "PWD_P28": "161.4", "PWD_P29": "170.2", "PWD_P30": "180.2", "PWD_P31": "191.2", "PWD_P32": "203.1", "PWD_P33": "216.2", "PWD_P34": "229.5", "PWD_P35": "244.2", "PWD_P36": "260.2", "PWD_P37": "277.3", "PWD_P38": "295.9", "PWD_P39": "318.6", "PWD_P40": "342.2", "PWD_P41": "365.0", "PWD_P42": "389.9", "PWD_P43": "415.9", "PWD_P44": "447.1", "PWD_P45": "483.3", "PWD_P46": "521.9", "PWD_P47": "562.4", "PWD_P48": "606.4", "PWD_P49": "659.6", "PWD_P50": "721.6", "PWD_P51": "783.6", "PWD_P52": "842.4", "PWD_P53": "905.1", "PWD_P54": "979.9", "PWD_P55": "1065.1", "PWD_P56": "1158.3", "PWD_P57": "1262.6", "PWD_P58": "1381.1", "PWD_P59": "1524.8", "PWD_P60": "1697.8", "PWD_P61": "1866.7", "PWD_P62": "2034.0", "PWD_P63": "2168.7", "PWD_P64": "2280.1", "PWD_P65": "2401.2", "PWD_P66": "2507.2", "PWD_P67": "2620.2", "PWD_P68": "2738.9", "PWD_P69": "2870.8", "PWD_P70": "3044.1", "PWD_P71": "3219.5", "PWD_P72": "3489.4", "PWD_P73": "3788.4", "PWD_P74": "4081.5", "PWD_P75": "4345.1", "PWD_P76": "4558.8", "PWD_P77": "4757.5", "PWD_P78": "4947.5", "PWD_P79": "5170.3", "PWD_P80": "5417.9", "PWD_P81": "5649.9", "PWD_P82": "5870.9", "PWD_P83": "6112.0", "PWD_P84": "6318.3", "PWD_P85": "6502.5", "PWD_P86": "6690.5", "PWD_P87": "6919.3", "PWD_P88": "7188.3", "PWD_P89": "7444.4", "PWD_P90": "7705.0", "PWD_P91": "7939.9", "PWD_P92": "8232.5", "PWD_P93": "8539.1", "PWD_P94": "8808.1", "PWD_P95": "9069.8", "PWD_P96": "9422.5", "PWD_P97": "9793.9", "PWD_P98": "10417.5", "PWD_P99": "11474.1", "PWD_P100": "30132.4" }, "geometry": { "type": "Point", "coordinates": [ -16.023881912231445, 13.408347129821777 ] } },
{ "type": "Feature", "id": 80, "properties": { "lon": 34.898040771484375, "lat": 31.766334533691406, "year": "2015", "ISO": "PSE", "ISO_No": "275", "Name": "Palestina", "PWC_Lat": "31.7663345336914", "PWC_Lon": "34.8980407714844", "Pop": "4529160", "Density": "750.3", "Area": "6036.1", "PWD_A": "10725.3", "PWD_G": "4586.8", "PWD_M": "5269.8", "PWD_P1": "41.2", "PWD_P2": "79.0", "PWD_P3": "122.3", "PWD_P4": "180.3", "PWD_P5": "250.0", "PWD_P6": "311.5", "PWD_P7": "373.3", "PWD_P8": "434.7", "PWD_P9": "497.9", "PWD_P10": "562.9", "PWD_P11": "631.0", "PWD_P12": "704.5", "PWD_P13": "780.6", "PWD_P14": "862.6", "PWD_P15": "942.5", "PWD_P16": "1018.6", "PWD_P17": "1095.4", "PWD_P18": "1168.0", "PWD_P19": "1246.0", "PWD_P20": "1331.4", "PWD_P21": "1422.7", "PWD_P22": "1516.1", "PWD_P23": "1607.7", "PWD_P24": "1701.9", "PWD_P25": "1794.0", "PWD_P26": "1888.3", "PWD_P27": "1985.0", "PWD_P28": "2085.8", "PWD_P29": "2186.2", "PWD_P30": "2284.0", "PWD_P31": "2382.0", "PWD_P32": "2484.2", "PWD_P33": "2589.8", "PWD_P34": "2689.4", "PWD_P35": "2796.5", "PWD_P36": "2905.0", "PWD_P37": "3018.9", "PWD_P38": "3136.7", "PWD_P39": "3260.2", "PWD_P40": "3387.6", "PWD_P41": "3523.9", "PWD_P42": "3669.9", "PWD_P43": "3827.7", "PWD_P44": "3981.7", "PWD_P45": "4151.5", "PWD_P46": "4336.3", "PWD_P47": "4538.2", "PWD_P48": "4760.7", "PWD_P49": "5005.9", "PWD_P50": "5269.8", "PWD_P51": "5532.6", "PWD_P52": "5848.0", "PWD_P53": "6150.8", "PWD_P54": "6507.5", "PWD_P55": "6887.8", "PWD_P56": "7269.9", "PWD_P57": "7644.1", "PWD_P58": "8022.7", "PWD_P59": "8412.4", "PWD_P60": "8796.3", "PWD_P61": "9195.6", "PWD_P62": "9620.8", "PWD_P63": "10062.9", "PWD_P64": "10547.7", "PWD_P65": "11018.8", "PWD_P66": "11529.0", "PWD_P67": "12085.5", "PWD_P68": "12680.9", "PWD_P69": "13265.4", "PWD_P70": "13870.3", "PWD_P71": "14488.8", "PWD_P72": "15122.5", "PWD_P73": "15797.5", "PWD_P74": "16586.6", "PWD_P75": "17421.2", "PWD_P76": "18274.6", "PWD_P77": "19136.4", "PWD_P78": "20030.4", "PWD_P79": "20893.3", "PWD_P80": "21844.7", "PWD_P81": "22642.8", "PWD_P82": "23527.2", "PWD_P83": "24578.1", "PWD_P84": "25433.3", "PWD_P85": "26369.7", "PWD_P86": "27333.0", "PWD_P87": "28269.0", "PWD_P88": "29142.4", "PWD_P89": "29764.8", "PWD_P90": "30467.9", "PWD_P91": "31116.1", "PWD_P92": "31688.4", "PWD_P93": "32307.7", "PWD_P94": "33118.4", "PWD_P95": "34146.7", "PWD_P96": "35127.2", "PWD_P97": "36328.3", "PWD_P98": "37866.1", "PWD_P99": "42191.1", "PWD_P100": "51861.5" }, "geometry": { "type": "Point", "coordinates": [ 34.898040771484375, 31.766334533691406 ] } },
{ "type": "Feature", "id": 81, "properties": { "lon": 9.6758947372436523, "lat": 50.831050872802734, "year": "2015", "ISO": "DEU", "ISO_No": "276", "Name": "Germany", "PWC_Lat": "50.8310508728027", "PWC_Lon": "9.67589473724365", "Pop": "81787410", "Density": "231.7", "Area": "353045.5", "PWD_A": "1703.6", "PWD_G": "832.3", "PWD_M": "1193.3", "PWD_P1": "20.2", "PWD_P2": "28.2", "PWD_P3": "35.3", "PWD_P4": "42.3", "PWD_P5": "49.4", "PWD_P6": "56.7", "PWD_P7": "64.5", "PWD_P8": "72.8", "PWD_P9": "81.6", "PWD_P10": "91.1", "PWD_P11": "101.2", "PWD_P12": "112.1", "PWD_P13": "123.6", "PWD_P14": "135.8", "PWD_P15": "148.7", "PWD_P16": "162.2", "PWD_P17": "176.3", "PWD_P18": "191.0", "PWD_P19": "206.2", "PWD_P20": "222.1", "PWD_P21": "238.9", "PWD_P22": "256.5", "PWD_P23": "274.9", "PWD_P24": "294.0", "PWD_P25": "314.1", "PWD_P26": "335.4", "PWD_P27": "357.7", "PWD_P28": "381.4", "PWD_P29": "406.3", "PWD_P30": "432.5", "PWD_P31": "459.9", "PWD_P32": "489.0", "PWD_P33": "519.3", "PWD_P34": "550.9", "PWD_P35": "583.8", "PWD_P36": "617.8", "PWD_P37": "652.9", "PWD_P38": "689.0", "PWD_P39": "725.9", "PWD_P40": "763.7", "PWD_P41": "802.7", "PWD_P42": "842.1", "PWD_P43": "882.8", "PWD_P44": "924.1", "PWD_P45": "966.3", "PWD_P46": "1009.5", "PWD_P47": "1053.7", "PWD_P48": "1099.2", "PWD_P49": "1145.7", "PWD_P50": "1193.3", "PWD_P51": "1242.0", "PWD_P52": "1291.5", "PWD_P53": "1341.9", "PWD_P54": "1393.6", "PWD_P55": "1446.3", "PWD_P56": "1500.2", "PWD_P57": "1554.7", "PWD_P58": "1609.7", "PWD_P59": "1665.2", "PWD_P60": "1721.9", "PWD_P61": "1778.8", "PWD_P62": "1836.5", "PWD_P63": "1895.1", "PWD_P64": "1955.1", "PWD_P65": "2015.6", "PWD_P66": "2077.8", "PWD_P67": "2141.1", "PWD_P68": "2204.3", "PWD_P69": "2268.5", "PWD_P70": "2334.9", "PWD_P71": "2403.6", "PWD_P72": "2472.7", "PWD_P73": "2542.8", "PWD_P74": "2614.0", "PWD_P75": "2687.0", "PWD_P76": "2761.5", "PWD_P77": "2839.2", "PWD_P78": "2916.7", "PWD_P79": "2994.3", "PWD_P80": "3073.3", "PWD_P81": "3155.9", "PWD_P82": "3242.0", "PWD_P83": "3326.8", "PWD_P84": "3409.3", "PWD_P85": "3495.4", "PWD_P86": "3582.3", "PWD_P87": "3674.1", "PWD_P88": "3778.1", "PWD_P89": "3899.7", "PWD_P90": "4050.3", "PWD_P91": "4221.1", "PWD_P92": "4386.6", "PWD_P93": "4546.2", "PWD_P94": "4722.3", "PWD_P95": "4960.6", "PWD_P96": "5317.4", "PWD_P97": "5940.6", "PWD_P98": "6214.5", "PWD_P99": "6596.6", "PWD_P100": "8100.6" }, "geometry": { "type": "Point", "coordinates": [ 9.675894737243652, 50.831050872802734 ] } },
{ "type": "Feature", "id": 82, "properties": { "lon": -0.9946364164352417, "lat": 6.8779807090759277, "year": "2015", "ISO": "GHA", "ISO_No": "288", "Name": "Ghana", "PWC_Lat": "6.87798070907593", "PWC_Lon": "-0.994636416435242", "Pop": "27849203", "Density": "119.3", "Area": "233480.5", "PWD_A": "3120.1", "PWD_G": "509.7", "PWD_M": "331.8", "PWD_P1": "12.4", "PWD_P2": "18.3", "PWD_P3": "23.2", "PWD_P4": "27.4", "PWD_P5": "31.3", "PWD_P6": "34.9", "PWD_P7": "38.4", "PWD_P8": "41.7", "PWD_P9": "45.1", "PWD_P10": "48.4", "PWD_P11": "51.7", "PWD_P12": "54.8", "PWD_P13": "58.0", "PWD_P14": "61.2", "PWD_P15": "64.5", "PWD_P16": "67.8", "PWD_P17": "71.3", "PWD_P18": "74.8", "PWD_P19": "78.5", "PWD_P20": "82.2", "PWD_P21": "86.1", "PWD_P22": "90.2", "PWD_P23": "94.3", "PWD_P24": "98.6", "PWD_P25": "103.0", "PWD_P26": "107.7", "PWD_P27": "112.5", "PWD_P28": "117.7", "PWD_P29": "123.0", "PWD_P30": "128.6", "PWD_P31": "134.5", "PWD_P32": "140.6", "PWD_P33": "147.0", "PWD_P34": "153.8", "PWD_P35": "160.9", "PWD_P36": "168.2", "PWD_P37": "176.0", "PWD_P38": "184.1", "PWD_P39": "192.7", "PWD_P40": "201.8", "PWD_P41": "211.5", "PWD_P42": "221.6", "PWD_P43": "232.5", "PWD_P44": "243.9", "PWD_P45": "256.0", "PWD_P46": "269.2", "PWD_P47": "283.2", "PWD_P48": "298.2", "PWD_P49": "314.5", "PWD_P50": "331.8", "PWD_P51": "350.2", "PWD_P52": "369.8", "PWD_P53": "390.8", "PWD_P54": "413.2", "PWD_P55": "437.1", "PWD_P56": "462.8", "PWD_P57": "490.4", "PWD_P58": "520.6", "PWD_P59": "554.1", "PWD_P60": "593.0", "PWD_P61": "636.1", "PWD_P62": "685.3", "PWD_P63": "745.3", "PWD_P64": "818.6", "PWD_P65": "904.0", "PWD_P66": "1001.6", "PWD_P67": "1107.6", "PWD_P68": "1218.4", "PWD_P69": "1352.3", "PWD_P70": "1501.7", "PWD_P71": "1690.3", "PWD_P72": "1914.6", "PWD_P73": "2142.6", "PWD_P74": "2422.3", "PWD_P75": "2705.6", "PWD_P76": "3019.3", "PWD_P77": "3481.6", "PWD_P78": "4036.7", "PWD_P79": "4479.4", "PWD_P80": "4895.9", "PWD_P81": "5528.6", "PWD_P82": "6275.8", "PWD_P83": "6940.8", "PWD_P84": "7848.5", "PWD_P85": "8676.2", "PWD_P86": "9299.9", "PWD_P87": "10525.9", "PWD_P88": "11752.0", "PWD_P89": "12855.0", "PWD_P90": "13702.5", "PWD_P91": "14484.5", "PWD_P92": "15332.3", "PWD_P93": "15995.2", "PWD_P94": "16742.2", "PWD_P95": "17641.2", "PWD_P96": "18314.9", "PWD_P97": "18856.1", "PWD_P98": "19303.5", "PWD_P99": "19859.1", "PWD_P100": "21439.6" }, "geometry": { "type": "Point", "coordinates": [ -0.994636416435242, 6.877980709075928 ] } },
{ "type": "Feature", "id": 83, "properties": { "lon": -5.3511, "lat": 36.1413, "year": "2015", "ISO": "GIB", "ISO_No": "292", "Name": "Gibraltar", "PWC_Lat": "36.1413", "PWC_Lon": "-5.3511", "Pop": "33741", "Density": "4127.4", "Area": "8.2", "PWD_A": "7418.4", "PWD_G": "5948.6", "PWD_M": "7743.1", "PWD_P1": "744.9", "PWD_P2": "828.3", "PWD_P3": "885.7", "PWD_P4": "1012.9", "PWD_P5": "1112.2", "PWD_P6": "1217.9", "PWD_P7": "1432.2", "PWD_P8": "1687.0", "PWD_P9": "1858.7", "PWD_P10": "1993.5", "PWD_P11": "2066.9", "PWD_P12": "2189.6", "PWD_P13": "2284.6", "PWD_P14": "2380.9", "PWD_P15": "2432.8", "PWD_P16": "2535.3", "PWD_P17": "2701.3", "PWD_P18": "2768.4", "PWD_P19": "2851.1", "PWD_P20": "2980.5", "PWD_P21": "3067.0", "PWD_P22": "3241.7", "PWD_P23": "3373.6", "PWD_P24": "3475.0", "PWD_P25": "3606.2", "PWD_P26": "3739.5", "PWD_P27": "3901.3", "PWD_P28": "4022.1", "PWD_P29": "4203.2", "PWD_P30": "4466.7", "PWD_P31": "4664.8", "PWD_P32": "4906.7", "PWD_P33": "5065.8", "PWD_P34": "5260.5", "PWD_P35": "5631.6", "PWD_P36": "5782.1", "PWD_P37": "5994.7", "PWD_P38": "6066.3", "PWD_P39": "6196.5", "PWD_P40": "6356.5", "PWD_P41": "6481.8", "PWD_P42": "6553.4", "PWD_P43": "6644.7", "PWD_P44": "6735.1", "PWD_P45": "6838.0", "PWD_P46": "6947.4", "PWD_P47": "7114.9", "PWD_P48": "7294.9", "PWD_P49": "7421.9", "PWD_P50": "7743.1", "PWD_P51": "7833.3", "PWD_P52": "7968.4", "PWD_P53": "8112.9", "PWD_P54": "8261.9", "PWD_P55": "8626.8", "PWD_P56": "8749.0", "PWD_P57": "8931.5", "PWD_P58": "9135.3", "PWD_P59": "9250.0", "PWD_P60": "9387.0", "PWD_P61": "9768.0", "PWD_P62": "9932.1", "PWD_P63": "10060.4", "PWD_P64": "10238.4", "PWD_P65": "10364.3", "PWD_P66": "10411.4", "PWD_P67": "10563.8", "PWD_P68": "10731.1", "PWD_P69": "10810.7", "PWD_P70": "10928.9", "PWD_P71": "11099.3", "PWD_P72": "11112.0", "PWD_P73": "11223.3", "PWD_P74": "11332.9", "PWD_P75": "11363.9", "PWD_P76": "11441.0", "PWD_P77": "11516.0", "PWD_P78": "11546.5", "PWD_P79": "11571.7", "PWD_P80": "11592.7", "PWD_P81": "11618.9", "PWD_P82": "11648.7", "PWD_P83": "11690.1", "PWD_P84": "11709.1", "PWD_P85": "11728.6", "PWD_P86": "11751.7", "PWD_P87": "11770.2", "PWD_P88": "11825.2", "PWD_P89": "11876.8", "PWD_P90": "11899.2", "PWD_P91": "11968.8", "PWD_P92": "12083.6", "PWD_P93": "12144.2", "PWD_P94": "12354.2", "PWD_P95": "12454.3", "PWD_P96": "12795.6", "PWD_P97": "12872.0", "PWD_P98": "12946.8", "PWD_P99": "13173.5", "PWD_P100": "13250.9" }, "geometry": { "type": "Point", "coordinates": [ -5.3511, 36.1413 ] } },
{ "type": "Feature", "id": 84, "properties": { "lon": 142.7385, "lat": 1.2295, "year": "2015", "ISO": "KIR", "ISO_No": "296", "Name": "Kiribati", "PWC_Lat": "1.2295", "PWC_Lon": "142.7385", "Pop": "110927", "Density": "131.6", "Area": "843.0", "PWD_A": "8844.9", "PWD_G": "3570.6", "PWD_M": "4336.5", "PWD_P1": "4.1", "PWD_P2": "167.2", "PWD_P3": "244.5", "PWD_P4": "310.5", "PWD_P5": "354.4", "PWD_P6": "399.0", "PWD_P7": "441.0", "PWD_P8": "485.8", "PWD_P9": "531.2", "PWD_P10": "580.9", "PWD_P11": "615.2", "PWD_P12": "658.7", "PWD_P13": "695.5", "PWD_P14": "730.8", "PWD_P15": "768.8", "PWD_P16": "819.4", "PWD_P17": "873.1", "PWD_P18": "921.3", "PWD_P19": "967.0", "PWD_P20": "1009.0", "PWD_P21": "1057.9", "PWD_P22": "1122.1", "PWD_P23": "1181.0", "PWD_P24": "1238.7", "PWD_P25": "1290.9", "PWD_P26": "1349.1", "PWD_P27": "1402.0", "PWD_P28": "1470.4", "PWD_P29": "1528.8", "PWD_P30": "1590.6", "PWD_P31": "1664.3", "PWD_P32": "1754.2", "PWD_P33": "1836.6", "PWD_P34": "1953.1", "PWD_P35": "2073.8", "PWD_P36": "2210.9", "PWD_P37": "2314.5", "PWD_P38": "2469.3", "PWD_P39": "2597.5", "PWD_P40": "2711.0", "PWD_P41": "2856.5", "PWD_P42": "2968.6", "PWD_P43": "3099.9", "PWD_P44": "3216.8", "PWD_P45": "3376.9", "PWD_P46": "3568.0", "PWD_P47": "3688.4", "PWD_P48": "3913.6", "PWD_P49": "4119.3", "PWD_P50": "4336.5", "PWD_P51": "4548.1", "PWD_P52": "4811.5", "PWD_P53": "5034.9", "PWD_P54": "5239.9", "PWD_P55": "5402.2", "PWD_P56": "5646.1", "PWD_P57": "5756.1", "PWD_P58": "5965.8", "PWD_P59": "6104.4", "PWD_P60": "6251.4", "PWD_P61": "6423.0", "PWD_P62": "6713.6", "PWD_P63": "7007.9", "PWD_P64": "7244.3", "PWD_P65": "7501.7", "PWD_P66": "7711.3", "PWD_P67": "7960.6", "PWD_P68": "8243.7", "PWD_P69": "8535.7", "PWD_P70": "8951.9", "PWD_P71": "9429.3", "PWD_P72": "9776.9", "PWD_P73": "10224.2", "PWD_P74": "10701.4", "PWD_P75": "11108.7", "PWD_P76": "11714.2", "PWD_P77": "12344.9", "PWD_P78": "12717.4", "PWD_P79": "13426.3", "PWD_P80": "14012.9", "PWD_P81": "14566.6", "PWD_P82": "14915.0", "PWD_P83": "15501.9", "PWD_P84": "16020.6", "PWD_P85": "16606.7", "PWD_P86": "17969.5", "PWD_P87": "18680.5", "PWD_P88": "19583.2", "PWD_P89": "21798.4", "PWD_P90": "22603.9", "PWD_P91": "24628.2", "PWD_P92": "25313.9", "PWD_P93": "27197.4", "PWD_P94": "28673.3", "PWD_P95": "29763.9", "PWD_P96": "31566.2", "PWD_P97": "40426.3", "PWD_P98": "50015.9", "PWD_P99": "78449.9", "PWD_P100": "84357.6" }, "geometry": { "type": "Point", "coordinates": [ 142.7385, 1.2295 ] } },
{ "type": "Feature", "id": 85, "properties": { "lon": 23.321849822998047, "lat": 38.692100524902344, "year": "2015", "ISO": "GRC", "ISO_No": "300", "Name": "Greece", "PWC_Lat": "38.6921005249023", "PWC_Lon": "23.321849822998", "Pop": "10659737", "Density": "80.6", "Area": "132233.2", "PWD_A": "6619.1", "PWD_G": "1476.1", "PWD_M": "2907.0", "PWD_P1": "4.8", "PWD_P2": "7.3", "PWD_P3": "9.8", "PWD_P4": "12.6", "PWD_P5": "15.9", "PWD_P6": "19.5", "PWD_P7": "23.5", "PWD_P8": "28.1", "PWD_P9": "33.2", "PWD_P10": "39.0", "PWD_P11": "45.5", "PWD_P12": "52.6", "PWD_P13": "60.5", "PWD_P14": "69.1", "PWD_P15": "78.6", "PWD_P16": "89.0", "PWD_P17": "100.3", "PWD_P18": "112.8", "PWD_P19": "126.6", "PWD_P20": "141.8", "PWD_P21": "158.5", "PWD_P22": "176.8", "PWD_P23": "197.2", "PWD_P24": "220.1", "PWD_P25": "245.5", "PWD_P26": "273.5", "PWD_P27": "305.0", "PWD_P28": "339.8", "PWD_P29": "378.7", "PWD_P30": "422.8", "PWD_P31": "470.3", "PWD_P32": "524.1", "PWD_P33": "582.9", "PWD_P34": "649.5", "PWD_P35": "723.1", "PWD_P36": "805.0", "PWD_P37": "893.7", "PWD_P38": "989.4", "PWD_P39": "1094.4", "PWD_P40": "1210.6", "PWD_P41": "1332.2", "PWD_P42": "1467.2", "PWD_P43": "1605.7", "PWD_P44": "1752.5", "PWD_P45": "1912.0", "PWD_P46": "2086.1", "PWD_P47": "2267.5", "PWD_P48": "2464.0", "PWD_P49": "2680.0", "PWD_P50": "2907.0", "PWD_P51": "3147.1", "PWD_P52": "3405.9", "PWD_P53": "3660.9", "PWD_P54": "3940.6", "PWD_P55": "4235.6", "PWD_P56": "4537.7", "PWD_P57": "4851.7", "PWD_P58": "5174.9", "PWD_P59": "5503.2", "PWD_P60": "5838.0", "PWD_P61": "6190.8", "PWD_P62": "6539.9", "PWD_P63": "6918.8", "PWD_P64": "7288.6", "PWD_P65": "7656.8", "PWD_P66": "8023.6", "PWD_P67": "8394.6", "PWD_P68": "8750.7", "PWD_P69": "9114.9", "PWD_P70": "9486.8", "PWD_P71": "9853.5", "PWD_P72": "10229.3", "PWD_P73": "10613.3", "PWD_P74": "11049.4", "PWD_P75": "11456.4", "PWD_P76": "11903.1", "PWD_P77": "12344.0", "PWD_P78": "12819.7", "PWD_P79": "13301.7", "PWD_P80": "13791.2", "PWD_P81": "14269.1", "PWD_P82": "14703.6", "PWD_P83": "15191.4", "PWD_P84": "15689.8", "PWD_P85": "16194.5", "PWD_P86": "16753.4", "PWD_P87": "17330.1", "PWD_P88": "17885.1", "PWD_P89": "18411.1", "PWD_P90": "19016.8", "PWD_P91": "19698.6", "PWD_P92": "20384.1", "PWD_P93": "21104.8", "PWD_P94": "21974.4", "PWD_P95": "22943.8", "PWD_P96": "23819.4", "PWD_P97": "24836.7", "PWD_P98": "25804.6", "PWD_P99": "27279.1", "PWD_P100": "42891.5" }, "geometry": { "type": "Point", "coordinates": [ 23.321849822998047, 38.692100524902344 ] } },
{ "type": "Feature", "id": 86, "properties": { "lon": -61.681175231933594, "lat": 12.112033843994141, "year": "2015", "ISO": "GRD", "ISO_No": "308", "Name": "Grenada", "PWC_Lat": "12.1120338439941", "PWC_Lon": "-61.6811752319336", "Pop": "109603", "Density": "292.5", "Area": "374.7", "PWD_A": "704.5", "PWD_G": "490.9", "PWD_M": "602.2", "PWD_P1": "45.1", "PWD_P2": "56.7", "PWD_P3": "65.5", "PWD_P4": "72.8", "PWD_P5": "79.7", "PWD_P6": "86.7", "PWD_P7": "94.9", "PWD_P8": "104.2", "PWD_P9": "114.4", "PWD_P10": "124.2", "PWD_P11": "133.5", "PWD_P12": "142.1", "PWD_P13": "151.3", "PWD_P14": "159.6", "PWD_P15": "167.7", "PWD_P16": "176.0", "PWD_P17": "184.6", "PWD_P18": "193.1", "PWD_P19": "201.6", "PWD_P20": "211.0", "PWD_P21": "220.1", "PWD_P22": "229.0", "PWD_P23": "237.6", "PWD_P24": "246.9", "PWD_P25": "255.3", "PWD_P26": "264.2", "PWD_P27": "272.6", "PWD_P28": "282.2", "PWD_P29": "291.5", "PWD_P30": "302.4", "PWD_P31": "312.9", "PWD_P32": "323.7", "PWD_P33": "335.4", "PWD_P34": "347.8", "PWD_P35": "361.5", "PWD_P36": "374.9", "PWD_P37": "388.7", "PWD_P38": "404.5", "PWD_P39": "421.1", "PWD_P40": "436.3", "PWD_P41": "452.7", "PWD_P42": "468.2", "PWD_P43": "487.4", "PWD_P44": "503.9", "PWD_P45": "519.7", "PWD_P46": "534.3", "PWD_P47": "552.3", "PWD_P48": "568.3", "PWD_P49": "584.3", "PWD_P50": "602.2", "PWD_P51": "618.7", "PWD_P52": "638.4", "PWD_P53": "655.5", "PWD_P54": "673.6", "PWD_P55": "692.5", "PWD_P56": "707.6", "PWD_P57": "726.9", "PWD_P58": "746.8", "PWD_P59": "766.8", "PWD_P60": "787.4", "PWD_P61": "805.4", "PWD_P62": "823.7", "PWD_P63": "840.7", "PWD_P64": "856.5", "PWD_P65": "870.9", "PWD_P66": "886.0", "PWD_P67": "900.1", "PWD_P68": "915.2", "PWD_P69": "931.6", "PWD_P70": "946.8", "PWD_P71": "962.2", "PWD_P72": "976.6", "PWD_P73": "993.6", "PWD_P74": "1010.3", "PWD_P75": "1027.6", "PWD_P76": "1042.6", "PWD_P77": "1057.7", "PWD_P78": "1071.7", "PWD_P79": "1086.5", "PWD_P80": "1105.4", "PWD_P81": "1126.1", "PWD_P82": "1151.1", "PWD_P83": "1171.4", "PWD_P84": "1194.4", "PWD_P85": "1222.7", "PWD_P86": "1254.2", "PWD_P87": "1288.4", "PWD_P88": "1328.7", "PWD_P89": "1372.9", "PWD_P90": "1424.3", "PWD_P91": "1490.0", "PWD_P92": "1561.9", "PWD_P93": "1635.6", "PWD_P94": "1707.6", "PWD_P95": "1792.8", "PWD_P96": "1888.0", "PWD_P97": "1980.3", "PWD_P98": "2089.3", "PWD_P99": "2280.4", "PWD_P100": "2481.9" }, "geometry": { "type": "Point", "coordinates": [ -61.681175231933594, 12.112033843994141 ] } },
{ "type": "Feature", "id": 87, "properties": { "lon": -61.544189453125, "lat": 16.208196640014648, "year": "2015", "ISO": "GLP", "ISO_No": "312", "Name": "Guadeloupe", "PWC_Lat": "16.2081966400146", "PWC_Lon": "-61.544189453125", "Pop": "400259", "Density": "237.9", "Area": "1682.6", "PWD_A": "811.1", "PWD_G": "490.2", "PWD_M": "582.1", "PWD_P1": "23.8", "PWD_P2": "30.6", "PWD_P3": "38.1", "PWD_P4": "47.2", "PWD_P5": "57.2", "PWD_P6": "67.9", "PWD_P7": "78.8", "PWD_P8": "89.3", "PWD_P9": "100.5", "PWD_P10": "111.8", "PWD_P11": "122.6", "PWD_P12": "133.3", "PWD_P13": "144.3", "PWD_P14": "155.5", "PWD_P15": "167.6", "PWD_P16": "179.9", "PWD_P17": "192.2", "PWD_P18": "203.7", "PWD_P19": "215.4", "PWD_P20": "227.3", "PWD_P21": "238.8", "PWD_P22": "250.2", "PWD_P23": "261.0", "PWD_P24": "272.1", "PWD_P25": "283.5", "PWD_P26": "294.7", "PWD_P27": "306.0", "PWD_P28": "316.6", "PWD_P29": "327.7", "PWD_P30": "338.9", "PWD_P31": "350.0", "PWD_P32": "361.2", "PWD_P33": "372.0", "PWD_P34": "383.6", "PWD_P35": "395.7", "PWD_P36": "407.4", "PWD_P37": "418.8", "PWD_P38": "430.6", "PWD_P39": "442.0", "PWD_P40": "453.8", "PWD_P41": "465.5", "PWD_P42": "478.3", "PWD_P43": "490.1", "PWD_P44": "502.6", "PWD_P45": "515.8", "PWD_P46": "528.9", "PWD_P47": "541.7", "PWD_P48": "554.6", "PWD_P49": "568.1", "PWD_P50": "582.1", "PWD_P51": "596.0", "PWD_P52": "609.8", "PWD_P53": "622.6", "PWD_P54": "636.1", "PWD_P55": "649.9", "PWD_P56": "663.7", "PWD_P57": "677.4", "PWD_P58": "691.1", "PWD_P59": "704.6", "PWD_P60": "718.5", "PWD_P61": "731.4", "PWD_P62": "745.9", "PWD_P63": "760.3", "PWD_P64": "775.0", "PWD_P65": "789.1", "PWD_P66": "803.4", "PWD_P67": "818.6", "PWD_P68": "834.3", "PWD_P69": "851.0", "PWD_P70": "868.1", "PWD_P71": "883.5", "PWD_P72": "902.4", "PWD_P73": "919.0", "PWD_P74": "936.8", "PWD_P75": "955.0", "PWD_P76": "975.0", "PWD_P77": "996.3", "PWD_P78": "1016.2", "PWD_P79": "1038.9", "PWD_P80": "1062.8", "PWD_P81": "1091.1", "PWD_P82": "1120.0", "PWD_P83": "1150.0", "PWD_P84": "1183.4", "PWD_P85": "1215.7", "PWD_P86": "1244.4", "PWD_P87": "1281.9", "PWD_P88": "1333.7", "PWD_P89": "1398.3", "PWD_P90": "1474.9", "PWD_P91": "1584.1", "PWD_P92": "1729.7", "PWD_P93": "1845.1", "PWD_P94": "2027.4", "PWD_P95": "2361.3", "PWD_P96": "2642.2", "PWD_P97": "4654.8", "PWD_P98": "4987.2", "PWD_P99": "5249.2", "PWD_P100": "5716.0" }, "geometry": { "type": "Point", "coordinates": [ -61.544189453125, 16.208196640014648 ] } },
{ "type": "Feature", "id": 88, "properties": { "lon": 144.80218505859375, "lat": 13.485196113586426, "year": "2015", "ISO": "GUM", "ISO_No": "316", "Name": "Guam", "PWC_Lat": "13.4851961135864", "PWC_Lon": "144.802185058594", "Pop": "161851", "Density": "288.1", "Area": "561.8", "PWD_A": "2021.2", "PWD_G": "1227.6", "PWD_M": "1542.7", "PWD_P1": "26.6", "PWD_P2": "48.6", "PWD_P3": "74.6", "PWD_P4": "99.9", "PWD_P5": "126.7", "PWD_P6": "151.8", "PWD_P7": "178.7", "PWD_P8": "204.6", "PWD_P9": "229.5", "PWD_P10": "251.8", "PWD_P11": "276.9", "PWD_P12": "304.4", "PWD_P13": "333.7", "PWD_P14": "364.4", "PWD_P15": "393.9", "PWD_P16": "423.5", "PWD_P17": "452.6", "PWD_P18": "479.4", "PWD_P19": "505.7", "PWD_P20": "533.1", "PWD_P21": "562.0", "PWD_P22": "587.7", "PWD_P23": "616.3", "PWD_P24": "644.6", "PWD_P25": "671.8", "PWD_P26": "696.5", "PWD_P27": "725.3", "PWD_P28": "753.0", "PWD_P29": "777.2", "PWD_P30": "805.4", "PWD_P31": "831.7", "PWD_P32": "862.0", "PWD_P33": "890.6", "PWD_P34": "926.8", "PWD_P35": "957.8", "PWD_P36": "997.5", "PWD_P37": "1032.5", "PWD_P38": "1066.4", "PWD_P39": "1098.7", "PWD_P40": "1130.7", "PWD_P41": "1161.6", "PWD_P42": "1198.5", "PWD_P43": "1243.7", "PWD_P44": "1296.4", "PWD_P45": "1339.1", "PWD_P46": "1387.2", "PWD_P47": "1426.8", "PWD_P48": "1468.2", "PWD_P49": "1503.7", "PWD_P50": "1542.7", "PWD_P51": "1586.7", "PWD_P52": "1644.3", "PWD_P53": "1691.9", "PWD_P54": "1740.1", "PWD_P55": "1782.3", "PWD_P56": "1827.1", "PWD_P57": "1874.9", "PWD_P58": "1921.6", "PWD_P59": "1966.5", "PWD_P60": "2010.4", "PWD_P61": "2057.2", "PWD_P62": "2116.3", "PWD_P63": "2161.3", "PWD_P64": "2211.5", "PWD_P65": "2265.1", "PWD_P66": "2328.0", "PWD_P67": "2395.1", "PWD_P68": "2450.1", "PWD_P69": "2517.3", "PWD_P70": "2591.4", "PWD_P71": "2647.7", "PWD_P72": "2711.1", "PWD_P73": "2787.1", "PWD_P74": "2854.0", "PWD_P75": "2921.0", "PWD_P76": "2996.7", "PWD_P77": "3061.9", "PWD_P78": "3151.5", "PWD_P79": "3219.3", "PWD_P80": "3280.8", "PWD_P81": "3353.2", "PWD_P82": "3431.4", "PWD_P83": "3513.2", "PWD_P84": "3584.0", "PWD_P85": "3676.3", "PWD_P86": "3756.8", "PWD_P87": "3827.8", "PWD_P88": "3933.4", "PWD_P89": "4058.1", "PWD_P90": "4215.3", "PWD_P91": "4382.0", "PWD_P92": "4562.2", "PWD_P93": "4762.6", "PWD_P94": "4987.2", "PWD_P95": "5200.3", "PWD_P96": "5539.6", "PWD_P97": "6047.9", "PWD_P98": "6730.8", "PWD_P99": "9275.9", "PWD_P100": "14061.4" }, "geometry": { "type": "Point", "coordinates": [ 144.80218505859375, 13.485196113586426 ] } },
{ "type": "Feature", "id": 89, "properties": { "lon": -90.760452270507812, "lat": 14.957698822021484, "year": "2015", "ISO": "GTM", "ISO_No": "320", "Name": "Guatemala", "PWC_Lat": "14.9576988220215", "PWC_Lon": "-90.7604522705078", "Pop": "16252424", "Density": "148.8", "Area": "109227.2", "PWD_A": "1830.1", "PWD_G": "496.7", "PWD_M": "404.0", "PWD_P1": "15.2", "PWD_P2": "24.5", "PWD_P3": "32.8", "PWD_P4": "39.7", "PWD_P5": "45.7", "PWD_P6": "50.9", "PWD_P7": "55.6", "PWD_P8": "60.2", "PWD_P9": "64.9", "PWD_P10": "70.1", "PWD_P11": "75.7", "PWD_P12": "81.0", "PWD_P13": "86.1", "PWD_P14": "91.1", "PWD_P15": "96.1", "PWD_P16": "101.0", "PWD_P17": "106.1", "PWD_P18": "111.3", "PWD_P19": "116.5", "PWD_P20": "121.6", "PWD_P21": "126.7", "PWD_P22": "131.9", "PWD_P23": "137.2", "PWD_P24": "142.5", "PWD_P25": "147.7", "PWD_P26": "153.1", "PWD_P27": "158.7", "PWD_P28": "164.4", "PWD_P29": "170.2", "PWD_P30": "176.3", "PWD_P31": "182.5", "PWD_P32": "189.1", "PWD_P33": "196.0", "PWD_P34": "203.3", "PWD_P35": "211.0", "PWD_P36": "219.3", "PWD_P37": "228.1", "PWD_P38": "237.5", "PWD_P39": "247.4", "PWD_P40": "257.8", "PWD_P41": "268.8", "PWD_P42": "280.3", "PWD_P43": "292.5", "PWD_P44": "305.6", "PWD_P45": "319.5", "PWD_P46": "334.5", "PWD_P47": "350.7", "PWD_P48": "367.9", "PWD_P49": "385.6", "PWD_P50": "404.0", "PWD_P51": "423.1", "PWD_P52": "443.2", "PWD_P53": "464.6", "PWD_P54": "487.9", "PWD_P55": "513.6", "PWD_P56": "540.9", "PWD_P57": "570.0", "PWD_P58": "601.1", "PWD_P59": "634.8", "PWD_P60": "669.5", "PWD_P61": "707.5", "PWD_P62": "747.8", "PWD_P63": "792.3", "PWD_P64": "838.7", "PWD_P65": "889.1", "PWD_P66": "943.5", "PWD_P67": "1002.3", "PWD_P68": "1065.3", "PWD_P69": "1130.5", "PWD_P70": "1195.1", "PWD_P71": "1260.5", "PWD_P72": "1331.0", "PWD_P73": "1407.7", "PWD_P74": "1496.0", "PWD_P75": "1589.9", "PWD_P76": "1690.8", "PWD_P77": "1799.9", "PWD_P78": "1921.5", "PWD_P79": "2061.3", "PWD_P80": "2221.4", "PWD_P81": "2396.4", "PWD_P82": "2597.0", "PWD_P83": "2821.8", "PWD_P84": "3071.8", "PWD_P85": "3363.1", "PWD_P86": "3742.2", "PWD_P87": "4177.0", "PWD_P88": "4691.2", "PWD_P89": "5301.8", "PWD_P90": "6037.9", "PWD_P91": "6834.7", "PWD_P92": "7659.5", "PWD_P93": "8497.0", "PWD_P94": "9282.5", "PWD_P95": "9986.7", "PWD_P96": "10794.9", "PWD_P97": "11685.6", "PWD_P98": "12979.8", "PWD_P99": "15028.7", "PWD_P100": "37654.3" }, "geometry": { "type": "Point", "coordinates": [ -90.760452270507812, 14.957698822021484 ] } },
{ "type": "Feature", "id": 90, "properties": { "lon": -11.590472221374512, "lat": 10.166333198547363, "year": "2015", "ISO": "GIN", "ISO_No": "324", "Name": "Guinea", "PWC_Lat": "10.1663331985474", "PWC_Lon": "-11.5904722213745", "Pop": "11432096", "Density": "46.6", "Area": "245069.9", "PWD_A": "1765.1", "PWD_G": "207.7", "PWD_M": "107.8", "PWD_P1": "5.6", "PWD_P2": "7.5", "PWD_P3": "9.1", "PWD_P4": "10.5", "PWD_P5": "11.8", "PWD_P6": "13.1", "PWD_P7": "14.4", "PWD_P8": "15.7", "PWD_P9": "16.9", "PWD_P10": "18.0", "PWD_P11": "19.2", "PWD_P12": "20.4", "PWD_P13": "21.6", "PWD_P14": "22.9", "PWD_P15": "24.1", "PWD_P16": "25.4", "PWD_P17": "26.7", "PWD_P18": "28.1", "PWD_P19": "29.4", "PWD_P20": "30.8", "PWD_P21": "32.2", "PWD_P22": "33.7", "PWD_P23": "35.2", "PWD_P24": "36.6", "PWD_P25": "38.2", "PWD_P26": "39.8", "PWD_P27": "41.4", "PWD_P28": "43.0", "PWD_P29": "44.7", "PWD_P30": "46.5", "PWD_P31": "48.4", "PWD_P32": "50.3", "PWD_P33": "52.3", "PWD_P34": "54.4", "PWD_P35": "56.5", "PWD_P36": "58.6", "PWD_P37": "60.8", "PWD_P38": "63.2", "PWD_P39": "65.8", "PWD_P40": "68.6", "PWD_P41": "71.5", "PWD_P42": "74.5", "PWD_P43": "77.8", "PWD_P44": "81.2", "PWD_P45": "84.8", "PWD_P46": "88.7", "PWD_P47": "92.8", "PWD_P48": "97.4", "PWD_P49": "102.4", "PWD_P50": "107.8", "PWD_P51": "113.7", "PWD_P52": "120.2", "PWD_P53": "127.5", "PWD_P54": "135.5", "PWD_P55": "144.5", "PWD_P56": "154.2", "PWD_P57": "164.8", "PWD_P58": "176.6", "PWD_P59": "190.8", "PWD_P60": "206.9", "PWD_P61": "225.7", "PWD_P62": "247.4", "PWD_P63": "272.7", "PWD_P64": "303.4", "PWD_P65": "338.3", "PWD_P66": "380.8", "PWD_P67": "433.3", "PWD_P68": "502.7", "PWD_P69": "591.8", "PWD_P70": "693.9", "PWD_P71": "801.3", "PWD_P72": "926.0", "PWD_P73": "1051.1", "PWD_P74": "1182.3", "PWD_P75": "1379.5", "PWD_P76": "1595.2", "PWD_P77": "1882.3", "PWD_P78": "2185.6", "PWD_P79": "2444.7", "PWD_P80": "2791.7", "PWD_P81": "3175.0", "PWD_P82": "3485.8", "PWD_P83": "3775.7", "PWD_P84": "4102.9", "PWD_P85": "4503.3", "PWD_P86": "4815.1", "PWD_P87": "5122.9", "PWD_P88": "5463.9", "PWD_P89": "5820.7", "PWD_P90": "6176.9", "PWD_P91": "6575.4", "PWD_P92": "7097.4", "PWD_P93": "7724.8", "PWD_P94": "8726.6", "PWD_P95": "9802.0", "PWD_P96": "11081.6", "PWD_P97": "12497.4", "PWD_P98": "15042.7", "PWD_P99": "17587.7", "PWD_P100": "22655.1" }, "geometry": { "type": "Point", "coordinates": [ -11.590472221374512, 10.166333198547363 ] } },
{ "type": "Feature", "id": 91, "properties": { "lon": -58.192745208740234, "lat": 6.5154585838317871, "year": "2015", "ISO": "GUY", "ISO_No": "328", "Name": "Guyana", "PWC_Lat": "6.51545858383179", "PWC_Lon": "-58.1927452087402", "Pop": "767433", "Density": "3.7", "Area": "210153.5", "PWD_A": "1326.3", "PWD_G": "309.2", "PWD_M": "552.5", "PWD_P1": "0.2", "PWD_P2": "0.4", "PWD_P3": "0.8", "PWD_P4": "1.2", "PWD_P5": "1.6", "PWD_P6": "2.2", "PWD_P7": "2.8", "PWD_P8": "3.9", "PWD_P9": "5.5", "PWD_P10": "8.3", "PWD_P11": "12.0", "PWD_P12": "15.9", "PWD_P13": "19.9", "PWD_P14": "23.7", "PWD_P15": "28.8", "PWD_P16": "34.7", "PWD_P17": "40.9", "PWD_P18": "47.2", "PWD_P19": "53.4", "PWD_P20": "59.8", "PWD_P21": "66.3", "PWD_P22": "73.2", "PWD_P23": "80.8", "PWD_P24": "88.6", "PWD_P25": "96.2", "PWD_P26": "104.3", "PWD_P27": "113.5", "PWD_P28": "123.1", "PWD_P29": "133.0", "PWD_P30": "144.7", "PWD_P31": "156.6", "PWD_P32": "168.4", "PWD_P33": "181.8", "PWD_P34": "197.7", "PWD_P35": "214.1", "PWD_P36": "233.0", "PWD_P37": "255.0", "PWD_P38": "278.2", "PWD_P39": "302.1", "PWD_P40": "325.0", "PWD_P41": "347.1", "PWD_P42": "370.4", "PWD_P43": "392.8", "PWD_P44": "414.7", "PWD_P45": "438.3", "PWD_P46": "460.4", "PWD_P47": "483.1", "PWD_P48": "504.8", "PWD_P49": "528.0", "PWD_P50": "552.5", "PWD_P51": "578.4", "PWD_P52": "606.7", "PWD_P53": "639.4", "PWD_P54": "674.2", "PWD_P55": "710.9", "PWD_P56": "748.4", "PWD_P57": "787.5", "PWD_P58": "828.1", "PWD_P59": "867.3", "PWD_P60": "908.9", "PWD_P61": "954.8", "PWD_P62": "1001.9", "PWD_P63": "1054.3", "PWD_P64": "1101.6", "PWD_P65": "1151.0", "PWD_P66": "1201.0", "PWD_P67": "1254.4", "PWD_P68": "1303.4", "PWD_P69": "1351.8", "PWD_P70": "1398.4", "PWD_P71": "1451.5", "PWD_P72": "1503.9", "PWD_P73": "1554.9", "PWD_P74": "1607.0", "PWD_P75": "1675.0", "PWD_P76": "1773.4", "PWD_P77": "1903.2", "PWD_P78": "2114.6", "PWD_P79": "2384.5", "PWD_P80": "2736.4", "PWD_P81": "3095.0", "PWD_P82": "3361.1", "PWD_P83": "3563.6", "PWD_P84": "3711.1", "PWD_P85": "3854.1", "PWD_P86": "3968.7", "PWD_P87": "4060.6", "PWD_P88": "4135.4", "PWD_P89": "4234.3", "PWD_P90": "4316.2", "PWD_P91": "4397.7", "PWD_P92": "4472.3", "PWD_P93": "4545.9", "PWD_P94": "4643.8", "PWD_P95": "4742.8", "PWD_P96": "4867.0", "PWD_P97": "5000.0", "PWD_P98": "5228.1", "PWD_P99": "5805.9", "PWD_P100": "9843.7" }, "geometry": { "type": "Point", "coordinates": [ -58.192745208740234, 6.515458583831787 ] } },
{ "type": "Feature", "id": 92, "properties": { "lon": -72.603729248046875, "lat": 18.888832092285156, "year": "2015", "ISO": "HTI", "ISO_No": "332", "Name": "Haiti", "PWC_Lat": "18.8888320922852", "PWC_Lon": "-72.6037292480469", "Pop": "10695540", "Density": "395.0", "Area": "27074.7", "PWD_A": "6692.0", "PWD_G": "1375.7", "PWD_M": "853.1", "PWD_P1": "62.1", "PWD_P2": "83.7", "PWD_P3": "97.5", "PWD_P4": "108.4", "PWD_P5": "117.6", "PWD_P6": "126.0", "PWD_P7": "133.7", "PWD_P8": "141.0", "PWD_P9": "148.0", "PWD_P10": "154.8", "PWD_P11": "161.2", "PWD_P12": "167.6", "PWD_P13": "174.0", "PWD_P14": "180.4", "PWD_P15": "186.9", "PWD_P16": "193.6", "PWD_P17": "200.7", "PWD_P18": "208.0", "PWD_P19": "215.6", "PWD_P20": "223.4", "PWD_P21": "231.6", "PWD_P22": "240.3", "PWD_P23": "249.5", "PWD_P24": "258.7", "PWD_P25": "268.1", "PWD_P26": "278.0", "PWD_P27": "288.4", "PWD_P28": "299.4", "PWD_P29": "311.0", "PWD_P30": "323.1", "PWD_P31": "335.6", "PWD_P32": "348.8", "PWD_P33": "362.7", "PWD_P34": "377.9", "PWD_P35": "393.8", "PWD_P36": "411.0", "PWD_P37": "429.0", "PWD_P38": "448.1", "PWD_P39": "468.6", "PWD_P40": "490.4", "PWD_P41": "514.1", "PWD_P42": "539.4", "PWD_P43": "567.3", "PWD_P44": "597.5", "PWD_P45": "630.7", "PWD_P46": "667.2", "PWD_P47": "706.4", "PWD_P48": "749.7", "PWD_P49": "798.3", "PWD_P50": "853.1", "PWD_P51": "913.9", "PWD_P52": "981.9", "PWD_P53": "1058.6", "PWD_P54": "1142.5", "PWD_P55": "1233.7", "PWD_P56": "1340.0", "PWD_P57": "1464.1", "PWD_P58": "1602.0", "PWD_P59": "1760.3", "PWD_P60": "1935.1", "PWD_P61": "2139.6", "PWD_P62": "2367.4", "PWD_P63": "2625.9", "PWD_P64": "2917.2", "PWD_P65": "3257.3", "PWD_P66": "3613.9", "PWD_P67": "3991.7", "PWD_P68": "4437.4", "PWD_P69": "4925.5", "PWD_P70": "5322.4", "PWD_P71": "5790.5", "PWD_P72": "6385.5", "PWD_P73": "7056.4", "PWD_P74": "7785.9", "PWD_P75": "8448.4", "PWD_P76": "9114.7", "PWD_P77": "9718.9", "PWD_P78": "10379.6", "PWD_P79": "11048.9", "PWD_P80": "11817.1", "PWD_P81": "12519.6", "PWD_P82": "13285.9", "PWD_P83": "14284.3", "PWD_P84": "15439.9", "PWD_P85": "16338.2", "PWD_P86": "17358.7", "PWD_P87": "18656.2", "PWD_P88": "20060.9", "PWD_P89": "21682.4", "PWD_P90": "22890.4", "PWD_P91": "24344.1", "PWD_P92": "25549.1", "PWD_P93": "26588.1", "PWD_P94": "28132.3", "PWD_P95": "30764.9", "PWD_P96": "35235.5", "PWD_P97": "41618.7", "PWD_P98": "49017.8", "PWD_P99": "53390.9", "PWD_P100": "60264.1" }, "geometry": { "type": "Point", "coordinates": [ -72.603729248046875, 18.888832092285156 ] } },
{ "type": "Feature", "id": 93, "properties": { "lon": -87.462562561035156, "lat": 14.75702953338623, "year": "2015", "ISO": "HND", "ISO_No": "340", "Name": "Honduras", "PWC_Lat": "14.7570295333862", "PWC_Lon": "-87.4625625610352", "Pop": "9112903", "Density": "81.3", "Area": "112024.5", "PWD_A": "1409.5", "PWD_G": "416.7", "PWD_M": "406.3", "PWD_P1": "7.8", "PWD_P2": "12.3", "PWD_P3": "16.1", "PWD_P4": "19.6", "PWD_P5": "22.8", "PWD_P6": "25.9", "PWD_P7": "28.8", "PWD_P8": "31.7", "PWD_P9": "34.6", "PWD_P10": "37.5", "PWD_P11": "40.5", "PWD_P12": "43.4", "PWD_P13": "46.3", "PWD_P14": "49.2", "PWD_P15": "52.1", "PWD_P16": "55.1", "PWD_P17": "58.3", "PWD_P18": "61.5", "PWD_P19": "64.8", "PWD_P20": "68.3", "PWD_P21": "71.9", "PWD_P22": "75.7", "PWD_P23": "79.7", "PWD_P24": "84.0", "PWD_P25": "88.4", "PWD_P26": "92.9", "PWD_P27": "97.7", "PWD_P28": "102.7", "PWD_P29": "108.2", "PWD_P30": "114.2", "PWD_P31": "120.5", "PWD_P32": "127.2", "PWD_P33": "134.3", "PWD_P34": "141.9", "PWD_P35": "150.0", "PWD_P36": "158.6", "PWD_P37": "167.6", "PWD_P38": "177.2", "PWD_P39": "187.4", "PWD_P40": "198.9", "PWD_P41": "211.4", "PWD_P42": "225.4", "PWD_P43": "240.9", "PWD_P44": "257.9", "PWD_P45": "276.9", "PWD_P46": "298.0", "PWD_P47": "321.0", "PWD_P48": "346.7", "PWD_P49": "374.9", "PWD_P50": "406.3", "PWD_P51": "439.9", "PWD_P52": "476.9", "PWD_P53": "515.5", "PWD_P54": "556.4", "PWD_P55": "600.6", "PWD_P56": "648.0", "PWD_P57": "702.2", "PWD_P58": "763.0", "PWD_P59": "830.0", "PWD_P60": "916.4", "PWD_P61": "1014.7", "PWD_P62": "1122.9", "PWD_P63": "1234.8", "PWD_P64": "1363.5", "PWD_P65": "1477.5", "PWD_P66": "1592.1", "PWD_P67": "1715.3", "PWD_P68": "1854.3", "PWD_P69": "2003.2", "PWD_P70": "2151.0", "PWD_P71": "2298.3", "PWD_P72": "2448.6", "PWD_P73": "2594.2", "PWD_P74": "2735.3", "PWD_P75": "2854.0", "PWD_P76": "2971.2", "PWD_P77": "3081.5", "PWD_P78": "3188.6", "PWD_P79": "3288.9", "PWD_P80": "3379.8", "PWD_P81": "3466.7", "PWD_P82": "3562.6", "PWD_P83": "3670.3", "PWD_P84": "3818.4", "PWD_P85": "3958.2", "PWD_P86": "4068.2", "PWD_P87": "4148.9", "PWD_P88": "4212.1", "PWD_P89": "4265.7", "PWD_P90": "4319.1", "PWD_P91": "4369.3", "PWD_P92": "4416.4", "PWD_P93": "4460.2", "PWD_P94": "4509.4", "PWD_P95": "4562.1", "PWD_P96": "4618.7", "PWD_P97": "4679.5", "PWD_P98": "4758.1", "PWD_P99": "4947.3", "PWD_P100": "7587.0" }, "geometry": { "type": "Point", "coordinates": [ -87.462562561035156, 14.75702953338623 ] } },
{ "type": "Feature", "id": 94, "properties": { "lon": 114.15229034423828, "lat": 22.35322380065918, "year": "2015", "ISO": "HKG", "ISO_No": "344", "Name": "Hong Kong", "PWC_Lat": "22.3532238006592", "PWC_Lon": "114.152290344238", "Pop": "7185992", "Density": "6218.9", "Area": "1155.5", "PWD_A": "80582.7", "PWD_G": "44643.0", "PWD_M": "65982.4", "PWD_P1": "354.3", "PWD_P2": "794.6", "PWD_P3": "1289.3", "PWD_P4": "1829.6", "PWD_P5": "2441.4", "PWD_P6": "3028.4", "PWD_P7": "3699.2", "PWD_P8": "4463.8", "PWD_P9": "5270.3", "PWD_P10": "6195.2", "PWD_P11": "7192.6", "PWD_P12": "8157.2", "PWD_P13": "9150.6", "PWD_P14": "10199.8", "PWD_P15": "11327.0", "PWD_P16": "12536.9", "PWD_P17": "13792.2", "PWD_P18": "15108.9", "PWD_P19": "16382.5", "PWD_P20": "17872.1", "PWD_P21": "19532.8", "PWD_P22": "21123.2", "PWD_P23": "22726.1", "PWD_P24": "24329.9", "PWD_P25": "25898.4", "PWD_P26": "27603.3", "PWD_P27": "28989.7", "PWD_P28": "30546.7", "PWD_P29": "32078.4", "PWD_P30": "33556.0", "PWD_P31": "34952.3", "PWD_P32": "36483.2", "PWD_P33": "38158.2", "PWD_P34": "39595.8", "PWD_P35": "41140.9", "PWD_P36": "42559.5", "PWD_P37": "44000.1", "PWD_P38": "45699.2", "PWD_P39": "47190.2", "PWD_P40": "48884.4", "PWD_P41": "50264.8", "PWD_P42": "51750.7", "PWD_P43": "53285.0", "PWD_P44": "54774.2", "PWD_P45": "56603.7", "PWD_P46": "58412.4", "PWD_P47": "60256.5", "PWD_P48": "62206.9", "PWD_P49": "64147.8", "PWD_P50": "65982.4", "PWD_P51": "67726.3", "PWD_P52": "69478.6", "PWD_P53": "71550.2", "PWD_P54": "73223.7", "PWD_P55": "75018.1", "PWD_P56": "76774.5", "PWD_P57": "78634.1", "PWD_P58": "80447.1", "PWD_P59": "82217.8", "PWD_P60": "84136.5", "PWD_P61": "85858.6", "PWD_P62": "87330.2", "PWD_P63": "89023.1", "PWD_P64": "91082.2", "PWD_P65": "92883.7", "PWD_P66": "94531.8", "PWD_P67": "96401.2", "PWD_P68": "98557.4", "PWD_P69": "100672.9", "PWD_P70": "102664.3", "PWD_P71": "104876.3", "PWD_P72": "106974.9", "PWD_P73": "109870.1", "PWD_P74": "112434.7", "PWD_P75": "115988.4", "PWD_P76": "118644.1", "PWD_P77": "121919.7", "PWD_P78": "124553.3", "PWD_P79": "128118.9", "PWD_P80": "131721.7", "PWD_P81": "134987.4", "PWD_P82": "137992.9", "PWD_P83": "142050.9", "PWD_P84": "145748.3", "PWD_P85": "149927.3", "PWD_P86": "154275.0", "PWD_P87": "158204.7", "PWD_P88": "161914.7", "PWD_P89": "167373.0", "PWD_P90": "172819.6", "PWD_P91": "178847.3", "PWD_P92": "186137.2", "PWD_P93": "193679.8", "PWD_P94": "205605.2", "PWD_P95": "215302.1", "PWD_P96": "226568.0", "PWD_P97": "239537.7", "PWD_P98": "260611.9", "PWD_P99": "302537.1", "PWD_P100": "699884.7" }, "geometry": { "type": "Point", "coordinates": [ 114.152290344238281, 22.35322380065918 ] } },
{ "type": "Feature", "id": 95, "properties": { "lon": 19.3834228515625, "lat": 47.305282592773438, "year": "2015", "ISO": "HUN", "ISO_No": "348", "Name": "Hungary", "PWC_Lat": "47.3052825927734", "PWC_Lon": "19.3834228515625", "Pop": "9777925", "Density": "107.3", "Area": "91162.6", "PWD_A": "2430.7", "PWD_G": "704.3", "PWD_M": "918.8", "PWD_P1": "8.4", "PWD_P2": "10.9", "PWD_P3": "13.2", "PWD_P4": "15.6", "PWD_P5": "18.2", "PWD_P6": "21.0", "PWD_P7": "24.1", "PWD_P8": "27.7", "PWD_P9": "31.7", "PWD_P10": "36.4", "PWD_P11": "42.0", "PWD_P12": "48.3", "PWD_P13": "55.7", "PWD_P14": "64.1", "PWD_P15": "73.4", "PWD_P16": "83.5", "PWD_P17": "94.7", "PWD_P18": "106.9", "PWD_P19": "120.2", "PWD_P20": "134.6", "PWD_P21": "150.0", "PWD_P22": "166.6", "PWD_P23": "184.2", "PWD_P24": "202.5", "PWD_P25": "221.5", "PWD_P26": "241.2", "PWD_P27": "261.5", "PWD_P28": "282.1", "PWD_P29": "303.4", "PWD_P30": "325.4", "PWD_P31": "347.8", "PWD_P32": "370.4", "PWD_P33": "393.2", "PWD_P34": "416.6", "PWD_P35": "440.8", "PWD_P36": "465.4", "PWD_P37": "490.7", "PWD_P38": "516.8", "PWD_P39": "543.6", "PWD_P40": "571.5", "PWD_P41": "600.2", "PWD_P42": "629.7", "PWD_P43": "660.8", "PWD_P44": "692.8", "PWD_P45": "726.3", "PWD_P46": "761.3", "PWD_P47": "797.7", "PWD_P48": "836.4", "PWD_P49": "876.3", "PWD_P50": "918.8", "PWD_P51": "963.5", "PWD_P52": "1009.7", "PWD_P53": "1058.2", "PWD_P54": "1108.6", "PWD_P55": "1163.0", "PWD_P56": "1219.2", "PWD_P57": "1276.9", "PWD_P58": "1339.0", "PWD_P59": "1402.4", "PWD_P60": "1470.4", "PWD_P61": "1539.7", "PWD_P62": "1612.7", "PWD_P63": "1688.8", "PWD_P64": "1769.9", "PWD_P65": "1855.1", "PWD_P66": "1944.8", "PWD_P67": "2039.4", "PWD_P68": "2139.0", "PWD_P69": "2244.6", "PWD_P70": "2357.8", "PWD_P71": "2478.2", "PWD_P72": "2606.3", "PWD_P73": "2740.6", "PWD_P74": "2882.2", "PWD_P75": "3030.0", "PWD_P76": "3188.5", "PWD_P77": "3359.5", "PWD_P78": "3531.6", "PWD_P79": "3716.7", "PWD_P80": "3913.2", "PWD_P81": "4138.4", "PWD_P82": "4365.9", "PWD_P83": "4621.9", "PWD_P84": "4883.0", "PWD_P85": "5153.5", "PWD_P86": "5435.7", "PWD_P87": "5727.4", "PWD_P88": "6050.5", "PWD_P89": "6413.5", "PWD_P90": "6797.8", "PWD_P91": "7267.5", "PWD_P92": "7742.6", "PWD_P93": "8223.4", "PWD_P94": "8732.9", "PWD_P95": "9278.3", "PWD_P96": "9984.3", "PWD_P97": "11379.0", "PWD_P98": "13733.1", "PWD_P99": "18453.3", "PWD_P100": "38170.6" }, "geometry": { "type": "Point", "coordinates": [ 19.3834228515625, 47.305282592773438 ] } },
{ "type": "Feature", "id": 96, "properties": { "lon": -21.197839736938477, "lat": 64.348213195800781, "year": "2015", "ISO": "ISL", "ISO_No": "352", "Name": "Iceland", "PWC_Lat": "64.3482131958008", "PWC_Lon": "-21.1978397369385", "Pop": "330236", "Density": "3.3", "Area": "100429.1", "PWD_A": "868.7", "PWD_G": "247.7", "PWD_M": "660.3", "PWD_P1": "0.1", "PWD_P2": "0.3", "PWD_P3": "0.5", "PWD_P4": "0.7", "PWD_P5": "1.0", "PWD_P6": "1.3", "PWD_P7": "1.6", "PWD_P8": "1.9", "PWD_P9": "2.5", "PWD_P10": "3.2", "PWD_P11": "4.0", "PWD_P12": "5.1", "PWD_P13": "6.7", "PWD_P14": "8.9", "PWD_P15": "12.4", "PWD_P16": "16.7", "PWD_P17": "21.6", "PWD_P18": "27.5", "PWD_P19": "32.2", "PWD_P20": "37.8", "PWD_P21": "44.7", "PWD_P22": "54.6", "PWD_P23": "65.7", "PWD_P24": "79.3", "PWD_P25": "92.8", "PWD_P26": "106.0", "PWD_P27": "123.7", "PWD_P28": "144.5", "PWD_P29": "163.3", "PWD_P30": "190.6", "PWD_P31": "218.2", "PWD_P32": "249.3", "PWD_P33": "278.9", "PWD_P34": "302.0", "PWD_P35": "324.9", "PWD_P36": "345.7", "PWD_P37": "361.9", "PWD_P38": "379.1", "PWD_P39": "397.6", "PWD_P40": "416.5", "PWD_P41": "435.6", "PWD_P42": "454.5", "PWD_P43": "472.8", "PWD_P44": "492.6", "PWD_P45": "513.4", "PWD_P46": "541.2", "PWD_P47": "566.9", "PWD_P48": "593.5", "PWD_P49": "623.9", "PWD_P50": "660.3", "PWD_P51": "696.2", "PWD_P52": "732.9", "PWD_P53": "774.0", "PWD_P54": "828.9", "PWD_P55": "877.9", "PWD_P56": "923.6", "PWD_P57": "966.2", "PWD_P58": "1005.8", "PWD_P59": "1044.2", "PWD_P60": "1083.9", "PWD_P61": "1123.0", "PWD_P62": "1165.5", "PWD_P63": "1217.5", "PWD_P64": "1284.7", "PWD_P65": "1348.1", "PWD_P66": "1397.9", "PWD_P67": "1423.8", "PWD_P68": "1445.5", "PWD_P69": "1466.4", "PWD_P70": "1483.1", "PWD_P71": "1500.4", "PWD_P72": "1515.3", "PWD_P73": "1533.0", "PWD_P74": "1551.2", "PWD_P75": "1568.9", "PWD_P76": "1588.9", "PWD_P77": "1608.7", "PWD_P78": "1628.5", "PWD_P79": "1651.1", "PWD_P80": "1675.4", "PWD_P81": "1703.0", "PWD_P82": "1733.8", "PWD_P83": "1762.8", "PWD_P84": "1792.3", "PWD_P85": "1819.7", "PWD_P86": "1847.2", "PWD_P87": "1874.0", "PWD_P88": "1897.4", "PWD_P89": "1921.4", "PWD_P90": "1942.8", "PWD_P91": "1965.6", "PWD_P92": "1991.3", "PWD_P93": "2020.8", "PWD_P94": "2055.6", "PWD_P95": "2097.7", "PWD_P96": "2154.4", "PWD_P97": "2222.0", "PWD_P98": "2311.0", "PWD_P99": "2456.9", "PWD_P100": "2745.0" }, "geometry": { "type": "Point", "coordinates": [ -21.197839736938477, 64.348213195800781 ] } },
{ "type": "Feature", "id": 97, "properties": { "lon": 80.1371, "lat": 22.5419, "year": "2015", "ISO": "IND", "ISO_No": "356", "Name": "India", "PWC_Lat": "22.5419", "PWC_Lon": "80.1371", "Pop": "1310152391", "Density": "422.5", "Area": "3100803.8", "PWD_A": "4696.1", "PWD_G": "1125.1", "PWD_M": "922.1", "PWD_P1": "61.2", "PWD_P2": "86.2", "PWD_P3": "103.9", "PWD_P4": "118.5", "PWD_P5": "131.5", "PWD_P6": "143.5", "PWD_P7": "155.0", "PWD_P8": "166.1", "PWD_P9": "177.1", "PWD_P10": "187.9", "PWD_P11": "198.8", "PWD_P12": "209.8", "PWD_P13": "221.0", "PWD_P14": "232.5", "PWD_P15": "244.2", "PWD_P16": "256.3", "PWD_P17": "268.6", "PWD_P18": "281.3", "PWD_P19": "294.3", "PWD_P20": "307.8", "PWD_P21": "321.6", "PWD_P22": "336.0", "PWD_P23": "350.8", "PWD_P24": "366.2", "PWD_P25": "382.0", "PWD_P26": "398.4", "PWD_P27": "415.3", "PWD_P28": "432.7", "PWD_P29": "450.7", "PWD_P30": "469.2", "PWD_P31": "488.2", "PWD_P32": "507.6", "PWD_P33": "527.5", "PWD_P34": "547.7", "PWD_P35": "568.2", "PWD_P36": "589.0", "PWD_P37": "610.3", "PWD_P38": "631.8", "PWD_P39": "653.7", "PWD_P40": "676.0", "PWD_P41": "698.6", "PWD_P42": "721.6", "PWD_P43": "745.1", "PWD_P44": "768.9", "PWD_P45": "793.1", "PWD_P46": "817.8", "PWD_P47": "843.0", "PWD_P48": "868.7", "PWD_P49": "895.1", "PWD_P50": "922.1", "PWD_P51": "949.8", "PWD_P52": "978.3", "PWD_P53": "1007.7", "PWD_P54": "1038.2", "PWD_P55": "1069.9", "PWD_P56": "1102.9", "PWD_P57": "1137.4", "PWD_P58": "1173.7", "PWD_P59": "1212.2", "PWD_P60": "1252.9", "PWD_P61": "1296.0", "PWD_P62": "1341.8", "PWD_P63": "1390.5", "PWD_P64": "1442.9", "PWD_P65": "1499.2", "PWD_P66": "1560.1", "PWD_P67": "1626.7", "PWD_P68": "1699.3", "PWD_P69": "1779.3", "PWD_P70": "1866.4", "PWD_P71": "1962.0", "PWD_P72": "2067.6", "PWD_P73": "2184.6", "PWD_P74": "2315.0", "PWD_P75": "2459.7", "PWD_P76": "2622.8", "PWD_P77": "2808.4", "PWD_P78": "3018.4", "PWD_P79": "3258.1", "PWD_P80": "3534.9", "PWD_P81": "3864.9", "PWD_P82": "4260.1", "PWD_P83": "4741.8", "PWD_P84": "5322.6", "PWD_P85": "6021.5", "PWD_P86": "6869.1", "PWD_P87": "7841.6", "PWD_P88": "8955.6", "PWD_P89": "10291.0", "PWD_P90": "11925.1", "PWD_P91": "13897.2", "PWD_P92": "16246.8", "PWD_P93": "18956.5", "PWD_P94": "22084.3", "PWD_P95": "26213.5", "PWD_P96": "31786.0", "PWD_P97": "37515.4", "PWD_P98": "44473.1", "PWD_P99": "53518.1", "PWD_P100": "268804.4" }, "geometry": { "type": "Point", "coordinates": [ 80.1371, 22.5419 ] } },
{ "type": "Feature", "id": 98, "properties": { "lon": 51.8375, "lat": 34.1682, "year": "2015", "ISO": "IRN", "ISO_No": "364", "Name": "Iran", "PWC_Lat": "34.1682", "PWC_Lon": "51.8375", "Pop": "78492208", "Density": "48.6", "Area": "1615773.7", "PWD_A": "2122.9", "PWD_G": "459.6", "PWD_M": "588.4", "PWD_P1": "3.7", "PWD_P2": "5.4", "PWD_P3": "6.9", "PWD_P4": "8.4", "PWD_P5": "9.9", "PWD_P6": "11.5", "PWD_P7": "13.1", "PWD_P8": "14.9", "PWD_P9": "16.7", "PWD_P10": "18.7", "PWD_P11": "20.7", "PWD_P12": "23.0", "PWD_P13": "25.6", "PWD_P14": "28.4", "PWD_P15": "31.7", "PWD_P16": "35.4", "PWD_P17": "39.6", "PWD_P18": "44.5", "PWD_P19": "50.2", "PWD_P20": "56.6", "PWD_P21": "63.9", "PWD_P22": "72.2", "PWD_P23": "81.6", "PWD_P24": "92.0", "PWD_P25": "103.4", "PWD_P26": "115.7", "PWD_P27": "128.9", "PWD_P28": "142.6", "PWD_P29": "156.7", "PWD_P30": "171.2", "PWD_P31": "186.1", "PWD_P32": "201.3", "PWD_P33": "217.0", "PWD_P34": "233.1", "PWD_P35": "249.5", "PWD_P36": "266.4", "PWD_P37": "283.9", "PWD_P38": "302.0", "PWD_P39": "320.6", "PWD_P40": "340.1", "PWD_P41": "360.3", "PWD_P42": "381.2", "PWD_P43": "402.9", "PWD_P44": "425.6", "PWD_P45": "449.3", "PWD_P46": "474.1", "PWD_P47": "500.5", "PWD_P48": "527.9", "PWD_P49": "557.3", "PWD_P50": "588.4", "PWD_P51": "621.3", "PWD_P52": "656.2", "PWD_P53": "692.7", "PWD_P54": "732.2", "PWD_P55": "775.0", "PWD_P56": "819.3", "PWD_P57": "866.5", "PWD_P58": "918.0", "PWD_P59": "974.1", "PWD_P60": "1034.3", "PWD_P61": "1099.1", "PWD_P62": "1167.1", "PWD_P63": "1237.2", "PWD_P64": "1315.8", "PWD_P65": "1402.9", "PWD_P66": "1486.6", "PWD_P67": "1580.5", "PWD_P68": "1676.9", "PWD_P69": "1782.6", "PWD_P70": "1900.2", "PWD_P71": "2028.0", "PWD_P72": "2157.1", "PWD_P73": "2283.6", "PWD_P74": "2406.4", "PWD_P75": "2519.8", "PWD_P76": "2627.7", "PWD_P77": "2725.0", "PWD_P78": "2828.2", "PWD_P79": "3007.9", "PWD_P80": "3169.7", "PWD_P81": "3339.7", "PWD_P82": "3564.2", "PWD_P83": "3891.0", "PWD_P84": "4349.6", "PWD_P85": "4683.6", "PWD_P86": "5126.2", "PWD_P87": "5745.4", "PWD_P88": "6147.0", "PWD_P89": "6498.1", "PWD_P90": "7156.4", "PWD_P91": "9113.7", "PWD_P92": "9768.3", "PWD_P93": "10205.3", "PWD_P94": "10623.0", "PWD_P95": "10967.0", "PWD_P96": "11271.1", "PWD_P97": "11576.3", "PWD_P98": "11884.0", "PWD_P99": "12266.0", "PWD_P100": "14297.4" }, "geometry": { "type": "Point", "coordinates": [ 51.8375, 34.1682 ] } },
{ "type": "Feature", "id": 99, "properties": { "lon": 44.63665771484375, "lat": 33.627273559570312, "year": "2015", "ISO": "IRQ", "ISO_No": "368", "Name": "Iraq", "PWC_Lat": "33.6272735595703", "PWC_Lon": "44.6366577148438", "Pop": "35572268", "Density": "80.7", "Area": "440607.9", "PWD_A": "1571.2", "PWD_G": "527.6", "PWD_M": "550.6", "PWD_P1": "9.1", "PWD_P2": "14.9", "PWD_P3": "21.3", "PWD_P4": "27.1", "PWD_P5": "32.3", "PWD_P6": "37.3", "PWD_P7": "42.3", "PWD_P8": "47.2", "PWD_P9": "52.2", "PWD_P10": "57.3", "PWD_P11": "62.6", "PWD_P12": "68.0", "PWD_P13": "73.8", "PWD_P14": "79.9", "PWD_P15": "86.1", "PWD_P16": "92.6", "PWD_P17": "99.3", "PWD_P18": "106.2", "PWD_P19": "113.2", "PWD_P20": "120.7", "PWD_P21": "128.4", "PWD_P22": "136.4", "PWD_P23": "144.5", "PWD_P24": "152.5", "PWD_P25": "160.8", "PWD_P26": "169.2", "PWD_P27": "177.9", "PWD_P28": "187.2", "PWD_P29": "197.0", "PWD_P30": "207.5", "PWD_P31": "218.2", "PWD_P32": "229.4", "PWD_P33": "241.1", "PWD_P34": "253.1", "PWD_P35": "265.7", "PWD_P36": "278.5", "PWD_P37": "291.7", "PWD_P38": "305.6", "PWD_P39": "320.2", "PWD_P40": "335.7", "PWD_P41": "352.2", "PWD_P42": "370.1", "PWD_P43": "388.9", "PWD_P44": "408.6", "PWD_P45": "429.2", "PWD_P46": "450.8", "PWD_P47": "474.0", "PWD_P48": "498.4", "PWD_P49": "523.8", "PWD_P50": "550.6", "PWD_P51": "578.4", "PWD_P52": "607.5", "PWD_P53": "637.2", "PWD_P54": "667.8", "PWD_P55": "699.7", "PWD_P56": "732.9", "PWD_P57": "767.6", "PWD_P58": "803.4", "PWD_P59": "841.7", "PWD_P60": "883.0", "PWD_P61": "927.4", "PWD_P62": "975.6", "PWD_P63": "1028.4", "PWD_P64": "1088.4", "PWD_P65": "1152.3", "PWD_P66": "1220.7", "PWD_P67": "1292.4", "PWD_P68": "1370.1", "PWD_P69": "1450.3", "PWD_P70": "1535.5", "PWD_P71": "1623.3", "PWD_P72": "1713.3", "PWD_P73": "1823.2", "PWD_P74": "1953.2", "PWD_P75": "2085.5", "PWD_P76": "2214.7", "PWD_P77": "2340.0", "PWD_P78": "2462.2", "PWD_P79": "2592.5", "PWD_P80": "2743.3", "PWD_P81": "2914.6", "PWD_P82": "3105.9", "PWD_P83": "3307.6", "PWD_P84": "3525.7", "PWD_P85": "3754.8", "PWD_P86": "3994.5", "PWD_P87": "4257.9", "PWD_P88": "4552.8", "PWD_P89": "4843.5", "PWD_P90": "5112.4", "PWD_P91": "5384.1", "PWD_P92": "5739.0", "PWD_P93": "6104.6", "PWD_P94": "6466.7", "PWD_P95": "6826.5", "PWD_P96": "7188.3", "PWD_P97": "7562.9", "PWD_P98": "8052.0", "PWD_P99": "8686.1", "PWD_P100": "10561.6" }, "geometry": { "type": "Point", "coordinates": [ 44.63665771484375, 33.627273559570312 ] } },
{ "type": "Feature", "id": 100, "properties": { "lon": -7.4074554443359375, "lat": 53.123897552490234, "year": "2015", "ISO": "IRL", "ISO_No": "372", "Name": "Ireland", "PWC_Lat": "53.1238975524902", "PWC_Lon": "-7.40745544433594", "Pop": "4652419", "Density": "67.5", "Area": "68958.7", "PWD_A": "3819.1", "PWD_G": "1011.7", "PWD_M": "1783.3", "PWD_P1": "4.5", "PWD_P2": "6.4", "PWD_P3": "8.0", "PWD_P4": "9.5", "PWD_P5": "11.1", "PWD_P6": "12.9", "PWD_P7": "15.1", "PWD_P8": "17.8", "PWD_P9": "21.4", "PWD_P10": "26.4", "PWD_P11": "33.6", "PWD_P12": "43.8", "PWD_P13": "56.6", "PWD_P14": "70.8", "PWD_P15": "85.9", "PWD_P16": "101.7", "PWD_P17": "118.8", "PWD_P18": "137.9", "PWD_P19": "159.3", "PWD_P20": "182.5", "PWD_P21": "208.0", "PWD_P22": "235.2", "PWD_P23": "264.4", "PWD_P24": "294.9", "PWD_P25": "326.8", "PWD_P26": "360.2", "PWD_P27": "395.7", "PWD_P28": "431.6", "PWD_P29": "467.8", "PWD_P30": "504.8", "PWD_P31": "542.5", "PWD_P32": "580.9", "PWD_P33": "620.3", "PWD_P34": "660.9", "PWD_P35": "703.2", "PWD_P36": "745.9", "PWD_P37": "791.3", "PWD_P38": "839.1", "PWD_P39": "887.8", "PWD_P40": "941.6", "PWD_P41": "1000.8", "PWD_P42": "1064.2", "PWD_P43": "1133.6", "PWD_P44": "1210.1", "PWD_P45": "1291.6", "PWD_P46": "1378.5", "PWD_P47": "1473.8", "PWD_P48": "1574.2", "PWD_P49": "1677.2", "PWD_P50": "1783.3", "PWD_P51": "1896.7", "PWD_P52": "2010.5", "PWD_P53": "2126.3", "PWD_P54": "2245.9", "PWD_P55": "2370.5", "PWD_P56": "2505.0", "PWD_P57": "2635.7", "PWD_P58": "2768.2", "PWD_P59": "2898.8", "PWD_P60": "3031.5", "PWD_P61": "3166.6", "PWD_P62": "3296.4", "PWD_P63": "3427.9", "PWD_P64": "3561.6", "PWD_P65": "3698.4", "PWD_P66": "3838.4", "PWD_P67": "3979.4", "PWD_P68": "4120.2", "PWD_P69": "4265.5", "PWD_P70": "4410.2", "PWD_P71": "4555.0", "PWD_P72": "4703.6", "PWD_P73": "4855.6", "PWD_P74": "5016.8", "PWD_P75": "5191.5", "PWD_P76": "5363.5", "PWD_P77": "5546.0", "PWD_P78": "5737.5", "PWD_P79": "5939.5", "PWD_P80": "6157.8", "PWD_P81": "6374.0", "PWD_P82": "6591.8", "PWD_P83": "6825.3", "PWD_P84": "7062.9", "PWD_P85": "7318.9", "PWD_P86": "7579.0", "PWD_P87": "7863.3", "PWD_P88": "8183.9", "PWD_P89": "8534.1", "PWD_P90": "8933.6", "PWD_P91": "9393.4", "PWD_P92": "9922.9", "PWD_P93": "10611.4", "PWD_P94": "11430.6", "PWD_P95": "12431.6", "PWD_P96": "13847.7", "PWD_P97": "16001.9", "PWD_P98": "19895.8", "PWD_P99": "28812.0", "PWD_P100": "180855.2" }, "geometry": { "type": "Point", "coordinates": [ -7.407455444335938, 53.123897552490234 ] } },
{ "type": "Feature", "id": 101, "properties": { "lon": 34.980693817138672, "lat": 32.138107299804688, "year": "2015", "ISO": "ISR", "ISO_No": "376", "Name": "Israel", "PWC_Lat": "32.1381072998047", "PWC_Lon": "34.9806938171387", "Pop": "7978496", "Density": "364.0", "Area": "21919.6", "PWD_A": "4512.6", "PWD_G": "2375.8", "PWD_M": "3009.2", "PWD_P1": "26.0", "PWD_P2": "52.2", "PWD_P3": "83.2", "PWD_P4": "119.8", "PWD_P5": "158.2", "PWD_P6": "198.6", "PWD_P7": "238.4", "PWD_P8": "280.6", "PWD_P9": "323.3", "PWD_P10": "368.0", "PWD_P11": "414.4", "PWD_P12": "463.3", "PWD_P13": "512.9", "PWD_P14": "563.7", "PWD_P15": "617.0", "PWD_P16": "670.7", "PWD_P17": "727.7", "PWD_P18": "783.2", "PWD_P19": "839.0", "PWD_P20": "896.5", "PWD_P21": "954.9", "PWD_P22": "1013.3", "PWD_P23": "1073.0", "PWD_P24": "1133.5", "PWD_P25": "1195.0", "PWD_P26": "1255.3", "PWD_P27": "1317.9", "PWD_P28": "1379.1", "PWD_P29": "1443.0", "PWD_P30": "1508.2", "PWD_P31": "1575.7", "PWD_P32": "1643.2", "PWD_P33": "1710.7", "PWD_P34": "1778.2", "PWD_P35": "1846.7", "PWD_P36": "1916.0", "PWD_P37": "1984.6", "PWD_P38": "2055.2", "PWD_P39": "2127.6", "PWD_P40": "2200.3", "PWD_P41": "2276.4", "PWD_P42": "2349.9", "PWD_P43": "2426.7", "PWD_P44": "2503.4", "PWD_P45": "2582.3", "PWD_P46": "2660.9", "PWD_P47": "2744.7", "PWD_P48": "2829.5", "PWD_P49": "2917.8", "PWD_P50": "3009.2", "PWD_P51": "3107.8", "PWD_P52": "3206.6", "PWD_P53": "3307.1", "PWD_P54": "3406.3", "PWD_P55": "3503.0", "PWD_P56": "3602.5", "PWD_P57": "3706.6", "PWD_P58": "3819.7", "PWD_P59": "3944.2", "PWD_P60": "4066.8", "PWD_P61": "4193.0", "PWD_P62": "4320.1", "PWD_P63": "4449.4", "PWD_P64": "4583.9", "PWD_P65": "4715.6", "PWD_P66": "4863.0", "PWD_P67": "5012.8", "PWD_P68": "5178.8", "PWD_P69": "5374.0", "PWD_P70": "5563.4", "PWD_P71": "5751.6", "PWD_P72": "5958.4", "PWD_P73": "6150.8", "PWD_P74": "6351.8", "PWD_P75": "6540.2", "PWD_P76": "6756.0", "PWD_P77": "6995.8", "PWD_P78": "7215.4", "PWD_P79": "7458.1", "PWD_P80": "7696.4", "PWD_P81": "7943.4", "PWD_P82": "8212.4", "PWD_P83": "8472.9", "PWD_P84": "8809.9", "PWD_P85": "9213.9", "PWD_P86": "9769.2", "PWD_P87": "10509.7", "PWD_P88": "11274.0", "PWD_P89": "11869.2", "PWD_P90": "12405.7", "PWD_P91": "12837.6", "PWD_P92": "13250.9", "PWD_P93": "13555.7", "PWD_P94": "13869.4", "PWD_P95": "14193.7", "PWD_P96": "14475.3", "PWD_P97": "14767.5", "PWD_P98": "15105.5", "PWD_P99": "15633.0", "PWD_P100": "18155.5" }, "geometry": { "type": "Point", "coordinates": [ 34.980693817138672, 32.138107299804688 ] } },
{ "type": "Feature", "id": 102, "properties": { "lon": 12.070965766906738, "lat": 42.948379516601562, "year": "2015", "ISO": "ITA", "ISO_No": "380", "Name": "Italy", "PWC_Lat": "42.9483795166016", "PWC_Lon": "12.0709657669067", "Pop": "60578489", "Density": "203.2", "Area": "298067.4", "PWD_A": "10015.4", "PWD_G": "4670.4", "PWD_M": "5550.0", "PWD_P1": "23.6", "PWD_P2": "52.9", "PWD_P3": "89.0", "PWD_P4": "138.9", "PWD_P5": "217.7", "PWD_P6": "347.2", "PWD_P7": "515.7", "PWD_P8": "684.3", "PWD_P9": "834.9", "PWD_P10": "970.4", "PWD_P11": "1095.0", "PWD_P12": "1213.2", "PWD_P13": "1326.4", "PWD_P14": "1435.8", "PWD_P15": "1544.2", "PWD_P16": "1649.4", "PWD_P17": "1753.0", "PWD_P18": "1855.3", "PWD_P19": "1957.5", "PWD_P20": "2059.7", "PWD_P21": "2161.6", "PWD_P22": "2262.5", "PWD_P23": "2363.9", "PWD_P24": "2465.8", "PWD_P25": "2568.6", "PWD_P26": "2671.5", "PWD_P27": "2775.3", "PWD_P28": "2879.6", "PWD_P29": "2984.2", "PWD_P30": "3088.9", "PWD_P31": "3194.5", "PWD_P32": "3301.2", "PWD_P33": "3409.6", "PWD_P34": "3518.4", "PWD_P35": "3629.4", "PWD_P36": "3742.4", "PWD_P37": "3855.0", "PWD_P38": "3970.4", "PWD_P39": "4087.6", "PWD_P40": "4207.3", "PWD_P41": "4330.3", "PWD_P42": "4454.0", "PWD_P43": "4580.1", "PWD_P44": "4707.9", "PWD_P45": "4839.7", "PWD_P46": "4973.8", "PWD_P47": "5112.4", "PWD_P48": "5254.3", "PWD_P49": "5400.7", "PWD_P50": "5550.0", "PWD_P51": "5704.2", "PWD_P52": "5861.7", "PWD_P53": "6022.6", "PWD_P54": "6189.2", "PWD_P55": "6364.8", "PWD_P56": "6544.4", "PWD_P57": "6728.8", "PWD_P58": "6922.0", "PWD_P59": "7122.8", "PWD_P60": "7329.9", "PWD_P61": "7545.9", "PWD_P62": "7770.6", "PWD_P63": "8006.6", "PWD_P64": "8251.4", "PWD_P65": "8501.9", "PWD_P66": "8766.2", "PWD_P67": "9048.8", "PWD_P68": "9343.8", "PWD_P69": "9654.4", "PWD_P70": "9976.9", "PWD_P71": "10306.6", "PWD_P72": "10655.3", "PWD_P73": "11027.6", "PWD_P74": "11423.0", "PWD_P75": "11838.7", "PWD_P76": "12279.5", "PWD_P77": "12754.8", "PWD_P78": "13269.9", "PWD_P79": "13807.5", "PWD_P80": "14378.5", "PWD_P81": "14966.4", "PWD_P82": "15619.6", "PWD_P83": "16319.0", "PWD_P84": "17074.2", "PWD_P85": "17906.7", "PWD_P86": "18803.4", "PWD_P87": "19799.4", "PWD_P88": "20854.8", "PWD_P89": "22043.4", "PWD_P90": "23373.6", "PWD_P91": "24845.5", "PWD_P92": "26548.4", "PWD_P93": "28500.7", "PWD_P94": "30769.9", "PWD_P95": "33615.9", "PWD_P96": "37246.0", "PWD_P97": "42157.7", "PWD_P98": "49337.5", "PWD_P99": "62526.1", "PWD_P100": "1051659.8" }, "geometry": { "type": "Point", "coordinates": [ 12.070965766906738, 42.948379516601562 ] } },
{ "type": "Feature", "id": 103, "properties": { "lon": -5.3267827033996582, "lat": 6.6783223152160645, "year": "2015", "ISO": "CIV", "ISO_No": "384", "Name": "CIte dIvoire", "PWC_Lat": "6.67832231521606", "PWC_Lon": "-5.32678270339966", "Pop": "23226147", "Density": "72.4", "Area": "320755.8", "PWD_A": "5016.0", "PWD_G": "406.2", "PWD_M": "196.1", "PWD_P1": "9.6", "PWD_P2": "12.9", "PWD_P3": "15.4", "PWD_P4": "17.6", "PWD_P5": "19.5", "PWD_P6": "21.4", "PWD_P7": "23.2", "PWD_P8": "24.9", "PWD_P9": "26.6", "PWD_P10": "28.3", "PWD_P11": "29.9", "PWD_P12": "31.6", "PWD_P13": "33.3", "PWD_P14": "34.9", "PWD_P15": "36.7", "PWD_P16": "38.3", "PWD_P17": "40.1", "PWD_P18": "41.8", "PWD_P19": "43.6", "PWD_P20": "45.4", "PWD_P21": "47.3", "PWD_P22": "49.2", "PWD_P23": "51.1", "PWD_P24": "53.1", "PWD_P25": "55.2", "PWD_P26": "57.3", "PWD_P27": "59.5", "PWD_P28": "61.8", "PWD_P29": "64.2", "PWD_P30": "66.7", "PWD_P31": "69.3", "PWD_P32": "72.1", "PWD_P33": "75.0", "PWD_P34": "78.2", "PWD_P35": "81.6", "PWD_P36": "85.2", "PWD_P37": "89.1", "PWD_P38": "93.1", "PWD_P39": "97.4", "PWD_P40": "102.1", "PWD_P41": "107.5", "PWD_P42": "113.5", "PWD_P43": "120.1", "PWD_P44": "127.5", "PWD_P45": "135.7", "PWD_P46": "144.9", "PWD_P47": "155.5", "PWD_P48": "167.8", "PWD_P49": "181.2", "PWD_P50": "196.1", "PWD_P51": "212.6", "PWD_P52": "230.4", "PWD_P53": "250.6", "PWD_P54": "273.0", "PWD_P55": "297.3", "PWD_P56": "323.9", "PWD_P57": "354.7", "PWD_P58": "389.8", "PWD_P59": "430.9", "PWD_P60": "477.8", "PWD_P61": "532.1", "PWD_P62": "594.9", "PWD_P63": "669.1", "PWD_P64": "753.4", "PWD_P65": "844.3", "PWD_P66": "949.2", "PWD_P67": "1067.7", "PWD_P68": "1214.8", "PWD_P69": "1392.0", "PWD_P70": "1599.1", "PWD_P71": "1836.9", "PWD_P72": "2119.8", "PWD_P73": "2439.2", "PWD_P74": "2830.6", "PWD_P75": "3290.7", "PWD_P76": "3827.9", "PWD_P77": "4468.3", "PWD_P78": "5141.6", "PWD_P79": "5895.4", "PWD_P80": "6466.3", "PWD_P81": "7025.2", "PWD_P82": "7847.0", "PWD_P83": "9069.9", "PWD_P84": "10102.3", "PWD_P85": "10971.3", "PWD_P86": "12459.2", "PWD_P87": "15219.5", "PWD_P88": "17272.4", "PWD_P89": "20903.8", "PWD_P90": "22840.5", "PWD_P91": "23468.8", "PWD_P92": "24642.7", "PWD_P93": "28035.3", "PWD_P94": "30366.4", "PWD_P95": "31638.7", "PWD_P96": "33424.8", "PWD_P97": "35803.0", "PWD_P98": "37180.7", "PWD_P99": "44705.5", "PWD_P100": "53669.8" }, "geometry": { "type": "Point", "coordinates": [ -5.326782703399658, 6.678322315216064 ] } },
{ "type": "Feature", "id": 104, "properties": { "lon": -77.189987182617188, "lat": 18.112871170043945, "year": "2015", "ISO": "JAM", "ISO_No": "388", "Name": "Jamaica", "PWC_Lat": "18.1128711700439", "PWC_Lon": "-77.1899871826172", "Pop": "2891023", "Density": "261.0", "Area": "11076.9", "PWD_A": "1640.9", "PWD_G": "750.1", "PWD_M": "1054.0", "PWD_P1": "34.1", "PWD_P2": "40.8", "PWD_P3": "46.7", "PWD_P4": "51.8", "PWD_P5": "57.1", "PWD_P6": "62.7", "PWD_P7": "68.2", "PWD_P8": "73.9", "PWD_P9": "80.0", "PWD_P10": "86.2", "PWD_P11": "92.8", "PWD_P12": "99.7", "PWD_P13": "107.1", "PWD_P14": "114.8", "PWD_P15": "122.8", "PWD_P16": "131.2", "PWD_P17": "139.9", "PWD_P18": "149.2", "PWD_P19": "158.8", "PWD_P20": "168.8", "PWD_P21": "179.3", "PWD_P22": "190.3", "PWD_P23": "201.8", "PWD_P24": "214.1", "PWD_P25": "227.4", "PWD_P26": "242.6", "PWD_P27": "258.9", "PWD_P28": "276.3", "PWD_P29": "295.3", "PWD_P30": "315.2", "PWD_P31": "337.1", "PWD_P32": "361.0", "PWD_P33": "386.2", "PWD_P34": "413.8", "PWD_P35": "442.8", "PWD_P36": "474.6", "PWD_P37": "507.8", "PWD_P38": "544.0", "PWD_P39": "581.3", "PWD_P40": "619.9", "PWD_P41": "660.4", "PWD_P42": "700.8", "PWD_P43": "741.2", "PWD_P44": "782.2", "PWD_P45": "826.1", "PWD_P46": "872.4", "PWD_P47": "920.3", "PWD_P48": "965.8", "PWD_P49": "1010.6", "PWD_P50": "1054.0", "PWD_P51": "1097.2", "PWD_P52": "1140.2", "PWD_P53": "1182.0", "PWD_P54": "1223.7", "PWD_P55": "1265.6", "PWD_P56": "1310.1", "PWD_P57": "1353.5", "PWD_P58": "1396.2", "PWD_P59": "1441.0", "PWD_P60": "1484.5", "PWD_P61": "1527.6", "PWD_P62": "1569.9", "PWD_P63": "1612.8", "PWD_P64": "1656.0", "PWD_P65": "1700.1", "PWD_P66": "1747.2", "PWD_P67": "1797.0", "PWD_P68": "1848.5", "PWD_P69": "1904.1", "PWD_P70": "1966.4", "PWD_P71": "2028.0", "PWD_P72": "2097.3", "PWD_P73": "2171.5", "PWD_P74": "2249.9", "PWD_P75": "2339.9", "PWD_P76": "2423.3", "PWD_P77": "2510.7", "PWD_P78": "2612.6", "PWD_P79": "2721.8", "PWD_P80": "2826.9", "PWD_P81": "2927.9", "PWD_P82": "3024.9", "PWD_P83": "3162.7", "PWD_P84": "3388.1", "PWD_P85": "3816.9", "PWD_P86": "4133.2", "PWD_P87": "4320.2", "PWD_P88": "4467.8", "PWD_P89": "4579.1", "PWD_P90": "4660.1", "PWD_P91": "4724.8", "PWD_P92": "4779.5", "PWD_P93": "4842.6", "PWD_P94": "4908.0", "PWD_P95": "4978.9", "PWD_P96": "5075.7", "PWD_P97": "5334.1", "PWD_P98": "7317.0", "PWD_P99": "7739.0", "PWD_P100": "8593.1" }, "geometry": { "type": "Point", "coordinates": [ -77.189987182617188, 18.112871170043945 ] } },
{ "type": "Feature", "id": 105, "properties": { "lon": 137.1253662109375, "lat": 35.580543518066406, "year": "2015", "ISO": "JPN", "ISO_No": "392", "Name": "Japan", "PWC_Lat": "35.5805435180664", "PWC_Lon": "137.125366210938", "Pop": "127985139", "Density": "344.8", "Area": "371226.7", "PWD_A": "5485.2", "PWD_G": "2373.7", "PWD_M": "3443.6", "PWD_P1": "20.6", "PWD_P2": "37.5", "PWD_P3": "55.9", "PWD_P4": "75.7", "PWD_P5": "97.2", "PWD_P6": "121.0", "PWD_P7": "146.6", "PWD_P8": "173.4", "PWD_P9": "201.3", "PWD_P10": "231.0", "PWD_P11": "262.7", "PWD_P12": "296.2", "PWD_P13": "332.0", "PWD_P14": "369.8", "PWD_P15": "409.7", "PWD_P16": "451.1", "PWD_P17": "494.2", "PWD_P18": "539.2", "PWD_P19": "585.6", "PWD_P20": "633.9", "PWD_P21": "684.1", "PWD_P22": "736.8", "PWD_P23": "792.2", "PWD_P24": "850.1", "PWD_P25": "911.0", "PWD_P26": "975.4", "PWD_P27": "1042.8", "PWD_P28": "1113.8", "PWD_P29": "1187.9", "PWD_P30": "1265.7", "PWD_P31": "1346.6", "PWD_P32": "1431.7", "PWD_P33": "1520.2", "PWD_P34": "1613.4", "PWD_P35": "1710.0", "PWD_P36": "1810.5", "PWD_P37": "1915.0", "PWD_P38": "2022.6", "PWD_P39": "2132.9", "PWD_P40": "2245.2", "PWD_P41": "2360.8", "PWD_P42": "2477.1", "PWD_P43": "2594.8", "PWD_P44": "2713.3", "PWD_P45": "2833.4", "PWD_P46": "2953.3", "PWD_P47": "3073.8", "PWD_P48": "3195.3", "PWD_P49": "3318.5", "PWD_P50": "3443.6", "PWD_P51": "3570.5", "PWD_P52": "3699.8", "PWD_P53": "3831.2", "PWD_P54": "3963.2", "PWD_P55": "4101.0", "PWD_P56": "4245.2", "PWD_P57": "4397.9", "PWD_P58": "4555.5", "PWD_P59": "4717.9", "PWD_P60": "4887.5", "PWD_P61": "5063.5", "PWD_P62": "5248.8", "PWD_P63": "5443.6", "PWD_P64": "5643.2", "PWD_P65": "5850.3", "PWD_P66": "6065.6", "PWD_P67": "6287.1", "PWD_P68": "6517.6", "PWD_P69": "6755.0", "PWD_P70": "6998.6", "PWD_P71": "7247.4", "PWD_P72": "7501.8", "PWD_P73": "7761.9", "PWD_P74": "8026.9", "PWD_P75": "8300.5", "PWD_P76": "8582.0", "PWD_P77": "8865.8", "PWD_P78": "9158.0", "PWD_P79": "9462.8", "PWD_P80": "9766.7", "PWD_P81": "10085.9", "PWD_P82": "10420.7", "PWD_P83": "10781.5", "PWD_P84": "11160.1", "PWD_P85": "11560.7", "PWD_P86": "11974.1", "PWD_P87": "12415.0", "PWD_P88": "12864.3", "PWD_P89": "13360.6", "PWD_P90": "13963.0", "PWD_P91": "14650.2", "PWD_P92": "15385.5", "PWD_P93": "16175.0", "PWD_P94": "17053.6", "PWD_P95": "18009.4", "PWD_P96": "19029.9", "PWD_P97": "20360.8", "PWD_P98": "21755.3", "PWD_P99": "23515.1", "PWD_P100": "178687.8" }, "geometry": { "type": "Point", "coordinates": [ 137.1253662109375, 35.580543518066406 ] } },
{ "type": "Feature", "id": 106, "properties": { "lon": 69.9615, "lat": 46.8674, "year": "2015", "ISO": "KAZ", "ISO_No": "398", "Name": "Kazakhstan", "PWC_Lat": "46.8674", "PWC_Lon": "69.9615", "Pop": "17572010", "Density": "6.6", "Area": "2652616.2", "PWD_A": "858.0", "PWD_G": "95.8", "PWD_M": "120.7", "PWD_P1": "0.4", "PWD_P2": "0.6", "PWD_P3": "0.8", "PWD_P4": "1.0", "PWD_P5": "1.2", "PWD_P6": "1.5", "PWD_P7": "1.8", "PWD_P8": "2.0", "PWD_P9": "2.4", "PWD_P10": "2.8", "PWD_P11": "3.2", "PWD_P12": "3.7", "PWD_P13": "4.2", "PWD_P14": "4.8", "PWD_P15": "5.4", "PWD_P16": "6.0", "PWD_P17": "6.7", "PWD_P18": "7.5", "PWD_P19": "8.4", "PWD_P20": "9.3", "PWD_P21": "10.3", "PWD_P22": "11.4", "PWD_P23": "12.6", "PWD_P24": "13.9", "PWD_P25": "15.3", "PWD_P26": "16.9", "PWD_P27": "18.6", "PWD_P28": "20.5", "PWD_P29": "22.5", "PWD_P30": "24.6", "PWD_P31": "27.0", "PWD_P32": "29.6", "PWD_P33": "32.5", "PWD_P34": "35.5", "PWD_P35": "38.8", "PWD_P36": "42.2", "PWD_P37": "45.9", "PWD_P38": "49.8", "PWD_P39": "54.1", "PWD_P40": "58.6", "PWD_P41": "63.4", "PWD_P42": "68.6", "PWD_P43": "74.1", "PWD_P44": "79.9", "PWD_P45": "85.9", "PWD_P46": "92.3", "PWD_P47": "98.9", "PWD_P48": "105.9", "PWD_P49": "113.1", "PWD_P50": "120.7", "PWD_P51": "128.7", "PWD_P52": "137.1", "PWD_P53": "145.9", "PWD_P54": "155.3", "PWD_P55": "165.4", "PWD_P56": "176.2", "PWD_P57": "188.0", "PWD_P58": "200.8", "PWD_P59": "214.3", "PWD_P60": "228.5", "PWD_P61": "243.8", "PWD_P62": "260.2", "PWD_P63": "277.4", "PWD_P64": "295.1", "PWD_P65": "314.1", "PWD_P66": "333.7", "PWD_P67": "354.6", "PWD_P68": "375.6", "PWD_P69": "398.2", "PWD_P70": "421.8", "PWD_P71": "446.3", "PWD_P72": "472.2", "PWD_P73": "496.8", "PWD_P74": "524.8", "PWD_P75": "555.9", "PWD_P76": "590.0", "PWD_P77": "627.4", "PWD_P78": "665.5", "PWD_P79": "709.2", "PWD_P80": "761.9", "PWD_P81": "821.7", "PWD_P82": "892.1", "PWD_P83": "985.9", "PWD_P84": "1068.4", "PWD_P85": "1159.5", "PWD_P86": "1245.3", "PWD_P87": "1625.0", "PWD_P88": "2436.3", "PWD_P89": "3144.8", "PWD_P90": "3729.2", "PWD_P91": "4175.3", "PWD_P92": "4712.9", "PWD_P93": "5262.6", "PWD_P94": "5672.9", "PWD_P95": "6045.6", "PWD_P96": "6321.4", "PWD_P97": "6546.7", "PWD_P98": "6769.4", "PWD_P99": "7033.8", "PWD_P100": "7737.3" }, "geometry": { "type": "Point", "coordinates": [ 69.9615, 46.8674 ] } },
{ "type": "Feature", "id": 107, "properties": { "lon": 35.900585174560547, "lat": 31.983970642089844, "year": "2015", "ISO": "JOR", "ISO_No": "400", "Name": "Jordan", "PWC_Lat": "31.9839706420898", "PWC_Lon": "35.9005851745605", "Pop": "9266573", "Density": "104.4", "Area": "88742.6", "PWD_A": "6311.0", "PWD_G": "2436.4", "PWD_M": "3318.4", "PWD_P1": "9.2", "PWD_P2": "26.1", "PWD_P3": "45.5", "PWD_P4": "66.1", "PWD_P5": "87.6", "PWD_P6": "110.4", "PWD_P7": "136.1", "PWD_P8": "164.2", "PWD_P9": "195.0", "PWD_P10": "228.5", "PWD_P11": "261.8", "PWD_P12": "295.2", "PWD_P13": "330.3", "PWD_P14": "367.5", "PWD_P15": "405.2", "PWD_P16": "444.8", "PWD_P17": "486.1", "PWD_P18": "529.0", "PWD_P19": "572.6", "PWD_P20": "616.2", "PWD_P21": "661.2", "PWD_P22": "710.9", "PWD_P23": "764.4", "PWD_P24": "822.5", "PWD_P25": "884.0", "PWD_P26": "948.7", "PWD_P27": "1019.4", "PWD_P28": "1094.3", "PWD_P29": "1169.7", "PWD_P30": "1247.0", "PWD_P31": "1326.1", "PWD_P32": "1404.0", "PWD_P33": "1483.5", "PWD_P34": "1563.6", "PWD_P35": "1640.5", "PWD_P36": "1722.7", "PWD_P37": "1808.4", "PWD_P38": "1893.2", "PWD_P39": "1981.3", "PWD_P40": "2072.1", "PWD_P41": "2167.2", "PWD_P42": "2272.7", "PWD_P43": "2380.6", "PWD_P44": "2495.2", "PWD_P45": "2617.9", "PWD_P46": "2745.5", "PWD_P47": "2883.9", "PWD_P48": "3028.6", "PWD_P49": "3171.8", "PWD_P50": "3318.4", "PWD_P51": "3480.5", "PWD_P52": "3644.6", "PWD_P53": "3813.6", "PWD_P54": "3972.8", "PWD_P55": "4139.8", "PWD_P56": "4310.2", "PWD_P57": "4486.7", "PWD_P58": "4679.5", "PWD_P59": "4889.1", "PWD_P60": "5100.1", "PWD_P61": "5328.8", "PWD_P62": "5570.7", "PWD_P63": "5814.4", "PWD_P64": "6070.7", "PWD_P65": "6335.8", "PWD_P66": "6588.7", "PWD_P67": "6831.7", "PWD_P68": "7085.0", "PWD_P69": "7368.0", "PWD_P70": "7682.8", "PWD_P71": "8052.5", "PWD_P72": "8469.8", "PWD_P73": "8910.5", "PWD_P74": "9290.9", "PWD_P75": "9616.2", "PWD_P76": "10005.9", "PWD_P77": "10564.7", "PWD_P78": "11100.0", "PWD_P79": "11718.1", "PWD_P80": "12656.2", "PWD_P81": "13649.4", "PWD_P82": "14393.2", "PWD_P83": "15139.9", "PWD_P84": "15763.4", "PWD_P85": "16276.8", "PWD_P86": "16731.9", "PWD_P87": "17191.8", "PWD_P88": "17651.5", "PWD_P89": "18110.2", "PWD_P90": "18629.5", "PWD_P91": "19191.3", "PWD_P92": "19649.3", "PWD_P93": "20028.9", "PWD_P94": "20396.3", "PWD_P95": "20796.2", "PWD_P96": "21206.7", "PWD_P97": "21641.0", "PWD_P98": "22297.7", "PWD_P99": "23345.9", "PWD_P100": "27099.2" }, "geometry": { "type": "Point", "coordinates": [ 35.900585174560547, 31.983970642089844 ] } },
{ "type": "Feature", "id": 108, "properties": { "lon": 36.641708374023438, "lat": -0.36980608105659485, "year": "2015", "ISO": "KEN", "ISO_No": "404", "Name": "Kenya", "PWC_Lat": "-0.369806081056595", "PWC_Lon": "36.6417083740234", "Pop": "47878339", "Density": "82.3", "Area": "581399.6", "PWD_A": "5597.2", "PWD_G": "629.2", "PWD_M": "574.8", "PWD_P1": "6.0", "PWD_P2": "10.1", "PWD_P3": "13.9", "PWD_P4": "18.0", "PWD_P5": "22.5", "PWD_P6": "27.4", "PWD_P7": "32.6", "PWD_P8": "38.3", "PWD_P9": "44.8", "PWD_P10": "51.9", "PWD_P11": "59.7", "PWD_P12": "68.0", "PWD_P13": "77.0", "PWD_P14": "86.3", "PWD_P15": "96.0", "PWD_P16": "106.0", "PWD_P17": "116.2", "PWD_P18": "126.7", "PWD_P19": "138.0", "PWD_P20": "150.0", "PWD_P21": "162.4", "PWD_P22": "174.6", "PWD_P23": "187.0", "PWD_P24": "199.5", "PWD_P25": "212.2", "PWD_P26": "225.0", "PWD_P27": "237.6", "PWD_P28": "250.3", "PWD_P29": "263.4", "PWD_P30": "276.7", "PWD_P31": "290.2", "PWD_P32": "303.8", "PWD_P33": "317.7", "PWD_P34": "331.7", "PWD_P35": "345.9", "PWD_P36": "360.0", "PWD_P37": "374.6", "PWD_P38": "389.3", "PWD_P39": "404.3", "PWD_P40": "419.5", "PWD_P41": "434.4", "PWD_P42": "449.7", "PWD_P43": "465.1", "PWD_P44": "480.4", "PWD_P45": "495.7", "PWD_P46": "511.0", "PWD_P47": "526.7", "PWD_P48": "542.7", "PWD_P49": "558.7", "PWD_P50": "574.8", "PWD_P51": "590.8", "PWD_P52": "607.4", "PWD_P53": "624.4", "PWD_P54": "641.9", "PWD_P55": "660.0", "PWD_P56": "679.1", "PWD_P57": "698.9", "PWD_P58": "720.3", "PWD_P59": "743.3", "PWD_P60": "768.1", "PWD_P61": "794.4", "PWD_P62": "822.6", "PWD_P63": "852.8", "PWD_P64": "885.8", "PWD_P65": "921.5", "PWD_P66": "960.9", "PWD_P67": "1005.1", "PWD_P68": "1053.9", "PWD_P69": "1106.5", "PWD_P70": "1165.4", "PWD_P71": "1232.1", "PWD_P72": "1306.1", "PWD_P73": "1391.9", "PWD_P74": "1490.7", "PWD_P75": "1605.6", "PWD_P76": "1740.5", "PWD_P77": "1906.0", "PWD_P78": "2107.5", "PWD_P79": "2341.8", "PWD_P80": "2630.4", "PWD_P81": "2966.1", "PWD_P82": "3366.7", "PWD_P83": "3831.8", "PWD_P84": "4366.7", "PWD_P85": "5005.8", "PWD_P86": "5720.6", "PWD_P87": "6547.5", "PWD_P88": "7466.2", "PWD_P89": "8625.8", "PWD_P90": "10184.2", "PWD_P91": "11797.4", "PWD_P92": "14141.1", "PWD_P93": "17363.1", "PWD_P94": "21599.3", "PWD_P95": "27107.5", "PWD_P96": "34113.8", "PWD_P97": "46232.6", "PWD_P98": "64478.1", "PWD_P99": "98655.6", "PWD_P100": "1393069.9" }, "geometry": { "type": "Point", "coordinates": [ 36.641708374023438, -0.369806081056595 ] } },
{ "type": "Feature", "id": 109, "properties": { "lon": 126.59271240234375, "lat": 39.632026672363281, "year": "2015", "ISO": "PRK", "ISO_No": "408", "Name": "North Korea", "PWC_Lat": "39.6320266723633", "PWC_Lon": "126.592712402344", "Pop": "25183832", "Density": "207.2", "Area": "121536.2", "PWD_A": "1511.3", "PWD_G": "670.8", "PWD_M": "837.6", "PWD_P1": "17.8", "PWD_P2": "25.5", "PWD_P3": "33.1", "PWD_P4": "40.6", "PWD_P5": "48.3", "PWD_P6": "55.9", "PWD_P7": "63.4", "PWD_P8": "70.8", "PWD_P9": "78.2", "PWD_P10": "85.7", "PWD_P11": "93.3", "PWD_P12": "101.1", "PWD_P13": "108.9", "PWD_P14": "117.0", "PWD_P15": "125.2", "PWD_P16": "133.7", "PWD_P17": "142.3", "PWD_P18": "151.4", "PWD_P19": "161.0", "PWD_P20": "171.2", "PWD_P21": "181.9", "PWD_P22": "193.0", "PWD_P23": "204.6", "PWD_P24": "216.5", "PWD_P25": "229.1", "PWD_P26": "242.3", "PWD_P27": "256.1", "PWD_P28": "270.8", "PWD_P29": "286.5", "PWD_P30": "303.1", "PWD_P31": "320.7", "PWD_P32": "339.2", "PWD_P33": "358.9", "PWD_P34": "379.7", "PWD_P35": "401.4", "PWD_P36": "423.7", "PWD_P37": "447.5", "PWD_P38": "472.7", "PWD_P39": "499.3", "PWD_P40": "526.7", "PWD_P41": "555.2", "PWD_P42": "584.2", "PWD_P43": "613.8", "PWD_P44": "643.7", "PWD_P45": "674.6", "PWD_P46": "705.9", "PWD_P47": "738.0", "PWD_P48": "770.8", "PWD_P49": "803.9", "PWD_P50": "837.6", "PWD_P51": "871.4", "PWD_P52": "905.5", "PWD_P53": "939.9", "PWD_P54": "975.2", "PWD_P55": "1011.7", "PWD_P56": "1049.5", "PWD_P57": "1088.4", "PWD_P58": "1129.3", "PWD_P59": "1171.5", "PWD_P60": "1215.1", "PWD_P61": "1260.1", "PWD_P62": "1305.9", "PWD_P63": "1354.3", "PWD_P64": "1404.5", "PWD_P65": "1456.2", "PWD_P66": "1512.4", "PWD_P67": "1571.2", "PWD_P68": "1635.1", "PWD_P69": "1701.9", "PWD_P70": "1772.7", "PWD_P71": "1849.0", "PWD_P72": "1928.3", "PWD_P73": "2011.9", "PWD_P74": "2099.2", "PWD_P75": "2191.9", "PWD_P76": "2286.4", "PWD_P77": "2383.0", "PWD_P78": "2487.3", "PWD_P79": "2598.2", "PWD_P80": "2716.2", "PWD_P81": "2843.5", "PWD_P82": "2979.6", "PWD_P83": "3121.1", "PWD_P84": "3257.1", "PWD_P85": "3396.3", "PWD_P86": "3530.9", "PWD_P87": "3663.7", "PWD_P88": "3790.7", "PWD_P89": "3918.5", "PWD_P90": "4048.7", "PWD_P91": "4187.3", "PWD_P92": "4331.7", "PWD_P93": "4485.6", "PWD_P94": "4652.9", "PWD_P95": "4836.5", "PWD_P96": "5070.8", "PWD_P97": "5449.9", "PWD_P98": "6349.4", "PWD_P99": "7736.4", "PWD_P100": "15249.7" }, "geometry": { "type": "Point", "coordinates": [ 126.59271240234375, 39.632026672363281 ] } },
{ "type": "Feature", "id": 110, "properties": { "lon": 127.49874114990234, "lat": 36.641674041748047, "year": "2015", "ISO": "KOR", "ISO_No": "410", "Name": "South Korea", "PWC_Lat": "36.641674041748", "PWC_Lon": "127.498741149902", "Pop": "50823086", "Density": "509.1", "Area": "99820.0", "PWD_A": "10162.3", "PWD_G": "4669.3", "PWD_M": "8021.1", "PWD_P1": "24.5", "PWD_P2": "40.4", "PWD_P3": "61.8", "PWD_P4": "88.4", "PWD_P5": "121.0", "PWD_P6": "158.2", "PWD_P7": "200.8", "PWD_P8": "246.2", "PWD_P9": "295.5", "PWD_P10": "349.7", "PWD_P11": "407.8", "PWD_P12": "473.0", "PWD_P13": "547.3", "PWD_P14": "631.6", "PWD_P15": "729.4", "PWD_P16": "840.9", "PWD_P17": "961.1", "PWD_P18": "1092.4", "PWD_P19": "1237.5", "PWD_P20": "1391.6", "PWD_P21": "1545.9", "PWD_P22": "1700.9", "PWD_P23": "1866.3", "PWD_P24": "2035.4", "PWD_P25": "2206.8", "PWD_P26": "2380.0", "PWD_P27": "2556.2", "PWD_P28": "2735.7", "PWD_P29": "2927.8", "PWD_P30": "3129.2", "PWD_P31": "3339.6", "PWD_P32": "3558.7", "PWD_P33": "3781.5", "PWD_P34": "4005.8", "PWD_P35": "4238.4", "PWD_P36": "4475.9", "PWD_P37": "4715.4", "PWD_P38": "4953.1", "PWD_P39": "5204.3", "PWD_P40": "5455.2", "PWD_P41": "5709.8", "PWD_P42": "5960.9", "PWD_P43": "6209.1", "PWD_P44": "6459.7", "PWD_P45": "6717.9", "PWD_P46": "6978.2", "PWD_P47": "7244.1", "PWD_P48": "7507.1", "PWD_P49": "7764.3", "PWD_P50": "8021.1", "PWD_P51": "8290.1", "PWD_P52": "8569.8", "PWD_P53": "8854.5", "PWD_P54": "9143.4", "PWD_P55": "9434.5", "PWD_P56": "9725.6", "PWD_P57": "10046.1", "PWD_P58": "10384.3", "PWD_P59": "10741.7", "PWD_P60": "11104.1", "PWD_P61": "11444.1", "PWD_P62": "11784.3", "PWD_P63": "12134.5", "PWD_P64": "12471.9", "PWD_P65": "12784.6", "PWD_P66": "13108.6", "PWD_P67": "13419.7", "PWD_P68": "13750.3", "PWD_P69": "14087.6", "PWD_P70": "14435.9", "PWD_P71": "14806.1", "PWD_P72": "15188.2", "PWD_P73": "15549.3", "PWD_P74": "15924.5", "PWD_P75": "16293.6", "PWD_P76": "16687.3", "PWD_P77": "17125.0", "PWD_P78": "17582.8", "PWD_P79": "18065.5", "PWD_P80": "18523.6", "PWD_P81": "18980.8", "PWD_P82": "19389.7", "PWD_P83": "19776.3", "PWD_P84": "20199.6", "PWD_P85": "20666.6", "PWD_P86": "21169.8", "PWD_P87": "21743.7", "PWD_P88": "22376.9", "PWD_P89": "23032.8", "PWD_P90": "23733.8", "PWD_P91": "24489.1", "PWD_P92": "25231.2", "PWD_P93": "25936.1", "PWD_P94": "26676.1", "PWD_P95": "27393.6", "PWD_P96": "28107.7", "PWD_P97": "28948.0", "PWD_P98": "30157.0", "PWD_P99": "32945.1", "PWD_P100": "42013.1" }, "geometry": { "type": "Point", "coordinates": [ 127.498741149902344, 36.641674041748047 ] } },
{ "type": "Feature", "id": 111, "properties": { "lon": 47.96331787109375, "lat": 29.241613388061523, "year": "2015", "ISO": "KWT", "ISO_No": "414", "Name": "Kuwait", "PWC_Lat": "29.2416133880615", "PWC_Lon": "47.9633178710938", "Pop": "3835587", "Density": "219.7", "Area": "17454.4", "PWD_A": "6000.6", "PWD_G": "2482.3", "PWD_M": "5424.5", "PWD_P1": "9.7", "PWD_P2": "18.1", "PWD_P3": "30.7", "PWD_P4": "47.3", "PWD_P5": "62.9", "PWD_P6": "78.8", "PWD_P7": "93.3", "PWD_P8": "109.8", "PWD_P9": "127.3", "PWD_P10": "144.2", "PWD_P11": "160.0", "PWD_P12": "180.7", "PWD_P13": "199.9", "PWD_P14": "221.4", "PWD_P15": "238.6", "PWD_P16": "260.7", "PWD_P17": "285.2", "PWD_P18": "320.5", "PWD_P19": "349.1", "PWD_P20": "376.3", "PWD_P21": "389.2", "PWD_P22": "414.4", "PWD_P23": "468.0", "PWD_P24": "496.1", "PWD_P25": "525.1", "PWD_P26": "538.8", "PWD_P27": "546.6", "PWD_P28": "554.2", "PWD_P29": "569.2", "PWD_P30": "2529.1", "PWD_P31": "4238.4", "PWD_P32": "4442.6", "PWD_P33": "4513.3", "PWD_P34": "4562.9", "PWD_P35": "4609.4", "PWD_P36": "4647.4", "PWD_P37": "4678.4", "PWD_P38": "4702.8", "PWD_P39": "4738.0", "PWD_P40": "4789.6", "PWD_P41": "4964.4", "PWD_P42": "5149.3", "PWD_P43": "5197.0", "PWD_P44": "5235.8", "PWD_P45": "5262.3", "PWD_P46": "5292.5", "PWD_P47": "5323.6", "PWD_P48": "5358.9", "PWD_P49": "5391.7", "PWD_P50": "5424.5", "PWD_P51": "5451.4", "PWD_P52": "5473.8", "PWD_P53": "5499.2", "PWD_P54": "5527.0", "PWD_P55": "5548.5", "PWD_P56": "5571.6", "PWD_P57": "5594.7", "PWD_P58": "5619.9", "PWD_P59": "5646.7", "PWD_P60": "5673.5", "PWD_P61": "5695.9", "PWD_P62": "5711.0", "PWD_P63": "5732.0", "PWD_P64": "5757.0", "PWD_P65": "5783.9", "PWD_P66": "5821.6", "PWD_P67": "8426.4", "PWD_P68": "8538.2", "PWD_P69": "8578.5", "PWD_P70": "8622.0", "PWD_P71": "8658.7", "PWD_P72": "8714.8", "PWD_P73": "8781.8", "PWD_P74": "8841.0", "PWD_P75": "8903.1", "PWD_P76": "8985.8", "PWD_P77": "9072.8", "PWD_P78": "12298.9", "PWD_P79": "13356.4", "PWD_P80": "13398.9", "PWD_P81": "13449.5", "PWD_P82": "13489.9", "PWD_P83": "13514.1", "PWD_P84": "13532.4", "PWD_P85": "13547.2", "PWD_P86": "13566.8", "PWD_P87": "13585.8", "PWD_P88": "13612.3", "PWD_P89": "13644.8", "PWD_P90": "13669.1", "PWD_P91": "13696.8", "PWD_P92": "13731.4", "PWD_P93": "13759.3", "PWD_P94": "13802.1", "PWD_P95": "13865.1", "PWD_P96": "13922.0", "PWD_P97": "13995.3", "PWD_P98": "14101.1", "PWD_P99": "14179.1", "PWD_P100": "14620.6" }, "geometry": { "type": "Point", "coordinates": [ 47.96331787109375, 29.241613388061523 ] } },
{ "type": "Feature", "id": 112, "properties": { "lon": 73.686668395996094, "lat": 41.626876831054688, "year": "2015", "ISO": "KGZ", "ISO_No": "417", "Name": "Kyrgyzstan", "PWC_Lat": "41.6268768310547", "PWC_Lon": "73.6866683959961", "Pop": "5959126", "Density": "31.0", "Area": "192192.6", "PWD_A": "3923.2", "PWD_G": "303.2", "PWD_M": "211.4", "PWD_P1": "1.9", "PWD_P2": "2.9", "PWD_P3": "4.0", "PWD_P4": "5.1", "PWD_P5": "6.3", "PWD_P6": "7.6", "PWD_P7": "9.0", "PWD_P8": "10.5", "PWD_P9": "12.1", "PWD_P10": "13.9", "PWD_P11": "15.9", "PWD_P12": "17.9", "PWD_P13": "20.1", "PWD_P14": "22.4", "PWD_P15": "24.8", "PWD_P16": "27.3", "PWD_P17": "30.0", "PWD_P18": "32.8", "PWD_P19": "35.7", "PWD_P20": "38.7", "PWD_P21": "41.8", "PWD_P22": "45.0", "PWD_P23": "48.1", "PWD_P24": "51.5", "PWD_P25": "55.0", "PWD_P26": "58.7", "PWD_P27": "62.7", "PWD_P28": "66.8", "PWD_P29": "71.0", "PWD_P30": "75.3", "PWD_P31": "79.8", "PWD_P32": "84.5", "PWD_P33": "89.5", "PWD_P34": "94.5", "PWD_P35": "99.8", "PWD_P36": "105.2", "PWD_P37": "110.9", "PWD_P38": "116.8", "PWD_P39": "122.8", "PWD_P40": "129.1", "PWD_P41": "135.8", "PWD_P42": "142.7", "PWD_P43": "149.7", "PWD_P44": "157.0", "PWD_P45": "164.7", "PWD_P46": "172.8", "PWD_P47": "181.7", "PWD_P48": "190.9", "PWD_P49": "200.8", "PWD_P50": "211.4", "PWD_P51": "222.9", "PWD_P52": "235.5", "PWD_P53": "249.1", "PWD_P54": "264.1", "PWD_P55": "279.9", "PWD_P56": "296.0", "PWD_P57": "312.2", "PWD_P58": "329.6", "PWD_P59": "348.0", "PWD_P60": "367.0", "PWD_P61": "387.4", "PWD_P62": "409.8", "PWD_P63": "432.6", "PWD_P64": "457.0", "PWD_P65": "484.0", "PWD_P66": "515.7", "PWD_P67": "549.4", "PWD_P68": "590.0", "PWD_P69": "634.8", "PWD_P70": "682.5", "PWD_P71": "739.1", "PWD_P72": "806.1", "PWD_P73": "879.7", "PWD_P74": "973.2", "PWD_P75": "1076.2", "PWD_P76": "1224.6", "PWD_P77": "1429.1", "PWD_P78": "1804.0", "PWD_P79": "3138.6", "PWD_P80": "8106.8", "PWD_P81": "10507.0", "PWD_P82": "11922.5", "PWD_P83": "13162.9", "PWD_P84": "14003.6", "PWD_P85": "15033.0", "PWD_P86": "15673.2", "PWD_P87": "16585.4", "PWD_P88": "17321.7", "PWD_P89": "17983.3", "PWD_P90": "18587.3", "PWD_P91": "19170.2", "PWD_P92": "19724.2", "PWD_P93": "20175.8", "PWD_P94": "20747.4", "PWD_P95": "21599.2", "PWD_P96": "22469.0", "PWD_P97": "23207.0", "PWD_P98": "23992.6", "PWD_P99": "25066.1", "PWD_P100": "27846.0" }, "geometry": { "type": "Point", "coordinates": [ 73.686668395996094, 41.626876831054688 ] } },
{ "type": "Feature", "id": 113, "properties": { "lon": 103.79998016357422, "lat": 17.950960159301758, "year": "2015", "ISO": "LAO", "ISO_No": "418", "Name": "Laos", "PWC_Lat": "17.9509601593018", "PWC_Lon": "103.799980163574", "Pop": "6741159", "Density": "29.5", "Area": "228853.4", "PWD_A": "1622.3", "PWD_G": "212.0", "PWD_M": "222.1", "PWD_P1": "2.2", "PWD_P2": "3.6", "PWD_P3": "4.8", "PWD_P4": "5.9", "PWD_P5": "7.1", "PWD_P6": "8.3", "PWD_P7": "9.5", "PWD_P8": "10.7", "PWD_P9": "11.9", "PWD_P10": "13.2", "PWD_P11": "14.5", "PWD_P12": "15.9", "PWD_P13": "17.4", "PWD_P14": "18.9", "PWD_P15": "20.6", "PWD_P16": "22.3", "PWD_P17": "24.2", "PWD_P18": "26.1", "PWD_P19": "28.1", "PWD_P20": "30.3", "PWD_P21": "32.6", "PWD_P22": "35.0", "PWD_P23": "37.7", "PWD_P24": "40.4", "PWD_P25": "43.3", "PWD_P26": "46.5", "PWD_P27": "49.8", "PWD_P28": "53.4", "PWD_P29": "57.2", "PWD_P30": "61.3", "PWD_P31": "65.6", "PWD_P32": "70.3", "PWD_P33": "75.3", "PWD_P34": "80.6", "PWD_P35": "86.1", "PWD_P36": "92.0", "PWD_P37": "98.2", "PWD_P38": "104.9", "PWD_P39": "111.9", "PWD_P40": "119.4", "PWD_P41": "127.4", "PWD_P42": "135.8", "PWD_P43": "144.6", "PWD_P44": "154.1", "PWD_P45": "164.1", "PWD_P46": "174.6", "PWD_P47": "185.6", "PWD_P48": "197.2", "PWD_P49": "209.4", "PWD_P50": "222.1", "PWD_P51": "235.6", "PWD_P52": "249.9", "PWD_P53": "264.9", "PWD_P54": "280.6", "PWD_P55": "297.2", "PWD_P56": "314.8", "PWD_P57": "333.1", "PWD_P58": "352.7", "PWD_P59": "372.7", "PWD_P60": "394.0", "PWD_P61": "416.0", "PWD_P62": "439.6", "PWD_P63": "464.7", "PWD_P64": "491.6", "PWD_P65": "520.2", "PWD_P66": "550.9", "PWD_P67": "583.2", "PWD_P68": "617.7", "PWD_P69": "654.6", "PWD_P70": "693.3", "PWD_P71": "735.5", "PWD_P72": "781.2", "PWD_P73": "831.1", "PWD_P74": "883.7", "PWD_P75": "940.3", "PWD_P76": "1003.1", "PWD_P77": "1073.0", "PWD_P78": "1148.4", "PWD_P79": "1233.7", "PWD_P80": "1330.4", "PWD_P81": "1438.1", "PWD_P82": "1560.6", "PWD_P83": "1698.3", "PWD_P84": "1855.1", "PWD_P85": "2038.4", "PWD_P86": "2244.4", "PWD_P87": "2481.8", "PWD_P88": "2767.0", "PWD_P89": "3085.7", "PWD_P90": "3449.9", "PWD_P91": "3881.9", "PWD_P92": "4374.0", "PWD_P93": "4971.7", "PWD_P94": "5754.8", "PWD_P95": "6843.9", "PWD_P96": "8471.0", "PWD_P97": "10410.7", "PWD_P98": "13893.4", "PWD_P99": "23395.0", "PWD_P100": "201223.5" }, "geometry": { "type": "Point", "coordinates": [ 103.799980163574219, 17.950960159301758 ] } },
{ "type": "Feature", "id": 114, "properties": { "lon": 35.629131317138672, "lat": 33.854141235351562, "year": "2015", "ISO": "LBN", "ISO_No": "422", "Name": "Lebanon", "PWC_Lat": "33.8541412353516", "PWC_Lon": "35.6291313171387", "Pop": "6532681", "Density": "626.3", "Area": "10429.9", "PWD_A": "30591.6", "PWD_G": "7220.5", "PWD_M": "7854.9", "PWD_P1": "41.1", "PWD_P2": "74.9", "PWD_P3": "112.8", "PWD_P4": "154.5", "PWD_P5": "199.0", "PWD_P6": "246.1", "PWD_P7": "294.5", "PWD_P8": "346.2", "PWD_P9": "399.8", "PWD_P10": "455.4", "PWD_P11": "513.2", "PWD_P12": "572.9", "PWD_P13": "636.3", "PWD_P14": "700.7", "PWD_P15": "768.4", "PWD_P16": "837.8", "PWD_P17": "908.8", "PWD_P18": "983.2", "PWD_P19": "1059.5", "PWD_P20": "1138.0", "PWD_P21": "1221.4", "PWD_P22": "1304.0", "PWD_P23": "1391.7", "PWD_P24": "1486.1", "PWD_P25": "1584.3", "PWD_P26": "1682.5", "PWD_P27": "1788.0", "PWD_P28": "1898.6", "PWD_P29": "2011.8", "PWD_P30": "2134.1", "PWD_P31": "2258.6", "PWD_P32": "2389.7", "PWD_P33": "2529.3", "PWD_P34": "2681.5", "PWD_P35": "2843.2", "PWD_P36": "3006.5", "PWD_P37": "3190.2", "PWD_P38": "3385.5", "PWD_P39": "3595.4", "PWD_P40": "3823.2", "PWD_P41": "4054.4", "PWD_P42": "4312.6", "PWD_P43": "4595.4", "PWD_P44": "4908.1", "PWD_P45": "5247.5", "PWD_P46": "5641.5", "PWD_P47": "6123.5", "PWD_P48": "6629.5", "PWD_P49": "7219.5", "PWD_P50": "7854.9", "PWD_P51": "8533.0", "PWD_P52": "9179.0", "PWD_P53": "9930.8", "PWD_P54": "10821.9", "PWD_P55": "11703.6", "PWD_P56": "12736.7", "PWD_P57": "13757.9", "PWD_P58": "14938.0", "PWD_P59": "16113.0", "PWD_P60": "17669.9", "PWD_P61": "19268.8", "PWD_P62": "21070.3", "PWD_P63": "22696.4", "PWD_P64": "24236.7", "PWD_P65": "25902.7", "PWD_P66": "27778.6", "PWD_P67": "29969.4", "PWD_P68": "31706.0", "PWD_P69": "33385.1", "PWD_P70": "35136.6", "PWD_P71": "36756.6", "PWD_P72": "38507.0", "PWD_P73": "40760.2", "PWD_P74": "43628.4", "PWD_P75": "46380.3", "PWD_P76": "49118.1", "PWD_P77": "51725.1", "PWD_P78": "54154.5", "PWD_P79": "57205.3", "PWD_P80": "60342.5", "PWD_P81": "63096.4", "PWD_P82": "67440.0", "PWD_P83": "72083.6", "PWD_P84": "76041.0", "PWD_P85": "80080.8", "PWD_P86": "84063.4", "PWD_P87": "88052.3", "PWD_P88": "91375.6", "PWD_P89": "94397.3", "PWD_P90": "97729.8", "PWD_P91": "101846.2", "PWD_P92": "105186.0", "PWD_P93": "108774.8", "PWD_P94": "112110.6", "PWD_P95": "116242.8", "PWD_P96": "121400.4", "PWD_P97": "128555.7", "PWD_P98": "156647.9", "PWD_P99": "193313.1", "PWD_P100": "249560.5" }, "geometry": { "type": "Point", "coordinates": [ 35.629131317138672, 33.854141235351562 ] } },
{ "type": "Feature", "id": 115, "properties": { "lon": 27.947080612182617, "lat": -29.454410552978516, "year": "2015", "ISO": "LSO", "ISO_No": "426", "Name": "Lesotho", "PWC_Lat": "-29.4544105529785", "PWC_Lon": "27.9470806121826", "Pop": "2059010", "Density": "67.7", "Area": "30408.5", "PWD_A": "497.9", "PWD_G": "149.7", "PWD_M": "116.4", "PWD_P1": "13.9", "PWD_P2": "15.6", "PWD_P3": "17.0", "PWD_P4": "18.0", "PWD_P5": "19.0", "PWD_P6": "19.9", "PWD_P7": "20.9", "PWD_P8": "21.8", "PWD_P9": "22.8", "PWD_P10": "24.1", "PWD_P11": "25.4", "PWD_P12": "26.9", "PWD_P13": "28.5", "PWD_P14": "30.0", "PWD_P15": "31.6", "PWD_P16": "33.3", "PWD_P17": "35.0", "PWD_P18": "36.9", "PWD_P19": "38.8", "PWD_P20": "40.8", "PWD_P21": "43.0", "PWD_P22": "45.3", "PWD_P23": "47.6", "PWD_P24": "49.7", "PWD_P25": "51.8", "PWD_P26": "54.0", "PWD_P27": "56.1", "PWD_P28": "58.3", "PWD_P29": "60.5", "PWD_P30": "62.8", "PWD_P31": "65.2", "PWD_P32": "67.6", "PWD_P33": "69.9", "PWD_P34": "72.2", "PWD_P35": "74.6", "PWD_P36": "77.0", "PWD_P37": "79.3", "PWD_P38": "81.7", "PWD_P39": "84.3", "PWD_P40": "87.0", "PWD_P41": "89.6", "PWD_P42": "92.3", "PWD_P43": "95.1", "PWD_P44": "97.9", "PWD_P45": "100.8", "PWD_P46": "103.7", "PWD_P47": "106.8", "PWD_P48": "109.9", "PWD_P49": "113.1", "PWD_P50": "116.4", "PWD_P51": "119.8", "PWD_P52": "123.3", "PWD_P53": "127.0", "PWD_P54": "131.0", "PWD_P55": "135.0", "PWD_P56": "139.3", "PWD_P57": "143.8", "PWD_P58": "148.6", "PWD_P59": "153.5", "PWD_P60": "158.8", "PWD_P61": "164.3", "PWD_P62": "170.1", "PWD_P63": "176.1", "PWD_P64": "182.6", "PWD_P65": "189.4", "PWD_P66": "196.9", "PWD_P67": "205.4", "PWD_P68": "214.7", "PWD_P69": "225.1", "PWD_P70": "236.7", "PWD_P71": "249.6", "PWD_P72": "264.1", "PWD_P73": "280.5", "PWD_P74": "299.8", "PWD_P75": "322.8", "PWD_P76": "351.1", "PWD_P77": "385.6", "PWD_P78": "429.7", "PWD_P79": "486.4", "PWD_P80": "552.7", "PWD_P81": "634.7", "PWD_P82": "724.2", "PWD_P83": "821.9", "PWD_P84": "926.8", "PWD_P85": "1035.4", "PWD_P86": "1149.0", "PWD_P87": "1274.1", "PWD_P88": "1422.4", "PWD_P89": "1617.0", "PWD_P90": "1815.4", "PWD_P91": "2072.5", "PWD_P92": "2269.2", "PWD_P93": "2412.3", "PWD_P94": "2571.6", "PWD_P95": "2762.9", "PWD_P96": "2991.9", "PWD_P97": "3300.0", "PWD_P98": "3756.3", "PWD_P99": "4161.0", "PWD_P100": "4916.0" }, "geometry": { "type": "Point", "coordinates": [ 27.947080612182617, -29.454410552978516 ] } },
{ "type": "Feature", "id": 116, "properties": { "lon": 24.44499397277832, "lat": 56.832832336425781, "year": "2015", "ISO": "LVA", "ISO_No": "428", "Name": "Latvia", "PWC_Lat": "56.8328323364258", "PWC_Lon": "24.4449939727783", "Pop": "1997674", "Density": "31.4", "Area": "63542.7", "PWD_A": "1261.1", "PWD_G": "322.0", "PWD_M": "658.5", "PWD_P1": "3.4", "PWD_P2": "4.0", "PWD_P3": "4.6", "PWD_P4": "5.1", "PWD_P5": "5.6", "PWD_P6": "6.2", "PWD_P7": "6.7", "PWD_P8": "7.2", "PWD_P9": "7.8", "PWD_P10": "8.4", "PWD_P11": "9.0", "PWD_P12": "9.7", "PWD_P13": "10.4", "PWD_P14": "11.3", "PWD_P15": "12.2", "PWD_P16": "13.3", "PWD_P17": "14.5", "PWD_P18": "16.0", "PWD_P19": "17.7", "PWD_P20": "19.8", "PWD_P21": "22.4", "PWD_P22": "25.5", "PWD_P23": "29.5", "PWD_P24": "34.4", "PWD_P25": "40.5", "PWD_P26": "48.2", "PWD_P27": "57.6", "PWD_P28": "68.5", "PWD_P29": "81.9", "PWD_P30": "97.8", "PWD_P31": "115.8", "PWD_P32": "135.9", "PWD_P33": "157.5", "PWD_P34": "180.7", "PWD_P35": "205.5", "PWD_P36": "230.3", "PWD_P37": "255.9", "PWD_P38": "281.3", "PWD_P39": "306.8", "PWD_P40": "332.5", "PWD_P41": "358.7", "PWD_P42": "386.2", "PWD_P43": "413.5", "PWD_P44": "440.4", "PWD_P45": "470.9", "PWD_P46": "504.4", "PWD_P47": "537.1", "PWD_P48": "572.4", "PWD_P49": "611.0", "PWD_P50": "658.5", "PWD_P51": "718.2", "PWD_P52": "794.7", "PWD_P53": "878.8", "PWD_P54": "960.9", "PWD_P55": "1030.6", "PWD_P56": "1116.6", "PWD_P57": "1198.0", "PWD_P58": "1276.6", "PWD_P59": "1336.7", "PWD_P60": "1401.0", "PWD_P61": "1471.7", "PWD_P62": "1545.4", "PWD_P63": "1631.4", "PWD_P64": "1703.0", "PWD_P65": "1768.1", "PWD_P66": "1839.3", "PWD_P67": "1923.6", "PWD_P68": "2001.6", "PWD_P69": "2074.9", "PWD_P70": "2150.0", "PWD_P71": "2215.7", "PWD_P72": "2276.8", "PWD_P73": "2320.6", "PWD_P74": "2366.4", "PWD_P75": "2412.7", "PWD_P76": "2466.0", "PWD_P77": "2534.3", "PWD_P78": "2606.1", "PWD_P79": "2681.7", "PWD_P80": "2771.8", "PWD_P81": "2872.4", "PWD_P82": "2940.8", "PWD_P83": "2983.2", "PWD_P84": "3037.0", "PWD_P85": "3075.0", "PWD_P86": "3108.4", "PWD_P87": "3141.1", "PWD_P88": "3177.5", "PWD_P89": "3232.9", "PWD_P90": "3291.3", "PWD_P91": "3338.9", "PWD_P92": "3387.5", "PWD_P93": "3442.2", "PWD_P94": "3496.9", "PWD_P95": "3549.8", "PWD_P96": "3604.6", "PWD_P97": "3651.2", "PWD_P98": "3695.2", "PWD_P99": "3797.4", "PWD_P100": "4177.6" }, "geometry": { "type": "Point", "coordinates": [ 24.44499397277832, 56.832832336425781 ] } },
{ "type": "Feature", "id": 117, "properties": { "lon": -9.8622951507568359, "lat": 6.4937419891357422, "year": "2015", "ISO": "LBR", "ISO_No": "430", "Name": "Liberia", "PWC_Lat": "6.49374198913574", "PWC_Lon": "-9.86229515075684", "Pop": "4472229", "Density": "46.5", "Area": "96081.5", "PWD_A": "2438.2", "PWD_G": "249.3", "PWD_M": "101.0", "PWD_P1": "5.1", "PWD_P2": "6.8", "PWD_P3": "8.7", "PWD_P4": "10.4", "PWD_P5": "12.0", "PWD_P6": "13.6", "PWD_P7": "15.0", "PWD_P8": "16.4", "PWD_P9": "17.6", "PWD_P10": "18.9", "PWD_P11": "20.2", "PWD_P12": "21.4", "PWD_P13": "22.7", "PWD_P14": "24.0", "PWD_P15": "25.3", "PWD_P16": "26.7", "PWD_P17": "28.0", "PWD_P18": "29.4", "PWD_P19": "30.8", "PWD_P20": "32.2", "PWD_P21": "33.7", "PWD_P22": "35.2", "PWD_P23": "36.7", "PWD_P24": "38.3", "PWD_P25": "39.9", "PWD_P26": "41.6", "PWD_P27": "43.3", "PWD_P28": "45.0", "PWD_P29": "46.7", "PWD_P30": "48.4", "PWD_P31": "50.2", "PWD_P32": "52.0", "PWD_P33": "54.0", "PWD_P34": "55.9", "PWD_P35": "57.9", "PWD_P36": "60.0", "PWD_P37": "62.1", "PWD_P38": "64.3", "PWD_P39": "66.6", "PWD_P40": "68.9", "PWD_P41": "71.5", "PWD_P42": "74.1", "PWD_P43": "76.8", "PWD_P44": "79.8", "PWD_P45": "82.9", "PWD_P46": "86.1", "PWD_P47": "89.5", "PWD_P48": "93.0", "PWD_P49": "96.8", "PWD_P50": "101.0", "PWD_P51": "105.5", "PWD_P52": "110.3", "PWD_P53": "115.5", "PWD_P54": "121.1", "PWD_P55": "127.1", "PWD_P56": "133.7", "PWD_P57": "141.1", "PWD_P58": "149.7", "PWD_P59": "159.2", "PWD_P60": "170.4", "PWD_P61": "184.1", "PWD_P62": "200.7", "PWD_P63": "221.4", "PWD_P64": "248.1", "PWD_P65": "286.9", "PWD_P66": "349.1", "PWD_P67": "465.7", "PWD_P68": "747.2", "PWD_P69": "1610.8", "PWD_P70": "2092.0", "PWD_P71": "2480.0", "PWD_P72": "2902.5", "PWD_P73": "3333.7", "PWD_P74": "3716.7", "PWD_P75": "4274.6", "PWD_P76": "5079.7", "PWD_P77": "5751.1", "PWD_P78": "6185.6", "PWD_P79": "6569.8", "PWD_P80": "6910.5", "PWD_P81": "7209.2", "PWD_P82": "7469.3", "PWD_P83": "7740.8", "PWD_P84": "8020.3", "PWD_P85": "8269.4", "PWD_P86": "8525.3", "PWD_P87": "8778.7", "PWD_P88": "9002.1", "PWD_P89": "9227.5", "PWD_P90": "9472.0", "PWD_P91": "9690.1", "PWD_P92": "9956.7", "PWD_P93": "10301.0", "PWD_P94": "10549.0", "PWD_P95": "10833.6", "PWD_P96": "11007.2", "PWD_P97": "11129.2", "PWD_P98": "11379.3", "PWD_P99": "11795.0", "PWD_P100": "12641.8" }, "geometry": { "type": "Point", "coordinates": [ -9.862295150756836, 6.493741989135742 ] } },
{ "type": "Feature", "id": 118, "properties": { "lon": 15.731643676757812, "lat": 31.812498092651367, "year": "2015", "ISO": "LBY", "ISO_No": "434", "Name": "Libya", "PWC_Lat": "31.8124980926514", "PWC_Lon": "15.7316436767578", "Pop": "6418314", "Density": "4.0", "Area": "1618544.8", "PWD_A": "876.9", "PWD_G": "190.8", "PWD_M": "344.4", "PWD_P1": "0.2", "PWD_P2": "0.2", "PWD_P3": "0.3", "PWD_P4": "0.5", "PWD_P5": "0.8", "PWD_P6": "1.2", "PWD_P7": "2.0", "PWD_P8": "2.8", "PWD_P9": "3.8", "PWD_P10": "5.0", "PWD_P11": "6.6", "PWD_P12": "8.5", "PWD_P13": "10.6", "PWD_P14": "12.9", "PWD_P15": "15.3", "PWD_P16": "18.0", "PWD_P17": "20.9", "PWD_P18": "24.3", "PWD_P19": "28.2", "PWD_P20": "32.3", "PWD_P21": "36.4", "PWD_P22": "40.9", "PWD_P23": "45.7", "PWD_P24": "50.7", "PWD_P25": "55.7", "PWD_P26": "60.9", "PWD_P27": "66.4", "PWD_P28": "72.3", "PWD_P29": "78.9", "PWD_P30": "86.2", "PWD_P31": "93.6", "PWD_P32": "101.5", "PWD_P33": "110.2", "PWD_P34": "119.3", "PWD_P35": "128.8", "PWD_P36": "138.8", "PWD_P37": "149.2", "PWD_P38": "160.0", "PWD_P39": "171.1", "PWD_P40": "182.6", "PWD_P41": "195.1", "PWD_P42": "208.4", "PWD_P43": "222.2", "PWD_P44": "237.1", "PWD_P45": "252.8", "PWD_P46": "269.4", "PWD_P47": "287.1", "PWD_P48": "305.6", "PWD_P49": "324.7", "PWD_P50": "344.4", "PWD_P51": "365.5", "PWD_P52": "387.6", "PWD_P53": "410.6", "PWD_P54": "434.0", "PWD_P55": "458.6", "PWD_P56": "484.4", "PWD_P57": "510.7", "PWD_P58": "537.9", "PWD_P59": "566.4", "PWD_P60": "595.8", "PWD_P61": "626.0", "PWD_P62": "657.5", "PWD_P63": "690.5", "PWD_P64": "725.6", "PWD_P65": "761.4", "PWD_P66": "799.0", "PWD_P67": "837.7", "PWD_P68": "878.6", "PWD_P69": "921.7", "PWD_P70": "965.6", "PWD_P71": "1011.9", "PWD_P72": "1058.0", "PWD_P73": "1107.2", "PWD_P74": "1158.3", "PWD_P75": "1213.0", "PWD_P76": "1277.0", "PWD_P77": "1339.1", "PWD_P78": "1399.5", "PWD_P79": "1465.7", "PWD_P80": "1543.6", "PWD_P81": "1631.8", "PWD_P82": "1728.9", "PWD_P83": "1833.1", "PWD_P84": "1943.9", "PWD_P85": "2056.5", "PWD_P86": "2168.9", "PWD_P87": "2276.9", "PWD_P88": "2409.8", "PWD_P89": "2547.1", "PWD_P90": "2698.3", "PWD_P91": "2849.0", "PWD_P92": "3006.1", "PWD_P93": "3172.4", "PWD_P94": "3324.6", "PWD_P95": "3543.8", "PWD_P96": "3896.9", "PWD_P97": "4279.1", "PWD_P98": "4656.8", "PWD_P99": "5017.8", "PWD_P100": "5677.8" }, "geometry": { "type": "Point", "coordinates": [ 15.731643676757812, 31.812498092651367 ] } },
{ "type": "Feature", "id": 119, "properties": { "lon": 9.5383081436157227, "lat": 47.157859802246094, "year": "2015", "ISO": "LIE", "ISO_No": "438", "Name": "Liechtenstein", "PWC_Lat": "47.1578598022461", "PWC_Lon": "9.53830814361572", "Pop": "37464", "Density": "232.2", "Area": "161.3", "PWD_A": "370.6", "PWD_G": "307.4", "PWD_M": "373.4", "PWD_P1": "47.6", "PWD_P2": "56.9", "PWD_P3": "63.3", "PWD_P4": "68.7", "PWD_P5": "75.0", "PWD_P6": "82.8", "PWD_P7": "90.9", "PWD_P8": "96.6", "PWD_P9": "104.2", "PWD_P10": "110.7", "PWD_P11": "114.9", "PWD_P12": "119.2", "PWD_P13": "122.6", "PWD_P14": "125.8", "PWD_P15": "129.4", "PWD_P16": "133.9", "PWD_P17": "140.3", "PWD_P18": "146.7", "PWD_P19": "155.0", "PWD_P20": "164.9", "PWD_P21": "175.3", "PWD_P22": "181.7", "PWD_P23": "190.4", "PWD_P24": "199.0", "PWD_P25": "209.0", "PWD_P26": "222.3", "PWD_P27": "234.0", "PWD_P28": "239.1", "PWD_P29": "243.9", "PWD_P30": "250.2", "PWD_P31": "258.2", "PWD_P32": "265.5", "PWD_P33": "272.3", "PWD_P34": "277.4", "PWD_P35": "286.4", "PWD_P36": "293.6", "PWD_P37": "297.5", "PWD_P38": "302.0", "PWD_P39": "307.9", "PWD_P40": "316.0", "PWD_P41": "323.4", "PWD_P42": "329.4", "PWD_P43": "334.2", "PWD_P44": "338.8", "PWD_P45": "345.3", "PWD_P46": "350.9", "PWD_P47": "356.0", "PWD_P48": "363.1", "PWD_P49": "368.9", "PWD_P50": "373.4", "PWD_P51": "377.8", "PWD_P52": "383.3", "PWD_P53": "392.0", "PWD_P54": "397.4", "PWD_P55": "403.1", "PWD_P56": "407.8", "PWD_P57": "412.9", "PWD_P58": "418.0", "PWD_P59": "422.4", "PWD_P60": "427.4", "PWD_P61": "432.8", "PWD_P62": "437.8", "PWD_P63": "441.8", "PWD_P64": "446.3", "PWD_P65": "452.3", "PWD_P66": "458.3", "PWD_P67": "463.2", "PWD_P68": "469.8", "PWD_P69": "476.7", "PWD_P70": "489.6", "PWD_P71": "504.1", "PWD_P72": "511.8", "PWD_P73": "518.3", "PWD_P74": "527.2", "PWD_P75": "534.1", "PWD_P76": "540.3", "PWD_P77": "544.5", "PWD_P78": "549.2", "PWD_P79": "553.0", "PWD_P80": "557.3", "PWD_P81": "561.8", "PWD_P82": "565.6", "PWD_P83": "569.3", "PWD_P84": "573.2", "PWD_P85": "577.0", "PWD_P86": "581.3", "PWD_P87": "585.9", "PWD_P88": "590.4", "PWD_P89": "596.1", "PWD_P90": "601.8", "PWD_P91": "611.2", "PWD_P92": "636.5", "PWD_P93": "663.3", "PWD_P94": "674.0", "PWD_P95": "682.4", "PWD_P96": "695.1", "PWD_P97": "708.3", "PWD_P98": "725.2", "PWD_P99": "801.1", "PWD_P100": "908.3" }, "geometry": { "type": "Point", "coordinates": [ 9.538308143615723, 47.157859802246094 ] } },
{ "type": "Feature", "id": 120, "properties": { "lon": 23.913232803344727, "lat": 55.187290191650391, "year": "2015", "ISO": "LTU", "ISO_No": "440", "Name": "Lithuania", "PWC_Lat": "55.1872901916504", "PWC_Lon": "23.9132328033447", "Pop": "2931871", "Density": "45.9", "Area": "63864.0", "PWD_A": "783.0", "PWD_G": "224.2", "PWD_M": "190.3", "PWD_P1": "4.8", "PWD_P2": "5.6", "PWD_P3": "6.5", "PWD_P4": "7.5", "PWD_P5": "8.5", "PWD_P6": "9.6", "PWD_P7": "10.8", "PWD_P8": "12.0", "PWD_P9": "13.4", "PWD_P10": "15.0", "PWD_P11": "16.7", "PWD_P12": "18.5", "PWD_P13": "20.4", "PWD_P14": "22.3", "PWD_P15": "24.4", "PWD_P16": "26.6", "PWD_P17": "28.9", "PWD_P18": "31.4", "PWD_P19": "34.1", "PWD_P20": "37.0", "PWD_P21": "40.1", "PWD_P22": "43.3", "PWD_P23": "46.6", "PWD_P24": "50.0", "PWD_P25": "53.6", "PWD_P26": "57.3", "PWD_P27": "61.2", "PWD_P28": "65.0", "PWD_P29": "68.8", "PWD_P30": "72.5", "PWD_P31": "76.4", "PWD_P32": "80.2", "PWD_P33": "84.0", "PWD_P34": "88.1", "PWD_P35": "92.3", "PWD_P36": "96.6", "PWD_P37": "101.2", "PWD_P38": "106.0", "PWD_P39": "111.1", "PWD_P40": "116.2", "PWD_P41": "121.7", "PWD_P42": "127.6", "PWD_P43": "133.6", "PWD_P44": "139.7", "PWD_P45": "146.3", "PWD_P46": "153.4", "PWD_P47": "161.2", "PWD_P48": "169.9", "PWD_P49": "179.4", "PWD_P50": "190.3", "PWD_P51": "202.6", "PWD_P52": "216.8", "PWD_P53": "231.5", "PWD_P54": "249.0", "PWD_P55": "270.8", "PWD_P56": "294.9", "PWD_P57": "325.6", "PWD_P58": "364.4", "PWD_P59": "407.7", "PWD_P60": "456.6", "PWD_P61": "532.6", "PWD_P62": "689.4", "PWD_P63": "836.3", "PWD_P64": "963.6", "PWD_P65": "1068.1", "PWD_P66": "1149.3", "PWD_P67": "1241.7", "PWD_P68": "1330.4", "PWD_P69": "1398.1", "PWD_P70": "1454.0", "PWD_P71": "1499.6", "PWD_P72": "1540.5", "PWD_P73": "1588.1", "PWD_P74": "1631.4", "PWD_P75": "1671.4", "PWD_P76": "1710.8", "PWD_P77": "1748.7", "PWD_P78": "1791.5", "PWD_P79": "1839.3", "PWD_P80": "1883.9", "PWD_P81": "1923.7", "PWD_P82": "1964.2", "PWD_P83": "2002.7", "PWD_P84": "2044.6", "PWD_P85": "2086.5", "PWD_P86": "2122.3", "PWD_P87": "2153.6", "PWD_P88": "2183.1", "PWD_P89": "2210.4", "PWD_P90": "2234.6", "PWD_P91": "2255.7", "PWD_P92": "2277.6", "PWD_P93": "2304.6", "PWD_P94": "2332.8", "PWD_P95": "2359.5", "PWD_P96": "2388.1", "PWD_P97": "2423.0", "PWD_P98": "2465.7", "PWD_P99": "2551.5", "PWD_P100": "4923.2" }, "geometry": { "type": "Point", "coordinates": [ 23.913232803344727, 55.187290191650391 ] } },
{ "type": "Feature", "id": 121, "properties": { "lon": 6.088416576385498, "lat": 49.644783020019531, "year": "2015", "ISO": "LUX", "ISO_No": "442", "Name": "Luxembourg", "PWC_Lat": "49.6447830200195", "PWC_Lon": "6.0884165763855", "Pop": "566740", "Density": "222.0", "Area": "2553.2", "PWD_A": "1748.2", "PWD_G": "725.1", "PWD_M": "953.7", "PWD_P1": "23.8", "PWD_P2": "29.2", "PWD_P3": "34.6", "PWD_P4": "39.2", "PWD_P5": "44.2", "PWD_P6": "49.3", "PWD_P7": "54.8", "PWD_P8": "61.2", "PWD_P9": "68.5", "PWD_P10": "76.1", "PWD_P11": "84.0", "PWD_P12": "92.2", "PWD_P13": "100.9", "PWD_P14": "109.7", "PWD_P15": "119.2", "PWD_P16": "129.2", "PWD_P17": "139.3", "PWD_P18": "150.2", "PWD_P19": "161.4", "PWD_P20": "173.2", "PWD_P21": "185.2", "PWD_P22": "197.9", "PWD_P23": "211.1", "PWD_P24": "226.4", "PWD_P25": "241.8", "PWD_P26": "257.1", "PWD_P27": "272.8", "PWD_P28": "289.7", "PWD_P29": "307.6", "PWD_P30": "326.5", "PWD_P31": "346.8", "PWD_P32": "367.4", "PWD_P33": "389.4", "PWD_P34": "411.4", "PWD_P35": "435.5", "PWD_P36": "462.8", "PWD_P37": "490.2", "PWD_P38": "518.4", "PWD_P39": "548.3", "PWD_P40": "577.6", "PWD_P41": "611.0", "PWD_P42": "645.5", "PWD_P43": "681.8", "PWD_P44": "719.0", "PWD_P45": "757.8", "PWD_P46": "795.0", "PWD_P47": "833.2", "PWD_P48": "872.6", "PWD_P49": "912.5", "PWD_P50": "953.7", "PWD_P51": "994.7", "PWD_P52": "1037.1", "PWD_P53": "1080.0", "PWD_P54": "1125.1", "PWD_P55": "1166.5", "PWD_P56": "1209.6", "PWD_P57": "1253.2", "PWD_P58": "1299.6", "PWD_P59": "1345.4", "PWD_P60": "1393.4", "PWD_P61": "1442.3", "PWD_P62": "1493.7", "PWD_P63": "1544.2", "PWD_P64": "1598.2", "PWD_P65": "1649.9", "PWD_P66": "1700.8", "PWD_P67": "1762.4", "PWD_P68": "1821.7", "PWD_P69": "1875.3", "PWD_P70": "1935.0", "PWD_P71": "2000.9", "PWD_P72": "2072.5", "PWD_P73": "2140.1", "PWD_P74": "2211.2", "PWD_P75": "2293.3", "PWD_P76": "2378.2", "PWD_P77": "2472.3", "PWD_P78": "2563.5", "PWD_P79": "2661.8", "PWD_P80": "2764.0", "PWD_P81": "2869.6", "PWD_P82": "2987.4", "PWD_P83": "3111.3", "PWD_P84": "3231.9", "PWD_P85": "3361.7", "PWD_P86": "3500.7", "PWD_P87": "3651.6", "PWD_P88": "3787.9", "PWD_P89": "3907.2", "PWD_P90": "4040.6", "PWD_P91": "4249.8", "PWD_P92": "4737.0", "PWD_P93": "5778.4", "PWD_P94": "6810.1", "PWD_P95": "7772.4", "PWD_P96": "8402.9", "PWD_P97": "8822.0", "PWD_P98": "9411.8", "PWD_P99": "10090.7", "PWD_P100": "11176.8" }, "geometry": { "type": "Point", "coordinates": [ 6.088416576385498, 49.644783020019531 ] } },
{ "type": "Feature", "id": 122, "properties": { "lon": 113.56121063232422, "lat": 22.194812774658203, "year": "2015", "ISO": "MAC", "ISO_No": "446", "Name": "Macao", "PWC_Lat": "22.1948127746582", "PWC_Lon": "113.561210632324", "Pop": "602092", "Density": "20338.2", "Area": "29.6", "PWD_A": "86685.5", "PWD_G": "62662.5", "PWD_M": "81522.3", "PWD_P1": "1462.3", "PWD_P2": "3330.0", "PWD_P3": "5653.8", "PWD_P4": "8384.6", "PWD_P5": "9766.4", "PWD_P6": "10840.1", "PWD_P7": "11697.0", "PWD_P8": "12705.6", "PWD_P9": "14259.3", "PWD_P10": "16454.5", "PWD_P11": "19073.7", "PWD_P12": "20288.8", "PWD_P13": "21897.3", "PWD_P14": "23584.2", "PWD_P15": "25160.7", "PWD_P16": "26700.0", "PWD_P17": "28290.8", "PWD_P18": "29670.7", "PWD_P19": "31211.6", "PWD_P20": "32466.2", "PWD_P21": "33807.2", "PWD_P22": "35581.0", "PWD_P23": "37436.9", "PWD_P24": "39037.4", "PWD_P25": "40740.1", "PWD_P26": "42202.0", "PWD_P27": "43364.2", "PWD_P28": "44347.9", "PWD_P29": "46520.6", "PWD_P30": "48275.8", "PWD_P31": "50546.3", "PWD_P32": "52710.9", "PWD_P33": "55487.2", "PWD_P34": "58009.8", "PWD_P35": "60137.2", "PWD_P36": "61947.2", "PWD_P37": "63407.6", "PWD_P38": "66436.3", "PWD_P39": "67016.7", "PWD_P40": "69065.1", "PWD_P41": "70149.5", "PWD_P42": "70974.9", "PWD_P43": "71750.5", "PWD_P44": "72891.4", "PWD_P45": "74036.0", "PWD_P46": "75553.3", "PWD_P47": "77066.3", "PWD_P48": "77857.5", "PWD_P49": "79369.9", "PWD_P50": "81522.3", "PWD_P51": "83020.3", "PWD_P52": "84484.0", "PWD_P53": "86073.8", "PWD_P54": "88504.1", "PWD_P55": "89896.6", "PWD_P56": "90800.5", "PWD_P57": "93899.2", "PWD_P58": "95631.2", "PWD_P59": "96920.3", "PWD_P60": "98505.0", "PWD_P61": "99712.5", "PWD_P62": "101706.0", "PWD_P63": "102746.5", "PWD_P64": "104373.2", "PWD_P65": "105710.5", "PWD_P66": "107806.0", "PWD_P67": "110267.6", "PWD_P68": "112691.9", "PWD_P69": "114637.1", "PWD_P70": "116460.2", "PWD_P71": "119036.5", "PWD_P72": "121214.5", "PWD_P73": "124409.5", "PWD_P74": "126942.8", "PWD_P75": "128881.8", "PWD_P76": "132002.6", "PWD_P77": "133910.4", "PWD_P78": "134912.6", "PWD_P79": "136625.6", "PWD_P80": "138985.4", "PWD_P81": "140981.8", "PWD_P82": "144838.0", "PWD_P83": "146422.4", "PWD_P84": "149484.0", "PWD_P85": "151913.7", "PWD_P86": "153271.3", "PWD_P87": "154819.2", "PWD_P88": "156497.7", "PWD_P89": "158646.1", "PWD_P90": "162891.5", "PWD_P91": "164830.5", "PWD_P92": "167212.7", "PWD_P93": "169973.5", "PWD_P94": "175713.9", "PWD_P95": "177583.9", "PWD_P96": "183735.5", "PWD_P97": "193826.8", "PWD_P98": "198312.7", "PWD_P99": "208490.9", "PWD_P100": "213533.0" }, "geometry": { "type": "Point", "coordinates": [ 113.561210632324219, 22.194812774658203 ] } },
{ "type": "Feature", "id": 123, "properties": { "lon": 47.307792663574219, "lat": -19.353736877441406, "year": "2015", "ISO": "MDG", "ISO_No": "450", "Name": "Madagascar", "PWC_Lat": "-19.3537368774414", "PWC_Lon": "47.3077926635742", "Pop": "24234080", "Density": "41.1", "Area": "589171.1", "PWD_A": "1587.0", "PWD_G": "152.5", "PWD_M": "105.4", "PWD_P1": "4.3", "PWD_P2": "6.0", "PWD_P3": "7.5", "PWD_P4": "8.9", "PWD_P5": "10.3", "PWD_P6": "11.6", "PWD_P7": "13.0", "PWD_P8": "14.4", "PWD_P9": "15.7", "PWD_P10": "17.0", "PWD_P11": "18.3", "PWD_P12": "19.6", "PWD_P13": "20.9", "PWD_P14": "22.2", "PWD_P15": "23.5", "PWD_P16": "24.9", "PWD_P17": "26.3", "PWD_P18": "27.7", "PWD_P19": "29.2", "PWD_P20": "30.7", "PWD_P21": "32.2", "PWD_P22": "33.8", "PWD_P23": "35.5", "PWD_P24": "37.2", "PWD_P25": "38.9", "PWD_P26": "40.7", "PWD_P27": "42.6", "PWD_P28": "44.5", "PWD_P29": "46.5", "PWD_P30": "48.6", "PWD_P31": "50.7", "PWD_P32": "52.8", "PWD_P33": "55.1", "PWD_P34": "57.4", "PWD_P35": "59.8", "PWD_P36": "62.3", "PWD_P37": "64.8", "PWD_P38": "67.4", "PWD_P39": "70.0", "PWD_P40": "72.7", "PWD_P41": "75.5", "PWD_P42": "78.3", "PWD_P43": "81.3", "PWD_P44": "84.3", "PWD_P45": "87.5", "PWD_P46": "90.8", "PWD_P47": "94.3", "PWD_P48": "97.8", "PWD_P49": "101.5", "PWD_P50": "105.4", "PWD_P51": "109.3", "PWD_P52": "113.4", "PWD_P53": "117.6", "PWD_P54": "122.0", "PWD_P55": "126.6", "PWD_P56": "131.5", "PWD_P57": "136.7", "PWD_P58": "142.2", "PWD_P59": "148.2", "PWD_P60": "154.4", "PWD_P61": "161.1", "PWD_P62": "168.2", "PWD_P63": "175.6", "PWD_P64": "183.3", "PWD_P65": "191.6", "PWD_P66": "200.6", "PWD_P67": "210.6", "PWD_P68": "221.8", "PWD_P69": "234.1", "PWD_P70": "247.7", "PWD_P71": "263.3", "PWD_P72": "281.2", "PWD_P73": "302.0", "PWD_P74": "327.4", "PWD_P75": "358.4", "PWD_P76": "396.9", "PWD_P77": "447.4", "PWD_P78": "506.4", "PWD_P79": "576.6", "PWD_P80": "665.0", "PWD_P81": "775.0", "PWD_P82": "906.4", "PWD_P83": "1060.6", "PWD_P84": "1245.6", "PWD_P85": "1486.9", "PWD_P86": "1769.4", "PWD_P87": "2149.3", "PWD_P88": "2613.6", "PWD_P89": "3220.5", "PWD_P90": "3917.9", "PWD_P91": "4951.8", "PWD_P92": "6531.0", "PWD_P93": "8445.3", "PWD_P94": "9464.7", "PWD_P95": "11104.2", "PWD_P96": "13079.2", "PWD_P97": "15540.3", "PWD_P98": "19428.0", "PWD_P99": "23980.3", "PWD_P100": "41695.3" }, "geometry": { "type": "Point", "coordinates": [ 47.307792663574219, -19.353736877441406 ] } },
{ "type": "Feature", "id": 124, "properties": { "lon": 34.434940338134766, "lat": -14.213065147399902, "year": "2015", "ISO": "MWI", "ISO_No": "454", "Name": "Malawi", "PWC_Lat": "-14.2130651473999", "PWC_Lon": "34.4349403381348", "Pop": "16745305", "Density": "177.6", "Area": "94297.5", "PWD_A": "2822.1", "PWD_G": "531.4", "PWD_M": "373.0", "PWD_P1": "28.9", "PWD_P2": "42.5", "PWD_P3": "53.4", "PWD_P4": "63.6", "PWD_P5": "72.4", "PWD_P6": "79.6", "PWD_P7": "86.8", "PWD_P8": "94.1", "PWD_P9": "101.4", "PWD_P10": "108.8", "PWD_P11": "116.0", "PWD_P12": "122.8", "PWD_P13": "129.1", "PWD_P14": "134.7", "PWD_P15": "139.9", "PWD_P16": "144.9", "PWD_P17": "149.9", "PWD_P18": "154.9", "PWD_P19": "160.1", "PWD_P20": "165.4", "PWD_P21": "170.6", "PWD_P22": "176.0", "PWD_P23": "181.4", "PWD_P24": "186.9", "PWD_P25": "192.6", "PWD_P26": "198.4", "PWD_P27": "204.3", "PWD_P28": "210.3", "PWD_P29": "216.2", "PWD_P30": "222.3", "PWD_P31": "228.3", "PWD_P32": "234.5", "PWD_P33": "240.7", "PWD_P34": "247.0", "PWD_P35": "253.5", "PWD_P36": "260.2", "PWD_P37": "267.0", "PWD_P38": "274.0", "PWD_P39": "281.1", "PWD_P40": "288.4", "PWD_P41": "295.8", "PWD_P42": "303.5", "PWD_P43": "311.3", "PWD_P44": "319.3", "PWD_P45": "327.8", "PWD_P46": "336.5", "PWD_P47": "345.2", "PWD_P48": "354.3", "PWD_P49": "363.5", "PWD_P50": "373.0", "PWD_P51": "382.8", "PWD_P52": "392.8", "PWD_P53": "403.2", "PWD_P54": "413.9", "PWD_P55": "425.0", "PWD_P56": "436.4", "PWD_P57": "448.4", "PWD_P58": "461.0", "PWD_P59": "474.4", "PWD_P60": "488.6", "PWD_P61": "503.6", "PWD_P62": "519.3", "PWD_P63": "536.1", "PWD_P64": "553.9", "PWD_P65": "572.8", "PWD_P66": "593.0", "PWD_P67": "614.6", "PWD_P68": "638.6", "PWD_P69": "665.5", "PWD_P70": "695.2", "PWD_P71": "728.2", "PWD_P72": "765.1", "PWD_P73": "807.1", "PWD_P74": "856.6", "PWD_P75": "915.9", "PWD_P76": "986.7", "PWD_P77": "1074.2", "PWD_P78": "1183.6", "PWD_P79": "1321.2", "PWD_P80": "1500.6", "PWD_P81": "1733.9", "PWD_P82": "2042.1", "PWD_P83": "2409.1", "PWD_P84": "2853.8", "PWD_P85": "3369.4", "PWD_P86": "3976.8", "PWD_P87": "4660.3", "PWD_P88": "5455.7", "PWD_P89": "6359.5", "PWD_P90": "7442.8", "PWD_P91": "8567.1", "PWD_P92": "9996.2", "PWD_P93": "11589.7", "PWD_P94": "13317.4", "PWD_P95": "15539.0", "PWD_P96": "18843.7", "PWD_P97": "23150.1", "PWD_P98": "29260.2", "PWD_P99": "39507.3", "PWD_P100": "152100.2" }, "geometry": { "type": "Point", "coordinates": [ 34.434940338134766, -14.213065147399902 ] } },
{ "type": "Feature", "id": 125, "properties": { "lon": 104.55567169189453, "lat": 3.8356366157531738, "year": "2015", "ISO": "MYS", "ISO_No": "458", "Name": "Malaysia", "PWC_Lat": "3.83563661575317", "PWC_Lon": "104.555671691895", "Pop": "30270965", "Density": "91.7", "Area": "329946.9", "PWD_A": "2717.2", "PWD_G": "936.0", "PWD_M": "1655.9", "PWD_P1": "6.3", "PWD_P2": "10.7", "PWD_P3": "14.4", "PWD_P4": "17.9", "PWD_P5": "21.8", "PWD_P6": "25.8", "PWD_P7": "30.3", "PWD_P8": "35.6", "PWD_P9": "41.3", "PWD_P10": "47.3", "PWD_P11": "54.0", "PWD_P12": "61.8", "PWD_P13": "70.7", "PWD_P14": "80.2", "PWD_P15": "90.4", "PWD_P16": "101.6", "PWD_P17": "114.1", "PWD_P18": "128.2", "PWD_P19": "143.9", "PWD_P20": "161.1", "PWD_P21": "179.7", "PWD_P22": "199.5", "PWD_P23": "221.0", "PWD_P24": "244.5", "PWD_P25": "270.0", "PWD_P26": "297.6", "PWD_P27": "327.8", "PWD_P28": "361.3", "PWD_P29": "397.4", "PWD_P30": "436.4", "PWD_P31": "477.8", "PWD_P32": "521.6", "PWD_P33": "567.8", "PWD_P34": "615.9", "PWD_P35": "666.2", "PWD_P36": "719.0", "PWD_P37": "773.4", "PWD_P38": "829.4", "PWD_P39": "887.6", "PWD_P40": "947.3", "PWD_P41": "1008.5", "PWD_P42": "1073.1", "PWD_P43": "1139.1", "PWD_P44": "1205.9", "PWD_P45": "1276.3", "PWD_P46": "1347.9", "PWD_P47": "1422.2", "PWD_P48": "1497.8", "PWD_P49": "1576.4", "PWD_P50": "1655.9", "PWD_P51": "1735.8", "PWD_P52": "1818.1", "PWD_P53": "1900.8", "PWD_P54": "1984.4", "PWD_P55": "2071.8", "PWD_P56": "2160.4", "PWD_P57": "2250.0", "PWD_P58": "2343.1", "PWD_P59": "2440.1", "PWD_P60": "2541.1", "PWD_P61": "2641.1", "PWD_P62": "2741.4", "PWD_P63": "2840.9", "PWD_P64": "2944.7", "PWD_P65": "3052.6", "PWD_P66": "3164.5", "PWD_P67": "3279.9", "PWD_P68": "3397.4", "PWD_P69": "3517.6", "PWD_P70": "3633.9", "PWD_P71": "3751.9", "PWD_P72": "3871.1", "PWD_P73": "3985.4", "PWD_P74": "4100.9", "PWD_P75": "4222.4", "PWD_P76": "4340.0", "PWD_P77": "4460.0", "PWD_P78": "4581.7", "PWD_P79": "4708.1", "PWD_P80": "4839.7", "PWD_P81": "4976.5", "PWD_P82": "5123.3", "PWD_P83": "5272.5", "PWD_P84": "5441.0", "PWD_P85": "5630.5", "PWD_P86": "5841.7", "PWD_P87": "6057.3", "PWD_P88": "6301.0", "PWD_P89": "6580.0", "PWD_P90": "6878.4", "PWD_P91": "7230.3", "PWD_P92": "7605.7", "PWD_P93": "7962.1", "PWD_P94": "8351.6", "PWD_P95": "8796.2", "PWD_P96": "9346.5", "PWD_P97": "10346.2", "PWD_P98": "12441.5", "PWD_P99": "13939.0", "PWD_P100": "20295.9" }, "geometry": { "type": "Point", "coordinates": [ 104.555671691894531, 3.835636615753174 ] } },
{ "type": "Feature", "id": 126, "properties": { "lon": 73.3143, "lat": 3.9445, "year": "2015", "ISO": "MDV", "ISO_No": "462", "Name": "Maldives", "PWC_Lat": "3.9445", "PWC_Lon": "73.3143", "Pop": "454913", "Density": "1070.2", "Area": "425.1", "PWD_A": "29620.8", "PWD_G": "8504.5", "PWD_M": "6155.6", "PWD_P1": "182.0", "PWD_P2": "248.6", "PWD_P3": "303.2", "PWD_P4": "352.5", "PWD_P5": "400.7", "PWD_P6": "453.6", "PWD_P7": "508.8", "PWD_P8": "566.3", "PWD_P9": "620.7", "PWD_P10": "678.2", "PWD_P11": "742.2", "PWD_P12": "809.8", "PWD_P13": "876.3", "PWD_P14": "943.3", "PWD_P15": "1017.3", "PWD_P16": "1089.2", "PWD_P17": "1159.3", "PWD_P18": "1229.1", "PWD_P19": "1305.0", "PWD_P20": "1377.3", "PWD_P21": "1451.8", "PWD_P22": "1532.3", "PWD_P23": "1615.9", "PWD_P24": "1701.6", "PWD_P25": "1786.9", "PWD_P26": "1887.4", "PWD_P27": "2003.2", "PWD_P28": "2130.4", "PWD_P29": "2257.3", "PWD_P30": "2394.4", "PWD_P31": "2519.7", "PWD_P32": "2626.6", "PWD_P33": "2747.0", "PWD_P34": "2860.5", "PWD_P35": "3008.7", "PWD_P36": "3119.1", "PWD_P37": "3217.5", "PWD_P38": "3335.8", "PWD_P39": "3472.6", "PWD_P40": "3622.3", "PWD_P41": "3791.6", "PWD_P42": "3987.2", "PWD_P43": "4176.0", "PWD_P44": "4341.9", "PWD_P45": "4544.2", "PWD_P46": "4797.3", "PWD_P47": "5075.8", "PWD_P48": "5414.4", "PWD_P49": "5772.0", "PWD_P50": "6155.6", "PWD_P51": "6676.0", "PWD_P52": "7329.7", "PWD_P53": "8385.5", "PWD_P54": "10017.8", "PWD_P55": "11782.1", "PWD_P56": "13522.3", "PWD_P57": "15374.2", "PWD_P58": "17670.5", "PWD_P59": "21186.0", "PWD_P60": "25464.2", "PWD_P61": "32662.9", "PWD_P62": "38690.2", "PWD_P63": "42749.3", "PWD_P64": "44237.0", "PWD_P65": "47299.3", "PWD_P66": "49584.1", "PWD_P67": "51664.1", "PWD_P68": "52952.2", "PWD_P69": "54715.4", "PWD_P70": "56857.0", "PWD_P71": "58749.2", "PWD_P72": "62862.3", "PWD_P73": "64679.6", "PWD_P74": "65560.3", "PWD_P75": "66925.5", "PWD_P76": "68557.3", "PWD_P77": "68828.7", "PWD_P78": "69757.0", "PWD_P79": "71595.8", "PWD_P80": "71864.8", "PWD_P81": "73137.4", "PWD_P82": "74395.7", "PWD_P83": "75405.0", "PWD_P84": "76022.9", "PWD_P85": "76810.9", "PWD_P86": "77870.2", "PWD_P87": "79180.0", "PWD_P88": "79836.2", "PWD_P89": "80239.1", "PWD_P90": "80561.3", "PWD_P91": "81260.5", "PWD_P92": "81937.3", "PWD_P93": "82881.5", "PWD_P94": "83309.5", "PWD_P95": "83824.2", "PWD_P96": "84325.9", "PWD_P97": "84930.4", "PWD_P98": "85285.4", "PWD_P99": "85931.6", "PWD_P100": "89757.9" }, "geometry": { "type": "Point", "coordinates": [ 73.3143, 3.9445 ] } },
{ "type": "Feature", "id": 127, "properties": { "lon": -6.4158, "lat": 13.4199, "year": "2015", "ISO": "MLI", "ISO_No": "466", "Name": "Mali", "PWC_Lat": "13.4199", "PWC_Lon": "-6.4158", "Pop": "17438771", "Density": "13.9", "Area": "1251658.8", "PWD_A": "3872.5", "PWD_G": "192.3", "PWD_M": "96.4", "PWD_P1": "1.4", "PWD_P2": "2.7", "PWD_P3": "4.1", "PWD_P4": "5.3", "PWD_P5": "6.5", "PWD_P6": "7.7", "PWD_P7": "8.9", "PWD_P8": "10.1", "PWD_P9": "11.3", "PWD_P10": "12.5", "PWD_P11": "13.5", "PWD_P12": "14.5", "PWD_P13": "15.5", "PWD_P14": "16.5", "PWD_P15": "17.5", "PWD_P16": "18.4", "PWD_P17": "19.4", "PWD_P18": "20.4", "PWD_P19": "21.4", "PWD_P20": "22.4", "PWD_P21": "23.4", "PWD_P22": "24.4", "PWD_P23": "25.5", "PWD_P24": "26.5", "PWD_P25": "27.7", "PWD_P26": "28.9", "PWD_P27": "30.1", "PWD_P28": "31.5", "PWD_P29": "32.9", "PWD_P30": "34.4", "PWD_P31": "35.9", "PWD_P32": "37.6", "PWD_P33": "39.3", "PWD_P34": "41.1", "PWD_P35": "43.1", "PWD_P36": "45.1", "PWD_P37": "47.3", "PWD_P38": "49.7", "PWD_P39": "52.2", "PWD_P40": "54.9", "PWD_P41": "57.7", "PWD_P42": "60.8", "PWD_P43": "64.1", "PWD_P44": "67.6", "PWD_P45": "71.6", "PWD_P46": "75.9", "PWD_P47": "80.5", "PWD_P48": "85.6", "PWD_P49": "91.0", "PWD_P50": "96.4", "PWD_P51": "102.0", "PWD_P52": "107.9", "PWD_P53": "114.0", "PWD_P54": "120.7", "PWD_P55": "127.8", "PWD_P56": "135.6", "PWD_P57": "143.9", "PWD_P58": "153.1", "PWD_P59": "162.9", "PWD_P60": "173.4", "PWD_P61": "184.3", "PWD_P62": "196.2", "PWD_P63": "209.3", "PWD_P64": "223.8", "PWD_P65": "241.5", "PWD_P66": "261.9", "PWD_P67": "288.6", "PWD_P68": "320.8", "PWD_P69": "362.2", "PWD_P70": "417.8", "PWD_P71": "493.6", "PWD_P72": "596.8", "PWD_P73": "747.7", "PWD_P74": "964.1", "PWD_P75": "1262.7", "PWD_P76": "1646.3", "PWD_P77": "2123.4", "PWD_P78": "2744.9", "PWD_P79": "3583.2", "PWD_P80": "4456.1", "PWD_P81": "5311.8", "PWD_P82": "6294.8", "PWD_P83": "7355.3", "PWD_P84": "8687.9", "PWD_P85": "9989.4", "PWD_P86": "11285.3", "PWD_P87": "12556.2", "PWD_P88": "13713.8", "PWD_P89": "14827.3", "PWD_P90": "16010.4", "PWD_P91": "17222.7", "PWD_P92": "18455.4", "PWD_P93": "19950.2", "PWD_P94": "21561.8", "PWD_P95": "23398.5", "PWD_P96": "26101.3", "PWD_P97": "29268.2", "PWD_P98": "33046.9", "PWD_P99": "38794.8", "PWD_P100": "90338.8" }, "geometry": { "type": "Point", "coordinates": [ -6.4158, 13.4199 ] } },
{ "type": "Feature", "id": 128, "properties": { "lon": 14.457950592041016, "lat": 35.899452209472656, "year": "2015", "ISO": "MLT", "ISO_No": "470", "Name": "Malta", "PWC_Lat": "35.8994522094727", "PWC_Lon": "14.457950592041", "Pop": "433558", "Density": "1291.8", "Area": "335.6", "PWD_A": "3979.4", "PWD_G": "2503.6", "PWD_M": "2815.1", "PWD_P1": "169.2", "PWD_P2": "209.0", "PWD_P3": "241.8", "PWD_P4": "272.9", "PWD_P5": "313.7", "PWD_P6": "358.6", "PWD_P7": "401.0", "PWD_P8": "445.0", "PWD_P9": "494.0", "PWD_P10": "541.7", "PWD_P11": "585.1", "PWD_P12": "628.7", "PWD_P13": "672.3", "PWD_P14": "716.4", "PWD_P15": "763.7", "PWD_P16": "809.8", "PWD_P17": "857.8", "PWD_P18": "909.5", "PWD_P19": "956.5", "PWD_P20": "1007.4", "PWD_P21": "1054.5", "PWD_P22": "1099.3", "PWD_P23": "1146.7", "PWD_P24": "1195.5", "PWD_P25": "1242.6", "PWD_P26": "1288.2", "PWD_P27": "1338.9", "PWD_P28": "1392.6", "PWD_P29": "1444.3", "PWD_P30": "1494.6", "PWD_P31": "1548.8", "PWD_P32": "1601.0", "PWD_P33": "1650.2", "PWD_P34": "1702.8", "PWD_P35": "1757.2", "PWD_P36": "1817.2", "PWD_P37": "1880.0", "PWD_P38": "1942.1", "PWD_P39": "2011.0", "PWD_P40": "2083.2", "PWD_P41": "2153.9", "PWD_P42": "2227.7", "PWD_P43": "2291.1", "PWD_P44": "2359.3", "PWD_P45": "2425.2", "PWD_P46": "2491.5", "PWD_P47": "2570.2", "PWD_P48": "2654.3", "PWD_P49": "2735.1", "PWD_P50": "2815.1", "PWD_P51": "2897.9", "PWD_P52": "2989.8", "PWD_P53": "3089.1", "PWD_P54": "3193.8", "PWD_P55": "3303.9", "PWD_P56": "3410.4", "PWD_P57": "3526.5", "PWD_P58": "3646.8", "PWD_P59": "3757.6", "PWD_P60": "3883.5", "PWD_P61": "4019.3", "PWD_P62": "4133.7", "PWD_P63": "4289.1", "PWD_P64": "4416.2", "PWD_P65": "4560.3", "PWD_P66": "4687.3", "PWD_P67": "4821.7", "PWD_P68": "4974.5", "PWD_P69": "5108.0", "PWD_P70": "5251.5", "PWD_P71": "5400.8", "PWD_P72": "5561.1", "PWD_P73": "5702.9", "PWD_P74": "5863.8", "PWD_P75": "6042.5", "PWD_P76": "6220.3", "PWD_P77": "6418.1", "PWD_P78": "6642.8", "PWD_P79": "6867.8", "PWD_P80": "7113.0", "PWD_P81": "7343.8", "PWD_P82": "7541.4", "PWD_P83": "7744.2", "PWD_P84": "7903.4", "PWD_P85": "8095.7", "PWD_P86": "8292.7", "PWD_P87": "8451.3", "PWD_P88": "8621.4", "PWD_P89": "8782.2", "PWD_P90": "8969.8", "PWD_P91": "9173.2", "PWD_P92": "9472.4", "PWD_P93": "9740.7", "PWD_P94": "10042.5", "PWD_P95": "10507.1", "PWD_P96": "11182.8", "PWD_P97": "12178.8", "PWD_P98": "13105.2", "PWD_P99": "14390.2", "PWD_P100": "17942.4" }, "geometry": { "type": "Point", "coordinates": [ 14.457950592041016, 35.899452209472656 ] } },
{ "type": "Feature", "id": 129, "properties": { "lon": -61.008155822753906, "lat": 14.628945350646973, "year": "2015", "ISO": "MTQ", "ISO_No": "474", "Name": "Martinique", "PWC_Lat": "14.628945350647", "PWC_Lon": "-61.0081558227539", "Pop": "378482", "Density": "344.6", "Area": "1098.4", "PWD_A": "810.5", "PWD_G": "527.0", "PWD_M": "484.4", "PWD_P1": "60.5", "PWD_P2": "78.1", "PWD_P3": "90.6", "PWD_P4": "104.2", "PWD_P5": "118.5", "PWD_P6": "131.4", "PWD_P7": "141.9", "PWD_P8": "153.3", "PWD_P9": "164.4", "PWD_P10": "174.3", "PWD_P11": "184.7", "PWD_P12": "195.2", "PWD_P13": "204.5", "PWD_P14": "212.9", "PWD_P15": "221.6", "PWD_P16": "229.7", "PWD_P17": "237.4", "PWD_P18": "244.5", "PWD_P19": "251.8", "PWD_P20": "258.9", "PWD_P21": "266.5", "PWD_P22": "274.0", "PWD_P23": "281.2", "PWD_P24": "287.7", "PWD_P25": "294.2", "PWD_P26": "300.5", "PWD_P27": "307.3", "PWD_P28": "314.2", "PWD_P29": "321.4", "PWD_P30": "328.0", "PWD_P31": "335.5", "PWD_P32": "342.7", "PWD_P33": "349.5", "PWD_P34": "356.6", "PWD_P35": "363.9", "PWD_P36": "372.2", "PWD_P37": "380.7", "PWD_P38": "388.5", "PWD_P39": "396.4", "PWD_P40": "404.5", "PWD_P41": "411.3", "PWD_P42": "418.2", "PWD_P43": "426.3", "PWD_P44": "434.4", "PWD_P45": "442.0", "PWD_P46": "449.9", "PWD_P47": "458.0", "PWD_P48": "466.2", "PWD_P49": "475.6", "PWD_P50": "484.4", "PWD_P51": "492.9", "PWD_P52": "500.4", "PWD_P53": "508.6", "PWD_P54": "518.3", "PWD_P55": "527.8", "PWD_P56": "537.1", "PWD_P57": "547.0", "PWD_P58": "557.9", "PWD_P59": "569.4", "PWD_P60": "578.4", "PWD_P61": "586.5", "PWD_P62": "595.1", "PWD_P63": "603.9", "PWD_P64": "614.6", "PWD_P65": "624.4", "PWD_P66": "632.9", "PWD_P67": "643.5", "PWD_P68": "656.7", "PWD_P69": "669.2", "PWD_P70": "683.6", "PWD_P71": "701.3", "PWD_P72": "720.6", "PWD_P73": "746.4", "PWD_P74": "774.0", "PWD_P75": "803.4", "PWD_P76": "903.1", "PWD_P77": "1039.1", "PWD_P78": "1176.9", "PWD_P79": "1282.5", "PWD_P80": "1441.4", "PWD_P81": "1545.7", "PWD_P82": "1760.5", "PWD_P83": "1834.9", "PWD_P84": "1889.8", "PWD_P85": "1987.4", "PWD_P86": "2053.0", "PWD_P87": "2103.6", "PWD_P88": "2148.2", "PWD_P89": "2200.2", "PWD_P90": "2266.5", "PWD_P91": "2356.0", "PWD_P92": "2450.8", "PWD_P93": "2521.6", "PWD_P94": "2615.1", "PWD_P95": "2679.6", "PWD_P96": "2722.8", "PWD_P97": "2770.1", "PWD_P98": "2826.1", "PWD_P99": "2920.7", "PWD_P100": "3291.6" }, "geometry": { "type": "Point", "coordinates": [ -61.008155822753906, 14.628945350646973 ] } },
{ "type": "Feature", "id": 130, "properties": { "lon": -13.008387565612793, "lat": 17.150625228881836, "year": "2015", "ISO": "MRT", "ISO_No": "478", "Name": "Mauritania", "PWC_Lat": "17.1506252288818", "PWC_Lon": "-13.0083875656128", "Pop": "4046304", "Density": "3.9", "Area": "1043611.8", "PWD_A": "4240.6", "PWD_G": "166.8", "PWD_M": "79.7", "PWD_P1": "0.4", "PWD_P2": "0.9", "PWD_P3": "1.5", "PWD_P4": "2.1", "PWD_P5": "2.8", "PWD_P6": "3.5", "PWD_P7": "4.1", "PWD_P8": "4.7", "PWD_P9": "5.2", "PWD_P10": "5.6", "PWD_P11": "6.1", "PWD_P12": "6.5", "PWD_P13": "7.0", "PWD_P14": "7.4", "PWD_P15": "8.0", "PWD_P16": "8.5", "PWD_P17": "9.2", "PWD_P18": "9.9", "PWD_P19": "10.6", "PWD_P20": "11.5", "PWD_P21": "12.3", "PWD_P22": "13.2", "PWD_P23": "14.1", "PWD_P24": "15.1", "PWD_P25": "16.1", "PWD_P26": "17.0", "PWD_P27": "18.0", "PWD_P28": "19.1", "PWD_P29": "20.2", "PWD_P30": "21.4", "PWD_P31": "22.7", "PWD_P32": "24.1", "PWD_P33": "25.6", "PWD_P34": "27.3", "PWD_P35": "29.0", "PWD_P36": "30.9", "PWD_P37": "32.8", "PWD_P38": "35.0", "PWD_P39": "37.4", "PWD_P40": "39.9", "PWD_P41": "42.7", "PWD_P42": "45.6", "PWD_P43": "48.8", "PWD_P44": "52.2", "PWD_P45": "55.9", "PWD_P46": "60.0", "PWD_P47": "64.1", "PWD_P48": "68.8", "PWD_P49": "73.9", "PWD_P50": "79.7", "PWD_P51": "86.1", "PWD_P52": "93.4", "PWD_P53": "102.0", "PWD_P54": "111.8", "PWD_P55": "123.2", "PWD_P56": "136.6", "PWD_P57": "152.3", "PWD_P58": "170.6", "PWD_P59": "192.2", "PWD_P60": "219.6", "PWD_P61": "252.4", "PWD_P62": "291.0", "PWD_P63": "336.2", "PWD_P64": "394.7", "PWD_P65": "478.1", "PWD_P66": "575.9", "PWD_P67": "693.5", "PWD_P68": "854.6", "PWD_P69": "1038.9", "PWD_P70": "1262.0", "PWD_P71": "1551.0", "PWD_P72": "1859.9", "PWD_P73": "2229.4", "PWD_P74": "2534.0", "PWD_P75": "2959.1", "PWD_P76": "3410.6", "PWD_P77": "3975.6", "PWD_P78": "4561.3", "PWD_P79": "5193.2", "PWD_P80": "6126.7", "PWD_P81": "7150.9", "PWD_P82": "7798.8", "PWD_P83": "8328.1", "PWD_P84": "8834.2", "PWD_P85": "9380.4", "PWD_P86": "9928.2", "PWD_P87": "10401.8", "PWD_P88": "10826.8", "PWD_P89": "11283.7", "PWD_P90": "11976.5", "PWD_P91": "13099.5", "PWD_P92": "14473.6", "PWD_P93": "21366.2", "PWD_P94": "25039.1", "PWD_P95": "26769.3", "PWD_P96": "32412.2", "PWD_P97": "39636.4", "PWD_P98": "41943.8", "PWD_P99": "45262.7", "PWD_P100": "55654.2" }, "geometry": { "type": "Point", "coordinates": [ -13.008387565612793, 17.150625228881836 ] } },
{ "type": "Feature", "id": 131, "properties": { "lon": 57.752494812011719, "lat": -20.218685150146484, "year": "2015", "ISO": "MUS", "ISO_No": "480", "Name": "Mauritius", "PWC_Lat": "-20.2186851501465", "PWC_Lon": "57.7524948120117", "Pop": "1259456", "Density": "614.7", "Area": "2049.0", "PWD_A": "2983.0", "PWD_G": "1707.1", "PWD_M": "2106.8", "PWD_P1": "49.4", "PWD_P2": "81.3", "PWD_P3": "110.6", "PWD_P4": "142.5", "PWD_P5": "172.6", "PWD_P6": "203.0", "PWD_P7": "234.2", "PWD_P8": "265.9", "PWD_P9": "297.3", "PWD_P10": "327.1", "PWD_P11": "356.6", "PWD_P12": "384.3", "PWD_P13": "413.3", "PWD_P14": "442.0", "PWD_P15": "470.1", "PWD_P16": "500.1", "PWD_P17": "530.3", "PWD_P18": "559.7", "PWD_P19": "589.9", "PWD_P20": "618.8", "PWD_P21": "649.6", "PWD_P22": "679.2", "PWD_P23": "709.8", "PWD_P24": "743.2", "PWD_P25": "776.1", "PWD_P26": "809.6", "PWD_P27": "844.6", "PWD_P28": "883.3", "PWD_P29": "922.2", "PWD_P30": "962.9", "PWD_P31": "1006.4", "PWD_P32": "1052.9", "PWD_P33": "1097.6", "PWD_P34": "1145.0", "PWD_P35": "1193.8", "PWD_P36": "1242.1", "PWD_P37": "1290.4", "PWD_P38": "1342.3", "PWD_P39": "1394.4", "PWD_P40": "1451.5", "PWD_P41": "1507.1", "PWD_P42": "1565.7", "PWD_P43": "1625.5", "PWD_P44": "1690.3", "PWD_P45": "1754.8", "PWD_P46": "1817.9", "PWD_P47": "1886.4", "PWD_P48": "1960.8", "PWD_P49": "2036.7", "PWD_P50": "2106.8", "PWD_P51": "2188.7", "PWD_P52": "2268.3", "PWD_P53": "2354.2", "PWD_P54": "2439.9", "PWD_P55": "2524.5", "PWD_P56": "2607.3", "PWD_P57": "2696.4", "PWD_P58": "2788.4", "PWD_P59": "2876.3", "PWD_P60": "2966.4", "PWD_P61": "3055.3", "PWD_P62": "3136.4", "PWD_P63": "3221.0", "PWD_P64": "3304.1", "PWD_P65": "3396.3", "PWD_P66": "3505.1", "PWD_P67": "3596.6", "PWD_P68": "3684.3", "PWD_P69": "3772.6", "PWD_P70": "3857.0", "PWD_P71": "3945.7", "PWD_P72": "4053.0", "PWD_P73": "4156.2", "PWD_P74": "4256.8", "PWD_P75": "4374.6", "PWD_P76": "4494.4", "PWD_P77": "4607.1", "PWD_P78": "4729.6", "PWD_P79": "4862.0", "PWD_P80": "5003.5", "PWD_P81": "5176.4", "PWD_P82": "5354.2", "PWD_P83": "5508.3", "PWD_P84": "5671.1", "PWD_P85": "5825.5", "PWD_P86": "6000.9", "PWD_P87": "6188.4", "PWD_P88": "6386.4", "PWD_P89": "6576.7", "PWD_P90": "6817.7", "PWD_P91": "7107.1", "PWD_P92": "7507.9", "PWD_P93": "7914.9", "PWD_P94": "8389.8", "PWD_P95": "8828.9", "PWD_P96": "9337.8", "PWD_P97": "9863.5", "PWD_P98": "10315.7", "PWD_P99": "12106.5", "PWD_P100": "16492.8" }, "geometry": { "type": "Point", "coordinates": [ 57.752494812011719, -20.218685150146484 ] } },
{ "type": "Feature", "id": 132, "properties": { "lon": -100.1687, "lat": 21.222, "year": "2015", "ISO": "MEX", "ISO_No": "484", "Name": "Mexico", "PWC_Lat": "21.222", "PWC_Lon": "-100.1687", "Pop": "121858250", "Density": "62.8", "Area": "1941066.5", "PWD_A": "8990.3", "PWD_G": "3377.9", "PWD_M": "6439.4", "PWD_P1": "5.0", "PWD_P2": "11.6", "PWD_P3": "20.7", "PWD_P4": "33.1", "PWD_P5": "49.2", "PWD_P6": "69.6", "PWD_P7": "94.0", "PWD_P8": "122.9", "PWD_P9": "156.4", "PWD_P10": "194.3", "PWD_P11": "236.1", "PWD_P12": "281.9", "PWD_P13": "331.9", "PWD_P14": "386.8", "PWD_P15": "446.9", "PWD_P16": "512.5", "PWD_P17": "584.8", "PWD_P18": "663.7", "PWD_P19": "750.3", "PWD_P20": "845.0", "PWD_P21": "949.6", "PWD_P22": "1065.0", "PWD_P23": "1191.7", "PWD_P24": "1331.6", "PWD_P25": "1483.2", "PWD_P26": "1647.5", "PWD_P27": "1821.3", "PWD_P28": "2005.3", "PWD_P29": "2194.5", "PWD_P30": "2388.6", "PWD_P31": "2587.6", "PWD_P32": "2790.2", "PWD_P33": "2992.3", "PWD_P34": "3195.6", "PWD_P35": "3398.1", "PWD_P36": "3602.0", "PWD_P37": "3808.2", "PWD_P38": "4014.5", "PWD_P39": "4218.2", "PWD_P40": "4420.7", "PWD_P41": "4623.9", "PWD_P42": "4824.8", "PWD_P43": "5022.6", "PWD_P44": "5222.2", "PWD_P45": "5422.1", "PWD_P46": "5623.4", "PWD_P47": "5825.0", "PWD_P48": "6028.9", "PWD_P49": "6234.0", "PWD_P50": "6439.4", "PWD_P51": "6644.6", "PWD_P52": "6850.7", "PWD_P53": "7060.6", "PWD_P54": "7275.6", "PWD_P55": "7488.6", "PWD_P56": "7703.9", "PWD_P57": "7925.7", "PWD_P58": "8154.0", "PWD_P59": "8383.6", "PWD_P60": "8619.6", "PWD_P61": "8854.5", "PWD_P62": "9094.4", "PWD_P63": "9340.8", "PWD_P64": "9593.2", "PWD_P65": "9848.8", "PWD_P66": "10112.1", "PWD_P67": "10380.7", "PWD_P68": "10653.6", "PWD_P69": "10934.1", "PWD_P70": "11234.4", "PWD_P71": "11544.8", "PWD_P72": "11865.8", "PWD_P73": "12191.7", "PWD_P74": "12529.5", "PWD_P75": "12878.1", "PWD_P76": "13241.0", "PWD_P77": "13619.2", "PWD_P78": "14004.2", "PWD_P79": "14415.5", "PWD_P80": "14851.0", "PWD_P81": "15323.6", "PWD_P82": "15803.7", "PWD_P83": "16298.0", "PWD_P84": "16820.8", "PWD_P85": "17386.7", "PWD_P86": "17987.5", "PWD_P87": "18633.3", "PWD_P88": "19339.4", "PWD_P89": "20088.6", "PWD_P90": "20881.7", "PWD_P91": "21738.9", "PWD_P92": "22695.4", "PWD_P93": "23691.9", "PWD_P94": "24826.1", "PWD_P95": "26146.2", "PWD_P96": "27761.4", "PWD_P97": "29916.8", "PWD_P98": "33348.4", "PWD_P99": "40140.1", "PWD_P100": "229420.3" }, "geometry": { "type": "Point", "coordinates": [ -100.1687, 21.222 ] } },
{ "type": "Feature", "id": 133, "properties": { "lon": 7.4232, "lat": 43.7377, "year": "2015", "ISO": "MCO", "ISO_No": "492", "Name": "Monaco", "PWC_Lat": "43.7377", "PWC_Lon": "7.4232", "Pop": "37722", "Density": "14794.3", "Area": "2.5", "PWD_A": "25398.5", "PWD_G": "20410.8", "PWD_M": "21680.8", "PWD_P1": "2633.9", "PWD_P2": "2826.2", "PWD_P3": "2981.2", "PWD_P4": "3333.7", "PWD_P5": "4826.3", "PWD_P6": "5198.4", "PWD_P7": "5570.4", "PWD_P8": "5969.8", "PWD_P9": "6521.4", "PWD_P10": "7408.1", "PWD_P11": "8941.0", "PWD_P12": "9591.3", "PWD_P13": "9889.1", "PWD_P14": "10345.9", "PWD_P15": "10956.8", "PWD_P16": "11464.2", "PWD_P17": "11872.1", "PWD_P18": "12030.5", "PWD_P19": "12153.5", "PWD_P20": "12289.1", "PWD_P21": "12522.1", "PWD_P22": "12647.1", "PWD_P23": "12899.6", "PWD_P24": "13351.4", "PWD_P25": "13529.6", "PWD_P26": "13760.3", "PWD_P27": "13852.7", "PWD_P28": "14091.1", "PWD_P29": "14807.1", "PWD_P30": "15100.0", "PWD_P31": "15624.3", "PWD_P32": "15895.4", "PWD_P33": "16229.4", "PWD_P34": "16789.3", "PWD_P35": "17196.5", "PWD_P36": "17683.6", "PWD_P37": "18824.0", "PWD_P38": "19379.0", "PWD_P39": "19576.5", "PWD_P40": "19844.7", "PWD_P41": "20144.9", "PWD_P42": "20219.0", "PWD_P43": "20265.8", "PWD_P44": "20377.6", "PWD_P45": "20556.2", "PWD_P46": "20736.9", "PWD_P47": "21075.6", "PWD_P48": "21228.5", "PWD_P49": "21471.2", "PWD_P50": "21680.8", "PWD_P51": "21970.8", "PWD_P52": "22615.3", "PWD_P53": "23426.7", "PWD_P54": "23447.4", "PWD_P55": "23812.3", "PWD_P56": "24521.1", "PWD_P57": "25180.8", "PWD_P58": "25478.4", "PWD_P59": "25631.4", "PWD_P60": "25965.1", "PWD_P61": "26034.5", "PWD_P62": "26156.7", "PWD_P63": "27638.8", "PWD_P64": "28440.4", "PWD_P65": "28676.6", "PWD_P66": "28718.9", "PWD_P67": "29300.8", "PWD_P68": "29373.3", "PWD_P69": "29648.4", "PWD_P70": "29959.4", "PWD_P71": "30336.4", "PWD_P72": "30463.4", "PWD_P73": "37049.1", "PWD_P74": "37081.3", "PWD_P75": "38882.9", "PWD_P76": "39062.9", "PWD_P77": "40071.2", "PWD_P78": "40374.2", "PWD_P79": "40579.2", "PWD_P80": "40581.8", "PWD_P81": "41390.5", "PWD_P82": "42428.7", "PWD_P83": "42445.3", "PWD_P84": "42610.6", "PWD_P85": "44518.7", "PWD_P86": "44742.4", "PWD_P87": "44743.7", "PWD_P88": "45006.8", "PWD_P89": "45530.2", "PWD_P90": "45576.5", "PWD_P91": "45658.8", "PWD_P92": "45739.0", "PWD_P93": "46036.7", "PWD_P94": "46160.2", "PWD_P95": "56121.8", "PWD_P96": "56255.3", "PWD_P97": "58467.1", "PWD_P98": "62866.8", "PWD_P99": "70693.9", "PWD_P100": "70693.9" }, "geometry": { "type": "Point", "coordinates": [ 7.4232, 43.7377 ] } },
{ "type": "Feature", "id": 134, "properties": { "lon": 104.7741, "lat": 47.827, "year": "2015", "ISO": "MNG", "ISO_No": "496", "Name": "Mongolia", "PWC_Lat": "47.827", "PWC_Lon": "104.7741", "Pop": "2998433", "Density": "1.9", "Area": "1547871.4", "PWD_A": "1610.6", "PWD_G": "152.2", "PWD_M": "435.4", "PWD_P1": "0.1", "PWD_P2": "0.2", "PWD_P3": "0.2", "PWD_P4": "0.3", "PWD_P5": "0.4", "PWD_P6": "0.4", "PWD_P7": "0.6", "PWD_P8": "0.7", "PWD_P9": "0.8", "PWD_P10": "1.0", "PWD_P11": "1.2", "PWD_P12": "1.5", "PWD_P13": "1.8", "PWD_P14": "2.2", "PWD_P15": "2.5", "PWD_P16": "2.9", "PWD_P17": "3.4", "PWD_P18": "3.9", "PWD_P19": "4.4", "PWD_P20": "4.9", "PWD_P21": "5.6", "PWD_P22": "6.3", "PWD_P23": "7.2", "PWD_P24": "8.2", "PWD_P25": "9.5", "PWD_P26": "11.1", "PWD_P27": "13.2", "PWD_P28": "15.9", "PWD_P29": "19.3", "PWD_P30": "23.6", "PWD_P31": "29.8", "PWD_P32": "38.0", "PWD_P33": "47.7", "PWD_P34": "58.3", "PWD_P35": "69.1", "PWD_P36": "80.8", "PWD_P37": "93.9", "PWD_P38": "108.7", "PWD_P39": "126.1", "PWD_P40": "143.8", "PWD_P41": "163.5", "PWD_P42": "185.9", "PWD_P43": "210.0", "PWD_P44": "235.6", "PWD_P45": "262.7", "PWD_P46": "291.5", "PWD_P47": "322.8", "PWD_P48": "357.2", "PWD_P49": "395.3", "PWD_P50": "435.4", "PWD_P51": "476.3", "PWD_P52": "520.7", "PWD_P53": "565.1", "PWD_P54": "608.4", "PWD_P55": "652.3", "PWD_P56": "702.8", "PWD_P57": "758.1", "PWD_P58": "818.0", "PWD_P59": "879.2", "PWD_P60": "937.7", "PWD_P61": "991.4", "PWD_P62": "1046.1", "PWD_P63": "1100.7", "PWD_P64": "1149.9", "PWD_P65": "1201.7", "PWD_P66": "1251.1", "PWD_P67": "1305.7", "PWD_P68": "1369.1", "PWD_P69": "1458.1", "PWD_P70": "1570.4", "PWD_P71": "1704.1", "PWD_P72": "1849.9", "PWD_P73": "1989.6", "PWD_P74": "2114.8", "PWD_P75": "2253.8", "PWD_P76": "2371.9", "PWD_P77": "2501.7", "PWD_P78": "2647.2", "PWD_P79": "2781.0", "PWD_P80": "2924.0", "PWD_P81": "3106.5", "PWD_P82": "3299.2", "PWD_P83": "3497.0", "PWD_P84": "3650.1", "PWD_P85": "3774.2", "PWD_P86": "3991.2", "PWD_P87": "4264.8", "PWD_P88": "4570.1", "PWD_P89": "4876.7", "PWD_P90": "5491.0", "PWD_P91": "5967.1", "PWD_P92": "6469.4", "PWD_P93": "7016.9", "PWD_P94": "7640.3", "PWD_P95": "8016.3", "PWD_P96": "8292.3", "PWD_P97": "8468.2", "PWD_P98": "8649.0", "PWD_P99": "8947.3", "PWD_P100": "9568.1" }, "geometry": { "type": "Point", "coordinates": [ 104.7741, 47.827 ] } },
{ "type": "Feature", "id": 135, "properties": { "lon": 28.591913223266602, "lat": 47.166095733642578, "year": "2015", "ISO": "MDA", "ISO_No": "498", "Name": "Moldova", "PWC_Lat": "47.1660957336426", "PWC_Lon": "28.5919132232666", "Pop": "4070705", "Density": "121.6", "Area": "33472.2", "PWD_A": "705.7", "PWD_G": "267.2", "PWD_M": "226.2", "PWD_P1": "23.0", "PWD_P2": "25.5", "PWD_P3": "27.7", "PWD_P4": "29.8", "PWD_P5": "31.9", "PWD_P6": "34.1", "PWD_P7": "36.3", "PWD_P8": "38.5", "PWD_P9": "40.8", "PWD_P10": "43.1", "PWD_P11": "45.6", "PWD_P12": "48.3", "PWD_P13": "51.2", "PWD_P14": "54.3", "PWD_P15": "57.5", "PWD_P16": "60.9", "PWD_P17": "64.5", "PWD_P18": "68.3", "PWD_P19": "72.0", "PWD_P20": "76.1", "PWD_P21": "80.3", "PWD_P22": "85.0", "PWD_P23": "89.6", "PWD_P24": "94.1", "PWD_P25": "98.7", "PWD_P26": "103.4", "PWD_P27": "108.2", "PWD_P28": "112.9", "PWD_P29": "117.4", "PWD_P30": "122.1", "PWD_P31": "126.8", "PWD_P32": "131.5", "PWD_P33": "136.3", "PWD_P34": "141.2", "PWD_P35": "146.0", "PWD_P36": "150.9", "PWD_P37": "155.8", "PWD_P38": "160.6", "PWD_P39": "165.6", "PWD_P40": "171.1", "PWD_P41": "176.7", "PWD_P42": "182.2", "PWD_P43": "187.6", "PWD_P44": "193.1", "PWD_P45": "198.7", "PWD_P46": "203.9", "PWD_P47": "209.5", "PWD_P48": "215.3", "PWD_P49": "220.8", "PWD_P50": "226.2", "PWD_P51": "231.3", "PWD_P52": "236.6", "PWD_P53": "241.8", "PWD_P54": "247.0", "PWD_P55": "252.5", "PWD_P56": "258.4", "PWD_P57": "265.2", "PWD_P58": "272.1", "PWD_P59": "279.3", "PWD_P60": "287.0", "PWD_P61": "295.4", "PWD_P62": "303.8", "PWD_P63": "312.3", "PWD_P64": "320.7", "PWD_P65": "329.6", "PWD_P66": "340.6", "PWD_P67": "356.2", "PWD_P68": "373.1", "PWD_P69": "393.7", "PWD_P70": "421.9", "PWD_P71": "453.8", "PWD_P72": "489.6", "PWD_P73": "542.6", "PWD_P74": "655.3", "PWD_P75": "757.0", "PWD_P76": "923.0", "PWD_P77": "1086.2", "PWD_P78": "1224.8", "PWD_P79": "1348.8", "PWD_P80": "1478.3", "PWD_P81": "1597.3", "PWD_P82": "1731.7", "PWD_P83": "1828.2", "PWD_P84": "1906.0", "PWD_P85": "1980.1", "PWD_P86": "2041.8", "PWD_P87": "2092.8", "PWD_P88": "2128.6", "PWD_P89": "2166.4", "PWD_P90": "2187.6", "PWD_P91": "2205.8", "PWD_P92": "2246.6", "PWD_P93": "2282.1", "PWD_P94": "2312.7", "PWD_P95": "2357.5", "PWD_P96": "2437.2", "PWD_P97": "3019.7", "PWD_P98": "5289.1", "PWD_P99": "5747.0", "PWD_P100": "6357.7" }, "geometry": { "type": "Point", "coordinates": [ 28.591913223266602, 47.166095733642578 ] } },
{ "type": "Feature", "id": 136, "properties": { "lon": 19.246376037597656, "lat": 42.571842193603516, "year": "2015", "ISO": "MNE", "ISO_No": "499", "Name": "Montenegro", "PWC_Lat": "42.5718421936035", "PWC_Lon": "19.2463760375977", "Pop": "626956", "Density": "47.9", "Area": "13082.6", "PWD_A": "429.7", "PWD_G": "195.9", "PWD_M": "264.9", "PWD_P1": "3.7", "PWD_P2": "5.4", "PWD_P3": "6.8", "PWD_P4": "8.4", "PWD_P5": "9.9", "PWD_P6": "11.8", "PWD_P7": "13.8", "PWD_P8": "15.9", "PWD_P9": "18.0", "PWD_P10": "20.3", "PWD_P11": "22.5", "PWD_P12": "24.8", "PWD_P13": "27.3", "PWD_P14": "30.2", "PWD_P15": "33.1", "PWD_P16": "36.2", "PWD_P17": "39.6", "PWD_P18": "43.1", "PWD_P19": "46.7", "PWD_P20": "50.4", "PWD_P21": "54.4", "PWD_P22": "58.6", "PWD_P23": "63.0", "PWD_P24": "67.6", "PWD_P25": "72.2", "PWD_P26": "77.0", "PWD_P27": "81.9", "PWD_P28": "86.7", "PWD_P29": "91.5", "PWD_P30": "96.3", "PWD_P31": "101.4", "PWD_P32": "106.6", "PWD_P33": "111.9", "PWD_P34": "117.5", "PWD_P35": "123.0", "PWD_P36": "129.0", "PWD_P37": "135.3", "PWD_P38": "141.9", "PWD_P39": "148.7", "PWD_P40": "156.3", "PWD_P41": "164.4", "PWD_P42": "172.9", "PWD_P43": "182.6", "PWD_P44": "192.8", "PWD_P45": "203.8", "PWD_P46": "215.3", "PWD_P47": "227.5", "PWD_P48": "240.0", "PWD_P49": "252.1", "PWD_P50": "264.9", "PWD_P51": "278.0", "PWD_P52": "291.3", "PWD_P53": "306.3", "PWD_P54": "322.7", "PWD_P55": "339.0", "PWD_P56": "356.3", "PWD_P57": "372.1", "PWD_P58": "390.2", "PWD_P59": "408.7", "PWD_P60": "427.6", "PWD_P61": "444.7", "PWD_P62": "462.0", "PWD_P63": "480.8", "PWD_P64": "500.6", "PWD_P65": "519.8", "PWD_P66": "538.4", "PWD_P67": "559.6", "PWD_P68": "580.8", "PWD_P69": "602.1", "PWD_P70": "623.6", "PWD_P71": "645.8", "PWD_P72": "668.4", "PWD_P73": "693.2", "PWD_P74": "720.4", "PWD_P75": "743.6", "PWD_P76": "766.8", "PWD_P77": "791.1", "PWD_P78": "810.5", "PWD_P79": "833.8", "PWD_P80": "852.5", "PWD_P81": "873.2", "PWD_P82": "896.5", "PWD_P83": "924.1", "PWD_P84": "959.5", "PWD_P85": "996.8", "PWD_P86": "1033.8", "PWD_P87": "1066.0", "PWD_P88": "1089.6", "PWD_P89": "1110.3", "PWD_P90": "1133.2", "PWD_P91": "1157.0", "PWD_P92": "1178.2", "PWD_P93": "1193.7", "PWD_P94": "1204.7", "PWD_P95": "1224.5", "PWD_P96": "1243.2", "PWD_P97": "1286.0", "PWD_P98": "1337.1", "PWD_P99": "1397.1", "PWD_P100": "1506.7" }, "geometry": { "type": "Point", "coordinates": [ 19.246376037597656, 42.571842193603516 ] } },
{ "type": "Feature", "id": 137, "properties": { "lon": -62.205051422119141, "lat": 16.779439926147461, "year": "2015", "ISO": "MSR", "ISO_No": "500", "Name": "Montserrat", "PWC_Lat": "16.7794399261475", "PWC_Lon": "-62.2050514221191", "Pop": "4965", "Density": "48.0", "Area": "103.6", "PWD_A": "463.2", "PWD_G": "332.3", "PWD_M": "367.7", "PWD_P1": "15.2", "PWD_P2": "41.8", "PWD_P3": "52.8", "PWD_P4": "59.1", "PWD_P5": "71.2", "PWD_P6": "77.6", "PWD_P7": "83.6", "PWD_P8": "88.0", "PWD_P9": "94.0", "PWD_P10": "101.6", "PWD_P11": "109.6", "PWD_P12": "114.0", "PWD_P13": "116.5", "PWD_P14": "120.8", "PWD_P15": "125.2", "PWD_P16": "131.6", "PWD_P17": "137.4", "PWD_P18": "144.2", "PWD_P19": "152.6", "PWD_P20": "159.8", "PWD_P21": "167.3", "PWD_P22": "172.9", "PWD_P23": "179.0", "PWD_P24": "184.5", "PWD_P25": "193.5", "PWD_P26": "204.5", "PWD_P27": "212.8", "PWD_P28": "222.8", "PWD_P29": "231.9", "PWD_P30": "240.7", "PWD_P31": "248.6", "PWD_P32": "255.9", "PWD_P33": "263.1", "PWD_P34": "269.4", "PWD_P35": "273.3", "PWD_P36": "278.0", "PWD_P37": "281.9", "PWD_P38": "285.0", "PWD_P39": "289.3", "PWD_P40": "294.8", "PWD_P41": "301.2", "PWD_P42": "308.1", "PWD_P43": "316.1", "PWD_P44": "320.6", "PWD_P45": "327.3", "PWD_P46": "334.8", "PWD_P47": "341.4", "PWD_P48": "348.8", "PWD_P49": "357.6", "PWD_P50": "367.7", "PWD_P51": "381.8", "PWD_P52": "400.7", "PWD_P53": "410.9", "PWD_P54": "416.4", "PWD_P55": "420.1", "PWD_P56": "431.8", "PWD_P57": "444.9", "PWD_P58": "455.0", "PWD_P59": "467.9", "PWD_P60": "474.1", "PWD_P61": "487.6", "PWD_P62": "492.7", "PWD_P63": "499.7", "PWD_P64": "508.1", "PWD_P65": "521.0", "PWD_P66": "532.1", "PWD_P67": "544.1", "PWD_P68": "556.2", "PWD_P69": "566.7", "PWD_P70": "573.5", "PWD_P71": "582.8", "PWD_P72": "589.1", "PWD_P73": "602.6", "PWD_P74": "614.9", "PWD_P75": "627.0", "PWD_P76": "636.9", "PWD_P77": "648.7", "PWD_P78": "666.7", "PWD_P79": "693.7", "PWD_P80": "713.5", "PWD_P81": "739.2", "PWD_P82": "751.6", "PWD_P83": "778.9", "PWD_P84": "821.5", "PWD_P85": "837.7", "PWD_P86": "849.5", "PWD_P87": "860.3", "PWD_P88": "879.6", "PWD_P89": "917.1", "PWD_P90": "938.9", "PWD_P91": "952.5", "PWD_P92": "968.3", "PWD_P93": "984.3", "PWD_P94": "1014.5", "PWD_P95": "1104.7", "PWD_P96": "1350.9", "PWD_P97": "1432.1", "PWD_P98": "1577.8", "PWD_P99": "1698.6", "PWD_P100": "1743.1" }, "geometry": { "type": "Point", "coordinates": [ -62.205051422119141, 16.779439926147461 ] } },
{ "type": "Feature", "id": 138, "properties": { "lon": -6.6245222091674805, "lat": 33.176090240478516, "year": "2015", "ISO": "MAR", "ISO_No": "504", "Name": "Morocco", "PWC_Lat": "33.1760902404785", "PWC_Lon": "-6.62452220916748", "Pop": "34663607", "Density": "83.8", "Area": "413403.6", "PWD_A": "8516.6", "PWD_G": "1467.5", "PWD_M": "2844.7", "PWD_P1": "6.6", "PWD_P2": "11.9", "PWD_P3": "17.1", "PWD_P4": "22.2", "PWD_P5": "27.2", "PWD_P6": "32.1", "PWD_P7": "37.0", "PWD_P8": "42.1", "PWD_P9": "47.3", "PWD_P10": "52.7", "PWD_P11": "58.4", "PWD_P12": "64.4", "PWD_P13": "70.7", "PWD_P14": "77.2", "PWD_P15": "84.0", "PWD_P16": "91.3", "PWD_P17": "99.0", "PWD_P18": "107.2", "PWD_P19": "115.9", "PWD_P20": "125.4", "PWD_P21": "135.5", "PWD_P22": "146.3", "PWD_P23": "158.0", "PWD_P24": "171.0", "PWD_P25": "185.1", "PWD_P26": "200.6", "PWD_P27": "217.8", "PWD_P28": "237.1", "PWD_P29": "259.1", "PWD_P30": "284.2", "PWD_P31": "312.6", "PWD_P32": "344.6", "PWD_P33": "381.9", "PWD_P34": "425.2", "PWD_P35": "475.8", "PWD_P36": "535.1", "PWD_P37": "604.6", "PWD_P38": "686.2", "PWD_P39": "784.1", "PWD_P40": "897.2", "PWD_P41": "1023.8", "PWD_P42": "1167.3", "PWD_P43": "1332.3", "PWD_P44": "1515.3", "PWD_P45": "1715.7", "PWD_P46": "1925.5", "PWD_P47": "2141.4", "PWD_P48": "2371.2", "PWD_P49": "2605.3", "PWD_P50": "2844.7", "PWD_P51": "3084.0", "PWD_P52": "3342.2", "PWD_P53": "3596.2", "PWD_P54": "3847.4", "PWD_P55": "4088.1", "PWD_P56": "4331.3", "PWD_P57": "4575.2", "PWD_P58": "4825.9", "PWD_P59": "5081.3", "PWD_P60": "5339.5", "PWD_P61": "5606.0", "PWD_P62": "5885.3", "PWD_P63": "6178.8", "PWD_P64": "6471.0", "PWD_P65": "6764.7", "PWD_P66": "7057.4", "PWD_P67": "7353.8", "PWD_P68": "7659.4", "PWD_P69": "7972.9", "PWD_P70": "8313.5", "PWD_P71": "8665.3", "PWD_P72": "9033.5", "PWD_P73": "9409.4", "PWD_P74": "9789.3", "PWD_P75": "10176.6", "PWD_P76": "10568.6", "PWD_P77": "10971.6", "PWD_P78": "11394.1", "PWD_P79": "11832.5", "PWD_P80": "12311.3", "PWD_P81": "12809.7", "PWD_P82": "13339.7", "PWD_P83": "13915.9", "PWD_P84": "14581.2", "PWD_P85": "15317.9", "PWD_P86": "16125.0", "PWD_P87": "17037.9", "PWD_P88": "18121.8", "PWD_P89": "19467.1", "PWD_P90": "21238.0", "PWD_P91": "23579.9", "PWD_P92": "26323.3", "PWD_P93": "29606.4", "PWD_P94": "33065.9", "PWD_P95": "38956.7", "PWD_P96": "45414.1", "PWD_P97": "53016.1", "PWD_P98": "62972.1", "PWD_P99": "79717.6", "PWD_P100": "133696.6" }, "geometry": { "type": "Point", "coordinates": [ -6.62452220916748, 33.176090240478516 ] } },
{ "type": "Feature", "id": 139, "properties": { "lon": 35.997211456298828, "lat": -17.964727401733398, "year": "2015", "ISO": "MOZ", "ISO_No": "508", "Name": "Mozambique", "PWC_Lat": "-17.9647274017334", "PWC_Lon": "35.9972114562988", "Pop": "27042000", "Density": "34.9", "Area": "775586.4", "PWD_A": "1402.7", "PWD_G": "171.0", "PWD_M": "107.4", "PWD_P1": "3.2", "PWD_P2": "5.0", "PWD_P3": "6.7", "PWD_P4": "8.3", "PWD_P5": "9.7", "PWD_P6": "11.1", "PWD_P7": "12.5", "PWD_P8": "13.9", "PWD_P9": "15.3", "PWD_P10": "16.7", "PWD_P11": "18.1", "PWD_P12": "19.5", "PWD_P13": "20.9", "PWD_P14": "22.3", "PWD_P15": "23.7", "PWD_P16": "25.2", "PWD_P17": "26.6", "PWD_P18": "28.2", "PWD_P19": "29.7", "PWD_P20": "31.4", "PWD_P21": "33.1", "PWD_P22": "34.8", "PWD_P23": "36.6", "PWD_P24": "38.4", "PWD_P25": "40.2", "PWD_P26": "42.2", "PWD_P27": "44.1", "PWD_P28": "46.2", "PWD_P29": "48.2", "PWD_P30": "50.2", "PWD_P31": "52.4", "PWD_P32": "54.5", "PWD_P33": "56.8", "PWD_P34": "59.0", "PWD_P35": "61.4", "PWD_P36": "63.8", "PWD_P37": "66.2", "PWD_P38": "68.7", "PWD_P39": "71.4", "PWD_P40": "74.1", "PWD_P41": "77.0", "PWD_P42": "80.0", "PWD_P43": "83.1", "PWD_P44": "86.2", "PWD_P45": "89.4", "PWD_P46": "92.7", "PWD_P47": "96.1", "PWD_P48": "99.6", "PWD_P49": "103.4", "PWD_P50": "107.4", "PWD_P51": "111.7", "PWD_P52": "116.3", "PWD_P53": "121.3", "PWD_P54": "126.7", "PWD_P55": "132.5", "PWD_P56": "138.7", "PWD_P57": "145.3", "PWD_P58": "152.5", "PWD_P59": "160.4", "PWD_P60": "169.1", "PWD_P61": "178.8", "PWD_P62": "189.9", "PWD_P63": "202.6", "PWD_P64": "217.0", "PWD_P65": "233.5", "PWD_P66": "252.4", "PWD_P67": "274.4", "PWD_P68": "300.1", "PWD_P69": "328.9", "PWD_P70": "362.5", "PWD_P71": "402.0", "PWD_P72": "451.4", "PWD_P73": "511.8", "PWD_P74": "586.5", "PWD_P75": "673.1", "PWD_P76": "776.8", "PWD_P77": "902.5", "PWD_P78": "1048.5", "PWD_P79": "1219.3", "PWD_P80": "1400.4", "PWD_P81": "1606.5", "PWD_P82": "1835.5", "PWD_P83": "2080.6", "PWD_P84": "2381.9", "PWD_P85": "2722.0", "PWD_P86": "3099.3", "PWD_P87": "3506.9", "PWD_P88": "3964.6", "PWD_P89": "4450.3", "PWD_P90": "4928.7", "PWD_P91": "5443.5", "PWD_P92": "5995.7", "PWD_P93": "6705.3", "PWD_P94": "7455.7", "PWD_P95": "8250.1", "PWD_P96": "9355.2", "PWD_P97": "10557.7", "PWD_P98": "12475.4", "PWD_P99": "15337.6", "PWD_P100": "32769.4" }, "geometry": { "type": "Point", "coordinates": [ 35.997211456298828, -17.964727401733398 ] } },
{ "type": "Feature", "id": 140, "properties": { "lon": 57.424812316894531, "lat": 22.8223876953125, "year": "2015", "ISO": "OMN", "ISO_No": "512", "Name": "Oman", "PWC_Lat": "22.8223876953125", "PWC_Lon": "57.4248123168945", "Pop": "4267340", "Density": "13.8", "Area": "310188.1", "PWD_A": "603.1", "PWD_G": "175.6", "PWD_M": "265.4", "PWD_P1": "0.7", "PWD_P2": "1.2", "PWD_P3": "1.7", "PWD_P4": "2.4", "PWD_P5": "3.3", "PWD_P6": "4.6", "PWD_P7": "6.2", "PWD_P8": "8.0", "PWD_P9": "9.9", "PWD_P10": "11.7", "PWD_P11": "13.5", "PWD_P12": "15.4", "PWD_P13": "17.1", "PWD_P14": "18.8", "PWD_P15": "20.6", "PWD_P16": "22.5", "PWD_P17": "24.5", "PWD_P18": "26.6", "PWD_P19": "28.8", "PWD_P20": "31.2", "PWD_P21": "33.9", "PWD_P22": "36.7", "PWD_P23": "39.6", "PWD_P24": "42.7", "PWD_P25": "46.0", "PWD_P26": "49.5", "PWD_P27": "53.4", "PWD_P28": "57.5", "PWD_P29": "61.7", "PWD_P30": "66.2", "PWD_P31": "70.9", "PWD_P32": "76.2", "PWD_P33": "81.6", "PWD_P34": "87.9", "PWD_P35": "94.8", "PWD_P36": "101.8", "PWD_P37": "110.1", "PWD_P38": "119.0", "PWD_P39": "128.1", "PWD_P40": "137.8", "PWD_P41": "148.0", "PWD_P42": "157.9", "PWD_P43": "168.5", "PWD_P44": "180.5", "PWD_P45": "193.5", "PWD_P46": "206.1", "PWD_P47": "219.8", "PWD_P48": "234.2", "PWD_P49": "249.2", "PWD_P50": "265.4", "PWD_P51": "281.8", "PWD_P52": "297.8", "PWD_P53": "313.6", "PWD_P54": "328.2", "PWD_P55": "346.8", "PWD_P56": "364.7", "PWD_P57": "384.1", "PWD_P58": "404.1", "PWD_P59": "424.8", "PWD_P60": "447.0", "PWD_P61": "468.0", "PWD_P62": "487.9", "PWD_P63": "508.4", "PWD_P64": "534.4", "PWD_P65": "557.3", "PWD_P66": "579.8", "PWD_P67": "602.9", "PWD_P68": "623.8", "PWD_P69": "638.8", "PWD_P70": "653.6", "PWD_P71": "668.1", "PWD_P72": "695.1", "PWD_P73": "727.4", "PWD_P74": "761.1", "PWD_P75": "794.4", "PWD_P76": "837.6", "PWD_P77": "883.8", "PWD_P78": "939.2", "PWD_P79": "1019.1", "PWD_P80": "1145.2", "PWD_P81": "1308.7", "PWD_P82": "1426.5", "PWD_P83": "1475.3", "PWD_P84": "1522.5", "PWD_P85": "1564.2", "PWD_P86": "1609.0", "PWD_P87": "1649.7", "PWD_P88": "1704.1", "PWD_P89": "1754.5", "PWD_P90": "1802.0", "PWD_P91": "1880.9", "PWD_P92": "2003.1", "PWD_P93": "2052.3", "PWD_P94": "2099.5", "PWD_P95": "2149.8", "PWD_P96": "2331.6", "PWD_P97": "2843.8", "PWD_P98": "2890.3", "PWD_P99": "3043.2", "PWD_P100": "3215.5" }, "geometry": { "type": "Point", "coordinates": [ 57.424812316894531, 22.8223876953125 ] } },
{ "type": "Feature", "id": 141, "properties": { "lon": 17.040750503540039, "lat": -19.943975448608398, "year": "2015", "ISO": "NAM", "ISO_No": "516", "Name": "Namibia", "PWC_Lat": "-19.9439754486084", "PWC_Lon": "17.04075050354", "Pop": "2314900", "Density": "2.8", "Area": "821229.5", "PWD_A": "4223.0", "PWD_G": "274.7", "PWD_M": "173.8", "PWD_P1": "0.2", "PWD_P2": "0.4", "PWD_P3": "0.6", "PWD_P4": "0.9", "PWD_P5": "1.2", "PWD_P6": "1.7", "PWD_P7": "2.3", "PWD_P8": "3.1", "PWD_P9": "4.1", "PWD_P10": "5.3", "PWD_P11": "6.6", "PWD_P12": "8.1", "PWD_P13": "9.7", "PWD_P14": "11.4", "PWD_P15": "13.3", "PWD_P16": "15.2", "PWD_P17": "17.2", "PWD_P18": "19.1", "PWD_P19": "21.1", "PWD_P20": "23.1", "PWD_P21": "25.1", "PWD_P22": "27.2", "PWD_P23": "29.2", "PWD_P24": "31.3", "PWD_P25": "33.5", "PWD_P26": "35.7", "PWD_P27": "38.0", "PWD_P28": "40.4", "PWD_P29": "42.9", "PWD_P30": "45.5", "PWD_P31": "48.2", "PWD_P32": "50.9", "PWD_P33": "53.8", "PWD_P34": "56.8", "PWD_P35": "59.9", "PWD_P36": "63.0", "PWD_P37": "66.2", "PWD_P38": "69.8", "PWD_P39": "73.6", "PWD_P40": "77.6", "PWD_P41": "82.0", "PWD_P42": "86.6", "PWD_P43": "91.7", "PWD_P44": "97.6", "PWD_P45": "104.3", "PWD_P46": "112.2", "PWD_P47": "122.2", "PWD_P48": "135.4", "PWD_P49": "152.2", "PWD_P50": "173.8", "PWD_P51": "200.2", "PWD_P52": "234.0", "PWD_P53": "278.1", "PWD_P54": "336.5", "PWD_P55": "411.1", "PWD_P56": "506.8", "PWD_P57": "619.8", "PWD_P58": "750.8", "PWD_P59": "891.5", "PWD_P60": "1046.2", "PWD_P61": "1233.5", "PWD_P62": "1422.5", "PWD_P63": "1613.7", "PWD_P64": "1808.2", "PWD_P65": "2017.8", "PWD_P66": "2247.2", "PWD_P67": "2491.5", "PWD_P68": "2744.8", "PWD_P69": "2997.6", "PWD_P70": "3269.7", "PWD_P71": "3576.0", "PWD_P72": "3911.0", "PWD_P73": "4278.4", "PWD_P74": "4664.1", "PWD_P75": "5073.6", "PWD_P76": "5484.1", "PWD_P77": "5868.5", "PWD_P78": "6291.2", "PWD_P79": "6686.1", "PWD_P80": "7183.1", "PWD_P81": "7731.1", "PWD_P82": "8300.7", "PWD_P83": "8903.6", "PWD_P84": "9528.3", "PWD_P85": "10215.3", "PWD_P86": "10855.1", "PWD_P87": "11696.9", "PWD_P88": "12348.6", "PWD_P89": "13296.9", "PWD_P90": "14223.2", "PWD_P91": "15226.1", "PWD_P92": "16316.0", "PWD_P93": "17646.0", "PWD_P94": "19095.4", "PWD_P95": "20791.5", "PWD_P96": "22823.9", "PWD_P97": "25433.3", "PWD_P98": "29195.7", "PWD_P99": "36600.3", "PWD_P100": "78229.8" }, "geometry": { "type": "Point", "coordinates": [ 17.040750503540039, -19.943975448608398 ] } },
{ "type": "Feature", "id": 142, "properties": { "lon": 166.90608215332031, "lat": -0.52963042259216309, "year": "2015", "ISO": "NRU", "ISO_No": "520", "Name": "Nauru", "PWC_Lat": "-0.529630422592163", "PWC_Lon": "166.90608215332", "Pop": "10374", "Density": "446.2", "Area": "23.2", "PWD_A": "946.2", "PWD_G": "684.5", "PWD_M": "712.2", "PWD_P1": "72.3", "PWD_P2": "96.3", "PWD_P3": "144.0", "PWD_P4": "154.0", "PWD_P5": "163.9", "PWD_P6": "180.1", "PWD_P7": "184.5", "PWD_P8": "188.0", "PWD_P9": "189.5", "PWD_P10": "192.7", "PWD_P11": "194.8", "PWD_P12": "198.9", "PWD_P13": "202.7", "PWD_P14": "209.3", "PWD_P15": "215.1", "PWD_P16": "224.4", "PWD_P17": "243.2", "PWD_P18": "271.9", "PWD_P19": "284.4", "PWD_P20": "310.2", "PWD_P21": "350.0", "PWD_P22": "363.2", "PWD_P23": "381.3", "PWD_P24": "401.3", "PWD_P25": "421.2", "PWD_P26": "438.6", "PWD_P27": "450.1", "PWD_P28": "461.4", "PWD_P29": "472.3", "PWD_P30": "485.9", "PWD_P31": "498.6", "PWD_P32": "511.7", "PWD_P33": "529.6", "PWD_P34": "539.3", "PWD_P35": "554.1", "PWD_P36": "565.5", "PWD_P37": "572.4", "PWD_P38": "583.5", "PWD_P39": "594.3", "PWD_P40": "605.0", "PWD_P41": "612.0", "PWD_P42": "625.4", "PWD_P43": "635.0", "PWD_P44": "645.7", "PWD_P45": "656.4", "PWD_P46": "668.7", "PWD_P47": "683.8", "PWD_P48": "694.5", "PWD_P49": "702.5", "PWD_P50": "712.2", "PWD_P51": "725.9", "PWD_P52": "740.0", "PWD_P53": "753.1", "PWD_P54": "759.0", "PWD_P55": "772.7", "PWD_P56": "790.7", "PWD_P57": "800.4", "PWD_P58": "806.2", "PWD_P59": "824.5", "PWD_P60": "851.9", "PWD_P61": "882.2", "PWD_P62": "903.0", "PWD_P63": "922.3", "PWD_P64": "940.3", "PWD_P65": "966.9", "PWD_P66": "1033.1", "PWD_P67": "1098.6", "PWD_P68": "1170.0", "PWD_P69": "1186.1", "PWD_P70": "1212.6", "PWD_P71": "1232.2", "PWD_P72": "1273.0", "PWD_P73": "1314.7", "PWD_P74": "1362.9", "PWD_P75": "1406.5", "PWD_P76": "1430.1", "PWD_P77": "1460.3", "PWD_P78": "1483.3", "PWD_P79": "1512.6", "PWD_P80": "1537.2", "PWD_P81": "1604.3", "PWD_P82": "1808.0", "PWD_P83": "1843.1", "PWD_P84": "1939.6", "PWD_P85": "1977.7", "PWD_P86": "2006.9", "PWD_P87": "2040.7", "PWD_P88": "2067.2", "PWD_P89": "2106.2", "PWD_P90": "2131.2", "PWD_P91": "2174.6", "PWD_P92": "2214.9", "PWD_P93": "2231.5", "PWD_P94": "2283.2", "PWD_P95": "2318.6", "PWD_P96": "2388.0", "PWD_P97": "2412.9", "PWD_P98": "2476.5", "PWD_P99": "2580.5", "PWD_P100": "2825.8" }, "geometry": { "type": "Point", "coordinates": [ 166.906082153320312, -0.529630422592163 ] } },
{ "type": "Feature", "id": 143, "properties": { "lon": 84.612777709960938, "lat": 27.604547500610352, "year": "2015", "ISO": "NPL", "ISO_No": "524", "Name": "Nepal", "PWC_Lat": "27.6045475006104", "PWC_Lon": "84.6127777099609", "Pop": "27015033", "Density": "183.0", "Area": "147641.2", "PWD_A": "4613.5", "PWD_G": "777.7", "PWD_M": "617.4", "PWD_P1": "23.1", "PWD_P2": "38.3", "PWD_P3": "50.1", "PWD_P4": "60.1", "PWD_P5": "69.0", "PWD_P6": "77.1", "PWD_P7": "84.5", "PWD_P8": "91.5", "PWD_P9": "98.1", "PWD_P10": "104.6", "PWD_P11": "111.1", "PWD_P12": "117.6", "PWD_P13": "124.1", "PWD_P14": "130.7", "PWD_P15": "137.3", "PWD_P16": "144.0", "PWD_P17": "150.7", "PWD_P18": "157.5", "PWD_P19": "164.5", "PWD_P20": "171.8", "PWD_P21": "179.4", "PWD_P22": "187.2", "PWD_P23": "195.4", "PWD_P24": "204.0", "PWD_P25": "213.1", "PWD_P26": "222.8", "PWD_P27": "233.1", "PWD_P28": "244.2", "PWD_P29": "256.0", "PWD_P30": "268.6", "PWD_P31": "281.9", "PWD_P32": "295.6", "PWD_P33": "310.1", "PWD_P34": "325.3", "PWD_P35": "341.0", "PWD_P36": "357.2", "PWD_P37": "374.0", "PWD_P38": "391.0", "PWD_P39": "407.9", "PWD_P40": "424.9", "PWD_P41": "442.3", "PWD_P42": "460.5", "PWD_P43": "478.9", "PWD_P44": "497.4", "PWD_P45": "516.4", "PWD_P46": "535.8", "PWD_P47": "555.6", "PWD_P48": "576.0", "PWD_P49": "596.5", "PWD_P50": "617.4", "PWD_P51": "639.3", "PWD_P52": "662.3", "PWD_P53": "686.2", "PWD_P54": "711.0", "PWD_P55": "736.4", "PWD_P56": "763.4", "PWD_P57": "792.2", "PWD_P58": "821.9", "PWD_P59": "853.2", "PWD_P60": "885.8", "PWD_P61": "918.9", "PWD_P62": "954.2", "PWD_P63": "992.9", "PWD_P64": "1034.0", "PWD_P65": "1077.3", "PWD_P66": "1124.8", "PWD_P67": "1176.2", "PWD_P68": "1231.4", "PWD_P69": "1290.5", "PWD_P70": "1355.3", "PWD_P71": "1425.1", "PWD_P72": "1503.4", "PWD_P73": "1591.5", "PWD_P74": "1692.3", "PWD_P75": "1805.4", "PWD_P76": "1939.2", "PWD_P77": "2096.6", "PWD_P78": "2281.5", "PWD_P79": "2522.8", "PWD_P80": "2820.8", "PWD_P81": "3187.6", "PWD_P82": "3634.4", "PWD_P83": "4217.9", "PWD_P84": "4953.9", "PWD_P85": "5880.0", "PWD_P86": "7050.5", "PWD_P87": "8457.4", "PWD_P88": "10081.5", "PWD_P89": "12386.7", "PWD_P90": "15152.0", "PWD_P91": "17708.6", "PWD_P92": "21264.6", "PWD_P93": "27673.4", "PWD_P94": "33382.2", "PWD_P95": "36485.2", "PWD_P96": "38888.9", "PWD_P97": "41256.6", "PWD_P98": "43487.0", "PWD_P99": "46907.1", "PWD_P100": "78954.5" }, "geometry": { "type": "Point", "coordinates": [ 84.612777709960938, 27.604547500610352 ] } },
{ "type": "Feature", "id": 144, "properties": { "lon": 5.2964720726013184, "lat": 52.092483520507812, "year": "2015", "ISO": "NLD", "ISO_No": "528", "Name": "Netherlands", "PWC_Lat": "52.0924835205078", "PWC_Lon": "5.29647207260132", "Pop": "16938491", "Density": "490.6", "Area": "34525.3", "PWD_A": "2386.8", "PWD_G": "1325.0", "PWD_M": "1779.7", "PWD_P1": "48.6", "PWD_P2": "62.4", "PWD_P3": "75.4", "PWD_P4": "88.8", "PWD_P5": "102.9", "PWD_P6": "117.6", "PWD_P7": "133.0", "PWD_P8": "149.3", "PWD_P9": "166.8", "PWD_P10": "185.3", "PWD_P11": "204.8", "PWD_P12": "225.5", "PWD_P13": "247.2", "PWD_P14": "270.1", "PWD_P15": "294.4", "PWD_P16": "320.0", "PWD_P17": "346.8", "PWD_P18": "374.9", "PWD_P19": "403.8", "PWD_P20": "434.0", "PWD_P21": "464.9", "PWD_P22": "496.8", "PWD_P23": "529.6", "PWD_P24": "562.9", "PWD_P25": "596.8", "PWD_P26": "631.4", "PWD_P27": "667.0", "PWD_P28": "703.4", "PWD_P29": "741.1", "PWD_P30": "779.4", "PWD_P31": "818.9", "PWD_P32": "859.0", "PWD_P33": "899.9", "PWD_P34": "941.9", "PWD_P35": "985.0", "PWD_P36": "1029.3", "PWD_P37": "1074.5", "PWD_P38": "1120.7", "PWD_P39": "1168.9", "PWD_P40": "1218.3", "PWD_P41": "1269.6", "PWD_P42": "1321.5", "PWD_P43": "1376.1", "PWD_P44": "1430.8", "PWD_P45": "1487.0", "PWD_P46": "1544.0", "PWD_P47": "1601.1", "PWD_P48": "1659.3", "PWD_P49": "1719.0", "PWD_P50": "1779.7", "PWD_P51": "1842.5", "PWD_P52": "1904.4", "PWD_P53": "1967.9", "PWD_P54": "2030.7", "PWD_P55": "2095.4", "PWD_P56": "2159.7", "PWD_P57": "2226.6", "PWD_P58": "2291.7", "PWD_P59": "2358.0", "PWD_P60": "2425.1", "PWD_P61": "2495.1", "PWD_P62": "2565.8", "PWD_P63": "2636.2", "PWD_P64": "2706.1", "PWD_P65": "2778.2", "PWD_P66": "2851.2", "PWD_P67": "2929.1", "PWD_P68": "3007.9", "PWD_P69": "3090.0", "PWD_P70": "3178.7", "PWD_P71": "3273.9", "PWD_P72": "3368.4", "PWD_P73": "3461.6", "PWD_P74": "3559.1", "PWD_P75": "3657.8", "PWD_P76": "3755.3", "PWD_P77": "3850.9", "PWD_P78": "3951.3", "PWD_P79": "4055.1", "PWD_P80": "4159.6", "PWD_P81": "4261.7", "PWD_P82": "4366.3", "PWD_P83": "4471.5", "PWD_P84": "4587.9", "PWD_P85": "4700.2", "PWD_P86": "4811.1", "PWD_P87": "4925.7", "PWD_P88": "5055.0", "PWD_P89": "5216.0", "PWD_P90": "5409.3", "PWD_P91": "5628.9", "PWD_P92": "5921.3", "PWD_P93": "6283.3", "PWD_P94": "6569.3", "PWD_P95": "6935.5", "PWD_P96": "7390.2", "PWD_P97": "7761.9", "PWD_P98": "8145.7", "PWD_P99": "9083.2", "PWD_P100": "10138.7" }, "geometry": { "type": "Point", "coordinates": [ 5.296472072601318, 52.092483520507812 ] } },
{ "type": "Feature", "id": 145, "properties": { "lon": -68.924, "lat": 12.1467, "year": "2015", "ISO": "CUW", "ISO_No": "531", "Name": "Curacao", "PWC_Lat": "12.1467", "PWC_Lon": "-68.924", "Pop": "159849", "Density": "355.2", "Area": "450.1", "PWD_A": "1470.5", "PWD_G": "1098.1", "PWD_M": "1428.9", "PWD_P1": "35.3", "PWD_P2": "69.6", "PWD_P3": "98.9", "PWD_P4": "134.8", "PWD_P5": "165.9", "PWD_P6": "195.4", "PWD_P7": "223.6", "PWD_P8": "253.1", "PWD_P9": "283.9", "PWD_P10": "320.1", "PWD_P11": "356.4", "PWD_P12": "389.5", "PWD_P13": "419.5", "PWD_P14": "448.4", "PWD_P15": "475.8", "PWD_P16": "507.6", "PWD_P17": "544.9", "PWD_P18": "580.4", "PWD_P19": "615.7", "PWD_P20": "647.7", "PWD_P21": "677.8", "PWD_P22": "705.2", "PWD_P23": "733.1", "PWD_P24": "759.5", "PWD_P25": "786.4", "PWD_P26": "814.8", "PWD_P27": "843.7", "PWD_P28": "871.8", "PWD_P29": "901.6", "PWD_P30": "930.0", "PWD_P31": "960.6", "PWD_P32": "991.5", "PWD_P33": "1022.4", "PWD_P34": "1055.5", "PWD_P35": "1084.3", "PWD_P36": "1109.1", "PWD_P37": "1133.3", "PWD_P38": "1159.8", "PWD_P39": "1184.6", "PWD_P40": "1210.1", "PWD_P41": "1234.2", "PWD_P42": "1258.1", "PWD_P43": "1279.8", "PWD_P44": "1302.6", "PWD_P45": "1324.5", "PWD_P46": "1341.6", "PWD_P47": "1365.3", "PWD_P48": "1388.8", "PWD_P49": "1409.8", "PWD_P50": "1428.9", "PWD_P51": "1449.4", "PWD_P52": "1474.0", "PWD_P53": "1497.3", "PWD_P54": "1519.5", "PWD_P55": "1541.5", "PWD_P56": "1565.7", "PWD_P57": "1589.5", "PWD_P58": "1615.6", "PWD_P59": "1639.1", "PWD_P60": "1660.8", "PWD_P61": "1680.6", "PWD_P62": "1701.4", "PWD_P63": "1722.0", "PWD_P64": "1743.8", "PWD_P65": "1765.6", "PWD_P66": "1784.0", "PWD_P67": "1805.6", "PWD_P68": "1833.0", "PWD_P69": "1856.5", "PWD_P70": "1882.1", "PWD_P71": "1906.8", "PWD_P72": "1927.4", "PWD_P73": "1948.5", "PWD_P74": "1970.6", "PWD_P75": "1994.2", "PWD_P76": "2017.4", "PWD_P77": "2045.1", "PWD_P78": "2071.2", "PWD_P79": "2097.3", "PWD_P80": "2124.5", "PWD_P81": "2154.8", "PWD_P82": "2183.2", "PWD_P83": "2214.3", "PWD_P84": "2248.4", "PWD_P85": "2280.8", "PWD_P86": "2315.1", "PWD_P87": "2350.0", "PWD_P88": "2392.7", "PWD_P89": "2442.9", "PWD_P90": "2492.8", "PWD_P91": "2544.1", "PWD_P92": "2614.5", "PWD_P93": "2682.6", "PWD_P94": "2768.1", "PWD_P95": "2869.1", "PWD_P96": "3039.0", "PWD_P97": "3294.8", "PWD_P98": "4026.6", "PWD_P99": "4961.8", "PWD_P100": "5899.9" }, "geometry": { "type": "Point", "coordinates": [ -68.924, 12.1467 ] } },
{ "type": "Feature", "id": 146, "properties": { "lon": -69.9928, "lat": 12.5125, "year": "2015", "ISO": "ABW", "ISO_No": "533", "Name": "Aruba", "PWC_Lat": "12.5125", "PWC_Lon": "-69.9928", "Pop": "104339", "Density": "557.3", "Area": "187.2", "PWD_A": "1714.7", "PWD_G": "1261.5", "PWD_M": "1362.6", "PWD_P1": "120.4", "PWD_P2": "183.2", "PWD_P3": "221.3", "PWD_P4": "258.7", "PWD_P5": "293.2", "PWD_P6": "324.0", "PWD_P7": "357.6", "PWD_P8": "386.4", "PWD_P9": "411.8", "PWD_P10": "434.9", "PWD_P11": "459.4", "PWD_P12": "481.9", "PWD_P13": "501.3", "PWD_P14": "523.5", "PWD_P15": "542.9", "PWD_P16": "566.9", "PWD_P17": "591.9", "PWD_P18": "614.5", "PWD_P19": "635.2", "PWD_P20": "655.0", "PWD_P21": "674.8", "PWD_P22": "695.0", "PWD_P23": "711.8", "PWD_P24": "729.0", "PWD_P25": "748.1", "PWD_P26": "766.0", "PWD_P27": "785.0", "PWD_P28": "805.7", "PWD_P29": "827.5", "PWD_P30": "851.2", "PWD_P31": "875.4", "PWD_P32": "899.8", "PWD_P33": "923.1", "PWD_P34": "948.7", "PWD_P35": "977.3", "PWD_P36": "998.8", "PWD_P37": "1025.2", "PWD_P38": "1051.7", "PWD_P39": "1078.4", "PWD_P40": "1108.6", "PWD_P41": "1139.0", "PWD_P42": "1164.6", "PWD_P43": "1190.7", "PWD_P44": "1219.2", "PWD_P45": "1240.6", "PWD_P46": "1261.8", "PWD_P47": "1287.2", "PWD_P48": "1309.4", "PWD_P49": "1335.7", "PWD_P50": "1362.6", "PWD_P51": "1394.1", "PWD_P52": "1422.3", "PWD_P53": "1452.0", "PWD_P54": "1482.6", "PWD_P55": "1512.9", "PWD_P56": "1543.5", "PWD_P57": "1573.0", "PWD_P58": "1599.1", "PWD_P59": "1631.0", "PWD_P60": "1659.5", "PWD_P61": "1695.3", "PWD_P62": "1727.1", "PWD_P63": "1760.6", "PWD_P64": "1796.9", "PWD_P65": "1836.1", "PWD_P66": "1867.5", "PWD_P67": "1913.1", "PWD_P68": "1946.0", "PWD_P69": "1992.7", "PWD_P70": "2035.4", "PWD_P71": "2074.8", "PWD_P72": "2122.4", "PWD_P73": "2158.3", "PWD_P74": "2201.0", "PWD_P75": "2237.8", "PWD_P76": "2273.9", "PWD_P77": "2317.6", "PWD_P78": "2375.3", "PWD_P79": "2448.9", "PWD_P80": "2514.5", "PWD_P81": "2601.5", "PWD_P82": "2672.6", "PWD_P83": "2741.6", "PWD_P84": "2795.7", "PWD_P85": "2863.4", "PWD_P86": "2931.7", "PWD_P87": "3051.8", "PWD_P88": "3152.3", "PWD_P89": "3307.9", "PWD_P90": "3489.7", "PWD_P91": "3682.4", "PWD_P92": "3824.5", "PWD_P93": "3905.8", "PWD_P94": "4079.7", "PWD_P95": "4266.0", "PWD_P96": "4616.0", "PWD_P97": "4984.3", "PWD_P98": "5459.9", "PWD_P99": "7281.2", "PWD_P100": "10096.7" }, "geometry": { "type": "Point", "coordinates": [ -69.9928, 12.5125 ] } },
{ "type": "Feature", "id": 147, "properties": { "lon": -63.0597, "lat": 18.0401, "year": "2015", "ISO": "SXM", "ISO_No": "534", "Name": "Sint Maarten (Dutch part)", "PWC_Lat": "18.0401", "PWC_Lon": "-63.0597", "Pop": "39967", "Density": "1077.4", "Area": "37.1", "PWD_A": "1609.3", "PWD_G": "1388.8", "PWD_M": "1630.4", "PWD_P1": "230.3", "PWD_P2": "264.0", "PWD_P3": "295.3", "PWD_P4": "322.7", "PWD_P5": "347.1", "PWD_P6": "372.4", "PWD_P7": "399.0", "PWD_P8": "423.7", "PWD_P9": "452.1", "PWD_P10": "481.8", "PWD_P11": "507.9", "PWD_P12": "544.6", "PWD_P13": "585.3", "PWD_P14": "648.0", "PWD_P15": "701.3", "PWD_P16": "749.0", "PWD_P17": "788.3", "PWD_P18": "824.5", "PWD_P19": "865.1", "PWD_P20": "946.5", "PWD_P21": "1012.3", "PWD_P22": "1058.8", "PWD_P23": "1098.9", "PWD_P24": "1141.9", "PWD_P25": "1175.7", "PWD_P26": "1206.6", "PWD_P27": "1228.4", "PWD_P28": "1258.2", "PWD_P29": "1290.1", "PWD_P30": "1318.2", "PWD_P31": "1343.2", "PWD_P32": "1368.9", "PWD_P33": "1383.6", "PWD_P34": "1401.4", "PWD_P35": "1416.7", "PWD_P36": "1431.4", "PWD_P37": "1455.1", "PWD_P38": "1475.0", "PWD_P39": "1485.5", "PWD_P40": "1502.8", "PWD_P41": "1517.5", "PWD_P42": "1529.4", "PWD_P43": "1542.8", "PWD_P44": "1552.7", "PWD_P45": "1570.8", "PWD_P46": "1582.7", "PWD_P47": "1593.2", "PWD_P48": "1608.3", "PWD_P49": "1620.3", "PWD_P50": "1630.4", "PWD_P51": "1646.0", "PWD_P52": "1656.2", "PWD_P53": "1676.2", "PWD_P54": "1698.1", "PWD_P55": "1726.1", "PWD_P56": "1745.2", "PWD_P57": "1771.4", "PWD_P58": "1795.7", "PWD_P59": "1818.0", "PWD_P60": "1835.4", "PWD_P61": "1858.0", "PWD_P62": "1883.4", "PWD_P63": "1908.4", "PWD_P64": "1929.1", "PWD_P65": "1947.2", "PWD_P66": "1966.2", "PWD_P67": "1990.9", "PWD_P68": "2021.3", "PWD_P69": "2044.8", "PWD_P70": "2069.8", "PWD_P71": "2094.9", "PWD_P72": "2115.2", "PWD_P73": "2139.3", "PWD_P74": "2162.7", "PWD_P75": "2182.8", "PWD_P76": "2206.9", "PWD_P77": "2228.8", "PWD_P78": "2249.4", "PWD_P79": "2271.7", "PWD_P80": "2284.4", "PWD_P81": "2301.7", "PWD_P82": "2315.5", "PWD_P83": "2338.5", "PWD_P84": "2350.8", "PWD_P85": "2368.5", "PWD_P86": "2386.9", "PWD_P87": "2403.4", "PWD_P88": "2415.4", "PWD_P89": "2435.3", "PWD_P90": "2474.6", "PWD_P91": "2502.1", "PWD_P92": "2533.8", "PWD_P93": "2559.4", "PWD_P94": "2587.1", "PWD_P95": "2648.1", "PWD_P96": "2709.5", "PWD_P97": "2762.1", "PWD_P98": "2828.8", "PWD_P99": "2885.1", "PWD_P100": "3231.7" }, "geometry": { "type": "Point", "coordinates": [ -63.0597, 18.0401 ] } },
{ "type": "Feature", "id": 148, "properties": { "lon": -66.921653747558594, "lat": 13.567078590393066, "year": "2015", "ISO": "BES", "ISO_No": "535", "Name": "Bonaire, Sint Eustatius and Saba", "PWC_Lat": "13.5670785903931", "PWC_Lon": "-66.9216537475586", "Pop": "24570", "Density": "74.2", "Area": "331.2", "PWD_A": "297.8", "PWD_G": "181.1", "PWD_M": "306.9", "PWD_P1": "8.6", "PWD_P2": "10.1", "PWD_P3": "11.6", "PWD_P4": "13.8", "PWD_P5": "15.5", "PWD_P6": "17.5", "PWD_P7": "19.4", "PWD_P8": "21.7", "PWD_P9": "23.7", "PWD_P10": "26.0", "PWD_P11": "28.7", "PWD_P12": "31.3", "PWD_P13": "33.4", "PWD_P14": "36.0", "PWD_P15": "38.7", "PWD_P16": "41.2", "PWD_P17": "44.1", "PWD_P18": "47.4", "PWD_P19": "51.4", "PWD_P20": "55.2", "PWD_P21": "59.1", "PWD_P22": "63.3", "PWD_P23": "67.8", "PWD_P24": "72.4", "PWD_P25": "77.3", "PWD_P26": "82.2", "PWD_P27": "87.0", "PWD_P28": "93.1", "PWD_P29": "99.0", "PWD_P30": "104.5", "PWD_P31": "110.2", "PWD_P32": "116.9", "PWD_P33": "123.4", "PWD_P34": "128.7", "PWD_P35": "135.0", "PWD_P36": "143.2", "PWD_P37": "156.0", "PWD_P38": "168.0", "PWD_P39": "178.8", "PWD_P40": "189.2", "PWD_P41": "198.4", "PWD_P42": "208.8", "PWD_P43": "220.1", "PWD_P44": "234.2", "PWD_P45": "246.1", "PWD_P46": "260.9", "PWD_P47": "273.0", "PWD_P48": "284.1", "PWD_P49": "296.7", "PWD_P50": "306.9", "PWD_P51": "315.6", "PWD_P52": "325.3", "PWD_P53": "334.8", "PWD_P54": "344.1", "PWD_P55": "352.1", "PWD_P56": "359.2", "PWD_P57": "366.0", "PWD_P58": "373.9", "PWD_P59": "382.4", "PWD_P60": "389.0", "PWD_P61": "396.9", "PWD_P62": "405.0", "PWD_P63": "415.0", "PWD_P64": "422.8", "PWD_P65": "431.5", "PWD_P66": "439.6", "PWD_P67": "445.8", "PWD_P68": "450.8", "PWD_P69": "457.4", "PWD_P70": "464.3", "PWD_P71": "470.0", "PWD_P72": "477.0", "PWD_P73": "483.0", "PWD_P74": "489.1", "PWD_P75": "494.1", "PWD_P76": "501.0", "PWD_P77": "505.9", "PWD_P78": "511.5", "PWD_P79": "516.9", "PWD_P80": "521.1", "PWD_P81": "526.2", "PWD_P82": "530.0", "PWD_P83": "535.6", "PWD_P84": "541.4", "PWD_P85": "548.5", "PWD_P86": "554.6", "PWD_P87": "561.7", "PWD_P88": "569.4", "PWD_P89": "577.3", "PWD_P90": "583.2", "PWD_P91": "590.1", "PWD_P92": "599.0", "PWD_P93": "609.9", "PWD_P94": "617.1", "PWD_P95": "628.0", "PWD_P96": "640.2", "PWD_P97": "653.7", "PWD_P98": "671.4", "PWD_P99": "689.4", "PWD_P100": "742.3" }, "geometry": { "type": "Point", "coordinates": [ -66.921653747558594, 13.567078590393066 ] } },
{ "type": "Feature", "id": 149, "properties": { "lon": 166.22251892089844, "lat": -21.910837173461914, "year": "2015", "ISO": "NCL", "ISO_No": "540", "Name": "New Caledonia", "PWC_Lat": "-21.9108371734619", "PWC_Lon": "166.222518920898", "Pop": "271061", "Density": "14.3", "Area": "19016.5", "PWD_A": "933.2", "PWD_G": "187.6", "PWD_M": "412.5", "PWD_P1": "1.1", "PWD_P2": "1.6", "PWD_P3": "2.1", "PWD_P4": "2.5", "PWD_P5": "3.0", "PWD_P6": "3.4", "PWD_P7": "3.7", "PWD_P8": "4.1", "PWD_P9": "4.6", "PWD_P10": "5.0", "PWD_P11": "5.5", "PWD_P12": "6.0", "PWD_P13": "6.5", "PWD_P14": "7.1", "PWD_P15": "7.8", "PWD_P16": "8.6", "PWD_P17": "9.5", "PWD_P18": "10.5", "PWD_P19": "11.5", "PWD_P20": "12.6", "PWD_P21": "13.8", "PWD_P22": "15.1", "PWD_P23": "16.6", "PWD_P24": "18.2", "PWD_P25": "20.0", "PWD_P26": "21.9", "PWD_P27": "24.0", "PWD_P28": "26.3", "PWD_P29": "28.8", "PWD_P30": "31.7", "PWD_P31": "35.0", "PWD_P32": "39.0", "PWD_P33": "43.6", "PWD_P34": "49.2", "PWD_P35": "55.7", "PWD_P36": "64.1", "PWD_P37": "75.3", "PWD_P38": "88.4", "PWD_P39": "102.8", "PWD_P40": "120.4", "PWD_P41": "142.6", "PWD_P42": "167.7", "PWD_P43": "195.3", "PWD_P44": "226.5", "PWD_P45": "256.6", "PWD_P46": "291.7", "PWD_P47": "320.7", "PWD_P48": "348.7", "PWD_P49": "379.0", "PWD_P50": "412.5", "PWD_P51": "441.1", "PWD_P52": "476.7", "PWD_P53": "519.3", "PWD_P54": "559.5", "PWD_P55": "602.5", "PWD_P56": "645.0", "PWD_P57": "683.0", "PWD_P58": "719.8", "PWD_P59": "759.7", "PWD_P60": "801.0", "PWD_P61": "859.9", "PWD_P62": "931.3", "PWD_P63": "1055.0", "PWD_P64": "1234.6", "PWD_P65": "1428.9", "PWD_P66": "1608.0", "PWD_P67": "1713.0", "PWD_P68": "1776.4", "PWD_P69": "1821.0", "PWD_P70": "1855.4", "PWD_P71": "1888.9", "PWD_P72": "1919.3", "PWD_P73": "1945.6", "PWD_P74": "1974.9", "PWD_P75": "2002.2", "PWD_P76": "2025.4", "PWD_P77": "2054.6", "PWD_P78": "2075.9", "PWD_P79": "2098.4", "PWD_P80": "2123.5", "PWD_P81": "2148.6", "PWD_P82": "2175.2", "PWD_P83": "2204.3", "PWD_P84": "2230.7", "PWD_P85": "2258.7", "PWD_P86": "2290.7", "PWD_P87": "2327.5", "PWD_P88": "2356.6", "PWD_P89": "2391.4", "PWD_P90": "2428.3", "PWD_P91": "2465.5", "PWD_P92": "2507.8", "PWD_P93": "2552.0", "PWD_P94": "2605.6", "PWD_P95": "2674.4", "PWD_P96": "2730.5", "PWD_P97": "2824.7", "PWD_P98": "2920.8", "PWD_P99": "3114.6", "PWD_P100": "4539.8" }, "geometry": { "type": "Point", "coordinates": [ 166.222518920898438, -21.910837173461914 ] } },
{ "type": "Feature", "id": 150, "properties": { "lon": 168.04220581054688, "lat": -16.812744140625, "year": "2015", "ISO": "VUT", "ISO_No": "548", "Name": "Vanuatu", "PWC_Lat": "-16.812744140625", "PWC_Lon": "168.042205810547", "Pop": "271128", "Density": "21.6", "Area": "12552.5", "PWD_A": "1414.8", "PWD_G": "169.7", "PWD_M": "130.0", "PWD_P1": "1.6", "PWD_P2": "2.5", "PWD_P3": "3.4", "PWD_P4": "4.2", "PWD_P5": "5.1", "PWD_P6": "6.0", "PWD_P7": "6.9", "PWD_P8": "7.9", "PWD_P9": "9.0", "PWD_P10": "10.1", "PWD_P11": "11.3", "PWD_P12": "12.5", "PWD_P13": "13.8", "PWD_P14": "15.0", "PWD_P15": "16.4", "PWD_P16": "17.9", "PWD_P17": "19.6", "PWD_P18": "21.3", "PWD_P19": "23.0", "PWD_P20": "24.8", "PWD_P21": "26.7", "PWD_P22": "28.7", "PWD_P23": "30.8", "PWD_P24": "33.0", "PWD_P25": "35.2", "PWD_P26": "37.6", "PWD_P27": "40.0", "PWD_P28": "42.6", "PWD_P29": "45.3", "PWD_P30": "48.0", "PWD_P31": "50.9", "PWD_P32": "53.8", "PWD_P33": "56.7", "PWD_P34": "59.6", "PWD_P35": "62.6", "PWD_P36": "65.7", "PWD_P37": "68.8", "PWD_P38": "72.1", "PWD_P39": "75.4", "PWD_P40": "79.2", "PWD_P41": "83.1", "PWD_P42": "87.3", "PWD_P43": "91.7", "PWD_P44": "96.3", "PWD_P45": "101.0", "PWD_P46": "106.2", "PWD_P47": "111.8", "PWD_P48": "117.7", "PWD_P49": "123.8", "PWD_P50": "130.0", "PWD_P51": "136.5", "PWD_P52": "143.2", "PWD_P53": "150.3", "PWD_P54": "158.1", "PWD_P55": "166.8", "PWD_P56": "176.3", "PWD_P57": "187.5", "PWD_P58": "200.4", "PWD_P59": "214.4", "PWD_P60": "228.8", "PWD_P61": "244.1", "PWD_P62": "260.4", "PWD_P63": "278.9", "PWD_P64": "299.8", "PWD_P65": "324.4", "PWD_P66": "353.2", "PWD_P67": "389.5", "PWD_P68": "430.2", "PWD_P69": "482.8", "PWD_P70": "536.6", "PWD_P71": "601.3", "PWD_P72": "683.7", "PWD_P73": "776.9", "PWD_P74": "874.9", "PWD_P75": "976.6", "PWD_P76": "1072.0", "PWD_P77": "1188.6", "PWD_P78": "1300.2", "PWD_P79": "1410.0", "PWD_P80": "1549.0", "PWD_P81": "1773.2", "PWD_P82": "2056.6", "PWD_P83": "2271.8", "PWD_P84": "2564.4", "PWD_P85": "2915.1", "PWD_P86": "3217.9", "PWD_P87": "3599.9", "PWD_P88": "3978.7", "PWD_P89": "4408.9", "PWD_P90": "4908.0", "PWD_P91": "5420.0", "PWD_P92": "5841.8", "PWD_P93": "6522.5", "PWD_P94": "7078.9", "PWD_P95": "7590.4", "PWD_P96": "8699.3", "PWD_P97": "9620.3", "PWD_P98": "11931.2", "PWD_P99": "14285.7", "PWD_P100": "43575.8" }, "geometry": { "type": "Point", "coordinates": [ 168.042205810546875, -16.812744140625 ] } },
{ "type": "Feature", "id": 151, "properties": { "lon": 174.2741, "lat": -39.4627, "year": "2015", "ISO": "NZL", "ISO_No": "554", "Name": "New Zealand", "PWC_Lat": "-39.4627", "PWC_Lon": "174.2741", "Pop": "4614527", "Density": "16.9", "Area": "272569.0", "PWD_A": "3211.1", "PWD_G": "1378.2", "PWD_M": "2684.1", "PWD_P1": "1.3", "PWD_P2": "3.0", "PWD_P3": "5.6", "PWD_P4": "9.5", "PWD_P5": "14.9", "PWD_P6": "22.5", "PWD_P7": "32.5", "PWD_P8": "45.6", "PWD_P9": "62.2", "PWD_P10": "83.1", "PWD_P11": "109.4", "PWD_P12": "141.8", "PWD_P13": "181.1", "PWD_P14": "229.3", "PWD_P15": "285.5", "PWD_P16": "349.3", "PWD_P17": "420.0", "PWD_P18": "495.6", "PWD_P19": "577.3", "PWD_P20": "660.0", "PWD_P21": "744.3", "PWD_P22": "830.2", "PWD_P23": "914.9", "PWD_P24": "997.6", "PWD_P25": "1080.2", "PWD_P26": "1162.6", "PWD_P27": "1244.1", "PWD_P28": "1324.9", "PWD_P29": "1405.0", "PWD_P30": "1483.6", "PWD_P31": "1555.4", "PWD_P32": "1626.8", "PWD_P33": "1694.9", "PWD_P34": "1762.3", "PWD_P35": "1829.2", "PWD_P36": "1892.6", "PWD_P37": "1955.2", "PWD_P38": "2017.2", "PWD_P39": "2076.8", "PWD_P40": "2134.1", "PWD_P41": "2192.8", "PWD_P42": "2249.8", "PWD_P43": "2304.5", "PWD_P44": "2362.1", "PWD_P45": "2418.2", "PWD_P46": "2471.2", "PWD_P47": "2527.7", "PWD_P48": "2580.0", "PWD_P49": "2632.4", "PWD_P50": "2684.1", "PWD_P51": "2737.6", "PWD_P52": "2791.6", "PWD_P53": "2843.3", "PWD_P54": "2895.1", "PWD_P55": "2947.3", "PWD_P56": "3000.1", "PWD_P57": "3053.0", "PWD_P58": "3106.7", "PWD_P59": "3158.2", "PWD_P60": "3210.1", "PWD_P61": "3260.8", "PWD_P62": "3312.1", "PWD_P63": "3363.5", "PWD_P64": "3414.5", "PWD_P65": "3467.6", "PWD_P66": "3521.3", "PWD_P67": "3576.8", "PWD_P68": "3633.8", "PWD_P69": "3693.0", "PWD_P70": "3752.5", "PWD_P71": "3812.8", "PWD_P72": "3875.4", "PWD_P73": "3940.1", "PWD_P74": "4005.6", "PWD_P75": "4073.5", "PWD_P76": "4140.5", "PWD_P77": "4212.7", "PWD_P78": "4286.4", "PWD_P79": "4362.1", "PWD_P80": "4443.8", "PWD_P81": "4534.5", "PWD_P82": "4626.2", "PWD_P83": "4722.6", "PWD_P84": "4823.4", "PWD_P85": "4933.3", "PWD_P86": "5056.5", "PWD_P87": "5192.3", "PWD_P88": "5334.6", "PWD_P89": "5495.5", "PWD_P90": "5678.7", "PWD_P91": "5891.3", "PWD_P92": "6143.3", "PWD_P93": "6427.9", "PWD_P94": "6757.1", "PWD_P95": "7205.6", "PWD_P96": "7869.7", "PWD_P97": "8825.9", "PWD_P98": "10938.8", "PWD_P99": "16762.6", "PWD_P100": "129372.7" }, "geometry": { "type": "Point", "coordinates": [ 174.2741, -39.4627 ] } },
{ "type": "Feature", "id": 152, "properties": { "lon": -85.888298034667969, "lat": 12.602168083190918, "year": "2015", "ISO": "NIC", "ISO_No": "558", "Name": "Nicaragua", "PWC_Lat": "12.6021680831909", "PWC_Lon": "-85.888298034668", "Pop": "6223234", "Density": "52.2", "Area": "119136.3", "PWD_A": "1235.5", "PWD_G": "248.4", "PWD_M": "193.0", "PWD_P1": "6.3", "PWD_P2": "8.1", "PWD_P3": "9.7", "PWD_P4": "11.1", "PWD_P5": "12.4", "PWD_P6": "13.7", "PWD_P7": "14.8", "PWD_P8": "15.9", "PWD_P9": "17.0", "PWD_P10": "18.1", "PWD_P11": "19.2", "PWD_P12": "20.4", "PWD_P13": "21.7", "PWD_P14": "23.1", "PWD_P15": "24.5", "PWD_P16": "26.0", "PWD_P17": "27.6", "PWD_P18": "29.3", "PWD_P19": "31.0", "PWD_P20": "32.8", "PWD_P21": "34.7", "PWD_P22": "36.6", "PWD_P23": "38.6", "PWD_P24": "40.7", "PWD_P25": "42.7", "PWD_P26": "45.0", "PWD_P27": "47.3", "PWD_P28": "49.7", "PWD_P29": "52.1", "PWD_P30": "54.7", "PWD_P31": "57.4", "PWD_P32": "60.2", "PWD_P33": "63.1", "PWD_P34": "66.1", "PWD_P35": "69.5", "PWD_P36": "73.1", "PWD_P37": "76.8", "PWD_P38": "80.8", "PWD_P39": "85.0", "PWD_P40": "89.7", "PWD_P41": "94.9", "PWD_P42": "100.6", "PWD_P43": "107.1", "PWD_P44": "114.4", "PWD_P45": "123.0", "PWD_P46": "132.8", "PWD_P47": "144.3", "PWD_P48": "158.6", "PWD_P49": "175.0", "PWD_P50": "193.0", "PWD_P51": "215.0", "PWD_P52": "239.3", "PWD_P53": "267.1", "PWD_P54": "298.3", "PWD_P55": "332.4", "PWD_P56": "368.7", "PWD_P57": "409.5", "PWD_P58": "451.6", "PWD_P59": "494.4", "PWD_P60": "540.0", "PWD_P61": "587.5", "PWD_P62": "638.0", "PWD_P63": "692.6", "PWD_P64": "748.0", "PWD_P65": "806.8", "PWD_P66": "872.1", "PWD_P67": "936.2", "PWD_P68": "1006.8", "PWD_P69": "1078.5", "PWD_P70": "1159.5", "PWD_P71": "1255.0", "PWD_P72": "1347.6", "PWD_P73": "1445.4", "PWD_P74": "1548.4", "PWD_P75": "1640.7", "PWD_P76": "1780.0", "PWD_P77": "1942.9", "PWD_P78": "2101.7", "PWD_P79": "2238.6", "PWD_P80": "2356.7", "PWD_P81": "2447.0", "PWD_P82": "2680.1", "PWD_P83": "3133.9", "PWD_P84": "3543.4", "PWD_P85": "3712.2", "PWD_P86": "4045.7", "PWD_P87": "4622.6", "PWD_P88": "4884.2", "PWD_P89": "5015.0", "PWD_P90": "5101.3", "PWD_P91": "5146.7", "PWD_P92": "5215.3", "PWD_P93": "5275.0", "PWD_P94": "5336.0", "PWD_P95": "5387.9", "PWD_P96": "5436.8", "PWD_P97": "5498.0", "PWD_P98": "5589.1", "PWD_P99": "5768.7", "PWD_P100": "6336.3" }, "geometry": { "type": "Point", "coordinates": [ -85.888298034667969, 12.602168083190918 ] } },
{ "type": "Feature", "id": 153, "properties": { "lon": 5.9856858253479004, "lat": 13.960936546325684, "year": "2015", "ISO": "NER", "ISO_No": "562", "Name": "Niger", "PWC_Lat": "13.9609365463257", "PWC_Lon": "5.9856858253479", "Pop": "20001663", "Density": "16.8", "Area": "1187186.1", "PWD_A": "563.7", "PWD_G": "124.3", "PWD_M": "116.4", "PWD_P1": "1.6", "PWD_P2": "4.2", "PWD_P3": "6.8", "PWD_P4": "9.1", "PWD_P5": "10.7", "PWD_P6": "12.4", "PWD_P7": "14.3", "PWD_P8": "16.1", "PWD_P9": "17.6", "PWD_P10": "19.2", "PWD_P11": "20.7", "PWD_P12": "22.3", "PWD_P13": "24.1", "PWD_P14": "25.8", "PWD_P15": "27.6", "PWD_P16": "29.4", "PWD_P17": "31.4", "PWD_P18": "33.3", "PWD_P19": "35.2", "PWD_P20": "37.1", "PWD_P21": "39.0", "PWD_P22": "40.8", "PWD_P23": "42.8", "PWD_P24": "44.9", "PWD_P25": "47.1", "PWD_P26": "49.3", "PWD_P27": "51.5", "PWD_P28": "53.8", "PWD_P29": "56.1", "PWD_P30": "58.4", "PWD_P31": "60.6", "PWD_P32": "62.9", "PWD_P33": "65.2", "PWD_P34": "67.5", "PWD_P35": "70.0", "PWD_P36": "72.5", "PWD_P37": "75.2", "PWD_P38": "78.0", "PWD_P39": "80.8", "PWD_P40": "83.7", "PWD_P41": "86.7", "PWD_P42": "89.8", "PWD_P43": "92.9", "PWD_P44": "96.1", "PWD_P45": "99.4", "PWD_P46": "102.6", "PWD_P47": "105.9", "PWD_P48": "109.3", "PWD_P49": "112.9", "PWD_P50": "116.4", "PWD_P51": "120.1", "PWD_P52": "124.1", "PWD_P53": "128.1", "PWD_P54": "132.2", "PWD_P55": "136.6", "PWD_P56": "141.2", "PWD_P57": "145.9", "PWD_P58": "150.9", "PWD_P59": "156.1", "PWD_P60": "161.3", "PWD_P61": "166.7", "PWD_P62": "172.4", "PWD_P63": "178.4", "PWD_P64": "184.5", "PWD_P65": "190.5", "PWD_P66": "196.8", "PWD_P67": "203.8", "PWD_P68": "211.1", "PWD_P69": "219.4", "PWD_P70": "227.9", "PWD_P71": "236.7", "PWD_P72": "246.1", "PWD_P73": "255.6", "PWD_P74": "266.1", "PWD_P75": "276.7", "PWD_P76": "287.8", "PWD_P77": "300.3", "PWD_P78": "314.8", "PWD_P79": "329.8", "PWD_P80": "346.2", "PWD_P81": "365.1", "PWD_P82": "388.1", "PWD_P83": "414.9", "PWD_P84": "445.2", "PWD_P85": "479.6", "PWD_P86": "526.2", "PWD_P87": "572.5", "PWD_P88": "664.6", "PWD_P89": "767.8", "PWD_P90": "939.1", "PWD_P91": "1435.3", "PWD_P92": "2544.1", "PWD_P93": "3166.3", "PWD_P94": "3761.1", "PWD_P95": "4295.1", "PWD_P96": "4762.9", "PWD_P97": "4971.7", "PWD_P98": "5138.1", "PWD_P99": "7625.0", "PWD_P100": "9587.4" }, "geometry": { "type": "Point", "coordinates": [ 5.9856858253479, 13.960936546325684 ] } },
{ "type": "Feature", "id": 154, "properties": { "lon": 7.2214789390563965, "lat": 8.6503582000732422, "year": "2015", "ISO": "NGA", "ISO_No": "566", "Name": "Nigeria", "PWC_Lat": "8.65035820007324", "PWC_Lon": "7.2214789390564", "Pop": "181137453", "Density": "200.0", "Area": "905669.4", "PWD_A": "3408.1", "PWD_G": "694.2", "PWD_M": "595.3", "PWD_P1": "21.3", "PWD_P2": "28.4", "PWD_P3": "34.9", "PWD_P4": "41.0", "PWD_P5": "47.2", "PWD_P6": "53.5", "PWD_P7": "59.7", "PWD_P8": "66.0", "PWD_P9": "72.3", "PWD_P10": "78.7", "PWD_P11": "85.1", "PWD_P12": "91.7", "PWD_P13": "98.3", "PWD_P14": "105.1", "PWD_P15": "112.0", "PWD_P16": "119.1", "PWD_P17": "126.3", "PWD_P18": "133.7", "PWD_P19": "141.2", "PWD_P20": "149.0", "PWD_P21": "156.9", "PWD_P22": "165.1", "PWD_P23": "173.5", "PWD_P24": "182.1", "PWD_P25": "191.1", "PWD_P26": "200.4", "PWD_P27": "210.0", "PWD_P28": "219.9", "PWD_P29": "230.2", "PWD_P30": "241.0", "PWD_P31": "252.2", "PWD_P32": "263.9", "PWD_P33": "275.9", "PWD_P34": "288.5", "PWD_P35": "301.6", "PWD_P36": "315.2", "PWD_P37": "329.4", "PWD_P38": "344.2", "PWD_P39": "359.8", "PWD_P40": "376.1", "PWD_P41": "393.2", "PWD_P42": "411.1", "PWD_P43": "429.9", "PWD_P44": "449.8", "PWD_P45": "470.7", "PWD_P46": "492.9", "PWD_P47": "516.4", "PWD_P48": "541.2", "PWD_P49": "567.5", "PWD_P50": "595.3", "PWD_P51": "624.7", "PWD_P52": "655.9", "PWD_P53": "689.0", "PWD_P54": "723.9", "PWD_P55": "761.2", "PWD_P56": "801.1", "PWD_P57": "843.5", "PWD_P58": "888.2", "PWD_P59": "936.1", "PWD_P60": "987.4", "PWD_P61": "1041.6", "PWD_P62": "1099.6", "PWD_P63": "1161.1", "PWD_P64": "1226.9", "PWD_P65": "1297.1", "PWD_P66": "1370.6", "PWD_P67": "1448.9", "PWD_P68": "1533.0", "PWD_P69": "1621.8", "PWD_P70": "1716.6", "PWD_P71": "1817.9", "PWD_P72": "1927.3", "PWD_P73": "2044.3", "PWD_P74": "2170.2", "PWD_P75": "2304.9", "PWD_P76": "2449.8", "PWD_P77": "2605.9", "PWD_P78": "2775.5", "PWD_P79": "2960.8", "PWD_P80": "3157.1", "PWD_P81": "3369.9", "PWD_P82": "3601.4", "PWD_P83": "3860.9", "PWD_P84": "4156.6", "PWD_P85": "4505.8", "PWD_P86": "4916.1", "PWD_P87": "5417.1", "PWD_P88": "6034.4", "PWD_P89": "6773.6", "PWD_P90": "7703.3", "PWD_P91": "8912.1", "PWD_P92": "10489.6", "PWD_P93": "12467.8", "PWD_P94": "14887.9", "PWD_P95": "17860.1", "PWD_P96": "21707.9", "PWD_P97": "26208.9", "PWD_P98": "33730.1", "PWD_P99": "44952.0", "PWD_P100": "104883.3" }, "geometry": { "type": "Point", "coordinates": [ 7.221478939056396, 8.650358200073242 ] } },
{ "type": "Feature", "id": 155, "properties": { "lon": -169.8876, "lat": -19.0627, "year": "2015", "ISO": "NIU", "ISO_No": "570", "Name": "Niue", "PWC_Lat": "-19.0627", "PWC_Lon": "-169.8876", "Pop": "1609", "Density": "5.9", "Area": "271.4", "PWD_A": "40.0", "PWD_G": "13.2", "PWD_M": "9.1", "PWD_P1": "1.2", "PWD_P2": "1.4", "PWD_P3": "1.5", "PWD_P4": "1.6", "PWD_P5": "1.7", "PWD_P6": "1.8", "PWD_P7": "1.9", "PWD_P8": "2.0", "PWD_P9": "2.1", "PWD_P10": "2.2", "PWD_P11": "2.4", "PWD_P12": "2.6", "PWD_P13": "2.8", "PWD_P14": "2.9", "PWD_P15": "3.1", "PWD_P16": "3.2", "PWD_P17": "3.3", "PWD_P18": "3.4", "PWD_P19": "3.5", "PWD_P20": "3.6", "PWD_P21": "3.7", "PWD_P22": "3.8", "PWD_P23": "3.9", "PWD_P24": "4.1", "PWD_P25": "4.2", "PWD_P26": "4.3", "PWD_P27": "4.5", "PWD_P28": "4.6", "PWD_P29": "4.7", "PWD_P30": "4.9", "PWD_P31": "5.1", "PWD_P32": "5.3", "PWD_P33": "5.4", "PWD_P34": "5.6", "PWD_P35": "5.7", "PWD_P36": "5.9", "PWD_P37": "6.1", "PWD_P38": "6.2", "PWD_P39": "6.4", "PWD_P40": "6.6", "PWD_P41": "6.8", "PWD_P42": "7.0", "PWD_P43": "7.2", "PWD_P44": "7.4", "PWD_P45": "7.6", "PWD_P46": "7.8", "PWD_P47": "8.1", "PWD_P48": "8.4", "PWD_P49": "8.7", "PWD_P50": "9.1", "PWD_P51": "9.5", "PWD_P52": "10.0", "PWD_P53": "10.4", "PWD_P54": "10.8", "PWD_P55": "11.4", "PWD_P56": "11.9", "PWD_P57": "12.4", "PWD_P58": "13.1", "PWD_P59": "13.9", "PWD_P60": "14.6", "PWD_P61": "15.4", "PWD_P62": "16.3", "PWD_P63": "17.6", "PWD_P64": "19.4", "PWD_P65": "21.3", "PWD_P66": "23.2", "PWD_P67": "25.3", "PWD_P68": "27.5", "PWD_P69": "29.6", "PWD_P70": "31.1", "PWD_P71": "32.9", "PWD_P72": "35.4", "PWD_P73": "39.6", "PWD_P74": "42.4", "PWD_P75": "45.8", "PWD_P76": "48.4", "PWD_P77": "51.8", "PWD_P78": "55.3", "PWD_P79": "58.5", "PWD_P80": "62.9", "PWD_P81": "65.8", "PWD_P82": "69.8", "PWD_P83": "73.3", "PWD_P84": "77.6", "PWD_P85": "82.9", "PWD_P86": "89.8", "PWD_P87": "96.7", "PWD_P88": "104.4", "PWD_P89": "115.0", "PWD_P90": "120.5", "PWD_P91": "128.6", "PWD_P92": "139.8", "PWD_P93": "147.6", "PWD_P94": "162.5", "PWD_P95": "176.9", "PWD_P96": "185.9", "PWD_P97": "228.8", "PWD_P98": "304.8", "PWD_P99": "414.0", "PWD_P100": "437.5" }, "geometry": { "type": "Point", "coordinates": [ -169.8876, -19.0627 ] } },
{ "type": "Feature", "id": 156, "properties": { "lon": 9.8702268600463867, "lat": 61.033596038818359, "year": "2015", "ISO": "NOR", "ISO_No": "578", "Name": "Norway", "PWC_Lat": "61.0335960388184", "PWC_Lon": "9.87022686004639", "Pop": "5199827", "Density": "16.6", "Area": "313631.3", "PWD_A": "828.5", "PWD_G": "214.0", "PWD_M": "330.2", "PWD_P1": "0.9", "PWD_P2": "1.6", "PWD_P3": "2.4", "PWD_P4": "3.2", "PWD_P5": "4.1", "PWD_P6": "5.0", "PWD_P7": "6.0", "PWD_P8": "7.1", "PWD_P9": "8.3", "PWD_P10": "9.6", "PWD_P11": "11.1", "PWD_P12": "12.6", "PWD_P13": "14.3", "PWD_P14": "16.2", "PWD_P15": "18.2", "PWD_P16": "20.4", "PWD_P17": "22.8", "PWD_P18": "25.4", "PWD_P19": "28.3", "PWD_P20": "31.4", "PWD_P21": "34.8", "PWD_P22": "38.3", "PWD_P23": "42.2", "PWD_P24": "46.5", "PWD_P25": "51.2", "PWD_P26": "56.6", "PWD_P27": "62.6", "PWD_P28": "69.4", "PWD_P29": "76.8", "PWD_P30": "84.7", "PWD_P31": "93.2", "PWD_P32": "102.3", "PWD_P33": "111.9", "PWD_P34": "121.7", "PWD_P35": "131.5", "PWD_P36": "141.5", "PWD_P37": "151.8", "PWD_P38": "162.3", "PWD_P39": "172.9", "PWD_P40": "183.9", "PWD_P41": "195.7", "PWD_P42": "207.7", "PWD_P43": "220.5", "PWD_P44": "234.2", "PWD_P45": "248.8", "PWD_P46": "264.2", "PWD_P47": "280.3", "PWD_P48": "296.6", "PWD_P49": "313.2", "PWD_P50": "330.2", "PWD_P51": "347.4", "PWD_P52": "365.2", "PWD_P53": "383.1", "PWD_P54": "401.8", "PWD_P55": "421.5", "PWD_P56": "441.1", "PWD_P57": "460.8", "PWD_P58": "481.1", "PWD_P59": "504.6", "PWD_P60": "529.3", "PWD_P61": "556.0", "PWD_P62": "584.8", "PWD_P63": "614.0", "PWD_P64": "643.4", "PWD_P65": "673.9", "PWD_P66": "707.6", "PWD_P67": "742.6", "PWD_P68": "777.9", "PWD_P69": "813.5", "PWD_P70": "847.4", "PWD_P71": "886.5", "PWD_P72": "929.4", "PWD_P73": "979.6", "PWD_P74": "1035.2", "PWD_P75": "1087.1", "PWD_P76": "1139.4", "PWD_P77": "1197.6", "PWD_P78": "1255.1", "PWD_P79": "1314.5", "PWD_P80": "1372.4", "PWD_P81": "1430.3", "PWD_P82": "1484.0", "PWD_P83": "1537.5", "PWD_P84": "1599.1", "PWD_P85": "1672.0", "PWD_P86": "1773.8", "PWD_P87": "1956.4", "PWD_P88": "2447.0", "PWD_P89": "2740.0", "PWD_P90": "2984.5", "PWD_P91": "3221.0", "PWD_P92": "3412.8", "PWD_P93": "3564.4", "PWD_P94": "3671.3", "PWD_P95": "3776.0", "PWD_P96": "3866.4", "PWD_P97": "3956.3", "PWD_P98": "4056.9", "PWD_P99": "4199.6", "PWD_P100": "4936.1" }, "geometry": { "type": "Point", "coordinates": [ 9.870226860046387, 61.033596038818359 ] } },
{ "type": "Feature", "id": 157, "properties": { "lon": 145.71664428710938, "lat": 15.110119819641113, "year": "2015", "ISO": "MNP", "ISO_No": "580", "Name": "Northern Mariana Islands", "PWC_Lat": "15.1101198196411", "PWC_Lon": "145.716644287109", "Pop": "55779", "Density": "105.5", "Area": "528.6", "PWD_A": "1611.8", "PWD_G": "1000.1", "PWD_M": "1144.4", "PWD_P1": "20.0", "PWD_P2": "43.5", "PWD_P3": "72.2", "PWD_P4": "110.7", "PWD_P5": "136.7", "PWD_P6": "160.8", "PWD_P7": "183.2", "PWD_P8": "207.4", "PWD_P9": "233.7", "PWD_P10": "257.4", "PWD_P11": "281.1", "PWD_P12": "304.5", "PWD_P13": "323.5", "PWD_P14": "344.6", "PWD_P15": "365.4", "PWD_P16": "387.8", "PWD_P17": "408.5", "PWD_P18": "429.5", "PWD_P19": "451.5", "PWD_P20": "474.8", "PWD_P21": "497.9", "PWD_P22": "515.7", "PWD_P23": "535.8", "PWD_P24": "556.4", "PWD_P25": "576.7", "PWD_P26": "597.4", "PWD_P27": "617.6", "PWD_P28": "640.6", "PWD_P29": "661.4", "PWD_P30": "679.0", "PWD_P31": "696.3", "PWD_P32": "713.7", "PWD_P33": "731.8", "PWD_P34": "751.8", "PWD_P35": "775.1", "PWD_P36": "795.7", "PWD_P37": "812.5", "PWD_P38": "837.3", "PWD_P39": "856.8", "PWD_P40": "880.1", "PWD_P41": "905.2", "PWD_P42": "931.1", "PWD_P43": "960.9", "PWD_P44": "985.6", "PWD_P45": "1007.8", "PWD_P46": "1035.6", "PWD_P47": "1057.2", "PWD_P48": "1084.7", "PWD_P49": "1115.8", "PWD_P50": "1144.4", "PWD_P51": "1172.4", "PWD_P52": "1200.4", "PWD_P53": "1227.4", "PWD_P54": "1258.9", "PWD_P55": "1296.1", "PWD_P56": "1333.5", "PWD_P57": "1372.5", "PWD_P58": "1403.8", "PWD_P59": "1442.4", "PWD_P60": "1478.8", "PWD_P61": "1511.9", "PWD_P62": "1547.4", "PWD_P63": "1585.0", "PWD_P64": "1624.2", "PWD_P65": "1674.7", "PWD_P66": "1718.6", "PWD_P67": "1772.3", "PWD_P68": "1822.5", "PWD_P69": "1874.8", "PWD_P70": "1917.8", "PWD_P71": "1971.6", "PWD_P72": "2036.5", "PWD_P73": "2094.4", "PWD_P74": "2149.6", "PWD_P75": "2199.1", "PWD_P76": "2253.7", "PWD_P77": "2331.7", "PWD_P78": "2411.4", "PWD_P79": "2494.4", "PWD_P80": "2569.2", "PWD_P81": "2658.8", "PWD_P82": "2748.5", "PWD_P83": "2862.0", "PWD_P84": "2944.6", "PWD_P85": "2984.4", "PWD_P86": "3084.8", "PWD_P87": "3160.6", "PWD_P88": "3276.2", "PWD_P89": "3363.1", "PWD_P90": "3415.3", "PWD_P91": "3516.8", "PWD_P92": "3601.4", "PWD_P93": "3775.1", "PWD_P94": "3908.9", "PWD_P95": "4038.1", "PWD_P96": "4216.2", "PWD_P97": "4609.5", "PWD_P98": "5269.4", "PWD_P99": "10969.6", "PWD_P100": "13089.1" }, "geometry": { "type": "Point", "coordinates": [ 145.716644287109375, 15.110119819641113 ] } },
{ "type": "Feature", "id": 158, "properties": { "lon": 153.42439270019531, "lat": 7.1971278190612793, "year": "2015", "ISO": "FSM", "ISO_No": "583", "Name": "Micronesia", "PWC_Lat": "7.19712781906128", "PWC_Lon": "153.424392700195", "Pop": "108886", "Density": "127.1", "Area": "856.9", "PWD_A": "932.8", "PWD_G": "348.8", "PWD_M": "342.2", "PWD_P1": "13.3", "PWD_P2": "20.5", "PWD_P3": "25.5", "PWD_P4": "29.8", "PWD_P5": "33.7", "PWD_P6": "37.7", "PWD_P7": "42.0", "PWD_P8": "46.3", "PWD_P9": "50.2", "PWD_P10": "54.3", "PWD_P11": "58.7", "PWD_P12": "63.4", "PWD_P13": "68.2", "PWD_P14": "73.5", "PWD_P15": "79.3", "PWD_P16": "85.4", "PWD_P17": "92.2", "PWD_P18": "98.9", "PWD_P19": "105.8", "PWD_P20": "112.9", "PWD_P21": "119.9", "PWD_P22": "127.0", "PWD_P23": "133.4", "PWD_P24": "140.1", "PWD_P25": "146.9", "PWD_P26": "154.0", "PWD_P27": "161.0", "PWD_P28": "168.2", "PWD_P29": "175.1", "PWD_P30": "182.0", "PWD_P31": "188.4", "PWD_P32": "194.6", "PWD_P33": "200.7", "PWD_P34": "207.1", "PWD_P35": "214.2", "PWD_P36": "221.7", "PWD_P37": "228.9", "PWD_P38": "235.8", "PWD_P39": "243.7", "PWD_P40": "250.9", "PWD_P41": "259.0", "PWD_P42": "267.0", "PWD_P43": "275.2", "PWD_P44": "283.8", "PWD_P45": "293.4", "PWD_P46": "302.3", "PWD_P47": "310.7", "PWD_P48": "320.8", "PWD_P49": "331.3", "PWD_P50": "342.2", "PWD_P51": "353.0", "PWD_P52": "365.1", "PWD_P53": "378.1", "PWD_P54": "390.7", "PWD_P55": "405.4", "PWD_P56": "418.9", "PWD_P57": "430.9", "PWD_P58": "444.1", "PWD_P59": "458.9", "PWD_P60": "472.6", "PWD_P61": "487.8", "PWD_P62": "504.1", "PWD_P63": "520.1", "PWD_P64": "536.7", "PWD_P65": "552.9", "PWD_P66": "570.7", "PWD_P67": "589.0", "PWD_P68": "613.4", "PWD_P69": "637.2", "PWD_P70": "658.1", "PWD_P71": "690.1", "PWD_P72": "718.4", "PWD_P73": "745.5", "PWD_P74": "781.0", "PWD_P75": "812.9", "PWD_P76": "851.2", "PWD_P77": "891.7", "PWD_P78": "939.7", "PWD_P79": "995.8", "PWD_P80": "1065.0", "PWD_P81": "1136.6", "PWD_P82": "1209.0", "PWD_P83": "1288.6", "PWD_P84": "1386.5", "PWD_P85": "1480.9", "PWD_P86": "1586.5", "PWD_P87": "1731.8", "PWD_P88": "1877.4", "PWD_P89": "2063.3", "PWD_P90": "2328.8", "PWD_P91": "2656.5", "PWD_P92": "2960.0", "PWD_P93": "3331.1", "PWD_P94": "3731.1", "PWD_P95": "4183.8", "PWD_P96": "4600.0", "PWD_P97": "5268.6", "PWD_P98": "6290.8", "PWD_P99": "9329.7", "PWD_P100": "18455.6" }, "geometry": { "type": "Point", "coordinates": [ 153.424392700195312, 7.197127819061279 ] } },
{ "type": "Feature", "id": 159, "properties": { "lon": 169.9859, "lat": 7.6763, "year": "2015", "ISO": "MHL", "ISO_No": "584", "Name": "Marshall Islands", "PWC_Lat": "7.6763", "PWC_Lon": "169.9859", "Pop": "57444", "Density": "128.4", "Area": "447.3", "PWD_A": "1274.5", "PWD_G": "544.7", "PWD_M": "750.3", "PWD_P1": "16.3", "PWD_P2": "21.6", "PWD_P3": "27.6", "PWD_P4": "31.6", "PWD_P5": "35.2", "PWD_P6": "39.1", "PWD_P7": "43.2", "PWD_P8": "46.7", "PWD_P9": "49.6", "PWD_P10": "52.2", "PWD_P11": "54.6", "PWD_P12": "58.7", "PWD_P13": "63.9", "PWD_P14": "69.1", "PWD_P15": "73.3", "PWD_P16": "77.1", "PWD_P17": "80.3", "PWD_P18": "83.2", "PWD_P19": "88.5", "PWD_P20": "97.2", "PWD_P21": "110.2", "PWD_P22": "119.9", "PWD_P23": "128.5", "PWD_P24": "136.3", "PWD_P25": "145.4", "PWD_P26": "155.4", "PWD_P27": "166.6", "PWD_P28": "175.9", "PWD_P29": "185.4", "PWD_P30": "193.9", "PWD_P31": "209.7", "PWD_P32": "224.1", "PWD_P33": "241.6", "PWD_P34": "263.9", "PWD_P35": "298.7", "PWD_P36": "328.3", "PWD_P37": "354.1", "PWD_P38": "371.9", "PWD_P39": "396.9", "PWD_P40": "430.4", "PWD_P41": "458.1", "PWD_P42": "488.6", "PWD_P43": "528.1", "PWD_P44": "562.1", "PWD_P45": "601.0", "PWD_P46": "628.9", "PWD_P47": "659.3", "PWD_P48": "679.2", "PWD_P49": "714.1", "PWD_P50": "750.3", "PWD_P51": "797.5", "PWD_P52": "834.0", "PWD_P53": "875.5", "PWD_P54": "952.5", "PWD_P55": "1091.9", "PWD_P56": "1143.2", "PWD_P57": "1203.6", "PWD_P58": "1266.3", "PWD_P59": "1302.7", "PWD_P60": "1332.4", "PWD_P61": "1381.4", "PWD_P62": "1464.7", "PWD_P63": "1541.5", "PWD_P64": "1711.1", "PWD_P65": "1802.2", "PWD_P66": "1877.5", "PWD_P67": "1965.2", "PWD_P68": "1991.0", "PWD_P69": "2012.9", "PWD_P70": "2043.6", "PWD_P71": "2075.2", "PWD_P72": "2104.9", "PWD_P73": "2150.0", "PWD_P74": "2220.2", "PWD_P75": "2263.1", "PWD_P76": "2281.7", "PWD_P77": "2300.2", "PWD_P78": "2326.7", "PWD_P79": "2367.9", "PWD_P80": "2449.3", "PWD_P81": "2869.3", "PWD_P82": "2963.8", "PWD_P83": "3022.9", "PWD_P84": "3087.7", "PWD_P85": "3172.8", "PWD_P86": "3216.3", "PWD_P87": "3248.4", "PWD_P88": "3269.6", "PWD_P89": "3279.7", "PWD_P90": "3296.0", "PWD_P91": "3308.9", "PWD_P92": "3331.6", "PWD_P93": "3357.8", "PWD_P94": "3392.2", "PWD_P95": "3423.1", "PWD_P96": "3491.6", "PWD_P97": "3563.4", "PWD_P98": "3618.2", "PWD_P99": "3670.5", "PWD_P100": "3908.9" }, "geometry": { "type": "Point", "coordinates": [ 169.9859, 7.6763 ] } },
{ "type": "Feature", "id": 160, "properties": { "lon": 134.4573974609375, "lat": 7.3301100730895996, "year": "2015", "ISO": "PLW", "ISO_No": "585", "Name": "Palau", "PWC_Lat": "7.3301100730896", "PWC_Lon": "134.457397460938", "Pop": "17664", "Density": "33.5", "Area": "527.2", "PWD_A": "238.4", "PWD_G": "96.1", "PWD_M": "78.8", "PWD_P1": "2.6", "PWD_P2": "3.7", "PWD_P3": "5.4", "PWD_P4": "8.6", "PWD_P5": "10.3", "PWD_P6": "11.7", "PWD_P7": "13.7", "PWD_P8": "16.1", "PWD_P9": "17.4", "PWD_P10": "18.7", "PWD_P11": "19.6", "PWD_P12": "20.4", "PWD_P13": "21.1", "PWD_P14": "21.8", "PWD_P15": "22.5", "PWD_P16": "23.1", "PWD_P17": "23.8", "PWD_P18": "24.6", "PWD_P19": "25.5", "PWD_P20": "26.7", "PWD_P21": "28.2", "PWD_P22": "29.8", "PWD_P23": "31.8", "PWD_P24": "33.7", "PWD_P25": "35.4", "PWD_P26": "37.1", "PWD_P27": "38.7", "PWD_P28": "40.5", "PWD_P29": "42.0", "PWD_P30": "43.2", "PWD_P31": "44.3", "PWD_P32": "45.2", "PWD_P33": "46.1", "PWD_P34": "46.8", "PWD_P35": "47.5", "PWD_P36": "48.2", "PWD_P37": "48.9", "PWD_P38": "49.6", "PWD_P39": "50.3", "PWD_P40": "50.9", "PWD_P41": "51.7", "PWD_P42": "52.5", "PWD_P43": "53.6", "PWD_P44": "55.1", "PWD_P45": "58.0", "PWD_P46": "62.8", "PWD_P47": "68.0", "PWD_P48": "71.9", "PWD_P49": "75.7", "PWD_P50": "78.8", "PWD_P51": "81.6", "PWD_P52": "85.0", "PWD_P53": "88.3", "PWD_P54": "91.3", "PWD_P55": "95.1", "PWD_P56": "99.7", "PWD_P57": "105.1", "PWD_P58": "110.2", "PWD_P59": "116.4", "PWD_P60": "123.0", "PWD_P61": "130.4", "PWD_P62": "138.1", "PWD_P63": "147.7", "PWD_P64": "159.0", "PWD_P65": "173.3", "PWD_P66": "188.4", "PWD_P67": "205.2", "PWD_P68": "238.7", "PWD_P69": "258.0", "PWD_P70": "280.5", "PWD_P71": "298.2", "PWD_P72": "321.7", "PWD_P73": "342.7", "PWD_P74": "364.0", "PWD_P75": "388.3", "PWD_P76": "410.2", "PWD_P77": "427.8", "PWD_P78": "454.6", "PWD_P79": "481.8", "PWD_P80": "504.1", "PWD_P81": "527.5", "PWD_P82": "549.0", "PWD_P83": "571.8", "PWD_P84": "586.5", "PWD_P85": "604.7", "PWD_P86": "633.7", "PWD_P87": "663.9", "PWD_P88": "698.9", "PWD_P89": "750.7", "PWD_P90": "769.7", "PWD_P91": "799.2", "PWD_P92": "827.8", "PWD_P93": "859.8", "PWD_P94": "883.6", "PWD_P95": "913.3", "PWD_P96": "928.6", "PWD_P97": "961.0", "PWD_P98": "1007.5", "PWD_P99": "1037.0", "PWD_P100": "1119.0" }, "geometry": { "type": "Point", "coordinates": [ 134.4573974609375, 7.3301100730896 ] } },
{ "type": "Feature", "id": 161, "properties": { "lon": 71.434249877929688, "lat": 30.493524551391602, "year": "2015", "ISO": "PAK", "ISO_No": "586", "Name": "Pakistan", "PWC_Lat": "30.4935245513916", "PWC_Lon": "71.4342498779297", "Pop": "199426954", "Density": "229.0", "Area": "870982.2", "PWD_A": "4577.7", "PWD_G": "1140.2", "PWD_M": "922.6", "PWD_P1": "14.5", "PWD_P2": "27.5", "PWD_P3": "42.6", "PWD_P4": "60.7", "PWD_P5": "81.7", "PWD_P6": "102.5", "PWD_P7": "121.8", "PWD_P8": "140.4", "PWD_P9": "158.1", "PWD_P10": "175.2", "PWD_P11": "191.6", "PWD_P12": "207.6", "PWD_P13": "223.0", "PWD_P14": "237.5", "PWD_P15": "251.6", "PWD_P16": "265.4", "PWD_P17": "278.7", "PWD_P18": "291.6", "PWD_P19": "304.3", "PWD_P20": "316.9", "PWD_P21": "329.5", "PWD_P22": "342.1", "PWD_P23": "354.6", "PWD_P24": "367.3", "PWD_P25": "380.1", "PWD_P26": "393.3", "PWD_P27": "406.9", "PWD_P28": "420.9", "PWD_P29": "435.2", "PWD_P30": "449.9", "PWD_P31": "465.0", "PWD_P32": "480.7", "PWD_P33": "497.0", "PWD_P34": "513.8", "PWD_P35": "531.2", "PWD_P36": "549.4", "PWD_P37": "568.4", "PWD_P38": "588.3", "PWD_P39": "609.1", "PWD_P40": "630.9", "PWD_P41": "653.7", "PWD_P42": "677.7", "PWD_P43": "703.0", "PWD_P44": "729.6", "PWD_P45": "757.6", "PWD_P46": "787.0", "PWD_P47": "818.0", "PWD_P48": "850.9", "PWD_P49": "885.6", "PWD_P50": "922.6", "PWD_P51": "961.8", "PWD_P52": "1003.7", "PWD_P53": "1048.2", "PWD_P54": "1095.9", "PWD_P55": "1146.6", "PWD_P56": "1200.5", "PWD_P57": "1257.8", "PWD_P58": "1318.5", "PWD_P59": "1383.8", "PWD_P60": "1454.0", "PWD_P61": "1529.8", "PWD_P62": "1610.8", "PWD_P63": "1698.7", "PWD_P64": "1794.5", "PWD_P65": "1898.7", "PWD_P66": "2013.7", "PWD_P67": "2139.9", "PWD_P68": "2277.3", "PWD_P69": "2424.4", "PWD_P70": "2585.0", "PWD_P71": "2760.8", "PWD_P72": "2952.5", "PWD_P73": "3160.6", "PWD_P74": "3385.3", "PWD_P75": "3634.3", "PWD_P76": "3902.0", "PWD_P77": "4194.5", "PWD_P78": "4521.6", "PWD_P79": "4880.3", "PWD_P80": "5274.6", "PWD_P81": "5697.2", "PWD_P82": "6187.6", "PWD_P83": "6747.3", "PWD_P84": "7408.0", "PWD_P85": "8140.5", "PWD_P86": "8930.7", "PWD_P87": "9734.4", "PWD_P88": "10495.3", "PWD_P89": "11328.2", "PWD_P90": "12309.2", "PWD_P91": "13379.3", "PWD_P92": "14672.4", "PWD_P93": "16584.3", "PWD_P94": "20518.0", "PWD_P95": "24005.8", "PWD_P96": "28263.1", "PWD_P97": "33385.9", "PWD_P98": "42458.7", "PWD_P99": "53444.4", "PWD_P100": "79362.1" }, "geometry": { "type": "Point", "coordinates": [ 71.434249877929688, 30.493524551391602 ] } },
{ "type": "Feature", "id": 162, "properties": { "lon": -80.308830261230469, "lat": 8.7927522659301758, "year": "2015", "ISO": "PAN", "ISO_No": "591", "Name": "Panama", "PWC_Lat": "8.79275226593018", "PWC_Lon": "-80.3088302612305", "Pop": "3968489", "Density": "52.4", "Area": "75668.1", "PWD_A": "3840.8", "PWD_G": "716.4", "PWD_M": "1547.6", "PWD_P1": "3.9", "PWD_P2": "6.1", "PWD_P3": "8.0", "PWD_P4": "9.7", "PWD_P5": "11.3", "PWD_P6": "12.9", "PWD_P7": "14.7", "PWD_P8": "16.7", "PWD_P9": "18.6", "PWD_P10": "20.6", "PWD_P11": "22.6", "PWD_P12": "24.7", "PWD_P13": "26.9", "PWD_P14": "29.4", "PWD_P15": "32.2", "PWD_P16": "35.4", "PWD_P17": "39.0", "PWD_P18": "42.9", "PWD_P19": "46.8", "PWD_P20": "51.4", "PWD_P21": "56.8", "PWD_P22": "63.4", "PWD_P23": "71.6", "PWD_P24": "81.4", "PWD_P25": "92.7", "PWD_P26": "105.4", "PWD_P27": "119.6", "PWD_P28": "135.4", "PWD_P29": "152.9", "PWD_P30": "172.3", "PWD_P31": "194.7", "PWD_P32": "222.0", "PWD_P33": "253.7", "PWD_P34": "289.4", "PWD_P35": "331.7", "PWD_P36": "378.7", "PWD_P37": "434.1", "PWD_P38": "493.1", "PWD_P39": "558.8", "PWD_P40": "631.5", "PWD_P41": "705.6", "PWD_P42": "782.6", "PWD_P43": "868.7", "PWD_P44": "960.7", "PWD_P45": "1052.2", "PWD_P46": "1144.1", "PWD_P47": "1241.8", "PWD_P48": "1339.3", "PWD_P49": "1438.6", "PWD_P50": "1547.6", "PWD_P51": "1656.4", "PWD_P52": "1764.8", "PWD_P53": "1872.9", "PWD_P54": "1981.2", "PWD_P55": "2091.6", "PWD_P56": "2209.8", "PWD_P57": "2328.8", "PWD_P58": "2446.3", "PWD_P59": "2564.7", "PWD_P60": "2688.1", "PWD_P61": "2807.7", "PWD_P62": "2924.2", "PWD_P63": "3051.6", "PWD_P64": "3180.0", "PWD_P65": "3313.9", "PWD_P66": "3447.2", "PWD_P67": "3583.3", "PWD_P68": "3717.8", "PWD_P69": "3845.7", "PWD_P70": "3977.3", "PWD_P71": "4116.3", "PWD_P72": "4265.8", "PWD_P73": "4414.6", "PWD_P74": "4566.0", "PWD_P75": "4715.9", "PWD_P76": "4880.7", "PWD_P77": "5054.7", "PWD_P78": "5230.8", "PWD_P79": "5428.0", "PWD_P80": "5626.1", "PWD_P81": "5848.9", "PWD_P82": "6076.5", "PWD_P83": "6313.3", "PWD_P84": "6572.4", "PWD_P85": "6870.0", "PWD_P86": "7240.6", "PWD_P87": "7648.9", "PWD_P88": "8018.2", "PWD_P89": "8458.3", "PWD_P90": "9058.7", "PWD_P91": "9830.5", "PWD_P92": "10669.0", "PWD_P93": "11542.5", "PWD_P94": "12459.5", "PWD_P95": "13707.3", "PWD_P96": "14908.6", "PWD_P97": "17264.3", "PWD_P98": "20781.9", "PWD_P99": "38349.6", "PWD_P100": "110058.6" }, "geometry": { "type": "Point", "coordinates": [ -80.308830261230469, 8.792752265930176 ] } },
{ "type": "Feature", "id": 163, "properties": { "lon": 145.99090576171875, "lat": -6.1624908447265625, "year": "2015", "ISO": "PNG", "ISO_No": "598", "Name": "Papua New Guinea", "PWC_Lat": "-6.16249084472656", "PWC_Lon": "145.990905761719", "Pop": "8107772", "Density": "17.6", "Area": "461986.1", "PWD_A": "160.7", "PWD_G": "52.0", "PWD_M": "50.4", "PWD_P1": "1.5", "PWD_P2": "2.4", "PWD_P3": "3.1", "PWD_P4": "3.8", "PWD_P5": "4.4", "PWD_P6": "5.0", "PWD_P7": "5.7", "PWD_P8": "6.3", "PWD_P9": "6.9", "PWD_P10": "7.6", "PWD_P11": "8.2", "PWD_P12": "8.9", "PWD_P13": "9.6", "PWD_P14": "10.3", "PWD_P15": "10.9", "PWD_P16": "11.6", "PWD_P17": "12.3", "PWD_P18": "13.0", "PWD_P19": "13.7", "PWD_P20": "14.4", "PWD_P21": "15.2", "PWD_P22": "15.9", "PWD_P23": "16.7", "PWD_P24": "17.5", "PWD_P25": "18.3", "PWD_P26": "19.2", "PWD_P27": "20.1", "PWD_P28": "21.1", "PWD_P29": "22.1", "PWD_P30": "23.1", "PWD_P31": "24.1", "PWD_P32": "25.1", "PWD_P33": "26.2", "PWD_P34": "27.4", "PWD_P35": "28.5", "PWD_P36": "29.6", "PWD_P37": "30.8", "PWD_P38": "32.1", "PWD_P39": "33.3", "PWD_P40": "34.7", "PWD_P41": "36.1", "PWD_P42": "37.6", "PWD_P43": "39.0", "PWD_P44": "40.4", "PWD_P45": "41.9", "PWD_P46": "43.5", "PWD_P47": "45.1", "PWD_P48": "46.8", "PWD_P49": "48.6", "PWD_P50": "50.4", "PWD_P51": "52.5", "PWD_P52": "54.6", "PWD_P53": "56.9", "PWD_P54": "59.3", "PWD_P55": "61.8", "PWD_P56": "64.3", "PWD_P57": "66.9", "PWD_P58": "69.7", "PWD_P59": "72.6", "PWD_P60": "75.6", "PWD_P61": "78.7", "PWD_P62": "82.0", "PWD_P63": "85.2", "PWD_P64": "88.5", "PWD_P65": "91.9", "PWD_P66": "95.7", "PWD_P67": "99.7", "PWD_P68": "103.9", "PWD_P69": "108.3", "PWD_P70": "112.8", "PWD_P71": "117.8", "PWD_P72": "123.1", "PWD_P73": "128.9", "PWD_P74": "134.7", "PWD_P75": "140.5", "PWD_P76": "146.5", "PWD_P77": "152.6", "PWD_P78": "159.6", "PWD_P79": "167.8", "PWD_P80": "176.5", "PWD_P81": "186.7", "PWD_P82": "198.3", "PWD_P83": "210.7", "PWD_P84": "223.5", "PWD_P85": "238.9", "PWD_P86": "254.7", "PWD_P87": "274.2", "PWD_P88": "296.8", "PWD_P89": "321.5", "PWD_P90": "350.7", "PWD_P91": "398.4", "PWD_P92": "468.9", "PWD_P93": "568.0", "PWD_P94": "703.4", "PWD_P95": "946.3", "PWD_P96": "1157.8", "PWD_P97": "1299.0", "PWD_P98": "1476.5", "PWD_P99": "1578.9", "PWD_P100": "1681.8" }, "geometry": { "type": "Point", "coordinates": [ 145.99090576171875, -6.162490844726562 ] } },
{ "type": "Feature", "id": 164, "properties": { "lon": -56.673915863037109, "lat": -25.299758911132812, "year": "2015", "ISO": "PRY", "ISO_No": "600", "Name": "Paraguay", "PWC_Lat": "-25.2997589111328", "PWC_Lon": "-56.6739158630371", "Pop": "6688746", "Density": "16.8", "Area": "397261.7", "PWD_A": "1970.9", "PWD_G": "423.4", "PWD_M": "925.5", "PWD_P1": "0.9", "PWD_P2": "2.5", "PWD_P3": "3.9", "PWD_P4": "5.1", "PWD_P5": "6.2", "PWD_P6": "7.3", "PWD_P7": "8.5", "PWD_P8": "9.7", "PWD_P9": "11.0", "PWD_P10": "12.5", "PWD_P11": "14.1", "PWD_P12": "15.8", "PWD_P13": "17.6", "PWD_P14": "19.6", "PWD_P15": "21.7", "PWD_P16": "23.9", "PWD_P17": "26.3", "PWD_P18": "29.0", "PWD_P19": "31.8", "PWD_P20": "34.9", "PWD_P21": "38.4", "PWD_P22": "42.1", "PWD_P23": "46.4", "PWD_P24": "51.0", "PWD_P25": "56.3", "PWD_P26": "62.5", "PWD_P27": "69.4", "PWD_P28": "77.5", "PWD_P29": "86.9", "PWD_P30": "97.6", "PWD_P31": "109.4", "PWD_P32": "123.0", "PWD_P33": "138.9", "PWD_P34": "156.3", "PWD_P35": "176.2", "PWD_P36": "199.6", "PWD_P37": "226.7", "PWD_P38": "257.8", "PWD_P39": "292.8", "PWD_P40": "332.7", "PWD_P41": "377.7", "PWD_P42": "427.4", "PWD_P43": "486.2", "PWD_P44": "547.3", "PWD_P45": "607.9", "PWD_P46": "668.7", "PWD_P47": "731.8", "PWD_P48": "795.3", "PWD_P49": "860.4", "PWD_P50": "925.5", "PWD_P51": "990.9", "PWD_P52": "1057.7", "PWD_P53": "1127.0", "PWD_P54": "1199.9", "PWD_P55": "1275.7", "PWD_P56": "1353.7", "PWD_P57": "1436.3", "PWD_P58": "1526.4", "PWD_P59": "1622.0", "PWD_P60": "1723.0", "PWD_P61": "1825.3", "PWD_P62": "1932.3", "PWD_P63": "2037.8", "PWD_P64": "2147.9", "PWD_P65": "2260.4", "PWD_P66": "2373.2", "PWD_P67": "2491.9", "PWD_P68": "2606.8", "PWD_P69": "2723.5", "PWD_P70": "2834.3", "PWD_P71": "2951.2", "PWD_P72": "3073.6", "PWD_P73": "3194.8", "PWD_P74": "3321.8", "PWD_P75": "3445.7", "PWD_P76": "3565.5", "PWD_P77": "3684.1", "PWD_P78": "3813.3", "PWD_P79": "3940.8", "PWD_P80": "4074.4", "PWD_P81": "4219.0", "PWD_P82": "4366.3", "PWD_P83": "4515.1", "PWD_P84": "4662.1", "PWD_P85": "4807.8", "PWD_P86": "4953.3", "PWD_P87": "5110.8", "PWD_P88": "5299.0", "PWD_P89": "5479.6", "PWD_P90": "5641.3", "PWD_P91": "5818.5", "PWD_P92": "6049.9", "PWD_P93": "6320.0", "PWD_P94": "6579.0", "PWD_P95": "6815.2", "PWD_P96": "7017.8", "PWD_P97": "7354.5", "PWD_P98": "7810.6", "PWD_P99": "8710.0", "PWD_P100": "9497.0" }, "geometry": { "type": "Point", "coordinates": [ -56.673915863037109, -25.299758911132812 ] } },
{ "type": "Feature", "id": 165, "properties": { "lon": -76.2468, "lat": -10.7278, "year": "2015", "ISO": "PER", "ISO_No": "604", "Name": "Peru", "PWC_Lat": "-10.7278", "PWC_Lon": "-76.2468", "Pop": "30470739", "Density": "23.7", "Area": "1285689.9", "PWD_A": "6276.6", "PWD_G": "925.8", "PWD_M": "2594.8", "PWD_P1": "1.4", "PWD_P2": "2.4", "PWD_P3": "3.6", "PWD_P4": "4.8", "PWD_P5": "6.1", "PWD_P6": "7.6", "PWD_P7": "9.1", "PWD_P8": "10.7", "PWD_P9": "12.4", "PWD_P10": "14.3", "PWD_P11": "16.3", "PWD_P12": "18.6", "PWD_P13": "21.0", "PWD_P14": "23.8", "PWD_P15": "26.9", "PWD_P16": "30.2", "PWD_P17": "33.8", "PWD_P18": "37.8", "PWD_P19": "42.2", "PWD_P20": "47.0", "PWD_P21": "52.3", "PWD_P22": "58.1", "PWD_P23": "64.7", "PWD_P24": "71.9", "PWD_P25": "80.0", "PWD_P26": "89.2", "PWD_P27": "99.9", "PWD_P28": "112.3", "PWD_P29": "126.9", "PWD_P30": "143.9", "PWD_P31": "164.9", "PWD_P32": "190.7", "PWD_P33": "223.4", "PWD_P34": "263.3", "PWD_P35": "313.0", "PWD_P36": "371.6", "PWD_P37": "438.9", "PWD_P38": "513.8", "PWD_P39": "598.3", "PWD_P40": "699.0", "PWD_P41": "815.7", "PWD_P42": "951.9", "PWD_P43": "1109.2", "PWD_P44": "1293.8", "PWD_P45": "1486.9", "PWD_P46": "1688.5", "PWD_P47": "1905.8", "PWD_P48": "2130.8", "PWD_P49": "2357.6", "PWD_P50": "2594.8", "PWD_P51": "2834.1", "PWD_P52": "3077.9", "PWD_P53": "3335.9", "PWD_P54": "3583.6", "PWD_P55": "3847.9", "PWD_P56": "4105.1", "PWD_P57": "4382.2", "PWD_P58": "4682.8", "PWD_P59": "4987.9", "PWD_P60": "5291.0", "PWD_P61": "5604.7", "PWD_P62": "5924.9", "PWD_P63": "6252.0", "PWD_P64": "6595.5", "PWD_P65": "6947.9", "PWD_P66": "7301.0", "PWD_P67": "7642.1", "PWD_P68": "7980.0", "PWD_P69": "8313.1", "PWD_P70": "8664.3", "PWD_P71": "9044.5", "PWD_P72": "9430.9", "PWD_P73": "9804.2", "PWD_P74": "10191.8", "PWD_P75": "10606.7", "PWD_P76": "11082.7", "PWD_P77": "11529.2", "PWD_P78": "11936.1", "PWD_P79": "12345.2", "PWD_P80": "12764.2", "PWD_P81": "13238.6", "PWD_P82": "13752.8", "PWD_P83": "14300.2", "PWD_P84": "14945.3", "PWD_P85": "15620.2", "PWD_P86": "16227.4", "PWD_P87": "16828.8", "PWD_P88": "17378.1", "PWD_P89": "17908.5", "PWD_P90": "18481.4", "PWD_P91": "18962.5", "PWD_P92": "19458.0", "PWD_P93": "20026.4", "PWD_P94": "20640.4", "PWD_P95": "21411.5", "PWD_P96": "22211.9", "PWD_P97": "23422.4", "PWD_P98": "24895.6", "PWD_P99": "28202.5", "PWD_P100": "67462.3" }, "geometry": { "type": "Point", "coordinates": [ -76.2468, -10.7278 ] } },
{ "type": "Feature", "id": 166, "properties": { "lon": 122.46882629394531, "lat": 12.256627082824707, "year": "2015", "ISO": "PHL", "ISO_No": "608", "Name": "Philippines", "PWC_Lat": "12.2566270828247", "PWC_Lon": "122.468826293945", "Pop": "102113205", "Density": "344.7", "Area": "296205.1", "PWD_A": "13466.0", "PWD_G": "2164.4", "PWD_M": "1983.3", "PWD_P1": "27.6", "PWD_P2": "45.3", "PWD_P3": "61.2", "PWD_P4": "76.2", "PWD_P5": "90.3", "PWD_P6": "104.2", "PWD_P7": "118.2", "PWD_P8": "132.5", "PWD_P9": "147.1", "PWD_P10": "162.1", "PWD_P11": "177.6", "PWD_P12": "193.4", "PWD_P13": "209.7", "PWD_P14": "226.7", "PWD_P15": "244.1", "PWD_P16": "262.0", "PWD_P17": "280.8", "PWD_P18": "300.3", "PWD_P19": "320.6", "PWD_P20": "341.8", "PWD_P21": "364.1", "PWD_P22": "387.3", "PWD_P23": "411.6", "PWD_P24": "437.1", "PWD_P25": "463.6", "PWD_P26": "491.6", "PWD_P27": "521.1", "PWD_P28": "552.0", "PWD_P29": "584.6", "PWD_P30": "619.2", "PWD_P31": "655.5", "PWD_P32": "693.7", "PWD_P33": "734.1", "PWD_P34": "776.7", "PWD_P35": "822.3", "PWD_P36": "870.6", "PWD_P37": "921.8", "PWD_P38": "976.2", "PWD_P39": "1034.3", "PWD_P40": "1095.9", "PWD_P41": "1161.4", "PWD_P42": "1230.6", "PWD_P43": "1304.1", "PWD_P44": "1383.4", "PWD_P45": "1467.9", "PWD_P46": "1557.3", "PWD_P47": "1652.2", "PWD_P48": "1755.6", "PWD_P49": "1865.4", "PWD_P50": "1983.3", "PWD_P51": "2109.1", "PWD_P52": "2246.0", "PWD_P53": "2390.4", "PWD_P54": "2545.7", "PWD_P55": "2712.7", "PWD_P56": "2888.4", "PWD_P57": "3077.9", "PWD_P58": "3282.9", "PWD_P59": "3503.3", "PWD_P60": "3741.8", "PWD_P61": "3996.7", "PWD_P62": "4274.8", "PWD_P63": "4576.9", "PWD_P64": "4901.7", "PWD_P65": "5253.0", "PWD_P66": "5625.7", "PWD_P67": "6025.5", "PWD_P68": "6456.3", "PWD_P69": "6909.2", "PWD_P70": "7389.1", "PWD_P71": "7905.8", "PWD_P72": "8467.6", "PWD_P73": "9063.7", "PWD_P74": "9733.4", "PWD_P75": "10453.6", "PWD_P76": "11207.4", "PWD_P77": "12030.5", "PWD_P78": "12928.1", "PWD_P79": "13939.2", "PWD_P80": "15024.4", "PWD_P81": "16175.4", "PWD_P82": "17470.1", "PWD_P83": "18819.9", "PWD_P84": "20279.1", "PWD_P85": "21910.2", "PWD_P86": "23671.7", "PWD_P87": "25614.2", "PWD_P88": "27790.7", "PWD_P89": "30242.9", "PWD_P90": "33120.3", "PWD_P91": "36317.1", "PWD_P92": "40197.7", "PWD_P93": "44882.3", "PWD_P94": "51091.4", "PWD_P95": "59468.2", "PWD_P96": "70181.7", "PWD_P97": "86394.2", "PWD_P98": "112857.0", "PWD_P99": "156077.8", "PWD_P100": "1993686.1" }, "geometry": { "type": "Point", "coordinates": [ 122.468826293945312, 12.256627082824707 ] } },
{ "type": "Feature", "id": 167, "properties": { "lon": 19.304716110229492, "lat": 51.721511840820312, "year": "2015", "ISO": "POL", "ISO_No": "616", "Name": "Poland", "PWC_Lat": "51.7215118408203", "PWC_Lon": "19.3047161102295", "Pop": "38034075", "Density": "124.2", "Area": "306269.6", "PWD_A": "1848.5", "PWD_G": "604.6", "PWD_M": "831.1", "PWD_P1": "13.0", "PWD_P2": "16.8", "PWD_P3": "19.8", "PWD_P4": "22.5", "PWD_P5": "25.0", "PWD_P6": "27.4", "PWD_P7": "29.8", "PWD_P8": "32.3", "PWD_P9": "34.9", "PWD_P10": "37.8", "PWD_P11": "41.0", "PWD_P12": "44.5", "PWD_P13": "48.5", "PWD_P14": "53.0", "PWD_P15": "58.2", "PWD_P16": "64.1", "PWD_P17": "70.8", "PWD_P18": "78.3", "PWD_P19": "86.2", "PWD_P20": "94.6", "PWD_P21": "103.4", "PWD_P22": "112.6", "PWD_P23": "122.4", "PWD_P24": "132.9", "PWD_P25": "144.3", "PWD_P26": "156.6", "PWD_P27": "170.0", "PWD_P28": "184.4", "PWD_P29": "200.0", "PWD_P30": "216.6", "PWD_P31": "234.3", "PWD_P32": "253.0", "PWD_P33": "272.7", "PWD_P34": "293.7", "PWD_P35": "315.9", "PWD_P36": "339.3", "PWD_P37": "364.0", "PWD_P38": "390.5", "PWD_P39": "418.4", "PWD_P40": "447.8", "PWD_P41": "478.8", "PWD_P42": "511.1", "PWD_P43": "545.1", "PWD_P44": "580.6", "PWD_P45": "617.9", "PWD_P46": "657.0", "PWD_P47": "697.6", "PWD_P48": "740.3", "PWD_P49": "784.9", "PWD_P50": "831.1", "PWD_P51": "879.1", "PWD_P52": "929.6", "PWD_P53": "981.9", "PWD_P54": "1036.5", "PWD_P55": "1093.4", "PWD_P56": "1152.8", "PWD_P57": "1215.6", "PWD_P58": "1281.6", "PWD_P59": "1351.5", "PWD_P60": "1425.8", "PWD_P61": "1503.5", "PWD_P62": "1584.6", "PWD_P63": "1671.0", "PWD_P64": "1760.9", "PWD_P65": "1853.0", "PWD_P66": "1948.2", "PWD_P67": "2046.3", "PWD_P68": "2147.1", "PWD_P69": "2249.4", "PWD_P70": "2353.9", "PWD_P71": "2460.2", "PWD_P72": "2569.3", "PWD_P73": "2680.4", "PWD_P74": "2793.9", "PWD_P75": "2910.7", "PWD_P76": "3030.8", "PWD_P77": "3156.8", "PWD_P78": "3284.9", "PWD_P79": "3419.4", "PWD_P80": "3557.4", "PWD_P81": "3699.0", "PWD_P82": "3846.0", "PWD_P83": "4001.3", "PWD_P84": "4168.9", "PWD_P85": "4335.5", "PWD_P86": "4507.9", "PWD_P87": "4693.0", "PWD_P88": "4888.8", "PWD_P89": "5084.7", "PWD_P90": "5284.1", "PWD_P91": "5500.2", "PWD_P92": "5740.1", "PWD_P93": "6003.4", "PWD_P94": "6285.4", "PWD_P95": "6633.0", "PWD_P96": "7052.7", "PWD_P97": "7460.0", "PWD_P98": "8137.6", "PWD_P99": "9389.3", "PWD_P100": "14819.4" }, "geometry": { "type": "Point", "coordinates": [ 19.304716110229492, 51.721511840820312 ] } },
{ "type": "Feature", "id": 168, "properties": { "lon": -9.2160501480102539, "lat": 39.675498962402344, "year": "2015", "ISO": "PRT", "ISO_No": "620", "Name": "Portugal", "PWC_Lat": "39.6754989624023", "PWC_Lon": "-9.21605014801025", "Pop": "10368346", "Density": "113.4", "Area": "91423.6", "PWD_A": "9048.5", "PWD_G": "2956.0", "PWD_M": "3402.8", "PWD_P1": "23.8", "PWD_P2": "55.1", "PWD_P3": "85.5", "PWD_P4": "115.0", "PWD_P5": "144.6", "PWD_P6": "174.6", "PWD_P7": "204.9", "PWD_P8": "236.1", "PWD_P9": "268.2", "PWD_P10": "300.5", "PWD_P11": "333.8", "PWD_P12": "368.0", "PWD_P13": "402.9", "PWD_P14": "438.3", "PWD_P15": "474.1", "PWD_P16": "511.7", "PWD_P17": "550.0", "PWD_P18": "588.7", "PWD_P19": "629.1", "PWD_P20": "671.4", "PWD_P21": "714.3", "PWD_P22": "757.8", "PWD_P23": "803.5", "PWD_P24": "851.5", "PWD_P25": "900.8", "PWD_P26": "953.0", "PWD_P27": "1006.9", "PWD_P28": "1062.2", "PWD_P29": "1121.1", "PWD_P30": "1183.2", "PWD_P31": "1248.0", "PWD_P32": "1315.4", "PWD_P33": "1385.2", "PWD_P34": "1460.4", "PWD_P35": "1539.4", "PWD_P36": "1623.2", "PWD_P37": "1711.7", "PWD_P38": "1804.3", "PWD_P39": "1901.9", "PWD_P40": "2006.7", "PWD_P41": "2116.6", "PWD_P42": "2232.8", "PWD_P43": "2355.6", "PWD_P44": "2483.4", "PWD_P45": "2618.7", "PWD_P46": "2759.9", "PWD_P47": "2908.4", "PWD_P48": "3069.9", "PWD_P49": "3234.2", "PWD_P50": "3402.8", "PWD_P51": "3587.4", "PWD_P52": "3775.3", "PWD_P53": "3980.2", "PWD_P54": "4194.0", "PWD_P55": "4420.4", "PWD_P56": "4644.7", "PWD_P57": "4901.7", "PWD_P58": "5153.2", "PWD_P59": "5423.9", "PWD_P60": "5697.1", "PWD_P61": "5989.2", "PWD_P62": "6309.0", "PWD_P63": "6625.1", "PWD_P64": "6977.8", "PWD_P65": "7362.9", "PWD_P66": "7735.5", "PWD_P67": "8141.3", "PWD_P68": "8571.2", "PWD_P69": "8997.5", "PWD_P70": "9446.4", "PWD_P71": "9910.1", "PWD_P72": "10403.2", "PWD_P73": "10931.9", "PWD_P74": "11483.3", "PWD_P75": "12074.3", "PWD_P76": "12673.9", "PWD_P77": "13290.7", "PWD_P78": "13976.5", "PWD_P79": "14628.4", "PWD_P80": "15373.9", "PWD_P81": "16211.3", "PWD_P82": "17029.9", "PWD_P83": "17896.3", "PWD_P84": "18839.2", "PWD_P85": "19870.5", "PWD_P86": "20914.1", "PWD_P87": "22060.7", "PWD_P88": "23333.7", "PWD_P89": "24667.1", "PWD_P90": "26055.4", "PWD_P91": "27511.8", "PWD_P92": "29294.0", "PWD_P93": "31302.2", "PWD_P94": "33428.8", "PWD_P95": "35864.5", "PWD_P96": "39357.5", "PWD_P97": "43301.6", "PWD_P98": "49054.0", "PWD_P99": "59375.3", "PWD_P100": "160404.1" }, "geometry": { "type": "Point", "coordinates": [ -9.216050148010254, 39.675498962402344 ] } },
{ "type": "Feature", "id": 169, "properties": { "lon": -15.251708030700684, "lat": 12.019022941589355, "year": "2015", "ISO": "GNB", "ISO_No": "624", "Name": "Guinea-Bissau", "PWC_Lat": "12.0190229415894", "PWC_Lon": "-15.2517080307007", "Pop": "1737206", "Density": "51.6", "Area": "33636.4", "PWD_A": "1856.6", "PWD_G": "193.0", "PWD_M": "71.2", "PWD_P1": "10.2", "PWD_P2": "13.3", "PWD_P3": "15.2", "PWD_P4": "16.6", "PWD_P5": "17.7", "PWD_P6": "18.9", "PWD_P7": "19.8", "PWD_P8": "20.6", "PWD_P9": "21.5", "PWD_P10": "22.4", "PWD_P11": "23.2", "PWD_P12": "24.2", "PWD_P13": "25.1", "PWD_P14": "25.9", "PWD_P15": "26.7", "PWD_P16": "27.4", "PWD_P17": "28.2", "PWD_P18": "29.0", "PWD_P19": "29.8", "PWD_P20": "30.7", "PWD_P21": "31.5", "PWD_P22": "32.4", "PWD_P23": "33.4", "PWD_P24": "34.3", "PWD_P25": "35.3", "PWD_P26": "36.3", "PWD_P27": "37.3", "PWD_P28": "38.3", "PWD_P29": "39.4", "PWD_P30": "40.5", "PWD_P31": "41.7", "PWD_P32": "42.9", "PWD_P33": "44.1", "PWD_P34": "45.3", "PWD_P35": "46.6", "PWD_P36": "47.9", "PWD_P37": "49.2", "PWD_P38": "50.6", "PWD_P39": "52.0", "PWD_P40": "53.4", "PWD_P41": "54.9", "PWD_P42": "56.4", "PWD_P43": "57.9", "PWD_P44": "59.4", "PWD_P45": "61.0", "PWD_P46": "62.7", "PWD_P47": "64.5", "PWD_P48": "66.5", "PWD_P49": "68.7", "PWD_P50": "71.2", "PWD_P51": "73.8", "PWD_P52": "76.6", "PWD_P53": "79.5", "PWD_P54": "82.7", "PWD_P55": "86.6", "PWD_P56": "90.8", "PWD_P57": "95.5", "PWD_P58": "100.5", "PWD_P59": "106.3", "PWD_P60": "113.2", "PWD_P61": "121.1", "PWD_P62": "130.8", "PWD_P63": "141.8", "PWD_P64": "153.3", "PWD_P65": "167.5", "PWD_P66": "184.4", "PWD_P67": "202.5", "PWD_P68": "223.9", "PWD_P69": "258.3", "PWD_P70": "319.6", "PWD_P71": "382.5", "PWD_P72": "609.2", "PWD_P73": "1429.6", "PWD_P74": "2291.6", "PWD_P75": "2880.7", "PWD_P76": "3529.2", "PWD_P77": "4254.9", "PWD_P78": "4841.3", "PWD_P79": "5023.8", "PWD_P80": "5296.3", "PWD_P81": "5606.8", "PWD_P82": "5886.8", "PWD_P83": "6107.5", "PWD_P84": "6298.8", "PWD_P85": "6578.7", "PWD_P86": "6950.1", "PWD_P87": "7231.5", "PWD_P88": "7518.3", "PWD_P89": "7688.3", "PWD_P90": "7873.9", "PWD_P91": "8018.1", "PWD_P92": "8160.3", "PWD_P93": "8273.1", "PWD_P94": "8415.4", "PWD_P95": "8556.0", "PWD_P96": "8714.8", "PWD_P97": "8898.7", "PWD_P98": "9170.7", "PWD_P99": "9495.9", "PWD_P100": "11176.2" }, "geometry": { "type": "Point", "coordinates": [ -15.251708030700684, 12.019022941589355 ] } },
{ "type": "Feature", "id": 170, "properties": { "lon": 125.65969085693359, "lat": -8.7632322311401367, "year": "2015", "ISO": "TLS", "ISO_No": "626", "Name": "East Timor", "PWC_Lat": "-8.76323223114014", "PWC_Lon": "125.659690856934", "Pop": "1196294", "Density": "79.9", "Area": "14966.9", "PWD_A": "1911.5", "PWD_G": "316.2", "PWD_M": "218.5", "PWD_P1": "9.6", "PWD_P2": "12.8", "PWD_P3": "15.2", "PWD_P4": "17.6", "PWD_P5": "19.6", "PWD_P6": "21.6", "PWD_P7": "23.7", "PWD_P8": "25.8", "PWD_P9": "28.0", "PWD_P10": "30.2", "PWD_P11": "32.5", "PWD_P12": "34.7", "PWD_P13": "37.1", "PWD_P14": "39.5", "PWD_P15": "41.8", "PWD_P16": "44.2", "PWD_P17": "46.7", "PWD_P18": "49.1", "PWD_P19": "51.6", "PWD_P20": "54.3", "PWD_P21": "57.2", "PWD_P22": "60.2", "PWD_P23": "63.3", "PWD_P24": "66.5", "PWD_P25": "69.8", "PWD_P26": "73.5", "PWD_P27": "77.1", "PWD_P28": "80.7", "PWD_P29": "84.5", "PWD_P30": "88.3", "PWD_P31": "92.3", "PWD_P32": "96.4", "PWD_P33": "100.9", "PWD_P34": "105.7", "PWD_P35": "110.7", "PWD_P36": "116.1", "PWD_P37": "121.7", "PWD_P38": "127.3", "PWD_P39": "133.5", "PWD_P40": "140.1", "PWD_P41": "146.9", "PWD_P42": "153.9", "PWD_P43": "161.0", "PWD_P44": "168.0", "PWD_P45": "175.5", "PWD_P46": "183.1", "PWD_P47": "191.1", "PWD_P48": "199.6", "PWD_P49": "208.9", "PWD_P50": "218.5", "PWD_P51": "228.4", "PWD_P52": "238.8", "PWD_P53": "249.7", "PWD_P54": "261.6", "PWD_P55": "273.9", "PWD_P56": "286.4", "PWD_P57": "299.8", "PWD_P58": "313.7", "PWD_P59": "330.2", "PWD_P60": "348.9", "PWD_P61": "369.0", "PWD_P62": "391.5", "PWD_P63": "417.7", "PWD_P64": "448.1", "PWD_P65": "476.9", "PWD_P66": "507.5", "PWD_P67": "542.4", "PWD_P68": "581.2", "PWD_P69": "630.7", "PWD_P70": "688.5", "PWD_P71": "758.1", "PWD_P72": "834.2", "PWD_P73": "945.3", "PWD_P74": "1082.3", "PWD_P75": "1263.4", "PWD_P76": "1486.8", "PWD_P77": "1793.2", "PWD_P78": "2218.2", "PWD_P79": "2858.2", "PWD_P80": "3464.1", "PWD_P81": "3786.8", "PWD_P82": "4082.3", "PWD_P83": "4421.3", "PWD_P84": "4927.2", "PWD_P85": "5425.0", "PWD_P86": "5885.2", "PWD_P87": "6419.3", "PWD_P88": "6821.4", "PWD_P89": "7405.7", "PWD_P90": "7916.4", "PWD_P91": "8277.2", "PWD_P92": "8492.3", "PWD_P93": "8805.6", "PWD_P94": "9322.6", "PWD_P95": "10159.4", "PWD_P96": "11309.9", "PWD_P97": "12463.7", "PWD_P98": "13507.0", "PWD_P99": "14567.6", "PWD_P100": "17932.5" }, "geometry": { "type": "Point", "coordinates": [ 125.659690856933594, -8.763232231140137 ] } },
{ "type": "Feature", "id": 171, "properties": { "lon": -66.346168518066406, "lat": 18.280317306518555, "year": "2015", "ISO": "PRI", "ISO_No": "630", "Name": "Puerto Rico", "PWC_Lat": "18.2803173065186", "PWC_Lon": "-66.3461685180664", "Pop": "3381511", "Density": "375.0", "Area": "9018.3", "PWD_A": "4058.3", "PWD_G": "1907.9", "PWD_M": "2457.6", "PWD_P1": "35.1", "PWD_P2": "59.5", "PWD_P3": "81.9", "PWD_P4": "104.1", "PWD_P5": "127.5", "PWD_P6": "152.7", "PWD_P7": "179.7", "PWD_P8": "207.7", "PWD_P9": "237.1", "PWD_P10": "267.8", "PWD_P11": "299.9", "PWD_P12": "332.8", "PWD_P13": "365.0", "PWD_P14": "398.2", "PWD_P15": "431.0", "PWD_P16": "464.9", "PWD_P17": "499.7", "PWD_P18": "534.6", "PWD_P19": "569.9", "PWD_P20": "607.7", "PWD_P21": "646.5", "PWD_P22": "684.1", "PWD_P23": "724.2", "PWD_P24": "766.6", "PWD_P25": "809.3", "PWD_P26": "854.8", "PWD_P27": "901.9", "PWD_P28": "950.3", "PWD_P29": "999.6", "PWD_P30": "1051.2", "PWD_P31": "1104.7", "PWD_P32": "1159.9", "PWD_P33": "1217.1", "PWD_P34": "1274.0", "PWD_P35": "1333.9", "PWD_P36": "1394.0", "PWD_P37": "1458.9", "PWD_P38": "1524.3", "PWD_P39": "1590.5", "PWD_P40": "1657.6", "PWD_P41": "1724.4", "PWD_P42": "1798.1", "PWD_P43": "1873.9", "PWD_P44": "1949.3", "PWD_P45": "2029.9", "PWD_P46": "2112.2", "PWD_P47": "2197.3", "PWD_P48": "2286.6", "PWD_P49": "2372.4", "PWD_P50": "2457.6", "PWD_P51": "2546.4", "PWD_P52": "2637.4", "PWD_P53": "2730.7", "PWD_P54": "2826.4", "PWD_P55": "2917.4", "PWD_P56": "3015.3", "PWD_P57": "3109.8", "PWD_P58": "3209.3", "PWD_P59": "3311.0", "PWD_P60": "3417.5", "PWD_P61": "3522.7", "PWD_P62": "3635.5", "PWD_P63": "3750.8", "PWD_P64": "3858.5", "PWD_P65": "3966.5", "PWD_P66": "4075.9", "PWD_P67": "4190.6", "PWD_P68": "4308.5", "PWD_P69": "4438.0", "PWD_P70": "4568.4", "PWD_P71": "4702.6", "PWD_P72": "4844.6", "PWD_P73": "4984.6", "PWD_P74": "5128.5", "PWD_P75": "5292.8", "PWD_P76": "5449.0", "PWD_P77": "5622.0", "PWD_P78": "5819.4", "PWD_P79": "6029.5", "PWD_P80": "6236.4", "PWD_P81": "6449.9", "PWD_P82": "6683.0", "PWD_P83": "6935.1", "PWD_P84": "7203.7", "PWD_P85": "7498.2", "PWD_P86": "7806.7", "PWD_P87": "8155.7", "PWD_P88": "8547.4", "PWD_P89": "8969.0", "PWD_P90": "9400.5", "PWD_P91": "9952.4", "PWD_P92": "10508.9", "PWD_P93": "11145.9", "PWD_P94": "11907.3", "PWD_P95": "12818.3", "PWD_P96": "14156.3", "PWD_P97": "15885.3", "PWD_P98": "18762.4", "PWD_P99": "24991.5", "PWD_P100": "117318.6" }, "geometry": { "type": "Point", "coordinates": [ -66.346168518066406, 18.280317306518555 ] } },
{ "type": "Feature", "id": 172, "properties": { "lon": 51.459163665771484, "lat": 25.325580596923828, "year": "2015", "ISO": "QAT", "ISO_No": "634", "Name": "Qatar", "PWC_Lat": "25.3255805969238", "PWC_Lon": "51.4591636657715", "Pop": "2565707", "Density": "227.0", "Area": "11305.1", "PWD_A": "10580.0", "PWD_G": "3523.7", "PWD_M": "5550.8", "PWD_P1": "19.6", "PWD_P2": "43.5", "PWD_P3": "70.8", "PWD_P4": "97.4", "PWD_P5": "125.3", "PWD_P6": "153.3", "PWD_P7": "181.1", "PWD_P8": "207.5", "PWD_P9": "233.0", "PWD_P10": "259.9", "PWD_P11": "287.3", "PWD_P12": "314.7", "PWD_P13": "341.4", "PWD_P14": "370.0", "PWD_P15": "403.2", "PWD_P16": "441.2", "PWD_P17": "482.5", "PWD_P18": "527.7", "PWD_P19": "573.5", "PWD_P20": "621.1", "PWD_P21": "670.5", "PWD_P22": "721.8", "PWD_P23": "778.5", "PWD_P24": "839.1", "PWD_P25": "909.5", "PWD_P26": "984.6", "PWD_P27": "1071.8", "PWD_P28": "1164.1", "PWD_P29": "1266.0", "PWD_P30": "1375.7", "PWD_P31": "1493.1", "PWD_P32": "1610.7", "PWD_P33": "1734.9", "PWD_P34": "1870.9", "PWD_P35": "2026.4", "PWD_P36": "2194.7", "PWD_P37": "2369.4", "PWD_P38": "2564.0", "PWD_P39": "2751.9", "PWD_P40": "2949.9", "PWD_P41": "3154.8", "PWD_P42": "3378.2", "PWD_P43": "3626.8", "PWD_P44": "3890.1", "PWD_P45": "4141.6", "PWD_P46": "4405.7", "PWD_P47": "4692.6", "PWD_P48": "4993.7", "PWD_P49": "5271.5", "PWD_P50": "5550.8", "PWD_P51": "5808.3", "PWD_P52": "6089.8", "PWD_P53": "6395.2", "PWD_P54": "6705.6", "PWD_P55": "6996.7", "PWD_P56": "7285.1", "PWD_P57": "7577.6", "PWD_P58": "7879.0", "PWD_P59": "8206.7", "PWD_P60": "8527.6", "PWD_P61": "8909.8", "PWD_P62": "9281.2", "PWD_P63": "9709.1", "PWD_P64": "10071.8", "PWD_P65": "10448.0", "PWD_P66": "10905.7", "PWD_P67": "11368.4", "PWD_P68": "11864.1", "PWD_P69": "12420.2", "PWD_P70": "13017.3", "PWD_P71": "13742.4", "PWD_P72": "14430.0", "PWD_P73": "15052.6", "PWD_P74": "15664.6", "PWD_P75": "16254.8", "PWD_P76": "16924.5", "PWD_P77": "17681.9", "PWD_P78": "18410.3", "PWD_P79": "19044.6", "PWD_P80": "19689.7", "PWD_P81": "20312.2", "PWD_P82": "20983.1", "PWD_P83": "21687.1", "PWD_P84": "22620.7", "PWD_P85": "23481.2", "PWD_P86": "24479.5", "PWD_P87": "25421.0", "PWD_P88": "26461.6", "PWD_P89": "27703.4", "PWD_P90": "29192.0", "PWD_P91": "30561.1", "PWD_P92": "31526.2", "PWD_P93": "32283.2", "PWD_P94": "34244.5", "PWD_P95": "36134.4", "PWD_P96": "38581.2", "PWD_P97": "40733.0", "PWD_P98": "47682.5", "PWD_P99": "60286.1", "PWD_P100": "81099.0" }, "geometry": { "type": "Point", "coordinates": [ 51.459163665771484, 25.325580596923828 ] } },
{ "type": "Feature", "id": 173, "properties": { "lon": 55.471591949462891, "lat": -21.091482162475586, "year": "2015", "ISO": "REU", "ISO_No": "638", "Name": "Reunion", "PWC_Lat": "-21.0914821624756", "PWC_Lon": "55.4715919494629", "Pop": "863358", "Density": "344.1", "Area": "2509.3", "PWD_A": "827.0", "PWD_G": "588.0", "PWD_M": "675.9", "PWD_P1": "40.2", "PWD_P2": "59.3", "PWD_P3": "70.9", "PWD_P4": "85.8", "PWD_P5": "99.7", "PWD_P6": "112.6", "PWD_P7": "126.7", "PWD_P8": "141.5", "PWD_P9": "157.3", "PWD_P10": "170.6", "PWD_P11": "186.2", "PWD_P12": "200.8", "PWD_P13": "212.6", "PWD_P14": "223.0", "PWD_P15": "234.4", "PWD_P16": "245.3", "PWD_P17": "254.9", "PWD_P18": "264.5", "PWD_P19": "274.5", "PWD_P20": "285.0", "PWD_P21": "295.4", "PWD_P22": "305.6", "PWD_P23": "315.3", "PWD_P24": "325.1", "PWD_P25": "335.6", "PWD_P26": "347.2", "PWD_P27": "360.3", "PWD_P28": "374.3", "PWD_P29": "389.2", "PWD_P30": "403.7", "PWD_P31": "418.7", "PWD_P32": "433.2", "PWD_P33": "447.3", "PWD_P34": "461.2", "PWD_P35": "475.0", "PWD_P36": "488.7", "PWD_P37": "502.4", "PWD_P38": "515.4", "PWD_P39": "528.2", "PWD_P40": "540.3", "PWD_P41": "552.7", "PWD_P42": "565.5", "PWD_P43": "579.3", "PWD_P44": "592.2", "PWD_P45": "604.7", "PWD_P46": "618.0", "PWD_P47": "632.0", "PWD_P48": "647.0", "PWD_P49": "661.7", "PWD_P50": "675.9", "PWD_P51": "690.7", "PWD_P52": "704.6", "PWD_P53": "719.5", "PWD_P54": "734.6", "PWD_P55": "750.2", "PWD_P56": "765.3", "PWD_P57": "779.3", "PWD_P58": "792.8", "PWD_P59": "808.0", "PWD_P60": "824.2", "PWD_P61": "841.2", "PWD_P62": "859.9", "PWD_P63": "877.7", "PWD_P64": "895.8", "PWD_P65": "911.6", "PWD_P66": "928.2", "PWD_P67": "945.3", "PWD_P68": "961.3", "PWD_P69": "976.8", "PWD_P70": "993.9", "PWD_P71": "1011.3", "PWD_P72": "1028.6", "PWD_P73": "1049.6", "PWD_P74": "1077.1", "PWD_P75": "1107.4", "PWD_P76": "1134.0", "PWD_P77": "1162.1", "PWD_P78": "1191.9", "PWD_P79": "1231.5", "PWD_P80": "1272.6", "PWD_P81": "1307.7", "PWD_P82": "1347.8", "PWD_P83": "1403.4", "PWD_P84": "1466.1", "PWD_P85": "1533.1", "PWD_P86": "1601.7", "PWD_P87": "1651.5", "PWD_P88": "1710.3", "PWD_P89": "1798.8", "PWD_P90": "1850.7", "PWD_P91": "1888.2", "PWD_P92": "1929.8", "PWD_P93": "2000.7", "PWD_P94": "2094.6", "PWD_P95": "2156.1", "PWD_P96": "2208.7", "PWD_P97": "2261.7", "PWD_P98": "2375.1", "PWD_P99": "2729.3", "PWD_P100": "3132.3" }, "geometry": { "type": "Point", "coordinates": [ 55.471591949462891, -21.091482162475586 ] } },
{ "type": "Feature", "id": 174, "properties": { "lon": 25.359767913818359, "lat": 45.579986572265625, "year": "2015", "ISO": "ROU", "ISO_No": "642", "Name": "Romania", "PWC_Lat": "45.5799865722656", "PWC_Lon": "25.3597679138184", "Pop": "19925181", "Density": "84.8", "Area": "234887.1", "PWD_A": "2951.5", "PWD_G": "604.5", "PWD_M": "698.8", "PWD_P1": "7.6", "PWD_P2": "10.6", "PWD_P3": "13.1", "PWD_P4": "15.2", "PWD_P5": "17.3", "PWD_P6": "19.5", "PWD_P7": "21.6", "PWD_P8": "23.9", "PWD_P9": "26.2", "PWD_P10": "28.8", "PWD_P11": "31.5", "PWD_P12": "34.5", "PWD_P13": "37.7", "PWD_P14": "41.3", "PWD_P15": "45.1", "PWD_P16": "49.3", "PWD_P17": "53.9", "PWD_P18": "58.9", "PWD_P19": "64.3", "PWD_P20": "70.2", "PWD_P21": "76.6", "PWD_P22": "83.5", "PWD_P23": "90.8", "PWD_P24": "98.7", "PWD_P25": "107.1", "PWD_P26": "115.9", "PWD_P27": "125.3", "PWD_P28": "135.5", "PWD_P29": "146.4", "PWD_P30": "158.4", "PWD_P31": "171.1", "PWD_P32": "184.9", "PWD_P33": "199.7", "PWD_P34": "215.8", "PWD_P35": "232.9", "PWD_P36": "251.5", "PWD_P37": "271.3", "PWD_P38": "292.5", "PWD_P39": "314.9", "PWD_P40": "338.8", "PWD_P41": "364.2", "PWD_P42": "391.1", "PWD_P43": "420.3", "PWD_P44": "451.6", "PWD_P45": "485.7", "PWD_P46": "522.5", "PWD_P47": "562.0", "PWD_P48": "604.8", "PWD_P49": "650.4", "PWD_P50": "698.8", "PWD_P51": "750.8", "PWD_P52": "806.7", "PWD_P53": "866.9", "PWD_P54": "931.7", "PWD_P55": "1001.6", "PWD_P56": "1076.8", "PWD_P57": "1156.3", "PWD_P58": "1243.8", "PWD_P59": "1337.3", "PWD_P60": "1438.7", "PWD_P61": "1546.3", "PWD_P62": "1661.7", "PWD_P63": "1785.9", "PWD_P64": "1916.1", "PWD_P65": "2054.7", "PWD_P66": "2202.8", "PWD_P67": "2359.6", "PWD_P68": "2531.1", "PWD_P69": "2713.9", "PWD_P70": "2905.1", "PWD_P71": "3100.6", "PWD_P72": "3318.0", "PWD_P73": "3547.1", "PWD_P74": "3797.3", "PWD_P75": "4060.0", "PWD_P76": "4309.8", "PWD_P77": "4578.9", "PWD_P78": "4861.1", "PWD_P79": "5143.5", "PWD_P80": "5444.0", "PWD_P81": "5764.5", "PWD_P82": "6023.6", "PWD_P83": "6278.8", "PWD_P84": "6610.8", "PWD_P85": "6978.1", "PWD_P86": "7244.2", "PWD_P87": "7581.1", "PWD_P88": "7889.5", "PWD_P89": "8232.8", "PWD_P90": "8628.2", "PWD_P91": "9077.1", "PWD_P92": "9971.2", "PWD_P93": "11287.0", "PWD_P94": "12999.6", "PWD_P95": "14185.4", "PWD_P96": "15060.2", "PWD_P97": "15602.1", "PWD_P98": "16066.4", "PWD_P99": "17978.2", "PWD_P100": "39072.1" }, "geometry": { "type": "Point", "coordinates": [ 25.359767913818359, 45.579986572265625 ] } },
{ "type": "Feature", "id": 175, "properties": { "lon": 29.871448516845703, "lat": -1.991625189781189, "year": "2015", "ISO": "RWA", "ISO_No": "646", "Name": "Rwanda", "PWC_Lat": "-1.99162518978119", "PWC_Lon": "29.8714485168457", "Pop": "11369065", "Density": "476.1", "Area": "23880.7", "PWD_A": "1318.8", "PWD_G": "715.6", "PWD_M": "563.5", "PWD_P1": "144.1", "PWD_P2": "188.5", "PWD_P3": "217.6", "PWD_P4": "237.4", "PWD_P5": "252.9", "PWD_P6": "265.6", "PWD_P7": "277.0", "PWD_P8": "287.3", "PWD_P9": "296.8", "PWD_P10": "305.5", "PWD_P11": "313.8", "PWD_P12": "321.9", "PWD_P13": "329.8", "PWD_P14": "337.4", "PWD_P15": "344.6", "PWD_P16": "351.4", "PWD_P17": "358.0", "PWD_P18": "364.3", "PWD_P19": "370.6", "PWD_P20": "376.6", "PWD_P21": "382.5", "PWD_P22": "388.3", "PWD_P23": "394.0", "PWD_P24": "399.6", "PWD_P25": "405.1", "PWD_P26": "410.6", "PWD_P27": "416.1", "PWD_P28": "421.6", "PWD_P29": "427.1", "PWD_P30": "432.6", "PWD_P31": "438.2", "PWD_P32": "443.7", "PWD_P33": "449.3", "PWD_P34": "454.9", "PWD_P35": "460.6", "PWD_P36": "466.5", "PWD_P37": "472.5", "PWD_P38": "478.5", "PWD_P39": "484.8", "PWD_P40": "491.1", "PWD_P41": "497.7", "PWD_P42": "504.3", "PWD_P43": "511.2", "PWD_P44": "518.1", "PWD_P45": "525.1", "PWD_P46": "532.2", "PWD_P47": "539.6", "PWD_P48": "547.3", "PWD_P49": "555.2", "PWD_P50": "563.5", "PWD_P51": "572.1", "PWD_P52": "581.0", "PWD_P53": "590.3", "PWD_P54": "600.1", "PWD_P55": "610.3", "PWD_P56": "621.1", "PWD_P57": "632.3", "PWD_P58": "643.8", "PWD_P59": "655.9", "PWD_P60": "668.8", "PWD_P61": "681.9", "PWD_P62": "695.6", "PWD_P63": "710.4", "PWD_P64": "725.7", "PWD_P65": "741.5", "PWD_P66": "758.2", "PWD_P67": "775.8", "PWD_P68": "795.1", "PWD_P69": "815.8", "PWD_P70": "837.4", "PWD_P71": "861.2", "PWD_P72": "886.5", "PWD_P73": "914.5", "PWD_P74": "944.3", "PWD_P75": "976.9", "PWD_P76": "1012.4", "PWD_P77": "1051.5", "PWD_P78": "1093.1", "PWD_P79": "1138.6", "PWD_P80": "1190.3", "PWD_P81": "1252.4", "PWD_P82": "1323.0", "PWD_P83": "1405.0", "PWD_P84": "1503.2", "PWD_P85": "1625.4", "PWD_P86": "1771.6", "PWD_P87": "1952.5", "PWD_P88": "2167.0", "PWD_P89": "2429.1", "PWD_P90": "2766.5", "PWD_P91": "3174.1", "PWD_P92": "3699.5", "PWD_P93": "4307.3", "PWD_P94": "5063.2", "PWD_P95": "5900.7", "PWD_P96": "6681.0", "PWD_P97": "7718.3", "PWD_P98": "8802.3", "PWD_P99": "12132.0", "PWD_P100": "31663.2" }, "geometry": { "type": "Point", "coordinates": [ 29.871448516845703, -1.991625189781189 ] } },
{ "type": "Feature", "id": 176, "properties": { "lon": -62.832, "lat": 17.904, "year": "2015", "ISO": "BLM", "ISO_No": "652", "Name": "Saint Barthelemy", "PWC_Lat": "17.904", "PWC_Lon": "-62.832", "Pop": "9696", "Density": "340.6", "Area": "28.5", "PWD_A": "516.8", "PWD_G": "460.6", "PWD_M": "580.7", "PWD_P1": "49.0", "PWD_P2": "87.2", "PWD_P3": "124.8", "PWD_P4": "146.4", "PWD_P5": "165.1", "PWD_P6": "180.8", "PWD_P7": "190.9", "PWD_P8": "201.5", "PWD_P9": "209.3", "PWD_P10": "219.3", "PWD_P11": "227.8", "PWD_P12": "237.7", "PWD_P13": "245.8", "PWD_P14": "255.7", "PWD_P15": "264.9", "PWD_P16": "274.1", "PWD_P17": "286.8", "PWD_P18": "296.6", "PWD_P19": "307.8", "PWD_P20": "321.4", "PWD_P21": "329.6", "PWD_P22": "344.6", "PWD_P23": "352.4", "PWD_P24": "360.9", "PWD_P25": "372.6", "PWD_P26": "382.2", "PWD_P27": "389.8", "PWD_P28": "398.5", "PWD_P29": "410.2", "PWD_P30": "418.5", "PWD_P31": "429.1", "PWD_P32": "435.1", "PWD_P33": "444.2", "PWD_P34": "452.3", "PWD_P35": "463.5", "PWD_P36": "472.4", "PWD_P37": "483.3", "PWD_P38": "495.4", "PWD_P39": "503.6", "PWD_P40": "515.7", "PWD_P41": "523.6", "PWD_P42": "532.9", "PWD_P43": "543.6", "PWD_P44": "552.6", "PWD_P45": "558.8", "PWD_P46": "564.3", "PWD_P47": "570.5", "PWD_P48": "574.5", "PWD_P49": "577.5", "PWD_P50": "580.7", "PWD_P51": "585.6", "PWD_P52": "589.0", "PWD_P53": "592.4", "PWD_P54": "595.8", "PWD_P55": "598.0", "PWD_P56": "601.1", "PWD_P57": "603.8", "PWD_P58": "606.8", "PWD_P59": "609.4", "PWD_P60": "613.4", "PWD_P61": "617.4", "PWD_P62": "619.8", "PWD_P63": "622.7", "PWD_P64": "627.0", "PWD_P65": "630.5", "PWD_P66": "633.1", "PWD_P67": "636.6", "PWD_P68": "640.0", "PWD_P69": "643.6", "PWD_P70": "646.1", "PWD_P71": "650.2", "PWD_P72": "653.4", "PWD_P73": "658.2", "PWD_P74": "661.2", "PWD_P75": "666.2", "PWD_P76": "671.2", "PWD_P77": "674.3", "PWD_P78": "679.0", "PWD_P79": "681.9", "PWD_P80": "684.6", "PWD_P81": "689.3", "PWD_P82": "695.3", "PWD_P83": "699.4", "PWD_P84": "704.0", "PWD_P85": "707.9", "PWD_P86": "711.8", "PWD_P87": "717.8", "PWD_P88": "721.3", "PWD_P89": "725.1", "PWD_P90": "728.2", "PWD_P91": "733.6", "PWD_P92": "737.6", "PWD_P93": "743.0", "PWD_P94": "748.0", "PWD_P95": "753.5", "PWD_P96": "759.7", "PWD_P97": "769.5", "PWD_P98": "778.4", "PWD_P99": "809.6", "PWD_P100": "855.6" }, "geometry": { "type": "Point", "coordinates": [ -62.832, 17.904 ] } },
{ "type": "Feature", "id": 177, "properties": { "lon": -7.5361, "lat": -15.9735, "year": "2015", "ISO": "SHN", "ISO_No": "654", "Name": "Saint Helena", "PWC_Lat": "-15.9735", "PWC_Lon": "-7.5361", "Pop": "5869", "Density": "18.8", "Area": "312.7", "PWD_A": "329.6", "PWD_G": "174.3", "PWD_M": "417.1", "PWD_P1": "2.6", "PWD_P2": "2.9", "PWD_P3": "3.1", "PWD_P4": "3.3", "PWD_P5": "3.6", "PWD_P6": "3.7", "PWD_P7": "4.2", "PWD_P8": "5.0", "PWD_P9": "6.2", "PWD_P10": "7.1", "PWD_P11": "8.0", "PWD_P12": "10.3", "PWD_P13": "14.1", "PWD_P14": "21.8", "PWD_P15": "25.2", "PWD_P16": "28.0", "PWD_P17": "30.1", "PWD_P18": "32.2", "PWD_P19": "33.8", "PWD_P20": "36.1", "PWD_P21": "38.4", "PWD_P22": "46.5", "PWD_P23": "56.0", "PWD_P24": "60.7", "PWD_P25": "64.2", "PWD_P26": "73.7", "PWD_P27": "294.2", "PWD_P28": "313.0", "PWD_P29": "335.0", "PWD_P30": "347.7", "PWD_P31": "355.9", "PWD_P32": "372.4", "PWD_P33": "378.1", "PWD_P34": "381.4", "PWD_P35": "384.3", "PWD_P36": "387.1", "PWD_P37": "389.0", "PWD_P38": "393.0", "PWD_P39": "396.4", "PWD_P40": "400.1", "PWD_P41": "401.7", "PWD_P42": "402.7", "PWD_P43": "405.3", "PWD_P44": "406.8", "PWD_P45": "408.4", "PWD_P46": "410.0", "PWD_P47": "412.4", "PWD_P48": "413.6", "PWD_P49": "415.0", "PWD_P50": "417.1", "PWD_P51": "418.3", "PWD_P52": "419.4", "PWD_P53": "420.1", "PWD_P54": "421.1", "PWD_P55": "422.0", "PWD_P56": "423.4", "PWD_P57": "425.5", "PWD_P58": "429.2", "PWD_P59": "433.9", "PWD_P60": "436.2", "PWD_P61": "438.6", "PWD_P62": "440.1", "PWD_P63": "443.8", "PWD_P64": "448.0", "PWD_P65": "450.7", "PWD_P66": "454.1", "PWD_P67": "456.2", "PWD_P68": "458.0", "PWD_P69": "459.1", "PWD_P70": "460.0", "PWD_P71": "461.1", "PWD_P72": "462.5", "PWD_P73": "464.7", "PWD_P74": "466.8", "PWD_P75": "469.6", "PWD_P76": "470.9", "PWD_P77": "473.6", "PWD_P78": "475.6", "PWD_P79": "476.1", "PWD_P80": "477.5", "PWD_P81": "478.7", "PWD_P82": "480.2", "PWD_P83": "481.3", "PWD_P84": "482.8", "PWD_P85": "483.4", "PWD_P86": "484.0", "PWD_P87": "485.2", "PWD_P88": "486.0", "PWD_P89": "486.8", "PWD_P90": "489.0", "PWD_P91": "489.9", "PWD_P92": "491.7", "PWD_P93": "493.1", "PWD_P94": "493.7", "PWD_P95": "494.7", "PWD_P96": "500.6", "PWD_P97": "506.9", "PWD_P98": "511.8", "PWD_P99": "516.5", "PWD_P100": "528.6" }, "geometry": { "type": "Point", "coordinates": [ -7.5361, -15.9735 ] } },
{ "type": "Feature", "id": 178, "properties": { "lon": -62.711921691894531, "lat": 17.281660079956055, "year": "2015", "ISO": "KNA", "ISO_No": "659", "Name": "Saint Kitts and Nevis", "PWC_Lat": "17.2816600799561", "PWC_Lon": "-62.7119216918945", "Pop": "51203", "Density": "186.7", "Area": "274.3", "PWD_A": "472.6", "PWD_G": "325.9", "PWD_M": "393.5", "PWD_P1": "24.7", "PWD_P2": "32.6", "PWD_P3": "39.6", "PWD_P4": "47.4", "PWD_P5": "52.9", "PWD_P6": "56.9", "PWD_P7": "60.9", "PWD_P8": "64.5", "PWD_P9": "67.6", "PWD_P10": "73.0", "PWD_P11": "78.8", "PWD_P12": "84.6", "PWD_P13": "90.5", "PWD_P14": "96.3", "PWD_P15": "103.1", "PWD_P16": "110.2", "PWD_P17": "116.9", "PWD_P18": "124.1", "PWD_P19": "132.1", "PWD_P20": "139.8", "PWD_P21": "147.7", "PWD_P22": "155.2", "PWD_P23": "163.1", "PWD_P24": "171.3", "PWD_P25": "178.6", "PWD_P26": "186.3", "PWD_P27": "194.1", "PWD_P28": "201.6", "PWD_P29": "208.1", "PWD_P30": "214.9", "PWD_P31": "221.7", "PWD_P32": "228.8", "PWD_P33": "237.1", "PWD_P34": "246.4", "PWD_P35": "258.1", "PWD_P36": "267.5", "PWD_P37": "276.3", "PWD_P38": "285.8", "PWD_P39": "296.1", "PWD_P40": "306.7", "PWD_P41": "317.8", "PWD_P42": "327.2", "PWD_P43": "337.3", "PWD_P44": "345.3", "PWD_P45": "352.7", "PWD_P46": "361.6", "PWD_P47": "370.0", "PWD_P48": "376.9", "PWD_P49": "385.3", "PWD_P50": "393.5", "PWD_P51": "401.9", "PWD_P52": "409.7", "PWD_P53": "419.2", "PWD_P54": "427.3", "PWD_P55": "437.2", "PWD_P56": "448.4", "PWD_P57": "458.9", "PWD_P58": "469.4", "PWD_P59": "481.1", "PWD_P60": "490.6", "PWD_P61": "500.5", "PWD_P62": "512.0", "PWD_P63": "523.1", "PWD_P64": "537.0", "PWD_P65": "550.8", "PWD_P66": "562.1", "PWD_P67": "575.3", "PWD_P68": "588.9", "PWD_P69": "602.9", "PWD_P70": "620.4", "PWD_P71": "637.6", "PWD_P72": "650.1", "PWD_P73": "664.4", "PWD_P74": "679.2", "PWD_P75": "695.0", "PWD_P76": "710.4", "PWD_P77": "724.9", "PWD_P78": "740.8", "PWD_P79": "756.0", "PWD_P80": "776.9", "PWD_P81": "798.0", "PWD_P82": "821.2", "PWD_P83": "848.2", "PWD_P84": "873.8", "PWD_P85": "902.3", "PWD_P86": "934.3", "PWD_P87": "963.3", "PWD_P88": "984.2", "PWD_P89": "1013.5", "PWD_P90": "1044.4", "PWD_P91": "1074.5", "PWD_P92": "1107.5", "PWD_P93": "1136.4", "PWD_P94": "1162.1", "PWD_P95": "1186.4", "PWD_P96": "1221.0", "PWD_P97": "1248.0", "PWD_P98": "1275.1", "PWD_P99": "1302.8", "PWD_P100": "1425.8" }, "geometry": { "type": "Point", "coordinates": [ -62.711921691894531, 17.281660079956055 ] } },
{ "type": "Feature", "id": 179, "properties": { "lon": -63.0594, "lat": 18.2122, "year": "2015", "ISO": "AIA", "ISO_No": "660", "Name": "Anguilla", "PWC_Lat": "18.2122", "PWC_Lon": "-63.0594", "Pop": "14279", "Density": "159.9", "Area": "89.3", "PWD_A": "270.8", "PWD_G": "224.6", "PWD_M": "215.3", "PWD_P1": "33.3", "PWD_P2": "51.4", "PWD_P3": "60.3", "PWD_P4": "68.5", "PWD_P5": "74.6", "PWD_P6": "80.4", "PWD_P7": "86.3", "PWD_P8": "94.1", "PWD_P9": "101.4", "PWD_P10": "107.3", "PWD_P11": "114.6", "PWD_P12": "120.1", "PWD_P13": "126.5", "PWD_P14": "131.3", "PWD_P15": "136.0", "PWD_P16": "139.6", "PWD_P17": "142.1", "PWD_P18": "145.6", "PWD_P19": "148.4", "PWD_P20": "150.6", "PWD_P21": "153.4", "PWD_P22": "155.6", "PWD_P23": "157.5", "PWD_P24": "160.0", "PWD_P25": "161.9", "PWD_P26": "163.7", "PWD_P27": "165.5", "PWD_P28": "167.3", "PWD_P29": "169.1", "PWD_P30": "170.8", "PWD_P31": "172.5", "PWD_P32": "174.4", "PWD_P33": "176.1", "PWD_P34": "177.8", "PWD_P35": "179.6", "PWD_P36": "181.0", "PWD_P37": "182.6", "PWD_P38": "184.3", "PWD_P39": "186.2", "PWD_P40": "188.1", "PWD_P41": "190.4", "PWD_P42": "192.2", "PWD_P43": "194.9", "PWD_P44": "197.4", "PWD_P45": "200.0", "PWD_P46": "203.1", "PWD_P47": "206.3", "PWD_P48": "209.0", "PWD_P49": "212.4", "PWD_P50": "215.3", "PWD_P51": "218.4", "PWD_P52": "221.6", "PWD_P53": "224.7", "PWD_P54": "227.6", "PWD_P55": "231.2", "PWD_P56": "235.0", "PWD_P57": "238.2", "PWD_P58": "241.7", "PWD_P59": "245.0", "PWD_P60": "249.7", "PWD_P61": "255.4", "PWD_P62": "260.7", "PWD_P63": "269.0", "PWD_P64": "277.6", "PWD_P65": "285.0", "PWD_P66": "294.9", "PWD_P67": "302.1", "PWD_P68": "310.7", "PWD_P69": "316.8", "PWD_P70": "325.6", "PWD_P71": "334.4", "PWD_P72": "341.0", "PWD_P73": "352.4", "PWD_P74": "362.0", "PWD_P75": "369.8", "PWD_P76": "375.9", "PWD_P77": "383.6", "PWD_P78": "391.6", "PWD_P79": "402.3", "PWD_P80": "409.9", "PWD_P81": "419.6", "PWD_P82": "431.3", "PWD_P83": "440.2", "PWD_P84": "449.6", "PWD_P85": "466.5", "PWD_P86": "477.1", "PWD_P87": "490.3", "PWD_P88": "505.5", "PWD_P89": "519.5", "PWD_P90": "531.3", "PWD_P91": "547.5", "PWD_P92": "565.2", "PWD_P93": "580.9", "PWD_P94": "597.7", "PWD_P95": "607.7", "PWD_P96": "623.0", "PWD_P97": "635.4", "PWD_P98": "653.2", "PWD_P99": "675.4", "PWD_P100": "715.0" }, "geometry": { "type": "Point", "coordinates": [ -63.0594, 18.2122 ] } },
{ "type": "Feature", "id": 180, "properties": { "lon": -60.971904754638672, "lat": 13.930119514465332, "year": "2015", "ISO": "LCA", "ISO_No": "662", "Name": "Saint Lucia", "PWC_Lat": "13.9301195144653", "PWC_Lon": "-60.9719047546387", "Pop": "179131", "Density": "285.8", "Area": "626.8", "PWD_A": "1006.5", "PWD_G": "610.5", "PWD_M": "747.1", "PWD_P1": "40.7", "PWD_P2": "48.4", "PWD_P3": "57.3", "PWD_P4": "67.1", "PWD_P5": "74.3", "PWD_P6": "83.3", "PWD_P7": "91.3", "PWD_P8": "100.4", "PWD_P9": "110.9", "PWD_P10": "120.7", "PWD_P11": "129.7", "PWD_P12": "138.4", "PWD_P13": "148.7", "PWD_P14": "159.1", "PWD_P15": "168.8", "PWD_P16": "179.6", "PWD_P17": "190.6", "PWD_P18": "203.5", "PWD_P19": "218.1", "PWD_P20": "231.7", "PWD_P21": "244.8", "PWD_P22": "259.0", "PWD_P23": "275.6", "PWD_P24": "292.0", "PWD_P25": "310.3", "PWD_P26": "330.2", "PWD_P27": "351.1", "PWD_P28": "369.1", "PWD_P29": "386.3", "PWD_P30": "405.6", "PWD_P31": "421.8", "PWD_P32": "441.3", "PWD_P33": "458.7", "PWD_P34": "475.1", "PWD_P35": "489.9", "PWD_P36": "504.7", "PWD_P37": "521.5", "PWD_P38": "537.7", "PWD_P39": "553.1", "PWD_P40": "568.5", "PWD_P41": "583.2", "PWD_P42": "598.9", "PWD_P43": "616.8", "PWD_P44": "633.9", "PWD_P45": "650.7", "PWD_P46": "669.3", "PWD_P47": "688.9", "PWD_P48": "707.7", "PWD_P49": "726.2", "PWD_P50": "747.1", "PWD_P51": "765.1", "PWD_P52": "784.9", "PWD_P53": "802.1", "PWD_P54": "818.1", "PWD_P55": "837.2", "PWD_P56": "854.2", "PWD_P57": "871.8", "PWD_P58": "891.8", "PWD_P59": "910.5", "PWD_P60": "931.0", "PWD_P61": "953.3", "PWD_P62": "974.1", "PWD_P63": "995.7", "PWD_P64": "1014.7", "PWD_P65": "1035.6", "PWD_P66": "1057.7", "PWD_P67": "1077.8", "PWD_P68": "1100.2", "PWD_P69": "1122.7", "PWD_P70": "1148.8", "PWD_P71": "1180.2", "PWD_P72": "1208.3", "PWD_P73": "1235.9", "PWD_P74": "1257.8", "PWD_P75": "1287.2", "PWD_P76": "1311.6", "PWD_P77": "1343.0", "PWD_P78": "1372.0", "PWD_P79": "1410.9", "PWD_P80": "1443.8", "PWD_P81": "1484.9", "PWD_P82": "1523.3", "PWD_P83": "1567.2", "PWD_P84": "1617.8", "PWD_P85": "1674.0", "PWD_P86": "1728.4", "PWD_P87": "1801.0", "PWD_P88": "1876.7", "PWD_P89": "1958.4", "PWD_P90": "2040.7", "PWD_P91": "2139.3", "PWD_P92": "2260.8", "PWD_P93": "2384.6", "PWD_P94": "2567.0", "PWD_P95": "3480.6", "PWD_P96": "4119.6", "PWD_P97": "4349.7", "PWD_P98": "4688.4", "PWD_P99": "5143.2", "PWD_P100": "5476.0" }, "geometry": { "type": "Point", "coordinates": [ -60.971904754638672, 13.930119514465332 ] } },
{ "type": "Feature", "id": 181, "properties": { "lon": -63.0576, "lat": 18.0779, "year": "2015", "ISO": "MAF", "ISO_No": "663", "Name": "Saint Martin (French part)", "PWC_Lat": "18.0779", "PWC_Lon": "-63.0576", "Pop": "35865", "Density": "660.9", "Area": "54.3", "PWD_A": "866.9", "PWD_G": "793.7", "PWD_M": "894.1", "PWD_P1": "141.3", "PWD_P2": "185.0", "PWD_P3": "217.3", "PWD_P4": "253.2", "PWD_P5": "288.8", "PWD_P6": "314.2", "PWD_P7": "341.6", "PWD_P8": "375.8", "PWD_P9": "402.0", "PWD_P10": "425.7", "PWD_P11": "450.4", "PWD_P12": "477.6", "PWD_P13": "503.6", "PWD_P14": "524.5", "PWD_P15": "545.1", "PWD_P16": "559.4", "PWD_P17": "576.1", "PWD_P18": "593.7", "PWD_P19": "611.8", "PWD_P20": "633.6", "PWD_P21": "648.5", "PWD_P22": "663.6", "PWD_P23": "676.6", "PWD_P24": "688.4", "PWD_P25": "700.4", "PWD_P26": "712.4", "PWD_P27": "723.8", "PWD_P28": "731.1", "PWD_P29": "742.7", "PWD_P30": "754.2", "PWD_P31": "763.8", "PWD_P32": "772.0", "PWD_P33": "780.1", "PWD_P34": "789.4", "PWD_P35": "796.4", "PWD_P36": "803.8", "PWD_P37": "809.7", "PWD_P38": "817.6", "PWD_P39": "825.6", "PWD_P40": "831.3", "PWD_P41": "838.4", "PWD_P42": "844.4", "PWD_P43": "850.7", "PWD_P44": "858.1", "PWD_P45": "864.3", "PWD_P46": "870.7", "PWD_P47": "876.9", "PWD_P48": "883.2", "PWD_P49": "888.0", "PWD_P50": "894.1", "PWD_P51": "900.5", "PWD_P52": "906.2", "PWD_P53": "911.8", "PWD_P54": "916.7", "PWD_P55": "923.7", "PWD_P56": "930.0", "PWD_P57": "936.1", "PWD_P58": "941.0", "PWD_P59": "948.2", "PWD_P60": "954.3", "PWD_P61": "959.6", "PWD_P62": "966.0", "PWD_P63": "973.5", "PWD_P64": "980.2", "PWD_P65": "986.5", "PWD_P66": "994.0", "PWD_P67": "1001.1", "PWD_P68": "1008.8", "PWD_P69": "1016.6", "PWD_P70": "1024.1", "PWD_P71": "1030.0", "PWD_P72": "1037.3", "PWD_P73": "1047.8", "PWD_P74": "1061.0", "PWD_P75": "1070.9", "PWD_P76": "1080.5", "PWD_P77": "1090.7", "PWD_P78": "1099.1", "PWD_P79": "1109.4", "PWD_P80": "1119.1", "PWD_P81": "1128.0", "PWD_P82": "1139.7", "PWD_P83": "1148.7", "PWD_P84": "1155.4", "PWD_P85": "1166.0", "PWD_P86": "1174.9", "PWD_P87": "1185.7", "PWD_P88": "1199.2", "PWD_P89": "1218.6", "PWD_P90": "1233.1", "PWD_P91": "1253.1", "PWD_P92": "1275.0", "PWD_P93": "1295.6", "PWD_P94": "1323.4", "PWD_P95": "1342.7", "PWD_P96": "1373.2", "PWD_P97": "1399.0", "PWD_P98": "1422.8", "PWD_P99": "1439.4", "PWD_P100": "1478.3" }, "geometry": { "type": "Point", "coordinates": [ -63.0576, 18.0779 ] } },
{ "type": "Feature", "id": 182, "properties": { "lon": -56.198139190673828, "lat": 46.798049926757812, "year": "2015", "ISO": "SPM", "ISO_No": "666", "Name": "Saint Pierre and Miquelon", "PWC_Lat": "46.7980499267578", "PWC_Lon": "-56.1981391906738", "Pop": "5991", "Density": "25.9", "Area": "231.2", "PWD_A": "368.1", "PWD_G": "207.1", "PWD_M": "419.9", "PWD_P1": "1.4", "PWD_P2": "1.6", "PWD_P3": "1.8", "PWD_P4": "2.3", "PWD_P5": "3.3", "PWD_P6": "5.0", "PWD_P7": "11.1", "PWD_P8": "22.2", "PWD_P9": "26.9", "PWD_P10": "32.9", "PWD_P11": "38.1", "PWD_P12": "44.3", "PWD_P13": "50.3", "PWD_P14": "55.4", "PWD_P15": "60.9", "PWD_P16": "65.6", "PWD_P17": "71.7", "PWD_P18": "77.5", "PWD_P19": "82.6", "PWD_P20": "88.2", "PWD_P21": "93.6", "PWD_P22": "98.1", "PWD_P23": "103.0", "PWD_P24": "110.6", "PWD_P25": "115.5", "PWD_P26": "120.7", "PWD_P27": "125.0", "PWD_P28": "130.3", "PWD_P29": "134.1", "PWD_P30": "138.4", "PWD_P31": "143.2", "PWD_P32": "150.5", "PWD_P33": "159.0", "PWD_P34": "171.8", "PWD_P35": "185.4", "PWD_P36": "205.7", "PWD_P37": "234.8", "PWD_P38": "258.9", "PWD_P39": "277.5", "PWD_P40": "296.8", "PWD_P41": "309.6", "PWD_P42": "320.5", "PWD_P43": "330.3", "PWD_P44": "343.5", "PWD_P45": "356.6", "PWD_P46": "367.2", "PWD_P47": "380.5", "PWD_P48": "393.6", "PWD_P49": "405.3", "PWD_P50": "419.9", "PWD_P51": "431.1", "PWD_P52": "439.8", "PWD_P53": "447.0", "PWD_P54": "457.1", "PWD_P55": "464.3", "PWD_P56": "473.3", "PWD_P57": "479.7", "PWD_P58": "486.5", "PWD_P59": "491.9", "PWD_P60": "500.7", "PWD_P61": "508.2", "PWD_P62": "514.0", "PWD_P63": "520.2", "PWD_P64": "526.1", "PWD_P65": "530.9", "PWD_P66": "536.4", "PWD_P67": "541.2", "PWD_P68": "548.1", "PWD_P69": "554.0", "PWD_P70": "560.9", "PWD_P71": "566.6", "PWD_P72": "571.6", "PWD_P73": "577.1", "PWD_P74": "582.2", "PWD_P75": "587.8", "PWD_P76": "592.2", "PWD_P77": "597.0", "PWD_P78": "603.9", "PWD_P79": "608.9", "PWD_P80": "611.8", "PWD_P81": "617.5", "PWD_P82": "625.8", "PWD_P83": "630.6", "PWD_P84": "636.6", "PWD_P85": "640.2", "PWD_P86": "645.5", "PWD_P87": "653.3", "PWD_P88": "660.8", "PWD_P89": "669.1", "PWD_P90": "675.7", "PWD_P91": "682.6", "PWD_P92": "689.9", "PWD_P93": "699.4", "PWD_P94": "707.0", "PWD_P95": "713.7", "PWD_P96": "720.5", "PWD_P97": "729.1", "PWD_P98": "738.2", "PWD_P99": "752.7", "PWD_P100": "776.7" }, "geometry": { "type": "Point", "coordinates": [ -56.198139190673828, 46.798049926757812 ] } },
{ "type": "Feature", "id": 183, "properties": { "lon": -61.205043792724609, "lat": 13.164427757263184, "year": "2015", "ISO": "VCT", "ISO_No": "670", "Name": "Saint Vincent and the Grenadines", "PWC_Lat": "13.1644277572632", "PWC_Lon": "-61.2050437927246", "Pop": "109134", "Density": "262.9", "Area": "415.1", "PWD_A": "899.6", "PWD_G": "545.9", "PWD_M": "618.7", "PWD_P1": "38.7", "PWD_P2": "44.1", "PWD_P3": "48.1", "PWD_P4": "51.8", "PWD_P5": "56.2", "PWD_P6": "61.2", "PWD_P7": "66.8", "PWD_P8": "73.7", "PWD_P9": "81.6", "PWD_P10": "90.3", "PWD_P11": "100.4", "PWD_P12": "112.0", "PWD_P13": "124.3", "PWD_P14": "136.5", "PWD_P15": "145.9", "PWD_P16": "155.6", "PWD_P17": "166.9", "PWD_P18": "178.5", "PWD_P19": "190.7", "PWD_P20": "203.2", "PWD_P21": "217.0", "PWD_P22": "232.8", "PWD_P23": "246.4", "PWD_P24": "257.8", "PWD_P25": "268.5", "PWD_P26": "279.6", "PWD_P27": "290.6", "PWD_P28": "301.8", "PWD_P29": "313.6", "PWD_P30": "326.2", "PWD_P31": "339.4", "PWD_P32": "353.7", "PWD_P33": "366.1", "PWD_P34": "380.2", "PWD_P35": "394.4", "PWD_P36": "408.1", "PWD_P37": "421.3", "PWD_P38": "434.4", "PWD_P39": "448.5", "PWD_P40": "463.4", "PWD_P41": "477.7", "PWD_P42": "489.9", "PWD_P43": "502.1", "PWD_P44": "517.5", "PWD_P45": "530.6", "PWD_P46": "545.2", "PWD_P47": "561.0", "PWD_P48": "579.6", "PWD_P49": "597.7", "PWD_P50": "618.7", "PWD_P51": "642.4", "PWD_P52": "666.6", "PWD_P53": "690.4", "PWD_P54": "720.6", "PWD_P55": "757.8", "PWD_P56": "784.7", "PWD_P57": "821.3", "PWD_P58": "859.2", "PWD_P59": "890.3", "PWD_P60": "919.9", "PWD_P61": "958.4", "PWD_P62": "989.6", "PWD_P63": "1019.0", "PWD_P64": "1050.7", "PWD_P65": "1079.4", "PWD_P66": "1117.5", "PWD_P67": "1147.6", "PWD_P68": "1178.5", "PWD_P69": "1209.0", "PWD_P70": "1254.4", "PWD_P71": "1296.4", "PWD_P72": "1332.1", "PWD_P73": "1372.2", "PWD_P74": "1427.2", "PWD_P75": "1472.7", "PWD_P76": "1518.4", "PWD_P77": "1554.5", "PWD_P78": "1597.6", "PWD_P79": "1639.1", "PWD_P80": "1687.8", "PWD_P81": "1733.8", "PWD_P82": "1772.7", "PWD_P83": "1805.6", "PWD_P84": "1841.7", "PWD_P85": "1875.0", "PWD_P86": "1902.6", "PWD_P87": "1941.2", "PWD_P88": "1978.8", "PWD_P89": "2021.6", "PWD_P90": "2074.6", "PWD_P91": "2115.1", "PWD_P92": "2154.1", "PWD_P93": "2216.1", "PWD_P94": "2280.6", "PWD_P95": "2356.6", "PWD_P96": "2469.8", "PWD_P97": "2585.8", "PWD_P98": "2656.9", "PWD_P99": "2787.8", "PWD_P100": "2911.5" }, "geometry": { "type": "Point", "coordinates": [ -61.205043792724609, 13.164427757263184 ] } },
{ "type": "Feature", "id": 184, "properties": { "lon": 12.464255332946777, "lat": 43.945873260498047, "year": "2015", "ISO": "SMR", "ISO_No": "674", "Name": "San Marino", "PWC_Lat": "43.945873260498", "PWC_Lon": "12.4642553329468", "Pop": "33269", "Density": "582.7", "Area": "57.1", "PWD_A": "1550.4", "PWD_G": "1173.5", "PWD_M": "1446.8", "PWD_P1": "41.7", "PWD_P2": "88.8", "PWD_P3": "142.3", "PWD_P4": "195.8", "PWD_P5": "237.8", "PWD_P6": "274.3", "PWD_P7": "306.6", "PWD_P8": "336.6", "PWD_P9": "363.5", "PWD_P10": "384.8", "PWD_P11": "407.8", "PWD_P12": "429.2", "PWD_P13": "456.3", "PWD_P14": "475.7", "PWD_P15": "496.5", "PWD_P16": "514.0", "PWD_P17": "533.1", "PWD_P18": "553.4", "PWD_P19": "578.1", "PWD_P20": "604.2", "PWD_P21": "629.1", "PWD_P22": "653.3", "PWD_P23": "671.0", "PWD_P24": "689.5", "PWD_P25": "713.2", "PWD_P26": "734.2", "PWD_P27": "759.6", "PWD_P28": "787.9", "PWD_P29": "809.4", "PWD_P30": "837.2", "PWD_P31": "865.0", "PWD_P32": "895.9", "PWD_P33": "922.7", "PWD_P34": "963.7", "PWD_P35": "1002.4", "PWD_P36": "1034.1", "PWD_P37": "1064.6", "PWD_P38": "1098.8", "PWD_P39": "1131.4", "PWD_P40": "1156.9", "PWD_P41": "1183.9", "PWD_P42": "1207.0", "PWD_P43": "1231.4", "PWD_P44": "1251.3", "PWD_P45": "1290.1", "PWD_P46": "1319.5", "PWD_P47": "1355.3", "PWD_P48": "1382.8", "PWD_P49": "1411.5", "PWD_P50": "1446.8", "PWD_P51": "1493.5", "PWD_P52": "1533.3", "PWD_P53": "1579.9", "PWD_P54": "1624.4", "PWD_P55": "1674.4", "PWD_P56": "1716.3", "PWD_P57": "1774.7", "PWD_P58": "1836.3", "PWD_P59": "1878.6", "PWD_P60": "1912.2", "PWD_P61": "1933.4", "PWD_P62": "1958.3", "PWD_P63": "2000.1", "PWD_P64": "2040.3", "PWD_P65": "2065.1", "PWD_P66": "2092.0", "PWD_P67": "2114.0", "PWD_P68": "2161.6", "PWD_P69": "2190.9", "PWD_P70": "2220.4", "PWD_P71": "2243.0", "PWD_P72": "2267.8", "PWD_P73": "2301.7", "PWD_P74": "2323.2", "PWD_P75": "2350.7", "PWD_P76": "2390.3", "PWD_P77": "2424.8", "PWD_P78": "2465.1", "PWD_P79": "2494.5", "PWD_P80": "2523.8", "PWD_P81": "2537.6", "PWD_P82": "2555.5", "PWD_P83": "2575.2", "PWD_P84": "2598.2", "PWD_P85": "2624.2", "PWD_P86": "2655.1", "PWD_P87": "2688.9", "PWD_P88": "2720.6", "PWD_P89": "2753.7", "PWD_P90": "2784.2", "PWD_P91": "2820.8", "PWD_P92": "2876.2", "PWD_P93": "2899.7", "PWD_P94": "2914.2", "PWD_P95": "2967.4", "PWD_P96": "3070.4", "PWD_P97": "3125.0", "PWD_P98": "3223.2", "PWD_P99": "3355.9", "PWD_P100": "3680.1" }, "geometry": { "type": "Point", "coordinates": [ 12.464255332946777, 43.945873260498047 ] } },
{ "type": "Feature", "id": 185, "properties": { "lon": 6.7048988342285156, "lat": 0.36211869120597839, "year": "2015", "ISO": "STP", "ISO_No": "678", "Name": "Sao Tome and Principe", "PWC_Lat": "0.362118691205978", "PWC_Lon": "6.70489883422852", "Pop": "199439", "Density": "194.9", "Area": "1023.2", "PWD_A": "3221.3", "PWD_G": "805.7", "PWD_M": "423.7", "PWD_P1": "21.8", "PWD_P2": "25.1", "PWD_P3": "30.4", "PWD_P4": "46.7", "PWD_P5": "52.4", "PWD_P6": "55.1", "PWD_P7": "57.6", "PWD_P8": "60.1", "PWD_P9": "62.8", "PWD_P10": "65.1", "PWD_P11": "67.7", "PWD_P12": "71.1", "PWD_P13": "75.3", "PWD_P14": "81.9", "PWD_P15": "92.6", "PWD_P16": "124.4", "PWD_P17": "139.7", "PWD_P18": "150.5", "PWD_P19": "156.4", "PWD_P20": "161.5", "PWD_P21": "168.0", "PWD_P22": "172.9", "PWD_P23": "178.0", "PWD_P24": "183.1", "PWD_P25": "187.1", "PWD_P26": "191.8", "PWD_P27": "197.9", "PWD_P28": "204.5", "PWD_P29": "211.2", "PWD_P30": "219.9", "PWD_P31": "240.1", "PWD_P32": "255.3", "PWD_P33": "269.6", "PWD_P34": "283.7", "PWD_P35": "293.5", "PWD_P36": "307.5", "PWD_P37": "319.5", "PWD_P38": "330.0", "PWD_P39": "337.8", "PWD_P40": "344.9", "PWD_P41": "353.1", "PWD_P42": "361.9", "PWD_P43": "370.8", "PWD_P44": "382.5", "PWD_P45": "391.8", "PWD_P46": "401.3", "PWD_P47": "407.9", "PWD_P48": "413.0", "PWD_P49": "417.2", "PWD_P50": "423.7", "PWD_P51": "429.3", "PWD_P52": "436.8", "PWD_P53": "444.5", "PWD_P54": "455.8", "PWD_P55": "463.0", "PWD_P56": "477.4", "PWD_P57": "489.3", "PWD_P58": "498.1", "PWD_P59": "511.2", "PWD_P60": "532.6", "PWD_P61": "4516.2", "PWD_P62": "4683.4", "PWD_P63": "4792.8", "PWD_P64": "4875.9", "PWD_P65": "5163.6", "PWD_P66": "5390.9", "PWD_P67": "5522.4", "PWD_P68": "5700.1", "PWD_P69": "6076.6", "PWD_P70": "6357.6", "PWD_P71": "6460.7", "PWD_P72": "6701.6", "PWD_P73": "6781.4", "PWD_P74": "7432.1", "PWD_P75": "7693.9", "PWD_P76": "7694.2", "PWD_P77": "7757.4", "PWD_P78": "7882.3", "PWD_P79": "7980.0", "PWD_P80": "8892.8", "PWD_P81": "8947.0", "PWD_P82": "9029.0", "PWD_P83": "9086.9", "PWD_P84": "9087.8", "PWD_P85": "9087.8", "PWD_P86": "9087.8", "PWD_P87": "9133.5", "PWD_P88": "9133.5", "PWD_P89": "9160.3", "PWD_P90": "9192.2", "PWD_P91": "9300.3", "PWD_P92": "9330.2", "PWD_P93": "9359.7", "PWD_P94": "9359.7", "PWD_P95": "9363.5", "PWD_P96": "9386.2", "PWD_P97": "9392.5", "PWD_P98": "9415.7", "PWD_P99": "9415.7", "PWD_P100": "9477.1" }, "geometry": { "type": "Point", "coordinates": [ 6.704898834228516, 0.362118691205978 ] } },
{ "type": "Feature", "id": 186, "properties": { "lon": 43.5527, "lat": 23.4201, "year": "2015", "ISO": "SAU", "ISO_No": "682", "Name": "Saudi Arabia", "PWC_Lat": "23.4201", "PWC_Lon": "43.5527", "Pop": "31717675", "Density": "16.6", "Area": "1912957.9", "PWD_A": "852.4", "PWD_G": "214.8", "PWD_M": "350.0", "PWD_P1": "1.1", "PWD_P2": "1.5", "PWD_P3": "1.8", "PWD_P4": "2.3", "PWD_P5": "2.8", "PWD_P6": "3.4", "PWD_P7": "4.0", "PWD_P8": "4.8", "PWD_P9": "5.6", "PWD_P10": "6.5", "PWD_P11": "7.5", "PWD_P12": "8.7", "PWD_P13": "10.1", "PWD_P14": "11.6", "PWD_P15": "13.2", "PWD_P16": "15.1", "PWD_P17": "17.2", "PWD_P18": "19.5", "PWD_P19": "22.0", "PWD_P20": "24.8", "PWD_P21": "27.8", "PWD_P22": "31.1", "PWD_P23": "34.9", "PWD_P24": "39.3", "PWD_P25": "44.6", "PWD_P26": "49.9", "PWD_P27": "55.7", "PWD_P28": "62.1", "PWD_P29": "68.9", "PWD_P30": "76.3", "PWD_P31": "84.5", "PWD_P32": "93.6", "PWD_P33": "103.2", "PWD_P34": "113.6", "PWD_P35": "123.8", "PWD_P36": "133.8", "PWD_P37": "144.7", "PWD_P38": "156.3", "PWD_P39": "169.1", "PWD_P40": "181.8", "PWD_P41": "193.0", "PWD_P42": "208.1", "PWD_P43": "223.2", "PWD_P44": "241.5", "PWD_P45": "258.2", "PWD_P46": "275.2", "PWD_P47": "290.0", "PWD_P48": "301.3", "PWD_P49": "320.7", "PWD_P50": "350.0", "PWD_P51": "375.2", "PWD_P52": "399.7", "PWD_P53": "431.6", "PWD_P54": "460.5", "PWD_P55": "484.0", "PWD_P56": "512.5", "PWD_P57": "541.5", "PWD_P58": "576.1", "PWD_P59": "630.2", "PWD_P60": "687.3", "PWD_P61": "742.2", "PWD_P62": "792.8", "PWD_P63": "848.4", "PWD_P64": "882.6", "PWD_P65": "926.1", "PWD_P66": "981.6", "PWD_P67": "1013.7", "PWD_P68": "1059.5", "PWD_P69": "1149.8", "PWD_P70": "1236.6", "PWD_P71": "1321.8", "PWD_P72": "1490.6", "PWD_P73": "1637.0", "PWD_P74": "1712.1", "PWD_P75": "1833.0", "PWD_P76": "1910.5", "PWD_P77": "1947.9", "PWD_P78": "1972.7", "PWD_P79": "1992.1", "PWD_P80": "2012.6", "PWD_P81": "2032.6", "PWD_P82": "2055.8", "PWD_P83": "2088.7", "PWD_P84": "2124.9", "PWD_P85": "2184.9", "PWD_P86": "2278.3", "PWD_P87": "2320.0", "PWD_P88": "2343.8", "PWD_P89": "2365.6", "PWD_P90": "2383.5", "PWD_P91": "2402.0", "PWD_P92": "2426.4", "PWD_P93": "2471.0", "PWD_P94": "2573.0", "PWD_P95": "2690.7", "PWD_P96": "2782.2", "PWD_P97": "2846.7", "PWD_P98": "2940.3", "PWD_P99": "3068.6", "PWD_P100": "3559.5" }, "geometry": { "type": "Point", "coordinates": [ 43.5527, 23.4201 ] } },
{ "type": "Feature", "id": 187, "properties": { "lon": -16.037765502929688, "lat": 14.513920783996582, "year": "2015", "ISO": "SEN", "ISO_No": "686", "Name": "Senegal", "PWC_Lat": "14.5139207839966", "PWC_Lon": "-16.0377655029297", "Pop": "14578449", "Density": "74.8", "Area": "194837.4", "PWD_A": "4223.6", "PWD_G": "429.8", "PWD_M": "242.0", "PWD_P1": "6.3", "PWD_P2": "8.9", "PWD_P3": "11.4", "PWD_P4": "14.3", "PWD_P5": "17.1", "PWD_P6": "20.1", "PWD_P7": "23.7", "PWD_P8": "27.2", "PWD_P9": "30.2", "PWD_P10": "33.3", "PWD_P11": "36.4", "PWD_P12": "39.4", "PWD_P13": "42.4", "PWD_P14": "45.4", "PWD_P15": "48.4", "PWD_P16": "51.3", "PWD_P17": "54.4", "PWD_P18": "57.5", "PWD_P19": "60.7", "PWD_P20": "64.0", "PWD_P21": "67.5", "PWD_P22": "71.2", "PWD_P23": "74.8", "PWD_P24": "78.5", "PWD_P25": "82.2", "PWD_P26": "86.0", "PWD_P27": "89.8", "PWD_P28": "93.9", "PWD_P29": "98.1", "PWD_P30": "102.4", "PWD_P31": "107.0", "PWD_P32": "111.7", "PWD_P33": "116.6", "PWD_P34": "121.8", "PWD_P35": "127.2", "PWD_P36": "132.8", "PWD_P37": "138.6", "PWD_P38": "144.8", "PWD_P39": "151.2", "PWD_P40": "157.9", "PWD_P41": "164.6", "PWD_P42": "171.6", "PWD_P43": "178.9", "PWD_P44": "186.4", "PWD_P45": "194.3", "PWD_P46": "202.5", "PWD_P47": "210.9", "PWD_P48": "220.2", "PWD_P49": "230.7", "PWD_P50": "242.0", "PWD_P51": "254.4", "PWD_P52": "268.2", "PWD_P53": "283.7", "PWD_P54": "300.9", "PWD_P55": "320.3", "PWD_P56": "341.6", "PWD_P57": "365.4", "PWD_P58": "393.2", "PWD_P59": "424.7", "PWD_P60": "460.0", "PWD_P61": "497.2", "PWD_P62": "536.3", "PWD_P63": "578.1", "PWD_P64": "624.1", "PWD_P65": "673.9", "PWD_P66": "734.2", "PWD_P67": "808.1", "PWD_P68": "886.7", "PWD_P69": "972.5", "PWD_P70": "1070.5", "PWD_P71": "1184.0", "PWD_P72": "1321.9", "PWD_P73": "1509.6", "PWD_P74": "1732.2", "PWD_P75": "1945.9", "PWD_P76": "2137.9", "PWD_P77": "2551.9", "PWD_P78": "3178.4", "PWD_P79": "4016.2", "PWD_P80": "5409.9", "PWD_P81": "11132.3", "PWD_P82": "12886.0", "PWD_P83": "13596.4", "PWD_P84": "14205.3", "PWD_P85": "14592.4", "PWD_P86": "14928.1", "PWD_P87": "15250.7", "PWD_P88": "15562.8", "PWD_P89": "15885.4", "PWD_P90": "16203.0", "PWD_P91": "16600.7", "PWD_P92": "17335.3", "PWD_P93": "18359.2", "PWD_P94": "19906.5", "PWD_P95": "25042.2", "PWD_P96": "28010.3", "PWD_P97": "30497.5", "PWD_P98": "31881.7", "PWD_P99": "32709.3", "PWD_P100": "35417.7" }, "geometry": { "type": "Point", "coordinates": [ -16.037765502929688, 14.513920783996582 ] } },
{ "type": "Feature", "id": 188, "properties": { "lon": 20.601238250732422, "lat": 44.443561553955078, "year": "2015", "ISO": "SRB", "ISO_No": "688", "Name": "Serbia", "PWC_Lat": "44.4435615539551", "PWC_Lon": "20.6012382507324", "Pop": "8876776", "Density": "117.0", "Area": "75842.4", "PWD_A": "3959.7", "PWD_G": "1147.0", "PWD_M": "1923.8", "PWD_P1": "7.6", "PWD_P2": "11.9", "PWD_P3": "16.4", "PWD_P4": "20.9", "PWD_P5": "25.4", "PWD_P6": "30.0", "PWD_P7": "34.6", "PWD_P8": "39.5", "PWD_P9": "44.6", "PWD_P10": "50.3", "PWD_P11": "56.7", "PWD_P12": "63.8", "PWD_P13": "71.9", "PWD_P14": "81.0", "PWD_P15": "91.1", "PWD_P16": "102.3", "PWD_P17": "114.2", "PWD_P18": "127.1", "PWD_P19": "140.7", "PWD_P20": "155.2", "PWD_P21": "171.1", "PWD_P22": "188.3", "PWD_P23": "207.6", "PWD_P24": "229.1", "PWD_P25": "253.8", "PWD_P26": "281.8", "PWD_P27": "312.7", "PWD_P28": "347.2", "PWD_P29": "385.5", "PWD_P30": "427.7", "PWD_P31": "473.7", "PWD_P32": "522.0", "PWD_P33": "572.7", "PWD_P34": "625.4", "PWD_P35": "678.5", "PWD_P36": "733.7", "PWD_P37": "791.0", "PWD_P38": "850.2", "PWD_P39": "911.6", "PWD_P40": "976.4", "PWD_P41": "1043.3", "PWD_P42": "1115.3", "PWD_P43": "1190.0", "PWD_P44": "1271.7", "PWD_P45": "1362.4", "PWD_P46": "1459.5", "PWD_P47": "1566.6", "PWD_P48": "1680.4", "PWD_P49": "1798.4", "PWD_P50": "1923.8", "PWD_P51": "2056.9", "PWD_P52": "2196.5", "PWD_P53": "2345.2", "PWD_P54": "2496.0", "PWD_P55": "2650.4", "PWD_P56": "2797.3", "PWD_P57": "2939.1", "PWD_P58": "3089.0", "PWD_P59": "3255.2", "PWD_P60": "3415.1", "PWD_P61": "3569.4", "PWD_P62": "3735.5", "PWD_P63": "3904.7", "PWD_P64": "4064.9", "PWD_P65": "4237.1", "PWD_P66": "4421.8", "PWD_P67": "4597.9", "PWD_P68": "4772.9", "PWD_P69": "4945.7", "PWD_P70": "5114.1", "PWD_P71": "5287.7", "PWD_P72": "5482.0", "PWD_P73": "5670.5", "PWD_P74": "5863.9", "PWD_P75": "6081.8", "PWD_P76": "6311.5", "PWD_P77": "6536.8", "PWD_P78": "6770.3", "PWD_P79": "7032.9", "PWD_P80": "7335.3", "PWD_P81": "7643.5", "PWD_P82": "7977.4", "PWD_P83": "8260.4", "PWD_P84": "8585.0", "PWD_P85": "8942.2", "PWD_P86": "9331.3", "PWD_P87": "9749.0", "PWD_P88": "10124.5", "PWD_P89": "10578.0", "PWD_P90": "11052.4", "PWD_P91": "11524.9", "PWD_P92": "12138.8", "PWD_P93": "12725.3", "PWD_P94": "13366.3", "PWD_P95": "14113.9", "PWD_P96": "14771.5", "PWD_P97": "15527.2", "PWD_P98": "16736.4", "PWD_P99": "20592.7", "PWD_P100": "28019.8" }, "geometry": { "type": "Point", "coordinates": [ 20.601238250732422, 44.443561553955078 ] } },
{ "type": "Feature", "id": 189, "properties": { "lon": 55.461822509765625, "lat": -4.6449313163757324, "year": "2015", "ISO": "SYC", "ISO_No": "690", "Name": "Seychelles", "PWC_Lat": "-4.64493131637573", "PWC_Lon": "55.4618225097656", "Pop": "94981", "Density": "176.5", "Area": "538.1", "PWD_A": "899.5", "PWD_G": "578.1", "PWD_M": "615.0", "PWD_P1": "14.4", "PWD_P2": "76.8", "PWD_P3": "99.4", "PWD_P4": "114.3", "PWD_P5": "123.0", "PWD_P6": "131.1", "PWD_P7": "139.5", "PWD_P8": "149.2", "PWD_P9": "157.8", "PWD_P10": "166.2", "PWD_P11": "176.0", "PWD_P12": "185.7", "PWD_P13": "196.6", "PWD_P14": "205.4", "PWD_P15": "214.1", "PWD_P16": "222.4", "PWD_P17": "229.6", "PWD_P18": "238.7", "PWD_P19": "248.4", "PWD_P20": "257.2", "PWD_P21": "265.5", "PWD_P22": "274.6", "PWD_P23": "285.1", "PWD_P24": "296.0", "PWD_P25": "305.7", "PWD_P26": "315.6", "PWD_P27": "328.5", "PWD_P28": "338.0", "PWD_P29": "345.6", "PWD_P30": "354.6", "PWD_P31": "364.7", "PWD_P32": "373.5", "PWD_P33": "382.4", "PWD_P34": "391.7", "PWD_P35": "402.5", "PWD_P36": "412.9", "PWD_P37": "422.3", "PWD_P38": "433.9", "PWD_P39": "446.0", "PWD_P40": "457.9", "PWD_P41": "470.4", "PWD_P42": "481.7", "PWD_P43": "494.9", "PWD_P44": "509.2", "PWD_P45": "525.2", "PWD_P46": "541.8", "PWD_P47": "559.8", "PWD_P48": "580.0", "PWD_P49": "599.2", "PWD_P50": "615.0", "PWD_P51": "628.6", "PWD_P52": "643.7", "PWD_P53": "658.1", "PWD_P54": "674.3", "PWD_P55": "689.1", "PWD_P56": "702.6", "PWD_P57": "718.9", "PWD_P58": "737.7", "PWD_P59": "754.8", "PWD_P60": "775.3", "PWD_P61": "798.7", "PWD_P62": "818.2", "PWD_P63": "839.7", "PWD_P64": "859.0", "PWD_P65": "880.2", "PWD_P66": "900.3", "PWD_P67": "920.0", "PWD_P68": "944.8", "PWD_P69": "969.3", "PWD_P70": "990.0", "PWD_P71": "1009.0", "PWD_P72": "1045.5", "PWD_P73": "1084.3", "PWD_P74": "1115.8", "PWD_P75": "1159.6", "PWD_P76": "1217.4", "PWD_P77": "1279.8", "PWD_P78": "1370.3", "PWD_P79": "1453.7", "PWD_P80": "1522.1", "PWD_P81": "1576.2", "PWD_P82": "1654.3", "PWD_P83": "1727.9", "PWD_P84": "1786.4", "PWD_P85": "1840.4", "PWD_P86": "1899.9", "PWD_P87": "1978.3", "PWD_P88": "2048.8", "PWD_P89": "2110.3", "PWD_P90": "2168.2", "PWD_P91": "2251.4", "PWD_P92": "2340.6", "PWD_P93": "2410.5", "PWD_P94": "2519.4", "PWD_P95": "2636.5", "PWD_P96": "2758.3", "PWD_P97": "2973.8", "PWD_P98": "3219.7", "PWD_P99": "3651.6", "PWD_P100": "4518.4" }, "geometry": { "type": "Point", "coordinates": [ 55.461822509765625, -4.644931316375732 ] } },
{ "type": "Feature", "id": 190, "properties": { "lon": -12.083111763000488, "lat": 8.4032936096191406, "year": "2015", "ISO": "SLE", "ISO_No": "694", "Name": "Sierra Leone", "PWC_Lat": "8.40329360961914", "PWC_Lon": "-12.0831117630005", "Pop": "7171908", "Density": "98.7", "Area": "72645.8", "PWD_A": "4060.8", "PWD_G": "462.8", "PWD_M": "218.2", "PWD_P1": "16.3", "PWD_P2": "19.0", "PWD_P3": "21.4", "PWD_P4": "23.6", "PWD_P5": "25.6", "PWD_P6": "27.7", "PWD_P7": "29.7", "PWD_P8": "31.7", "PWD_P9": "33.9", "PWD_P10": "36.0", "PWD_P11": "38.1", "PWD_P12": "40.1", "PWD_P13": "42.1", "PWD_P14": "44.1", "PWD_P15": "46.1", "PWD_P16": "48.2", "PWD_P17": "50.3", "PWD_P18": "52.5", "PWD_P19": "54.7", "PWD_P20": "57.0", "PWD_P21": "59.4", "PWD_P22": "61.8", "PWD_P23": "64.4", "PWD_P24": "67.0", "PWD_P25": "69.7", "PWD_P26": "72.5", "PWD_P27": "75.4", "PWD_P28": "78.4", "PWD_P29": "81.5", "PWD_P30": "84.8", "PWD_P31": "88.2", "PWD_P32": "91.7", "PWD_P33": "95.4", "PWD_P34": "99.4", "PWD_P35": "103.5", "PWD_P36": "107.9", "PWD_P37": "112.5", "PWD_P38": "117.3", "PWD_P39": "122.5", "PWD_P40": "127.8", "PWD_P41": "133.6", "PWD_P42": "140.0", "PWD_P43": "146.7", "PWD_P44": "154.2", "PWD_P45": "162.2", "PWD_P46": "171.2", "PWD_P47": "181.0", "PWD_P48": "192.0", "PWD_P49": "204.4", "PWD_P50": "218.2", "PWD_P51": "233.2", "PWD_P52": "249.5", "PWD_P53": "268.3", "PWD_P54": "289.5", "PWD_P55": "313.6", "PWD_P56": "341.8", "PWD_P57": "373.6", "PWD_P58": "410.3", "PWD_P59": "451.9", "PWD_P60": "500.7", "PWD_P61": "562.7", "PWD_P62": "638.0", "PWD_P63": "733.0", "PWD_P64": "840.5", "PWD_P65": "964.0", "PWD_P66": "1101.7", "PWD_P67": "1243.7", "PWD_P68": "1406.0", "PWD_P69": "1580.4", "PWD_P70": "1764.5", "PWD_P71": "1984.4", "PWD_P72": "2397.4", "PWD_P73": "2889.4", "PWD_P74": "3380.6", "PWD_P75": "4052.3", "PWD_P76": "5213.8", "PWD_P77": "6213.9", "PWD_P78": "7026.1", "PWD_P79": "7796.2", "PWD_P80": "8960.7", "PWD_P81": "10562.9", "PWD_P82": "11606.8", "PWD_P83": "12363.0", "PWD_P84": "13043.2", "PWD_P85": "13737.5", "PWD_P86": "14303.8", "PWD_P87": "15561.5", "PWD_P88": "16512.4", "PWD_P89": "17288.1", "PWD_P90": "18243.5", "PWD_P91": "18845.1", "PWD_P92": "19191.5", "PWD_P93": "19577.6", "PWD_P94": "19910.6", "PWD_P95": "20256.4", "PWD_P96": "20608.3", "PWD_P97": "21072.1", "PWD_P98": "21670.3", "PWD_P99": "22050.3", "PWD_P100": "23261.8" }, "geometry": { "type": "Point", "coordinates": [ -12.083111763000488, 8.403293609619141 ] } },
{ "type": "Feature", "id": 191, "properties": { "lon": 103.83438873291016, "lat": 1.3596349954605103, "year": "2015", "ISO": "SGP", "ISO_No": "702", "Name": "Singapore", "PWC_Lat": "1.35963499546051", "PWC_Lon": "103.83438873291", "Pop": "5592143", "Density": "8119.4", "Area": "688.7", "PWD_A": "23464.2", "PWD_G": "19967.4", "PWD_M": "21527.4", "PWD_P1": "3075.8", "PWD_P2": "4085.1", "PWD_P3": "4852.0", "PWD_P4": "5591.9", "PWD_P5": "6190.7", "PWD_P6": "6770.6", "PWD_P7": "7299.9", "PWD_P8": "7778.5", "PWD_P9": "8258.2", "PWD_P10": "8738.1", "PWD_P11": "9204.3", "PWD_P12": "9688.1", "PWD_P13": "10206.7", "PWD_P14": "10683.9", "PWD_P15": "11183.5", "PWD_P16": "11660.8", "PWD_P17": "12132.7", "PWD_P18": "12589.7", "PWD_P19": "13053.5", "PWD_P20": "13473.2", "PWD_P21": "13876.5", "PWD_P22": "14282.4", "PWD_P23": "14677.9", "PWD_P24": "15047.2", "PWD_P25": "15375.9", "PWD_P26": "15703.7", "PWD_P27": "16000.6", "PWD_P28": "16280.3", "PWD_P29": "16552.5", "PWD_P30": "16834.7", "PWD_P31": "17081.0", "PWD_P32": "17353.9", "PWD_P33": "17636.0", "PWD_P34": "17877.3", "PWD_P35": "18131.8", "PWD_P36": "18376.6", "PWD_P37": "18614.0", "PWD_P38": "18851.8", "PWD_P39": "19091.1", "PWD_P40": "19324.7", "PWD_P41": "19543.3", "PWD_P42": "19779.9", "PWD_P43": "20013.9", "PWD_P44": "20235.7", "PWD_P45": "20452.7", "PWD_P46": "20667.1", "PWD_P47": "20894.7", "PWD_P48": "21097.4", "PWD_P49": "21300.7", "PWD_P50": "21527.4", "PWD_P51": "21759.9", "PWD_P52": "21984.0", "PWD_P53": "22217.6", "PWD_P54": "22451.0", "PWD_P55": "22695.7", "PWD_P56": "22943.8", "PWD_P57": "23182.6", "PWD_P58": "23424.0", "PWD_P59": "23666.3", "PWD_P60": "23905.6", "PWD_P61": "24183.6", "PWD_P62": "24480.9", "PWD_P63": "24752.7", "PWD_P64": "25035.5", "PWD_P65": "25327.6", "PWD_P66": "25621.1", "PWD_P67": "25924.0", "PWD_P68": "26232.4", "PWD_P69": "26557.1", "PWD_P70": "26866.8", "PWD_P71": "27163.0", "PWD_P72": "27501.8", "PWD_P73": "27863.4", "PWD_P74": "28325.4", "PWD_P75": "28817.2", "PWD_P76": "29313.2", "PWD_P77": "29810.1", "PWD_P78": "30372.7", "PWD_P79": "30998.7", "PWD_P80": "31807.5", "PWD_P81": "32685.1", "PWD_P82": "33671.5", "PWD_P83": "34699.1", "PWD_P84": "35697.2", "PWD_P85": "36916.4", "PWD_P86": "37910.8", "PWD_P87": "38977.1", "PWD_P88": "40066.2", "PWD_P89": "41034.3", "PWD_P90": "42094.7", "PWD_P91": "43045.6", "PWD_P92": "44133.5", "PWD_P93": "45442.7", "PWD_P94": "46863.1", "PWD_P95": "48186.9", "PWD_P96": "50249.8", "PWD_P97": "52487.2", "PWD_P98": "55266.9", "PWD_P99": "59512.1", "PWD_P100": "74367.6" }, "geometry": { "type": "Point", "coordinates": [ 103.834388732910156, 1.35963499546051 ] } },
{ "type": "Feature", "id": 192, "properties": { "lon": 19.193120956420898, "lat": 48.663661956787109, "year": "2015", "ISO": "SVK", "ISO_No": "703", "Name": "Slovakia", "PWC_Lat": "48.6636619567871", "PWC_Lon": "19.1931209564209", "Pop": "5435613", "Density": "111.8", "Area": "48621.9", "PWD_A": "1472.8", "PWD_G": "507.1", "PWD_M": "674.1", "PWD_P1": "10.0", "PWD_P2": "14.4", "PWD_P3": "18.3", "PWD_P4": "21.9", "PWD_P5": "25.2", "PWD_P6": "28.4", "PWD_P7": "31.8", "PWD_P8": "35.2", "PWD_P9": "38.7", "PWD_P10": "42.3", "PWD_P11": "46.1", "PWD_P12": "50.1", "PWD_P13": "54.3", "PWD_P14": "58.7", "PWD_P15": "63.4", "PWD_P16": "68.3", "PWD_P17": "73.3", "PWD_P18": "78.6", "PWD_P19": "84.2", "PWD_P20": "90.2", "PWD_P21": "96.4", "PWD_P22": "103.0", "PWD_P23": "110.0", "PWD_P24": "117.4", "PWD_P25": "125.6", "PWD_P26": "134.3", "PWD_P27": "143.8", "PWD_P28": "153.9", "PWD_P29": "164.9", "PWD_P30": "176.8", "PWD_P31": "189.8", "PWD_P32": "204.0", "PWD_P33": "219.2", "PWD_P34": "236.0", "PWD_P35": "254.4", "PWD_P36": "274.6", "PWD_P37": "295.6", "PWD_P38": "317.1", "PWD_P39": "339.8", "PWD_P40": "363.5", "PWD_P41": "388.6", "PWD_P42": "414.8", "PWD_P43": "442.0", "PWD_P44": "470.5", "PWD_P45": "500.2", "PWD_P46": "531.6", "PWD_P47": "564.4", "PWD_P48": "598.7", "PWD_P49": "634.7", "PWD_P50": "674.1", "PWD_P51": "715.1", "PWD_P52": "758.1", "PWD_P53": "802.8", "PWD_P54": "850.7", "PWD_P55": "902.1", "PWD_P56": "954.8", "PWD_P57": "1010.8", "PWD_P58": "1067.4", "PWD_P59": "1129.1", "PWD_P60": "1194.2", "PWD_P61": "1261.1", "PWD_P62": "1331.8", "PWD_P63": "1404.6", "PWD_P64": "1481.9", "PWD_P65": "1558.8", "PWD_P66": "1637.5", "PWD_P67": "1714.7", "PWD_P68": "1790.6", "PWD_P69": "1869.6", "PWD_P70": "1946.1", "PWD_P71": "2019.7", "PWD_P72": "2090.4", "PWD_P73": "2157.2", "PWD_P74": "2221.8", "PWD_P75": "2283.6", "PWD_P76": "2341.0", "PWD_P77": "2399.5", "PWD_P78": "2456.6", "PWD_P79": "2515.5", "PWD_P80": "2581.4", "PWD_P81": "2653.5", "PWD_P82": "2728.5", "PWD_P83": "2804.6", "PWD_P84": "2886.7", "PWD_P85": "2970.9", "PWD_P86": "3061.7", "PWD_P87": "3154.1", "PWD_P88": "3254.7", "PWD_P89": "3371.6", "PWD_P90": "3520.3", "PWD_P91": "3685.1", "PWD_P92": "3858.5", "PWD_P93": "4064.6", "PWD_P94": "4333.7", "PWD_P95": "4780.4", "PWD_P96": "5439.9", "PWD_P97": "6519.9", "PWD_P98": "7403.2", "PWD_P99": "9515.5", "PWD_P100": "22704.5" }, "geometry": { "type": "Point", "coordinates": [ 19.193120956420898, 48.663661956787109 ] } },
{ "type": "Feature", "id": 193, "properties": { "lon": 106.41082763671875, "lat": 15.567967414855957, "year": "2015", "ISO": "VNM", "ISO_No": "704", "Name": "Vietnam", "PWC_Lat": "15.567967414856", "PWC_Lon": "106.410827636719", "Pop": "92677081", "Density": "284.4", "Area": "325815.5", "PWD_A": "5411.2", "PWD_G": "1120.9", "PWD_M": "971.4", "PWD_P1": "24.0", "PWD_P2": "34.3", "PWD_P3": "43.9", "PWD_P4": "53.4", "PWD_P5": "63.2", "PWD_P6": "73.6", "PWD_P7": "84.1", "PWD_P8": "95.3", "PWD_P9": "107.2", "PWD_P10": "119.9", "PWD_P11": "132.9", "PWD_P12": "146.4", "PWD_P13": "160.3", "PWD_P14": "174.3", "PWD_P15": "188.5", "PWD_P16": "202.8", "PWD_P17": "217.4", "PWD_P18": "232.7", "PWD_P19": "248.4", "PWD_P20": "264.6", "PWD_P21": "281.2", "PWD_P22": "298.3", "PWD_P23": "316.0", "PWD_P24": "334.2", "PWD_P25": "352.9", "PWD_P26": "372.1", "PWD_P27": "392.1", "PWD_P28": "412.5", "PWD_P29": "433.3", "PWD_P30": "454.5", "PWD_P31": "476.4", "PWD_P32": "498.6", "PWD_P33": "521.1", "PWD_P34": "544.0", "PWD_P35": "567.0", "PWD_P36": "590.2", "PWD_P37": "613.6", "PWD_P38": "637.3", "PWD_P39": "661.3", "PWD_P40": "685.8", "PWD_P41": "710.8", "PWD_P42": "736.3", "PWD_P43": "762.5", "PWD_P44": "789.3", "PWD_P45": "817.0", "PWD_P46": "845.5", "PWD_P47": "875.0", "PWD_P48": "905.8", "PWD_P49": "937.9", "PWD_P50": "971.4", "PWD_P51": "1007.0", "PWD_P52": "1044.3", "PWD_P53": "1083.6", "PWD_P54": "1125.0", "PWD_P55": "1169.0", "PWD_P56": "1215.2", "PWD_P57": "1263.6", "PWD_P58": "1314.9", "PWD_P59": "1369.5", "PWD_P60": "1428.1", "PWD_P61": "1490.4", "PWD_P62": "1556.9", "PWD_P63": "1628.6", "PWD_P64": "1705.7", "PWD_P65": "1788.4", "PWD_P66": "1877.1", "PWD_P67": "1972.2", "PWD_P68": "2075.5", "PWD_P69": "2187.8", "PWD_P70": "2311.0", "PWD_P71": "2445.0", "PWD_P72": "2591.8", "PWD_P73": "2755.6", "PWD_P74": "2935.6", "PWD_P75": "3134.5", "PWD_P76": "3358.1", "PWD_P77": "3607.9", "PWD_P78": "3892.8", "PWD_P79": "4218.8", "PWD_P80": "4593.6", "PWD_P81": "5041.7", "PWD_P82": "5576.0", "PWD_P83": "6233.4", "PWD_P84": "7031.0", "PWD_P85": "7980.7", "PWD_P86": "9133.1", "PWD_P87": "10500.3", "PWD_P88": "12121.9", "PWD_P89": "14006.2", "PWD_P90": "16111.6", "PWD_P91": "18768.0", "PWD_P92": "21949.7", "PWD_P93": "25823.1", "PWD_P94": "30797.2", "PWD_P95": "36370.3", "PWD_P96": "41260.3", "PWD_P97": "45811.6", "PWD_P98": "50862.9", "PWD_P99": "55599.2", "PWD_P100": "82710.4" }, "geometry": { "type": "Point", "coordinates": [ 106.41082763671875, 15.567967414855957 ] } },
{ "type": "Feature", "id": 194, "properties": { "lon": 14.874881744384766, "lat": 46.160896301269531, "year": "2015", "ISO": "SVN", "ISO_No": "705", "Name": "Slovenia", "PWC_Lat": "46.1608963012695", "PWC_Lon": "14.8748817443848", "Pop": "2071198", "Density": "104.6", "Area": "19795.9", "PWD_A": "1350.7", "PWD_G": "512.1", "PWD_M": "673.5", "PWD_P1": "9.3", "PWD_P2": "14.7", "PWD_P3": "19.4", "PWD_P4": "23.9", "PWD_P5": "28.3", "PWD_P6": "32.6", "PWD_P7": "36.9", "PWD_P8": "41.1", "PWD_P9": "45.5", "PWD_P10": "49.8", "PWD_P11": "54.3", "PWD_P12": "58.8", "PWD_P13": "63.5", "PWD_P14": "68.3", "PWD_P15": "73.4", "PWD_P16": "78.6", "PWD_P17": "84.1", "PWD_P18": "89.9", "PWD_P19": "95.8", "PWD_P20": "102.0", "PWD_P21": "108.6", "PWD_P22": "115.4", "PWD_P23": "122.6", "PWD_P24": "130.3", "PWD_P25": "138.4", "PWD_P26": "147.0", "PWD_P27": "156.0", "PWD_P28": "165.7", "PWD_P29": "176.0", "PWD_P30": "187.1", "PWD_P31": "199.0", "PWD_P32": "211.8", "PWD_P33": "225.3", "PWD_P34": "239.8", "PWD_P35": "255.3", "PWD_P36": "272.1", "PWD_P37": "290.1", "PWD_P38": "309.4", "PWD_P39": "329.9", "PWD_P40": "352.2", "PWD_P41": "376.2", "PWD_P42": "401.9", "PWD_P43": "429.0", "PWD_P44": "457.9", "PWD_P45": "488.5", "PWD_P46": "521.0", "PWD_P47": "555.6", "PWD_P48": "592.6", "PWD_P49": "631.4", "PWD_P50": "673.5", "PWD_P51": "714.7", "PWD_P52": "759.1", "PWD_P53": "806.2", "PWD_P54": "854.2", "PWD_P55": "903.4", "PWD_P56": "953.5", "PWD_P57": "1005.4", "PWD_P58": "1059.8", "PWD_P59": "1115.1", "PWD_P60": "1169.1", "PWD_P61": "1226.0", "PWD_P62": "1287.5", "PWD_P63": "1348.6", "PWD_P64": "1415.0", "PWD_P65": "1480.7", "PWD_P66": "1546.0", "PWD_P67": "1614.0", "PWD_P68": "1677.3", "PWD_P69": "1748.1", "PWD_P70": "1823.0", "PWD_P71": "1902.7", "PWD_P72": "1985.8", "PWD_P73": "2078.9", "PWD_P74": "2170.3", "PWD_P75": "2266.0", "PWD_P76": "2360.3", "PWD_P77": "2457.1", "PWD_P78": "2550.6", "PWD_P79": "2645.2", "PWD_P80": "2738.9", "PWD_P81": "2814.2", "PWD_P82": "2876.0", "PWD_P83": "2936.6", "PWD_P84": "3017.2", "PWD_P85": "3115.9", "PWD_P86": "3218.6", "PWD_P87": "3347.4", "PWD_P88": "3478.3", "PWD_P89": "3618.8", "PWD_P90": "3757.4", "PWD_P91": "3896.9", "PWD_P92": "4006.1", "PWD_P93": "4108.5", "PWD_P94": "4209.0", "PWD_P95": "4297.1", "PWD_P96": "4381.4", "PWD_P97": "4467.5", "PWD_P98": "4577.4", "PWD_P99": "4831.5", "PWD_P100": "16442.3" }, "geometry": { "type": "Point", "coordinates": [ 14.874881744384766, 46.160896301269531 ] } },
{ "type": "Feature", "id": 195, "properties": { "lon": 45.139732360839844, "lat": 4.9942808151245117, "year": "2015", "ISO": "SOM", "ISO_No": "706", "Name": "Somalia", "PWC_Lat": "4.99428081512451", "PWC_Lon": "45.1397323608398", "Pop": "13797203", "Density": "21.7", "Area": "635392.6", "PWD_A": "1313.9", "PWD_G": "71.8", "PWD_M": "44.2", "PWD_P1": "3.2", "PWD_P2": "4.2", "PWD_P3": "4.9", "PWD_P4": "5.4", "PWD_P5": "6.0", "PWD_P6": "6.5", "PWD_P7": "7.0", "PWD_P8": "7.5", "PWD_P9": "7.9", "PWD_P10": "8.4", "PWD_P11": "8.9", "PWD_P12": "9.4", "PWD_P13": "9.8", "PWD_P14": "10.3", "PWD_P15": "10.7", "PWD_P16": "11.2", "PWD_P17": "11.7", "PWD_P18": "12.2", "PWD_P19": "12.8", "PWD_P20": "13.3", "PWD_P21": "13.9", "PWD_P22": "14.5", "PWD_P23": "15.2", "PWD_P24": "15.9", "PWD_P25": "16.6", "PWD_P26": "17.4", "PWD_P27": "18.3", "PWD_P28": "19.1", "PWD_P29": "20.1", "PWD_P30": "21.0", "PWD_P31": "21.9", "PWD_P32": "22.9", "PWD_P33": "23.8", "PWD_P34": "24.8", "PWD_P35": "25.9", "PWD_P36": "26.9", "PWD_P37": "27.9", "PWD_P38": "28.9", "PWD_P39": "30.0", "PWD_P40": "31.1", "PWD_P41": "32.1", "PWD_P42": "33.3", "PWD_P43": "34.4", "PWD_P44": "35.6", "PWD_P45": "36.8", "PWD_P46": "38.1", "PWD_P47": "39.5", "PWD_P48": "41.0", "PWD_P49": "42.6", "PWD_P50": "44.2", "PWD_P51": "45.9", "PWD_P52": "47.6", "PWD_P53": "49.4", "PWD_P54": "51.3", "PWD_P55": "53.3", "PWD_P56": "55.4", "PWD_P57": "57.8", "PWD_P58": "60.2", "PWD_P59": "62.8", "PWD_P60": "65.7", "PWD_P61": "68.7", "PWD_P62": "71.8", "PWD_P63": "74.9", "PWD_P64": "78.3", "PWD_P65": "82.0", "PWD_P66": "86.2", "PWD_P67": "90.9", "PWD_P68": "95.7", "PWD_P69": "100.8", "PWD_P70": "106.3", "PWD_P71": "112.6", "PWD_P72": "119.3", "PWD_P73": "127.1", "PWD_P74": "135.8", "PWD_P75": "144.7", "PWD_P76": "154.1", "PWD_P77": "165.0", "PWD_P78": "177.3", "PWD_P79": "190.9", "PWD_P80": "207.3", "PWD_P81": "227.4", "PWD_P82": "250.8", "PWD_P83": "280.2", "PWD_P84": "315.4", "PWD_P85": "360.9", "PWD_P86": "455.4", "PWD_P87": "591.0", "PWD_P88": "1891.8", "PWD_P89": "3688.9", "PWD_P90": "4870.4", "PWD_P91": "6085.5", "PWD_P92": "7647.1", "PWD_P93": "9233.5", "PWD_P94": "11191.8", "PWD_P95": "12354.2", "PWD_P96": "13481.6", "PWD_P97": "14433.8", "PWD_P98": "14989.1", "PWD_P99": "16311.0", "PWD_P100": "19159.8" }, "geometry": { "type": "Point", "coordinates": [ 45.139732360839844, 4.994280815124512 ] } },
{ "type": "Feature", "id": 196, "properties": { "lon": 27.5796, "lat": -28.2709, "year": "2015", "ISO": "ZAF", "ISO_No": "710", "Name": "South Africa", "PWC_Lat": "-28.2709", "PWC_Lon": "27.5796", "Pop": "55386369", "Density": "45.5", "Area": "1216295.8", "PWD_A": "7818.8", "PWD_G": "2692.8", "PWD_M": "3612.8", "PWD_P1": "6.4", "PWD_P2": "19.3", "PWD_P3": "38.9", "PWD_P4": "63.5", "PWD_P5": "91.6", "PWD_P6": "122.4", "PWD_P7": "155.0", "PWD_P8": "189.3", "PWD_P9": "225.8", "PWD_P10": "264.2", "PWD_P11": "304.7", "PWD_P12": "346.3", "PWD_P13": "389.6", "PWD_P14": "434.2", "PWD_P15": "479.7", "PWD_P16": "527.2", "PWD_P17": "576.6", "PWD_P18": "627.6", "PWD_P19": "680.0", "PWD_P20": "735.0", "PWD_P21": "792.0", "PWD_P22": "851.6", "PWD_P23": "914.2", "PWD_P24": "978.1", "PWD_P25": "1044.2", "PWD_P26": "1112.3", "PWD_P27": "1184.1", "PWD_P28": "1258.0", "PWD_P29": "1334.4", "PWD_P30": "1412.5", "PWD_P31": "1493.9", "PWD_P32": "1578.8", "PWD_P33": "1665.3", "PWD_P34": "1754.8", "PWD_P35": "1844.3", "PWD_P36": "1935.8", "PWD_P37": "2031.5", "PWD_P38": "2130.3", "PWD_P39": "2231.0", "PWD_P40": "2336.1", "PWD_P41": "2443.4", "PWD_P42": "2552.4", "PWD_P43": "2665.1", "PWD_P44": "2782.4", "PWD_P45": "2906.2", "PWD_P46": "3033.9", "PWD_P47": "3166.3", "PWD_P48": "3306.8", "PWD_P49": "3457.7", "PWD_P50": "3612.8", "PWD_P51": "3775.6", "PWD_P52": "3942.0", "PWD_P53": "4121.1", "PWD_P54": "4308.1", "PWD_P55": "4501.7", "PWD_P56": "4703.1", "PWD_P57": "4907.1", "PWD_P58": "5115.2", "PWD_P59": "5329.1", "PWD_P60": "5566.9", "PWD_P61": "5807.8", "PWD_P62": "6054.7", "PWD_P63": "6299.4", "PWD_P64": "6552.9", "PWD_P65": "6817.7", "PWD_P66": "7099.6", "PWD_P67": "7382.8", "PWD_P68": "7673.0", "PWD_P69": "7971.0", "PWD_P70": "8280.0", "PWD_P71": "8605.7", "PWD_P72": "8927.2", "PWD_P73": "9259.1", "PWD_P74": "9607.6", "PWD_P75": "9967.5", "PWD_P76": "10336.5", "PWD_P77": "10706.3", "PWD_P78": "11114.8", "PWD_P79": "11532.4", "PWD_P80": "11971.9", "PWD_P81": "12433.5", "PWD_P82": "12912.8", "PWD_P83": "13416.8", "PWD_P84": "13985.2", "PWD_P85": "14605.5", "PWD_P86": "15258.8", "PWD_P87": "15962.5", "PWD_P88": "16793.8", "PWD_P89": "17708.8", "PWD_P90": "18721.0", "PWD_P91": "19882.5", "PWD_P92": "21261.8", "PWD_P93": "22892.4", "PWD_P94": "24875.1", "PWD_P95": "27248.3", "PWD_P96": "30431.9", "PWD_P97": "34872.0", "PWD_P98": "42424.0", "PWD_P99": "58845.2", "PWD_P100": "298694.6" }, "geometry": { "type": "Point", "coordinates": [ 27.5796, -28.2709 ] } },
{ "type": "Feature", "id": 197, "properties": { "lon": 30.604530334472656, "lat": -18.679239273071289, "year": "2015", "ISO": "ZWE", "ISO_No": "716", "Name": "Zimbabwe", "PWC_Lat": "-18.6792392730713", "PWC_Lon": "30.6045303344727", "Pop": "13814642", "Density": "35.7", "Area": "387309.9", "PWD_A": "970.6", "PWD_G": "149.3", "PWD_M": "75.6", "PWD_P1": "4.8", "PWD_P2": "6.2", "PWD_P3": "7.3", "PWD_P4": "8.4", "PWD_P5": "9.4", "PWD_P6": "10.4", "PWD_P7": "11.4", "PWD_P8": "12.4", "PWD_P9": "13.4", "PWD_P10": "14.4", "PWD_P11": "15.4", "PWD_P12": "16.4", "PWD_P13": "17.4", "PWD_P14": "18.3", "PWD_P15": "19.2", "PWD_P16": "20.1", "PWD_P17": "21.1", "PWD_P18": "22.0", "PWD_P19": "22.9", "PWD_P20": "23.8", "PWD_P21": "24.8", "PWD_P22": "25.7", "PWD_P23": "26.7", "PWD_P24": "27.8", "PWD_P25": "28.8", "PWD_P26": "29.8", "PWD_P27": "30.9", "PWD_P28": "32.0", "PWD_P29": "33.1", "PWD_P30": "34.3", "PWD_P31": "35.5", "PWD_P32": "36.8", "PWD_P33": "38.1", "PWD_P34": "39.5", "PWD_P35": "41.0", "PWD_P36": "42.5", "PWD_P37": "44.1", "PWD_P38": "45.8", "PWD_P39": "47.6", "PWD_P40": "49.5", "PWD_P41": "51.5", "PWD_P42": "53.7", "PWD_P43": "55.9", "PWD_P44": "58.1", "PWD_P45": "60.4", "PWD_P46": "63.0", "PWD_P47": "65.7", "PWD_P48": "68.6", "PWD_P49": "72.0", "PWD_P50": "75.6", "PWD_P51": "79.5", "PWD_P52": "83.8", "PWD_P53": "88.4", "PWD_P54": "93.5", "PWD_P55": "99.6", "PWD_P56": "106.7", "PWD_P57": "114.8", "PWD_P58": "124.6", "PWD_P59": "136.6", "PWD_P60": "150.6", "PWD_P61": "167.3", "PWD_P62": "187.8", "PWD_P63": "213.7", "PWD_P64": "246.8", "PWD_P65": "287.6", "PWD_P66": "338.8", "PWD_P67": "400.0", "PWD_P68": "474.7", "PWD_P69": "568.6", "PWD_P70": "686.5", "PWD_P71": "814.3", "PWD_P72": "959.4", "PWD_P73": "1105.4", "PWD_P74": "1262.0", "PWD_P75": "1408.7", "PWD_P76": "1547.2", "PWD_P77": "1679.5", "PWD_P78": "1802.7", "PWD_P79": "1930.8", "PWD_P80": "2052.9", "PWD_P81": "2167.7", "PWD_P82": "2289.2", "PWD_P83": "2413.4", "PWD_P84": "2528.5", "PWD_P85": "2637.0", "PWD_P86": "2733.9", "PWD_P87": "2828.1", "PWD_P88": "2911.8", "PWD_P89": "2995.9", "PWD_P90": "3075.7", "PWD_P91": "3153.1", "PWD_P92": "3228.0", "PWD_P93": "3306.4", "PWD_P94": "3409.3", "PWD_P95": "3553.9", "PWD_P96": "3828.5", "PWD_P97": "6276.7", "PWD_P98": "7950.8", "PWD_P99": "9741.9", "PWD_P100": "11060.9" }, "geometry": { "type": "Point", "coordinates": [ 30.604530334472656, -18.679239273071289 ] } },
{ "type": "Feature", "id": 198, "properties": { "lon": -3.1809580326080322, "lat": 39.628608703613281, "year": "2015", "ISO": "ESP", "ISO_No": "724", "Name": "Spain", "PWC_Lat": "39.6286087036133", "PWC_Lon": "-3.18095803260803", "Pop": "46671919", "Density": "92.7", "Area": "503714.5", "PWD_A": "5717.1", "PWD_G": "2078.8", "PWD_M": "3535.4", "PWD_P1": "3.7", "PWD_P2": "7.4", "PWD_P3": "12.8", "PWD_P4": "19.9", "PWD_P5": "28.8", "PWD_P6": "41.0", "PWD_P7": "57.0", "PWD_P8": "76.7", "PWD_P9": "100.8", "PWD_P10": "130.0", "PWD_P11": "162.9", "PWD_P12": "199.1", "PWD_P13": "237.1", "PWD_P14": "276.6", "PWD_P15": "317.6", "PWD_P16": "359.8", "PWD_P17": "403.4", "PWD_P18": "449.3", "PWD_P19": "497.3", "PWD_P20": "547.2", "PWD_P21": "600.1", "PWD_P22": "655.6", "PWD_P23": "713.7", "PWD_P24": "773.8", "PWD_P25": "836.0", "PWD_P26": "899.8", "PWD_P27": "966.3", "PWD_P28": "1035.6", "PWD_P29": "1107.7", "PWD_P30": "1182.8", "PWD_P31": "1260.6", "PWD_P32": "1341.1", "PWD_P33": "1424.7", "PWD_P34": "1511.7", "PWD_P35": "1602.3", "PWD_P36": "1695.4", "PWD_P37": "1793.7", "PWD_P38": "1897.3", "PWD_P39": "2006.5", "PWD_P40": "2120.3", "PWD_P41": "2238.7", "PWD_P42": "2361.4", "PWD_P43": "2490.7", "PWD_P44": "2626.4", "PWD_P45": "2767.8", "PWD_P46": "2913.8", "PWD_P47": "3061.8", "PWD_P48": "3216.5", "PWD_P49": "3372.4", "PWD_P50": "3535.4", "PWD_P51": "3702.4", "PWD_P52": "3874.2", "PWD_P53": "4050.5", "PWD_P54": "4233.3", "PWD_P55": "4420.1", "PWD_P56": "4607.5", "PWD_P57": "4799.4", "PWD_P58": "4999.1", "PWD_P59": "5192.3", "PWD_P60": "5389.0", "PWD_P61": "5587.2", "PWD_P62": "5800.1", "PWD_P63": "6015.0", "PWD_P64": "6242.9", "PWD_P65": "6478.5", "PWD_P66": "6714.8", "PWD_P67": "6950.6", "PWD_P68": "7181.1", "PWD_P69": "7405.0", "PWD_P70": "7642.5", "PWD_P71": "7892.2", "PWD_P72": "8163.1", "PWD_P73": "8430.5", "PWD_P74": "8696.0", "PWD_P75": "8974.4", "PWD_P76": "9248.5", "PWD_P77": "9522.5", "PWD_P78": "9804.2", "PWD_P79": "10099.2", "PWD_P80": "10417.7", "PWD_P81": "10740.4", "PWD_P82": "11086.0", "PWD_P83": "11436.1", "PWD_P84": "11793.1", "PWD_P85": "12147.1", "PWD_P86": "12548.0", "PWD_P87": "12984.8", "PWD_P88": "13466.9", "PWD_P89": "14041.9", "PWD_P90": "14773.1", "PWD_P91": "15577.3", "PWD_P92": "16282.8", "PWD_P93": "17062.1", "PWD_P94": "17766.2", "PWD_P95": "18487.9", "PWD_P96": "19413.3", "PWD_P97": "20963.4", "PWD_P98": "22432.0", "PWD_P99": "23986.5", "PWD_P100": "36895.1" }, "geometry": { "type": "Point", "coordinates": [ -3.180958032608032, 39.628608703613281 ] } },
{ "type": "Feature", "id": 199, "properties": { "lon": 31.020551681518555, "lat": 6.7372803688049316, "year": "2015", "ISO": "SSD", "ISO_No": "728", "Name": "South Sudan", "PWC_Lat": "6.73728036880493", "PWC_Lon": "31.0205516815186", "Pop": "10715657", "Density": "17.2", "Area": "623464.4", "PWD_A": "43.8", "PWD_G": "28.9", "PWD_M": "30.7", "PWD_P1": "2.5", "PWD_P2": "3.6", "PWD_P3": "4.4", "PWD_P4": "5.2", "PWD_P5": "6.0", "PWD_P6": "6.8", "PWD_P7": "7.6", "PWD_P8": "8.2", "PWD_P9": "8.7", "PWD_P10": "9.2", "PWD_P11": "9.6", "PWD_P12": "10.1", "PWD_P13": "10.5", "PWD_P14": "10.9", "PWD_P15": "11.3", "PWD_P16": "11.7", "PWD_P17": "12.0", "PWD_P18": "12.4", "PWD_P19": "12.8", "PWD_P20": "13.2", "PWD_P21": "13.6", "PWD_P22": "14.0", "PWD_P23": "14.4", "PWD_P24": "14.9", "PWD_P25": "15.3", "PWD_P26": "15.7", "PWD_P27": "16.2", "PWD_P28": "16.7", "PWD_P29": "17.2", "PWD_P30": "17.7", "PWD_P31": "18.2", "PWD_P32": "18.7", "PWD_P33": "19.3", "PWD_P34": "19.9", "PWD_P35": "20.5", "PWD_P36": "21.0", "PWD_P37": "21.6", "PWD_P38": "22.2", "PWD_P39": "22.9", "PWD_P40": "23.5", "PWD_P41": "24.3", "PWD_P42": "24.9", "PWD_P43": "25.6", "PWD_P44": "26.3", "PWD_P45": "27.0", "PWD_P46": "27.7", "PWD_P47": "28.4", "PWD_P48": "29.2", "PWD_P49": "29.9", "PWD_P50": "30.7", "PWD_P51": "31.5", "PWD_P52": "32.3", "PWD_P53": "33.1", "PWD_P54": "33.9", "PWD_P55": "34.7", "PWD_P56": "35.5", "PWD_P57": "36.3", "PWD_P58": "37.2", "PWD_P59": "38.2", "PWD_P60": "39.1", "PWD_P61": "40.1", "PWD_P62": "41.0", "PWD_P63": "41.9", "PWD_P64": "42.8", "PWD_P65": "43.8", "PWD_P66": "44.8", "PWD_P67": "45.8", "PWD_P68": "46.8", "PWD_P69": "47.8", "PWD_P70": "48.8", "PWD_P71": "50.0", "PWD_P72": "51.2", "PWD_P73": "52.5", "PWD_P74": "53.7", "PWD_P75": "54.9", "PWD_P76": "56.1", "PWD_P77": "57.5", "PWD_P78": "58.8", "PWD_P79": "60.1", "PWD_P80": "61.5", "PWD_P81": "62.8", "PWD_P82": "64.1", "PWD_P83": "65.3", "PWD_P84": "67.0", "PWD_P85": "69.4", "PWD_P86": "72.3", "PWD_P87": "76.0", "PWD_P88": "80.9", "PWD_P89": "86.0", "PWD_P90": "92.3", "PWD_P91": "98.2", "PWD_P92": "104.3", "PWD_P93": "113.3", "PWD_P94": "121.3", "PWD_P95": "127.9", "PWD_P96": "133.9", "PWD_P97": "151.9", "PWD_P98": "211.4", "PWD_P99": "260.9", "PWD_P100": "351.9" }, "geometry": { "type": "Point", "coordinates": [ 31.020551681518555, 6.737280368804932 ] } },
{ "type": "Feature", "id": 200, "properties": { "lon": 30.8597, "lat": 14.1953, "year": "2015", "ISO": "SDN", "ISO_No": "729", "Name": "Sudan", "PWC_Lat": "14.1953", "PWC_Lon": "30.8597", "Pop": "38902948", "Density": "20.9", "Area": "1859595.9", "PWD_A": "551.0", "PWD_G": "106.8", "PWD_M": "85.2", "PWD_P1": "1.8", "PWD_P2": "3.2", "PWD_P3": "4.2", "PWD_P4": "5.2", "PWD_P5": "6.5", "PWD_P6": "7.6", "PWD_P7": "8.6", "PWD_P8": "9.5", "PWD_P9": "10.4", "PWD_P10": "11.3", "PWD_P11": "12.2", "PWD_P12": "13.0", "PWD_P13": "13.9", "PWD_P14": "15.0", "PWD_P15": "16.0", "PWD_P16": "17.2", "PWD_P17": "18.4", "PWD_P18": "19.6", "PWD_P19": "20.8", "PWD_P20": "22.0", "PWD_P21": "23.2", "PWD_P22": "24.5", "PWD_P23": "25.8", "PWD_P24": "27.2", "PWD_P25": "28.7", "PWD_P26": "30.2", "PWD_P27": "31.6", "PWD_P28": "33.1", "PWD_P29": "34.6", "PWD_P30": "36.2", "PWD_P31": "37.7", "PWD_P32": "39.3", "PWD_P33": "40.8", "PWD_P34": "42.5", "PWD_P35": "44.2", "PWD_P36": "46.0", "PWD_P37": "47.8", "PWD_P38": "49.9", "PWD_P39": "52.0", "PWD_P40": "54.3", "PWD_P41": "56.6", "PWD_P42": "59.0", "PWD_P43": "61.6", "PWD_P44": "64.4", "PWD_P45": "67.4", "PWD_P46": "70.6", "PWD_P47": "74.1", "PWD_P48": "77.8", "PWD_P49": "81.5", "PWD_P50": "85.2", "PWD_P51": "89.0", "PWD_P52": "92.9", "PWD_P53": "96.8", "PWD_P54": "100.7", "PWD_P55": "104.7", "PWD_P56": "109.2", "PWD_P57": "114.3", "PWD_P58": "120.1", "PWD_P59": "126.6", "PWD_P60": "133.8", "PWD_P61": "142.4", "PWD_P62": "151.7", "PWD_P63": "161.7", "PWD_P64": "172.2", "PWD_P65": "183.7", "PWD_P66": "196.8", "PWD_P67": "211.2", "PWD_P68": "226.4", "PWD_P69": "242.6", "PWD_P70": "259.2", "PWD_P71": "278.3", "PWD_P72": "300.2", "PWD_P73": "325.1", "PWD_P74": "353.2", "PWD_P75": "386.2", "PWD_P76": "424.2", "PWD_P77": "470.2", "PWD_P78": "525.3", "PWD_P79": "588.2", "PWD_P80": "658.4", "PWD_P81": "738.6", "PWD_P82": "823.1", "PWD_P83": "916.1", "PWD_P84": "1017.4", "PWD_P85": "1134.4", "PWD_P86": "1260.8", "PWD_P87": "1386.9", "PWD_P88": "1492.6", "PWD_P89": "1602.2", "PWD_P90": "1773.9", "PWD_P91": "2005.4", "PWD_P92": "2248.7", "PWD_P93": "2433.2", "PWD_P94": "2634.9", "PWD_P95": "2962.7", "PWD_P96": "3699.3", "PWD_P97": "4401.8", "PWD_P98": "4932.8", "PWD_P99": "5471.0", "PWD_P100": "7362.9" }, "geometry": { "type": "Point", "coordinates": [ 30.8597, 14.1953 ] } },
{ "type": "Feature", "id": 201, "properties": { "lon": -13.827457427978516, "lat": 26.092180252075195, "year": "2015", "ISO": "ESH", "ISO_No": "732", "Name": "Western Sahara", "PWC_Lat": "26.0921802520752", "PWC_Lon": "-13.8274574279785", "Pop": "526211", "Density": "2.0", "Area": "267941.4", "PWD_A": "3364.1", "PWD_G": "1175.8", "PWD_M": "1454.7", "PWD_P1": "0.3", "PWD_P2": "2.1", "PWD_P3": "8.1", "PWD_P4": "20.6", "PWD_P5": "56.4", "PWD_P6": "125.9", "PWD_P7": "177.7", "PWD_P8": "205.6", "PWD_P9": "229.1", "PWD_P10": "247.9", "PWD_P11": "268.1", "PWD_P12": "292.3", "PWD_P13": "314.4", "PWD_P14": "336.4", "PWD_P15": "363.0", "PWD_P16": "389.4", "PWD_P17": "421.1", "PWD_P18": "450.6", "PWD_P19": "470.3", "PWD_P20": "493.2", "PWD_P21": "519.7", "PWD_P22": "551.1", "PWD_P23": "578.5", "PWD_P24": "608.3", "PWD_P25": "638.2", "PWD_P26": "658.2", "PWD_P27": "679.5", "PWD_P28": "700.2", "PWD_P29": "721.4", "PWD_P30": "746.9", "PWD_P31": "771.3", "PWD_P32": "791.7", "PWD_P33": "814.6", "PWD_P34": "841.2", "PWD_P35": "871.8", "PWD_P36": "900.6", "PWD_P37": "936.2", "PWD_P38": "967.5", "PWD_P39": "1000.0", "PWD_P40": "1032.8", "PWD_P41": "1068.7", "PWD_P42": "1110.4", "PWD_P43": "1149.0", "PWD_P44": "1192.7", "PWD_P45": "1243.8", "PWD_P46": "1283.3", "PWD_P47": "1321.9", "PWD_P48": "1367.4", "PWD_P49": "1413.3", "PWD_P50": "1454.7", "PWD_P51": "1491.6", "PWD_P52": "1537.4", "PWD_P53": "1588.5", "PWD_P54": "1627.2", "PWD_P55": "1671.8", "PWD_P56": "1723.4", "PWD_P57": "1787.7", "PWD_P58": "1867.9", "PWD_P59": "1944.0", "PWD_P60": "2010.1", "PWD_P61": "2091.0", "PWD_P62": "2151.2", "PWD_P63": "2203.8", "PWD_P64": "2270.9", "PWD_P65": "2344.4", "PWD_P66": "2435.1", "PWD_P67": "2549.9", "PWD_P68": "2635.0", "PWD_P69": "2732.1", "PWD_P70": "2857.8", "PWD_P71": "2961.0", "PWD_P72": "3071.5", "PWD_P73": "3180.4", "PWD_P74": "3306.9", "PWD_P75": "3421.5", "PWD_P76": "3524.5", "PWD_P77": "3602.3", "PWD_P78": "3669.9", "PWD_P79": "3750.4", "PWD_P80": "3838.0", "PWD_P81": "3972.3", "PWD_P82": "4122.2", "PWD_P83": "4289.6", "PWD_P84": "4450.4", "PWD_P85": "4614.8", "PWD_P86": "4804.8", "PWD_P87": "5082.5", "PWD_P88": "5390.4", "PWD_P89": "5672.7", "PWD_P90": "6119.7", "PWD_P91": "7493.0", "PWD_P92": "9544.6", "PWD_P93": "12514.5", "PWD_P94": "15066.2", "PWD_P95": "19647.8", "PWD_P96": "22182.7", "PWD_P97": "24047.2", "PWD_P98": "26441.7", "PWD_P99": "28201.8", "PWD_P100": "29877.8" }, "geometry": { "type": "Point", "coordinates": [ -13.827457427978516, 26.092180252075195 ] } },
{ "type": "Feature", "id": 202, "properties": { "lon": -55.320823669433594, "lat": 5.650507926940918, "year": "2015", "ISO": "SUR", "ISO_No": "740", "Name": "Suriname", "PWC_Lat": "5.65050792694092", "PWC_Lon": "-55.3208236694336", "Pop": "559136", "Density": "3.8", "Area": "145228.8", "PWD_A": "1337.2", "PWD_G": "278.4", "PWD_M": "518.3", "PWD_P1": "0.2", "PWD_P2": "0.4", "PWD_P3": "0.6", "PWD_P4": "1.0", "PWD_P5": "1.5", "PWD_P6": "2.0", "PWD_P7": "2.7", "PWD_P8": "3.6", "PWD_P9": "4.5", "PWD_P10": "6.1", "PWD_P11": "8.2", "PWD_P12": "10.7", "PWD_P13": "13.4", "PWD_P14": "16.4", "PWD_P15": "20.2", "PWD_P16": "24.5", "PWD_P17": "29.1", "PWD_P18": "34.1", "PWD_P19": "39.0", "PWD_P20": "44.3", "PWD_P21": "49.7", "PWD_P22": "55.6", "PWD_P23": "62.2", "PWD_P24": "70.0", "PWD_P25": "79.1", "PWD_P26": "88.7", "PWD_P27": "98.9", "PWD_P28": "109.7", "PWD_P29": "122.8", "PWD_P30": "137.3", "PWD_P31": "152.5", "PWD_P32": "167.6", "PWD_P33": "183.2", "PWD_P34": "200.4", "PWD_P35": "218.3", "PWD_P36": "236.1", "PWD_P37": "255.1", "PWD_P38": "274.6", "PWD_P39": "295.1", "PWD_P40": "316.0", "PWD_P41": "337.7", "PWD_P42": "359.7", "PWD_P43": "380.8", "PWD_P44": "400.8", "PWD_P45": "421.9", "PWD_P46": "441.0", "PWD_P47": "459.0", "PWD_P48": "477.4", "PWD_P49": "498.2", "PWD_P50": "518.3", "PWD_P51": "539.3", "PWD_P52": "562.0", "PWD_P53": "584.8", "PWD_P54": "606.0", "PWD_P55": "629.6", "PWD_P56": "655.2", "PWD_P57": "682.3", "PWD_P58": "710.3", "PWD_P59": "739.7", "PWD_P60": "766.2", "PWD_P61": "793.5", "PWD_P62": "824.9", "PWD_P63": "863.3", "PWD_P64": "907.7", "PWD_P65": "958.8", "PWD_P66": "1012.3", "PWD_P67": "1066.2", "PWD_P68": "1128.6", "PWD_P69": "1189.9", "PWD_P70": "1254.7", "PWD_P71": "1319.0", "PWD_P72": "1385.4", "PWD_P73": "1452.3", "PWD_P74": "1534.3", "PWD_P75": "1615.9", "PWD_P76": "1710.3", "PWD_P77": "1822.5", "PWD_P78": "1968.9", "PWD_P79": "2143.5", "PWD_P80": "2303.1", "PWD_P81": "2466.7", "PWD_P82": "2653.8", "PWD_P83": "2819.8", "PWD_P84": "2974.3", "PWD_P85": "3159.3", "PWD_P86": "3364.1", "PWD_P87": "3600.7", "PWD_P88": "3902.9", "PWD_P89": "4187.0", "PWD_P90": "4443.5", "PWD_P91": "4767.9", "PWD_P92": "5030.3", "PWD_P93": "5354.5", "PWD_P94": "5637.8", "PWD_P95": "5989.4", "PWD_P96": "6273.8", "PWD_P97": "6599.7", "PWD_P98": "7007.3", "PWD_P99": "7616.0", "PWD_P100": "9669.4" }, "geometry": { "type": "Point", "coordinates": [ -55.320823669433594, 5.650507926940918 ] } },
{ "type": "Feature", "id": 203, "properties": { "lon": 31.423690795898438, "lat": -26.524869918823242, "year": "2015", "ISO": "SWZ", "ISO_No": "748", "Name": "Swaziland", "PWC_Lat": "-26.5248699188232", "PWC_Lon": "31.4236907958984", "Pop": "1104038", "Density": "64.0", "Area": "17247.3", "PWD_A": "329.6", "PWD_G": "120.8", "PWD_M": "90.4", "PWD_P1": "12.5", "PWD_P2": "15.7", "PWD_P3": "17.7", "PWD_P4": "19.6", "PWD_P5": "21.3", "PWD_P6": "22.9", "PWD_P7": "24.4", "PWD_P8": "25.8", "PWD_P9": "27.2", "PWD_P10": "28.4", "PWD_P11": "29.6", "PWD_P12": "30.9", "PWD_P13": "32.1", "PWD_P14": "33.3", "PWD_P15": "34.5", "PWD_P16": "35.8", "PWD_P17": "37.0", "PWD_P18": "38.3", "PWD_P19": "39.5", "PWD_P20": "40.8", "PWD_P21": "42.1", "PWD_P22": "43.3", "PWD_P23": "44.5", "PWD_P24": "45.8", "PWD_P25": "47.0", "PWD_P26": "48.3", "PWD_P27": "49.7", "PWD_P28": "51.0", "PWD_P29": "52.4", "PWD_P30": "53.8", "PWD_P31": "55.3", "PWD_P32": "56.8", "PWD_P33": "58.3", "PWD_P34": "59.9", "PWD_P35": "61.5", "PWD_P36": "63.2", "PWD_P37": "65.0", "PWD_P38": "66.8", "PWD_P39": "68.6", "PWD_P40": "70.3", "PWD_P41": "72.1", "PWD_P42": "73.8", "PWD_P43": "75.7", "PWD_P44": "77.6", "PWD_P45": "79.6", "PWD_P46": "81.7", "PWD_P47": "83.7", "PWD_P48": "85.9", "PWD_P49": "88.1", "PWD_P50": "90.4", "PWD_P51": "92.8", "PWD_P52": "95.3", "PWD_P53": "97.9", "PWD_P54": "100.6", "PWD_P55": "103.6", "PWD_P56": "106.6", "PWD_P57": "109.7", "PWD_P58": "112.8", "PWD_P59": "116.3", "PWD_P60": "119.7", "PWD_P61": "123.4", "PWD_P62": "127.3", "PWD_P63": "131.4", "PWD_P64": "135.9", "PWD_P65": "140.7", "PWD_P66": "146.0", "PWD_P67": "151.6", "PWD_P68": "157.3", "PWD_P69": "163.0", "PWD_P70": "169.5", "PWD_P71": "176.7", "PWD_P72": "185.8", "PWD_P73": "195.4", "PWD_P74": "207.7", "PWD_P75": "221.0", "PWD_P76": "236.1", "PWD_P77": "255.3", "PWD_P78": "283.2", "PWD_P79": "321.0", "PWD_P80": "361.4", "PWD_P81": "422.0", "PWD_P82": "485.7", "PWD_P83": "548.5", "PWD_P84": "612.4", "PWD_P85": "691.0", "PWD_P86": "833.3", "PWD_P87": "940.3", "PWD_P88": "1026.8", "PWD_P89": "1112.6", "PWD_P90": "1296.1", "PWD_P91": "1448.6", "PWD_P92": "1569.1", "PWD_P93": "1682.5", "PWD_P94": "1752.5", "PWD_P95": "1825.5", "PWD_P96": "1907.9", "PWD_P97": "1987.4", "PWD_P98": "2058.0", "PWD_P99": "2143.0", "PWD_P100": "2593.0" }, "geometry": { "type": "Point", "coordinates": [ 31.423690795898438, -26.524869918823242 ] } },
{ "type": "Feature", "id": 204, "properties": { "lon": 15.540896415710449, "lat": 58.835758209228516, "year": "2015", "ISO": "SWE", "ISO_No": "752", "Name": "Sweden", "PWC_Lat": "58.8357582092285", "PWC_Lon": "15.5408964157104", "Pop": "9764948", "Density": "23.2", "Area": "421312.3", "PWD_A": "2480.2", "PWD_G": "701.7", "PWD_M": "1208.5", "PWD_P1": "1.5", "PWD_P2": "2.8", "PWD_P3": "4.0", "PWD_P4": "5.4", "PWD_P5": "7.1", "PWD_P6": "9.0", "PWD_P7": "11.3", "PWD_P8": "13.9", "PWD_P9": "17.1", "PWD_P10": "21.2", "PWD_P11": "26.4", "PWD_P12": "33.5", "PWD_P13": "43.3", "PWD_P14": "56.0", "PWD_P15": "70.8", "PWD_P16": "88.0", "PWD_P17": "107.0", "PWD_P18": "127.6", "PWD_P19": "150.4", "PWD_P20": "175.0", "PWD_P21": "201.3", "PWD_P22": "229.7", "PWD_P23": "260.0", "PWD_P24": "292.2", "PWD_P25": "325.7", "PWD_P26": "360.5", "PWD_P27": "395.3", "PWD_P28": "430.2", "PWD_P29": "465.0", "PWD_P30": "499.8", "PWD_P31": "534.3", "PWD_P32": "568.7", "PWD_P33": "602.5", "PWD_P34": "636.6", "PWD_P35": "670.6", "PWD_P36": "704.0", "PWD_P37": "736.9", "PWD_P38": "770.3", "PWD_P39": "803.8", "PWD_P40": "837.4", "PWD_P41": "871.0", "PWD_P42": "905.3", "PWD_P43": "939.9", "PWD_P44": "975.1", "PWD_P45": "1011.8", "PWD_P46": "1049.0", "PWD_P47": "1087.0", "PWD_P48": "1126.7", "PWD_P49": "1167.0", "PWD_P50": "1208.5", "PWD_P51": "1251.2", "PWD_P52": "1294.8", "PWD_P53": "1339.3", "PWD_P54": "1384.6", "PWD_P55": "1431.2", "PWD_P56": "1479.8", "PWD_P57": "1529.9", "PWD_P58": "1579.6", "PWD_P59": "1631.1", "PWD_P60": "1684.2", "PWD_P61": "1739.0", "PWD_P62": "1796.4", "PWD_P63": "1856.2", "PWD_P64": "1918.3", "PWD_P65": "1982.5", "PWD_P66": "2050.0", "PWD_P67": "2121.1", "PWD_P68": "2195.5", "PWD_P69": "2274.4", "PWD_P70": "2357.2", "PWD_P71": "2443.1", "PWD_P72": "2532.3", "PWD_P73": "2626.0", "PWD_P74": "2723.2", "PWD_P75": "2826.5", "PWD_P76": "2929.8", "PWD_P77": "3040.1", "PWD_P78": "3157.8", "PWD_P79": "3281.4", "PWD_P80": "3413.5", "PWD_P81": "3551.7", "PWD_P82": "3701.5", "PWD_P83": "3860.3", "PWD_P84": "4038.1", "PWD_P85": "4231.6", "PWD_P86": "4448.4", "PWD_P87": "4687.8", "PWD_P88": "4959.0", "PWD_P89": "5264.1", "PWD_P90": "5608.4", "PWD_P91": "6022.8", "PWD_P92": "6519.8", "PWD_P93": "7120.6", "PWD_P94": "7923.3", "PWD_P95": "9053.6", "PWD_P96": "10769.6", "PWD_P97": "13184.4", "PWD_P98": "16866.2", "PWD_P99": "23000.4", "PWD_P100": "48139.6" }, "geometry": { "type": "Point", "coordinates": [ 15.540896415710449, 58.835758209228516 ] } },
{ "type": "Feature", "id": 205, "properties": { "lon": 7.9520673751831055, "lat": 47.02093505859375, "year": "2015", "ISO": "CHE", "ISO_No": "756", "Name": "Switzerland", "PWC_Lat": "47.0209350585938", "PWC_Lon": "7.95206737518311", "Pop": "8296775", "Density": "208.6", "Area": "39764.2", "PWD_A": "3023.4", "PWD_G": "1227.2", "PWD_M": "1588.4", "PWD_P1": "14.1", "PWD_P2": "28.3", "PWD_P3": "41.8", "PWD_P4": "53.3", "PWD_P5": "64.0", "PWD_P6": "74.9", "PWD_P7": "86.1", "PWD_P8": "97.7", "PWD_P9": "109.7", "PWD_P10": "122.5", "PWD_P11": "136.4", "PWD_P12": "151.2", "PWD_P13": "167.3", "PWD_P14": "184.5", "PWD_P15": "202.8", "PWD_P16": "222.3", "PWD_P17": "242.7", "PWD_P18": "263.6", "PWD_P19": "285.5", "PWD_P20": "308.4", "PWD_P21": "332.1", "PWD_P22": "357.1", "PWD_P23": "383.1", "PWD_P24": "409.8", "PWD_P25": "437.4", "PWD_P26": "466.2", "PWD_P27": "495.7", "PWD_P28": "526.6", "PWD_P29": "558.8", "PWD_P30": "592.1", "PWD_P31": "626.4", "PWD_P32": "662.6", "PWD_P33": "700.0", "PWD_P34": "738.3", "PWD_P35": "778.1", "PWD_P36": "819.5", "PWD_P37": "861.6", "PWD_P38": "905.7", "PWD_P39": "951.5", "PWD_P40": "998.8", "PWD_P41": "1048.1", "PWD_P42": "1099.2", "PWD_P43": "1151.9", "PWD_P44": "1206.9", "PWD_P45": "1263.4", "PWD_P46": "1323.3", "PWD_P47": "1386.5", "PWD_P48": "1450.7", "PWD_P49": "1518.0", "PWD_P50": "1588.4", "PWD_P51": "1660.6", "PWD_P52": "1737.6", "PWD_P53": "1816.4", "PWD_P54": "1900.5", "PWD_P55": "1985.9", "PWD_P56": "2073.7", "PWD_P57": "2162.8", "PWD_P58": "2255.3", "PWD_P59": "2352.4", "PWD_P60": "2453.2", "PWD_P61": "2557.8", "PWD_P62": "2661.8", "PWD_P63": "2772.9", "PWD_P64": "2888.6", "PWD_P65": "3009.0", "PWD_P66": "3133.6", "PWD_P67": "3259.3", "PWD_P68": "3385.4", "PWD_P69": "3519.4", "PWD_P70": "3657.7", "PWD_P71": "3796.4", "PWD_P72": "3943.9", "PWD_P73": "4093.6", "PWD_P74": "4244.4", "PWD_P75": "4404.2", "PWD_P76": "4567.8", "PWD_P77": "4733.6", "PWD_P78": "4914.4", "PWD_P79": "5106.5", "PWD_P80": "5311.7", "PWD_P81": "5518.8", "PWD_P82": "5739.7", "PWD_P83": "5982.6", "PWD_P84": "6241.3", "PWD_P85": "6491.6", "PWD_P86": "6745.8", "PWD_P87": "7015.5", "PWD_P88": "7307.6", "PWD_P89": "7607.1", "PWD_P90": "7931.0", "PWD_P91": "8304.4", "PWD_P92": "8712.5", "PWD_P93": "9079.1", "PWD_P94": "9434.9", "PWD_P95": "9875.3", "PWD_P96": "10439.0", "PWD_P97": "11136.1", "PWD_P98": "13145.7", "PWD_P99": "19955.2", "PWD_P100": "24404.2" }, "geometry": { "type": "Point", "coordinates": [ 7.952067375183105, 47.02093505859375 ] } },
{ "type": "Feature", "id": 206, "properties": { "lon": 37.296871185302734, "lat": 35.060989379882812, "year": "2015", "ISO": "SYR", "ISO_No": "760", "Name": "Syria", "PWC_Lat": "35.0609893798828", "PWC_Lon": "37.2968711853027", "Pop": "17997411", "Density": "97.1", "Area": "185417.6", "PWD_A": "3751.2", "PWD_G": "1018.1", "PWD_M": "1325.7", "PWD_P1": "6.4", "PWD_P2": "11.7", "PWD_P3": "17.5", "PWD_P4": "23.3", "PWD_P5": "29.0", "PWD_P6": "34.8", "PWD_P7": "40.9", "PWD_P8": "47.5", "PWD_P9": "54.5", "PWD_P10": "62.1", "PWD_P11": "70.2", "PWD_P12": "78.8", "PWD_P13": "88.0", "PWD_P14": "97.8", "PWD_P15": "108.4", "PWD_P16": "119.8", "PWD_P17": "131.7", "PWD_P18": "144.3", "PWD_P19": "157.6", "PWD_P20": "172.2", "PWD_P21": "188.3", "PWD_P22": "206.3", "PWD_P23": "226.2", "PWD_P24": "247.7", "PWD_P25": "270.4", "PWD_P26": "294.4", "PWD_P27": "319.6", "PWD_P28": "345.5", "PWD_P29": "371.6", "PWD_P30": "398.8", "PWD_P31": "426.1", "PWD_P32": "453.7", "PWD_P33": "482.2", "PWD_P34": "511.4", "PWD_P35": "541.0", "PWD_P36": "572.0", "PWD_P37": "604.8", "PWD_P38": "639.4", "PWD_P39": "676.6", "PWD_P40": "717.5", "PWD_P41": "763.2", "PWD_P42": "812.1", "PWD_P43": "864.5", "PWD_P44": "921.0", "PWD_P45": "980.4", "PWD_P46": "1042.3", "PWD_P47": "1108.6", "PWD_P48": "1178.1", "PWD_P49": "1249.7", "PWD_P50": "1325.7", "PWD_P51": "1404.2", "PWD_P52": "1484.5", "PWD_P53": "1568.3", "PWD_P54": "1655.0", "PWD_P55": "1742.4", "PWD_P56": "1832.6", "PWD_P57": "1926.5", "PWD_P58": "2021.4", "PWD_P59": "2122.4", "PWD_P60": "2226.5", "PWD_P61": "2335.4", "PWD_P62": "2448.5", "PWD_P63": "2566.8", "PWD_P64": "2681.9", "PWD_P65": "2806.2", "PWD_P66": "2938.9", "PWD_P67": "3057.1", "PWD_P68": "3190.6", "PWD_P69": "3341.0", "PWD_P70": "3498.2", "PWD_P71": "3674.4", "PWD_P72": "3855.7", "PWD_P73": "4057.7", "PWD_P74": "4352.7", "PWD_P75": "4763.8", "PWD_P76": "5197.9", "PWD_P77": "5639.8", "PWD_P78": "6101.1", "PWD_P79": "6529.0", "PWD_P80": "6906.8", "PWD_P81": "7375.8", "PWD_P82": "7981.2", "PWD_P83": "8360.0", "PWD_P84": "8820.7", "PWD_P85": "9269.3", "PWD_P86": "9598.8", "PWD_P87": "9961.7", "PWD_P88": "10295.3", "PWD_P89": "10519.8", "PWD_P90": "10759.5", "PWD_P91": "11289.1", "PWD_P92": "12484.5", "PWD_P93": "15927.1", "PWD_P94": "17464.5", "PWD_P95": "17976.9", "PWD_P96": "18453.5", "PWD_P97": "19031.3", "PWD_P98": "19621.0", "PWD_P99": "20618.8", "PWD_P100": "24756.0" }, "geometry": { "type": "Point", "coordinates": [ 37.296871185302734, 35.060989379882812 ] } },
{ "type": "Feature", "id": 207, "properties": { "lon": 69.212226867675781, "lat": 38.715587615966797, "year": "2015", "ISO": "TJK", "ISO_No": "762", "Name": "Tajikistan", "PWC_Lat": "38.7155876159668", "PWC_Lon": "69.2122268676758", "Pop": "8454019", "Density": "60.1", "Area": "140731.9", "PWD_A": "2405.1", "PWD_G": "421.2", "PWD_M": "377.5", "PWD_P1": "4.8", "PWD_P2": "10.2", "PWD_P3": "15.8", "PWD_P4": "20.8", "PWD_P5": "25.3", "PWD_P6": "29.1", "PWD_P7": "32.8", "PWD_P8": "36.3", "PWD_P9": "39.8", "PWD_P10": "43.2", "PWD_P11": "46.6", "PWD_P12": "50.1", "PWD_P13": "53.5", "PWD_P14": "57.1", "PWD_P15": "60.9", "PWD_P16": "64.9", "PWD_P17": "69.0", "PWD_P18": "73.1", "PWD_P19": "77.5", "PWD_P20": "82.0", "PWD_P21": "86.9", "PWD_P22": "92.1", "PWD_P23": "97.8", "PWD_P24": "103.9", "PWD_P25": "110.3", "PWD_P26": "116.9", "PWD_P27": "123.8", "PWD_P28": "131.4", "PWD_P29": "139.5", "PWD_P30": "147.7", "PWD_P31": "156.1", "PWD_P32": "164.6", "PWD_P33": "173.6", "PWD_P34": "182.9", "PWD_P35": "192.4", "PWD_P36": "202.4", "PWD_P37": "212.7", "PWD_P38": "222.9", "PWD_P39": "233.6", "PWD_P40": "245.0", "PWD_P41": "256.9", "PWD_P42": "268.8", "PWD_P43": "281.0", "PWD_P44": "293.3", "PWD_P45": "306.2", "PWD_P46": "319.7", "PWD_P47": "333.5", "PWD_P48": "347.7", "PWD_P49": "362.1", "PWD_P50": "377.5", "PWD_P51": "393.5", "PWD_P52": "411.2", "PWD_P53": "429.9", "PWD_P54": "449.8", "PWD_P55": "471.6", "PWD_P56": "494.2", "PWD_P57": "518.4", "PWD_P58": "544.1", "PWD_P59": "571.6", "PWD_P60": "601.1", "PWD_P61": "633.4", "PWD_P62": "666.8", "PWD_P63": "704.3", "PWD_P64": "743.6", "PWD_P65": "785.5", "PWD_P66": "830.5", "PWD_P67": "878.1", "PWD_P68": "928.4", "PWD_P69": "982.1", "PWD_P70": "1038.8", "PWD_P71": "1098.7", "PWD_P72": "1160.3", "PWD_P73": "1225.0", "PWD_P74": "1293.2", "PWD_P75": "1367.2", "PWD_P76": "1450.2", "PWD_P77": "1536.1", "PWD_P78": "1626.5", "PWD_P79": "1719.2", "PWD_P80": "1824.2", "PWD_P81": "1942.1", "PWD_P82": "2069.8", "PWD_P83": "2226.3", "PWD_P84": "2419.7", "PWD_P85": "2665.3", "PWD_P86": "2930.3", "PWD_P87": "3211.6", "PWD_P88": "3573.5", "PWD_P89": "4471.0", "PWD_P90": "9332.2", "PWD_P91": "12760.5", "PWD_P92": "14681.6", "PWD_P93": "16411.7", "PWD_P94": "17707.8", "PWD_P95": "18647.7", "PWD_P96": "19297.9", "PWD_P97": "19847.4", "PWD_P98": "20415.2", "PWD_P99": "21151.5", "PWD_P100": "23021.4" }, "geometry": { "type": "Point", "coordinates": [ 69.212226867675781, 38.715587615966797 ] } },
{ "type": "Feature", "id": 208, "properties": { "lon": 101.09184265136719, "lat": 14.214245796203613, "year": "2015", "ISO": "THA", "ISO_No": "764", "Name": "Thailand", "PWC_Lat": "14.2142457962036", "PWC_Lon": "101.091842651367", "Pop": "68714519", "Density": "134.6", "Area": "510410.0", "PWD_A": "2668.8", "PWD_G": "535.6", "PWD_M": "410.6", "PWD_P1": "15.3", "PWD_P2": "21.0", "PWD_P3": "26.3", "PWD_P4": "31.2", "PWD_P5": "35.8", "PWD_P6": "39.8", "PWD_P7": "43.5", "PWD_P8": "47.0", "PWD_P9": "50.4", "PWD_P10": "53.6", "PWD_P11": "56.7", "PWD_P12": "59.9", "PWD_P13": "63.0", "PWD_P14": "66.1", "PWD_P15": "69.3", "PWD_P16": "72.6", "PWD_P17": "76.0", "PWD_P18": "79.5", "PWD_P19": "83.2", "PWD_P20": "87.1", "PWD_P21": "91.2", "PWD_P22": "95.5", "PWD_P23": "100.1", "PWD_P24": "104.9", "PWD_P25": "110.1", "PWD_P26": "115.6", "PWD_P27": "121.5", "PWD_P28": "127.7", "PWD_P29": "134.2", "PWD_P30": "141.0", "PWD_P31": "148.2", "PWD_P32": "155.8", "PWD_P33": "163.9", "PWD_P34": "172.5", "PWD_P35": "181.7", "PWD_P36": "191.2", "PWD_P37": "201.3", "PWD_P38": "211.9", "PWD_P39": "223.2", "PWD_P40": "235.2", "PWD_P41": "248.0", "PWD_P42": "261.9", "PWD_P43": "276.7", "PWD_P44": "292.6", "PWD_P45": "309.4", "PWD_P46": "327.3", "PWD_P47": "346.2", "PWD_P48": "366.4", "PWD_P49": "387.7", "PWD_P50": "410.6", "PWD_P51": "434.9", "PWD_P52": "460.6", "PWD_P53": "487.7", "PWD_P54": "516.7", "PWD_P55": "548.1", "PWD_P56": "582.1", "PWD_P57": "619.3", "PWD_P58": "659.9", "PWD_P59": "704.8", "PWD_P60": "754.6", "PWD_P61": "809.9", "PWD_P62": "872.2", "PWD_P63": "942.4", "PWD_P64": "1021.9", "PWD_P65": "1110.6", "PWD_P66": "1213.8", "PWD_P67": "1329.6", "PWD_P68": "1456.4", "PWD_P69": "1596.9", "PWD_P70": "1750.2", "PWD_P71": "1916.6", "PWD_P72": "2094.6", "PWD_P73": "2287.6", "PWD_P74": "2496.5", "PWD_P75": "2719.3", "PWD_P76": "2952.3", "PWD_P77": "3200.8", "PWD_P78": "3463.4", "PWD_P79": "3743.1", "PWD_P80": "4035.2", "PWD_P81": "4345.0", "PWD_P82": "4676.6", "PWD_P83": "5038.7", "PWD_P84": "5438.1", "PWD_P85": "5884.8", "PWD_P86": "6398.8", "PWD_P87": "6992.9", "PWD_P88": "7645.8", "PWD_P89": "8377.7", "PWD_P90": "9281.9", "PWD_P91": "10290.2", "PWD_P92": "11355.3", "PWD_P93": "12465.9", "PWD_P94": "13563.0", "PWD_P95": "14673.2", "PWD_P96": "15776.1", "PWD_P97": "17058.3", "PWD_P98": "18806.3", "PWD_P99": "21588.0", "PWD_P100": "30590.6" }, "geometry": { "type": "Point", "coordinates": [ 101.091842651367188, 14.214245796203613 ] } },
{ "type": "Feature", "id": 209, "properties": { "lon": 1.0591429471969604, "lat": 7.7451119422912598, "year": "2015", "ISO": "TGO", "ISO_No": "768", "Name": "Togo", "PWC_Lat": "7.74511194229126", "PWC_Lon": "1.05914294719696", "Pop": "7323161", "Density": "128.4", "Area": "57055.9", "PWD_A": "2139.1", "PWD_G": "484.6", "PWD_M": "361.7", "PWD_P1": "17.5", "PWD_P2": "23.3", "PWD_P3": "27.2", "PWD_P4": "30.9", "PWD_P5": "33.9", "PWD_P6": "36.5", "PWD_P7": "39.2", "PWD_P8": "41.9", "PWD_P9": "44.5", "PWD_P10": "47.0", "PWD_P11": "49.3", "PWD_P12": "51.4", "PWD_P13": "53.6", "PWD_P14": "55.8", "PWD_P15": "57.9", "PWD_P16": "60.2", "PWD_P17": "62.6", "PWD_P18": "65.1", "PWD_P19": "67.8", "PWD_P20": "71.0", "PWD_P21": "74.4", "PWD_P22": "78.4", "PWD_P23": "82.3", "PWD_P24": "86.6", "PWD_P25": "91.3", "PWD_P26": "96.4", "PWD_P27": "101.4", "PWD_P28": "106.3", "PWD_P29": "111.3", "PWD_P30": "116.5", "PWD_P31": "122.3", "PWD_P32": "129.6", "PWD_P33": "137.5", "PWD_P34": "145.6", "PWD_P35": "153.9", "PWD_P36": "162.4", "PWD_P37": "171.6", "PWD_P38": "180.9", "PWD_P39": "190.5", "PWD_P40": "200.6", "PWD_P41": "211.6", "PWD_P42": "224.5", "PWD_P43": "239.9", "PWD_P44": "255.2", "PWD_P45": "272.3", "PWD_P46": "289.7", "PWD_P47": "306.7", "PWD_P48": "323.5", "PWD_P49": "341.8", "PWD_P50": "361.7", "PWD_P51": "384.3", "PWD_P52": "410.9", "PWD_P53": "438.4", "PWD_P54": "470.1", "PWD_P55": "503.7", "PWD_P56": "537.4", "PWD_P57": "573.8", "PWD_P58": "612.0", "PWD_P59": "653.9", "PWD_P60": "698.3", "PWD_P61": "743.1", "PWD_P62": "788.6", "PWD_P63": "844.3", "PWD_P64": "905.8", "PWD_P65": "969.4", "PWD_P66": "1049.2", "PWD_P67": "1139.7", "PWD_P68": "1257.6", "PWD_P69": "1439.1", "PWD_P70": "1681.6", "PWD_P71": "2093.8", "PWD_P72": "2535.5", "PWD_P73": "3211.8", "PWD_P74": "3806.8", "PWD_P75": "4255.5", "PWD_P76": "4546.9", "PWD_P77": "4815.3", "PWD_P78": "5193.7", "PWD_P79": "5497.3", "PWD_P80": "5766.6", "PWD_P81": "6047.3", "PWD_P82": "6304.5", "PWD_P83": "6509.9", "PWD_P84": "6667.6", "PWD_P85": "6807.2", "PWD_P86": "6941.8", "PWD_P87": "7068.0", "PWD_P88": "7187.3", "PWD_P89": "7283.2", "PWD_P90": "7394.2", "PWD_P91": "7494.9", "PWD_P92": "7605.9", "PWD_P93": "7723.9", "PWD_P94": "7869.9", "PWD_P95": "8032.1", "PWD_P96": "8267.6", "PWD_P97": "8652.8", "PWD_P98": "9307.8", "PWD_P99": "10424.8", "PWD_P100": "13359.6" }, "geometry": { "type": "Point", "coordinates": [ 1.05914294719696, 7.74511194229126 ] } },
{ "type": "Feature", "id": 210, "properties": { "lon": -171.83915710449219, "lat": -9.0323200225830078, "year": "2015", "ISO": "TKL", "ISO_No": "772", "Name": "Tokelau", "PWC_Lat": "-9.03232002258301", "PWC_Lon": "-171.839157104492", "Pop": "1247", "Density": "52.6", "Area": "23.7", "PWD_A": "59.1", "PWD_G": "55.7", "PWD_M": "56.7", "PWD_P1": "25.0", "PWD_P2": "30.0", "PWD_P3": "31.0", "PWD_P4": "31.4", "PWD_P5": "31.6", "PWD_P6": "31.9", "PWD_P7": "32.3", "PWD_P8": "32.6", "PWD_P9": "32.9", "PWD_P10": "33.4", "PWD_P11": "33.9", "PWD_P12": "35.2", "PWD_P13": "40.3", "PWD_P14": "41.0", "PWD_P15": "41.7", "PWD_P16": "42.2", "PWD_P17": "42.6", "PWD_P18": "42.8", "PWD_P19": "43.1", "PWD_P20": "43.4", "PWD_P21": "43.6", "PWD_P22": "43.8", "PWD_P23": "44.2", "PWD_P24": "44.5", "PWD_P25": "44.7", "PWD_P26": "44.8", "PWD_P27": "45.1", "PWD_P28": "45.2", "PWD_P29": "45.5", "PWD_P30": "45.7", "PWD_P31": "45.9", "PWD_P32": "46.2", "PWD_P33": "46.4", "PWD_P34": "46.6", "PWD_P35": "46.9", "PWD_P36": "47.3", "PWD_P37": "47.7", "PWD_P38": "48.1", "PWD_P39": "48.5", "PWD_P40": "48.7", "PWD_P41": "49.0", "PWD_P42": "50.4", "PWD_P43": "52.7", "PWD_P44": "53.7", "PWD_P45": "54.2", "PWD_P46": "54.7", "PWD_P47": "55.1", "PWD_P48": "55.7", "PWD_P49": "56.3", "PWD_P50": "56.7", "PWD_P51": "57.6", "PWD_P52": "58.1", "PWD_P53": "58.8", "PWD_P54": "59.5", "PWD_P55": "60.3", "PWD_P56": "61.2", "PWD_P57": "61.4", "PWD_P58": "61.9", "PWD_P59": "62.1", "PWD_P60": "62.3", "PWD_P61": "62.9", "PWD_P62": "63.3", "PWD_P63": "63.4", "PWD_P64": "63.8", "PWD_P65": "64.3", "PWD_P66": "64.7", "PWD_P67": "65.2", "PWD_P68": "65.8", "PWD_P69": "65.9", "PWD_P70": "66.0", "PWD_P71": "66.5", "PWD_P72": "67.6", "PWD_P73": "68.9", "PWD_P74": "71.0", "PWD_P75": "72.5", "PWD_P76": "73.9", "PWD_P77": "74.6", "PWD_P78": "75.3", "PWD_P79": "76.2", "PWD_P80": "77.2", "PWD_P81": "77.4", "PWD_P82": "77.4", "PWD_P83": "77.5", "PWD_P84": "78.1", "PWD_P85": "78.4", "PWD_P86": "78.7", "PWD_P87": "79.1", "PWD_P88": "79.5", "PWD_P89": "79.6", "PWD_P90": "79.8", "PWD_P91": "80.1", "PWD_P92": "80.8", "PWD_P93": "82.2", "PWD_P94": "83.7", "PWD_P95": "84.2", "PWD_P96": "90.6", "PWD_P97": "102.1", "PWD_P98": "110.2", "PWD_P99": "163.1", "PWD_P100": "188.1" }, "geometry": { "type": "Point", "coordinates": [ -171.839157104492188, -9.032320022583008 ] } },
{ "type": "Feature", "id": 211, "properties": { "lon": -174.98402404785156, "lat": -20.675701141357422, "year": "2015", "ISO": "TON", "ISO_No": "776", "Name": "Tonga", "PWC_Lat": "-20.6757011413574", "PWC_Lon": "-174.984024047852", "Pop": "100779", "Density": "128.4", "Area": "784.7", "PWD_A": "536.4", "PWD_G": "323.9", "PWD_M": "421.9", "PWD_P1": "12.4", "PWD_P2": "14.6", "PWD_P3": "17.2", "PWD_P4": "21.2", "PWD_P5": "26.3", "PWD_P6": "30.8", "PWD_P7": "35.5", "PWD_P8": "42.2", "PWD_P9": "49.4", "PWD_P10": "56.2", "PWD_P11": "63.2", "PWD_P12": "70.1", "PWD_P13": "76.6", "PWD_P14": "83.1", "PWD_P15": "89.9", "PWD_P16": "96.7", "PWD_P17": "103.2", "PWD_P18": "110.3", "PWD_P19": "118.2", "PWD_P20": "126.1", "PWD_P21": "133.6", "PWD_P22": "141.5", "PWD_P23": "148.7", "PWD_P24": "156.4", "PWD_P25": "164.3", "PWD_P26": "172.6", "PWD_P27": "181.2", "PWD_P28": "189.6", "PWD_P29": "198.9", "PWD_P30": "208.5", "PWD_P31": "218.0", "PWD_P32": "227.3", "PWD_P33": "236.5", "PWD_P34": "246.7", "PWD_P35": "255.2", "PWD_P36": "265.0", "PWD_P37": "275.0", "PWD_P38": "284.3", "PWD_P39": "294.8", "PWD_P40": "304.6", "PWD_P41": "315.0", "PWD_P42": "326.1", "PWD_P43": "336.6", "PWD_P44": "347.2", "PWD_P45": "359.4", "PWD_P46": "371.8", "PWD_P47": "383.6", "PWD_P48": "396.5", "PWD_P49": "408.7", "PWD_P50": "421.9", "PWD_P51": "434.3", "PWD_P52": "448.0", "PWD_P53": "462.8", "PWD_P54": "476.1", "PWD_P55": "490.7", "PWD_P56": "506.2", "PWD_P57": "522.1", "PWD_P58": "537.8", "PWD_P59": "552.6", "PWD_P60": "567.8", "PWD_P61": "582.1", "PWD_P62": "596.9", "PWD_P63": "613.0", "PWD_P64": "628.1", "PWD_P65": "643.7", "PWD_P66": "658.0", "PWD_P67": "676.7", "PWD_P68": "694.5", "PWD_P69": "712.3", "PWD_P70": "730.8", "PWD_P71": "749.0", "PWD_P72": "765.1", "PWD_P73": "787.4", "PWD_P74": "805.1", "PWD_P75": "824.1", "PWD_P76": "841.8", "PWD_P77": "860.2", "PWD_P78": "880.6", "PWD_P79": "902.7", "PWD_P80": "925.7", "PWD_P81": "947.6", "PWD_P82": "965.5", "PWD_P83": "989.1", "PWD_P84": "1014.5", "PWD_P85": "1041.6", "PWD_P86": "1067.9", "PWD_P87": "1097.0", "PWD_P88": "1126.3", "PWD_P89": "1162.3", "PWD_P90": "1198.4", "PWD_P91": "1240.5", "PWD_P92": "1275.1", "PWD_P93": "1313.7", "PWD_P94": "1369.6", "PWD_P95": "1422.3", "PWD_P96": "1473.1", "PWD_P97": "1518.5", "PWD_P98": "1592.7", "PWD_P99": "1730.4", "PWD_P100": "2306.7" }, "geometry": { "type": "Point", "coordinates": [ -174.984024047851562, -20.675701141357422 ] } },
{ "type": "Feature", "id": 212, "properties": { "lon": -61.371597290039062, "lat": 10.515625, "year": "2015", "ISO": "TTO", "ISO_No": "780", "Name": "Trinidad and Tobago", "PWC_Lat": "10.515625", "PWC_Lon": "-61.3715972900391", "Pop": "1370331", "Density": "262.7", "Area": "5215.6", "PWD_A": "1077.3", "PWD_G": "663.0", "PWD_M": "842.3", "PWD_P1": "20.4", "PWD_P2": "30.0", "PWD_P3": "41.9", "PWD_P4": "51.6", "PWD_P5": "61.0", "PWD_P6": "72.5", "PWD_P7": "86.3", "PWD_P8": "102.5", "PWD_P9": "118.4", "PWD_P10": "135.0", "PWD_P11": "149.9", "PWD_P12": "164.1", "PWD_P13": "177.8", "PWD_P14": "190.5", "PWD_P15": "202.7", "PWD_P16": "215.6", "PWD_P17": "228.8", "PWD_P18": "242.3", "PWD_P19": "255.6", "PWD_P20": "268.8", "PWD_P21": "282.4", "PWD_P22": "296.6", "PWD_P23": "310.6", "PWD_P24": "324.4", "PWD_P25": "338.3", "PWD_P26": "352.4", "PWD_P27": "367.2", "PWD_P28": "382.1", "PWD_P29": "397.1", "PWD_P30": "412.2", "PWD_P31": "427.8", "PWD_P32": "444.6", "PWD_P33": "462.3", "PWD_P34": "480.7", "PWD_P35": "500.0", "PWD_P36": "519.8", "PWD_P37": "539.4", "PWD_P38": "558.6", "PWD_P39": "579.3", "PWD_P40": "601.0", "PWD_P41": "623.1", "PWD_P42": "644.6", "PWD_P43": "667.1", "PWD_P44": "691.1", "PWD_P45": "715.7", "PWD_P46": "741.1", "PWD_P47": "766.3", "PWD_P48": "791.4", "PWD_P49": "816.9", "PWD_P50": "842.3", "PWD_P51": "867.3", "PWD_P52": "892.7", "PWD_P53": "917.7", "PWD_P54": "942.0", "PWD_P55": "966.8", "PWD_P56": "991.7", "PWD_P57": "1016.5", "PWD_P58": "1043.3", "PWD_P59": "1070.5", "PWD_P60": "1098.9", "PWD_P61": "1127.3", "PWD_P62": "1156.6", "PWD_P63": "1185.3", "PWD_P64": "1215.4", "PWD_P65": "1247.9", "PWD_P66": "1282.6", "PWD_P67": "1321.3", "PWD_P68": "1359.8", "PWD_P69": "1401.0", "PWD_P70": "1443.5", "PWD_P71": "1485.4", "PWD_P72": "1528.1", "PWD_P73": "1571.1", "PWD_P74": "1613.6", "PWD_P75": "1655.6", "PWD_P76": "1697.7", "PWD_P77": "1741.8", "PWD_P78": "1795.8", "PWD_P79": "1849.8", "PWD_P80": "1912.5", "PWD_P81": "1977.3", "PWD_P82": "2044.3", "PWD_P83": "2109.0", "PWD_P84": "2175.5", "PWD_P85": "2245.8", "PWD_P86": "2307.8", "PWD_P87": "2359.0", "PWD_P88": "2410.3", "PWD_P89": "2466.0", "PWD_P90": "2515.4", "PWD_P91": "2562.8", "PWD_P92": "2612.6", "PWD_P93": "2660.5", "PWD_P94": "2713.9", "PWD_P95": "2766.9", "PWD_P96": "2820.9", "PWD_P97": "2894.0", "PWD_P98": "3013.9", "PWD_P99": "3241.1", "PWD_P100": "3661.1" }, "geometry": { "type": "Point", "coordinates": [ -61.371597290039062, 10.515625 ] } },
{ "type": "Feature", "id": 213, "properties": { "lon": 55.2672119140625, "lat": 24.910800933837891, "year": "2015", "ISO": "ARE", "ISO_No": "784", "Name": "United Arab Emirates", "PWC_Lat": "24.9108009338379", "PWC_Lon": "55.2672119140625", "Pop": "9262895", "Density": "116.4", "Area": "79590.0", "PWD_A": "1452.3", "PWD_G": "756.0", "PWD_M": "933.8", "PWD_P1": "5.8", "PWD_P2": "10.6", "PWD_P3": "17.2", "PWD_P4": "27.0", "PWD_P5": "36.6", "PWD_P6": "46.3", "PWD_P7": "57.2", "PWD_P8": "69.0", "PWD_P9": "81.7", "PWD_P10": "95.0", "PWD_P11": "108.9", "PWD_P12": "123.1", "PWD_P13": "137.8", "PWD_P14": "153.1", "PWD_P15": "169.0", "PWD_P16": "185.4", "PWD_P17": "201.8", "PWD_P18": "219.5", "PWD_P19": "237.8", "PWD_P20": "256.6", "PWD_P21": "275.9", "PWD_P22": "296.0", "PWD_P23": "317.3", "PWD_P24": "340.6", "PWD_P25": "364.3", "PWD_P26": "391.2", "PWD_P27": "420.4", "PWD_P28": "448.6", "PWD_P29": "479.1", "PWD_P30": "512.3", "PWD_P31": "538.8", "PWD_P32": "561.1", "PWD_P33": "580.7", "PWD_P34": "597.4", "PWD_P35": "615.8", "PWD_P36": "641.3", "PWD_P37": "664.5", "PWD_P38": "685.4", "PWD_P39": "709.3", "PWD_P40": "736.5", "PWD_P41": "755.1", "PWD_P42": "772.5", "PWD_P43": "792.6", "PWD_P44": "808.4", "PWD_P45": "820.6", "PWD_P46": "837.1", "PWD_P47": "852.7", "PWD_P48": "868.3", "PWD_P49": "889.1", "PWD_P50": "933.8", "PWD_P51": "1003.0", "PWD_P52": "1074.7", "PWD_P53": "1150.4", "PWD_P54": "1238.4", "PWD_P55": "1331.1", "PWD_P56": "1426.3", "PWD_P57": "1530.2", "PWD_P58": "1637.5", "PWD_P59": "1731.0", "PWD_P60": "1828.1", "PWD_P61": "1921.0", "PWD_P62": "1977.6", "PWD_P63": "2029.7", "PWD_P64": "2093.8", "PWD_P65": "2162.8", "PWD_P66": "2232.4", "PWD_P67": "2297.2", "PWD_P68": "2361.9", "PWD_P69": "2416.2", "PWD_P70": "2456.9", "PWD_P71": "2487.8", "PWD_P72": "2512.4", "PWD_P73": "2536.9", "PWD_P74": "2559.2", "PWD_P75": "2579.4", "PWD_P76": "2602.3", "PWD_P77": "2622.6", "PWD_P78": "2641.8", "PWD_P79": "2665.8", "PWD_P80": "2690.0", "PWD_P81": "2717.4", "PWD_P82": "2744.3", "PWD_P83": "2785.1", "PWD_P84": "2821.3", "PWD_P85": "2860.6", "PWD_P86": "2898.6", "PWD_P87": "2935.8", "PWD_P88": "2982.6", "PWD_P89": "3025.5", "PWD_P90": "3063.4", "PWD_P91": "3098.7", "PWD_P92": "3133.0", "PWD_P93": "3169.6", "PWD_P94": "3212.4", "PWD_P95": "3329.9", "PWD_P96": "3478.9", "PWD_P97": "3697.2", "PWD_P98": "4017.4", "PWD_P99": "4434.5", "PWD_P100": "4733.6" }, "geometry": { "type": "Point", "coordinates": [ 55.2672119140625, 24.910800933837891 ] } },
{ "type": "Feature", "id": 214, "properties": { "lon": 10.034793853759766, "lat": 35.778282165527344, "year": "2015", "ISO": "TUN", "ISO_No": "788", "Name": "Tunisia", "PWC_Lat": "35.7782821655273", "PWC_Lon": "10.0347938537598", "Pop": "11179951", "Density": "72.3", "Area": "154656.4", "PWD_A": "2740.7", "PWD_G": "653.7", "PWD_M": "968.5", "PWD_P1": "8.1", "PWD_P2": "13.1", "PWD_P3": "16.7", "PWD_P4": "19.8", "PWD_P5": "22.8", "PWD_P6": "25.7", "PWD_P7": "28.5", "PWD_P8": "31.3", "PWD_P9": "34.2", "PWD_P10": "37.1", "PWD_P11": "40.1", "PWD_P12": "43.2", "PWD_P13": "46.5", "PWD_P14": "49.9", "PWD_P15": "53.7", "PWD_P16": "57.7", "PWD_P17": "62.1", "PWD_P18": "66.8", "PWD_P19": "72.1", "PWD_P20": "77.8", "PWD_P21": "83.9", "PWD_P22": "90.6", "PWD_P23": "98.1", "PWD_P24": "106.5", "PWD_P25": "115.8", "PWD_P26": "126.3", "PWD_P27": "137.3", "PWD_P28": "148.9", "PWD_P29": "161.6", "PWD_P30": "174.9", "PWD_P31": "189.6", "PWD_P32": "205.9", "PWD_P33": "223.4", "PWD_P34": "242.2", "PWD_P35": "263.0", "PWD_P36": "286.1", "PWD_P37": "312.1", "PWD_P38": "341.3", "PWD_P39": "373.3", "PWD_P40": "408.7", "PWD_P41": "448.5", "PWD_P42": "492.7", "PWD_P43": "541.0", "PWD_P44": "593.8", "PWD_P45": "649.5", "PWD_P46": "707.3", "PWD_P47": "767.6", "PWD_P48": "830.6", "PWD_P49": "899.0", "PWD_P50": "968.5", "PWD_P51": "1040.4", "PWD_P52": "1115.3", "PWD_P53": "1192.4", "PWD_P54": "1273.9", "PWD_P55": "1356.6", "PWD_P56": "1441.3", "PWD_P57": "1529.9", "PWD_P58": "1619.5", "PWD_P59": "1709.1", "PWD_P60": "1799.9", "PWD_P61": "1891.1", "PWD_P62": "1984.8", "PWD_P63": "2082.2", "PWD_P64": "2182.1", "PWD_P65": "2284.3", "PWD_P66": "2390.3", "PWD_P67": "2498.7", "PWD_P68": "2610.0", "PWD_P69": "2726.7", "PWD_P70": "2847.6", "PWD_P71": "2970.5", "PWD_P72": "3095.6", "PWD_P73": "3221.5", "PWD_P74": "3349.6", "PWD_P75": "3481.0", "PWD_P76": "3617.1", "PWD_P77": "3771.2", "PWD_P78": "3939.3", "PWD_P79": "4122.9", "PWD_P80": "4319.5", "PWD_P81": "4521.2", "PWD_P82": "4767.2", "PWD_P83": "5034.9", "PWD_P84": "5341.4", "PWD_P85": "5625.8", "PWD_P86": "5899.6", "PWD_P87": "6221.1", "PWD_P88": "6596.9", "PWD_P89": "6980.6", "PWD_P90": "7418.6", "PWD_P91": "7935.6", "PWD_P92": "8515.5", "PWD_P93": "9262.1", "PWD_P94": "10005.5", "PWD_P95": "10925.1", "PWD_P96": "12301.9", "PWD_P97": "13809.2", "PWD_P98": "16728.2", "PWD_P99": "23179.4", "PWD_P100": "38973.3" }, "geometry": { "type": "Point", "coordinates": [ 10.034793853759766, 35.778282165527344 ] } },
{ "type": "Feature", "id": 215, "properties": { "lon": 32.913116455078125, "lat": 39.283962249755859, "year": "2015", "ISO": "TUR", "ISO_No": "792", "Name": "Turkey", "PWC_Lat": "39.2839622497559", "PWC_Lon": "32.9131164550781", "Pop": "78529413", "Density": "102.1", "Area": "769498.4", "PWD_A": "8713.7", "PWD_G": "1724.3", "PWD_M": "2714.9", "PWD_P1": "5.6", "PWD_P2": "8.5", "PWD_P3": "11.6", "PWD_P4": "15.1", "PWD_P5": "19.0", "PWD_P6": "23.6", "PWD_P7": "29.3", "PWD_P8": "36.3", "PWD_P9": "44.6", "PWD_P10": "54.4", "PWD_P11": "65.4", "PWD_P12": "77.9", "PWD_P13": "91.8", "PWD_P14": "106.9", "PWD_P15": "123.5", "PWD_P16": "141.5", "PWD_P17": "161.1", "PWD_P18": "182.3", "PWD_P19": "205.4", "PWD_P20": "230.7", "PWD_P21": "258.0", "PWD_P22": "287.4", "PWD_P23": "319.2", "PWD_P24": "352.9", "PWD_P25": "388.7", "PWD_P26": "427.0", "PWD_P27": "467.8", "PWD_P28": "510.4", "PWD_P29": "555.1", "PWD_P30": "602.6", "PWD_P31": "653.5", "PWD_P32": "706.6", "PWD_P33": "762.8", "PWD_P34": "823.0", "PWD_P35": "887.0", "PWD_P36": "955.5", "PWD_P37": "1031.1", "PWD_P38": "1114.8", "PWD_P39": "1207.6", "PWD_P40": "1312.2", "PWD_P41": "1426.6", "PWD_P42": "1548.6", "PWD_P43": "1673.4", "PWD_P44": "1803.1", "PWD_P45": "1939.1", "PWD_P46": "2079.9", "PWD_P47": "2229.6", "PWD_P48": "2387.0", "PWD_P49": "2548.2", "PWD_P50": "2714.9", "PWD_P51": "2887.6", "PWD_P52": "3065.8", "PWD_P53": "3247.8", "PWD_P54": "3432.3", "PWD_P55": "3623.9", "PWD_P56": "3823.0", "PWD_P57": "4033.2", "PWD_P58": "4254.4", "PWD_P59": "4483.2", "PWD_P60": "4719.1", "PWD_P61": "4970.1", "PWD_P62": "5236.3", "PWD_P63": "5522.5", "PWD_P64": "5817.5", "PWD_P65": "6122.2", "PWD_P66": "6433.6", "PWD_P67": "6760.6", "PWD_P68": "7103.0", "PWD_P69": "7460.3", "PWD_P70": "7835.2", "PWD_P71": "8227.2", "PWD_P72": "8635.7", "PWD_P73": "9094.8", "PWD_P74": "9574.5", "PWD_P75": "10084.2", "PWD_P76": "10631.7", "PWD_P77": "11205.4", "PWD_P78": "11824.1", "PWD_P79": "12510.6", "PWD_P80": "13264.4", "PWD_P81": "14101.8", "PWD_P82": "15031.4", "PWD_P83": "16072.2", "PWD_P84": "17187.5", "PWD_P85": "18362.2", "PWD_P86": "19588.4", "PWD_P87": "20927.7", "PWD_P88": "22372.3", "PWD_P89": "24002.0", "PWD_P90": "25953.4", "PWD_P91": "28382.5", "PWD_P92": "31133.8", "PWD_P93": "33949.5", "PWD_P94": "37085.3", "PWD_P95": "41176.4", "PWD_P96": "46421.2", "PWD_P97": "51736.7", "PWD_P98": "56484.8", "PWD_P99": "64072.9", "PWD_P100": "114366.5" }, "geometry": { "type": "Point", "coordinates": [ 32.913116455078125, 39.283962249755859 ] } },
{ "type": "Feature", "id": 216, "properties": { "lon": 60.372947692871094, "lat": 38.830173492431641, "year": "2015", "ISO": "TKM", "ISO_No": "795", "Name": "Turkmenistan", "PWC_Lat": "38.8301734924316", "PWC_Lon": "60.3729476928711", "Pop": "5565283", "Density": "12.0", "Area": "465110.9", "PWD_A": "997.2", "PWD_G": "107.4", "PWD_M": "134.3", "PWD_P1": "1.2", "PWD_P2": "1.5", "PWD_P3": "1.7", "PWD_P4": "1.8", "PWD_P5": "2.1", "PWD_P6": "2.2", "PWD_P7": "2.4", "PWD_P8": "2.5", "PWD_P9": "2.7", "PWD_P10": "3.0", "PWD_P11": "3.4", "PWD_P12": "3.8", "PWD_P13": "4.3", "PWD_P14": "5.0", "PWD_P15": "5.9", "PWD_P16": "6.9", "PWD_P17": "8.0", "PWD_P18": "9.0", "PWD_P19": "10.1", "PWD_P20": "11.4", "PWD_P21": "12.7", "PWD_P22": "14.2", "PWD_P23": "15.9", "PWD_P24": "17.8", "PWD_P25": "19.9", "PWD_P26": "22.2", "PWD_P27": "24.6", "PWD_P28": "27.2", "PWD_P29": "30.2", "PWD_P30": "33.4", "PWD_P31": "36.9", "PWD_P32": "40.4", "PWD_P33": "43.9", "PWD_P34": "47.5", "PWD_P35": "51.1", "PWD_P36": "55.0", "PWD_P37": "59.1", "PWD_P38": "63.5", "PWD_P39": "68.1", "PWD_P40": "73.0", "PWD_P41": "78.1", "PWD_P42": "83.4", "PWD_P43": "88.9", "PWD_P44": "94.6", "PWD_P45": "100.6", "PWD_P46": "106.7", "PWD_P47": "113.3", "PWD_P48": "120.1", "PWD_P49": "127.2", "PWD_P50": "134.3", "PWD_P51": "141.4", "PWD_P52": "148.5", "PWD_P53": "155.9", "PWD_P54": "163.6", "PWD_P55": "171.4", "PWD_P56": "179.7", "PWD_P57": "188.7", "PWD_P58": "198.0", "PWD_P59": "207.5", "PWD_P60": "217.2", "PWD_P61": "226.9", "PWD_P62": "236.5", "PWD_P63": "246.4", "PWD_P64": "256.3", "PWD_P65": "266.4", "PWD_P66": "276.2", "PWD_P67": "286.2", "PWD_P68": "296.3", "PWD_P69": "306.7", "PWD_P70": "317.4", "PWD_P71": "328.9", "PWD_P72": "341.1", "PWD_P73": "354.5", "PWD_P74": "368.1", "PWD_P75": "383.2", "PWD_P76": "400.5", "PWD_P77": "420.0", "PWD_P78": "443.5", "PWD_P79": "470.3", "PWD_P80": "498.9", "PWD_P81": "528.4", "PWD_P82": "567.2", "PWD_P83": "618.5", "PWD_P84": "735.5", "PWD_P85": "988.5", "PWD_P86": "4019.8", "PWD_P87": "4923.1", "PWD_P88": "5193.2", "PWD_P89": "5383.8", "PWD_P90": "5585.3", "PWD_P91": "5756.5", "PWD_P92": "5901.6", "PWD_P93": "6087.4", "PWD_P94": "6241.0", "PWD_P95": "6374.5", "PWD_P96": "6489.1", "PWD_P97": "6615.9", "PWD_P98": "6760.0", "PWD_P99": "6967.1", "PWD_P100": "7510.0" }, "geometry": { "type": "Point", "coordinates": [ 60.372947692871094, 38.830173492431641 ] } },
{ "type": "Feature", "id": 217, "properties": { "lon": -72.038459777832031, "lat": 21.7333984375, "year": "2015", "ISO": "TCA", "ISO_No": "796", "Name": "Turks and Caicos Islands", "PWC_Lat": "21.7333984375", "PWC_Lon": "-72.038459777832", "Pop": "35979", "Density": "36.0", "Area": "999.1", "PWD_A": "761.6", "PWD_G": "426.8", "PWD_M": "612.9", "PWD_P1": "3.3", "PWD_P2": "4.7", "PWD_P3": "6.8", "PWD_P4": "11.4", "PWD_P5": "16.7", "PWD_P6": "23.4", "PWD_P7": "30.4", "PWD_P8": "40.9", "PWD_P9": "53.5", "PWD_P10": "62.6", "PWD_P11": "75.6", "PWD_P12": "88.1", "PWD_P13": "104.4", "PWD_P14": "123.6", "PWD_P15": "138.7", "PWD_P16": "149.9", "PWD_P17": "160.5", "PWD_P18": "171.7", "PWD_P19": "183.5", "PWD_P20": "196.7", "PWD_P21": "210.6", "PWD_P22": "223.6", "PWD_P23": "236.2", "PWD_P24": "245.3", "PWD_P25": "254.1", "PWD_P26": "262.6", "PWD_P27": "272.1", "PWD_P28": "282.9", "PWD_P29": "294.0", "PWD_P30": "305.1", "PWD_P31": "315.5", "PWD_P32": "329.1", "PWD_P33": "343.4", "PWD_P34": "357.1", "PWD_P35": "370.2", "PWD_P36": "384.6", "PWD_P37": "397.9", "PWD_P38": "412.9", "PWD_P39": "428.8", "PWD_P40": "442.7", "PWD_P41": "456.4", "PWD_P42": "469.9", "PWD_P43": "482.2", "PWD_P44": "496.5", "PWD_P45": "511.2", "PWD_P46": "525.4", "PWD_P47": "546.8", "PWD_P48": "574.1", "PWD_P49": "594.1", "PWD_P50": "612.9", "PWD_P51": "633.1", "PWD_P52": "654.4", "PWD_P53": "676.1", "PWD_P54": "702.8", "PWD_P55": "724.5", "PWD_P56": "745.3", "PWD_P57": "768.1", "PWD_P58": "796.7", "PWD_P59": "828.5", "PWD_P60": "851.6", "PWD_P61": "868.3", "PWD_P62": "891.0", "PWD_P63": "911.5", "PWD_P64": "928.1", "PWD_P65": "951.7", "PWD_P66": "979.1", "PWD_P67": "1020.9", "PWD_P68": "1053.7", "PWD_P69": "1086.5", "PWD_P70": "1126.5", "PWD_P71": "1148.8", "PWD_P72": "1179.0", "PWD_P73": "1206.5", "PWD_P74": "1234.6", "PWD_P75": "1267.3", "PWD_P76": "1303.7", "PWD_P77": "1338.4", "PWD_P78": "1363.3", "PWD_P79": "1389.5", "PWD_P80": "1412.8", "PWD_P81": "1438.2", "PWD_P82": "1467.5", "PWD_P83": "1481.2", "PWD_P84": "1498.4", "PWD_P85": "1517.5", "PWD_P86": "1529.8", "PWD_P87": "1556.8", "PWD_P88": "1592.3", "PWD_P89": "1620.6", "PWD_P90": "1651.2", "PWD_P91": "1673.1", "PWD_P92": "1703.9", "PWD_P93": "1728.6", "PWD_P94": "1760.4", "PWD_P95": "1812.6", "PWD_P96": "1855.7", "PWD_P97": "1881.7", "PWD_P98": "1926.2", "PWD_P99": "2045.7", "PWD_P100": "2208.5" }, "geometry": { "type": "Point", "coordinates": [ -72.038459777832031, 21.7333984375 ] } },
{ "type": "Feature", "id": 218, "properties": { "lon": 178.67385864257812, "lat": -7.9707040786743164, "year": "2015", "ISO": "TUV", "ISO_No": "798", "Name": "Tuvalu", "PWC_Lat": "-7.97070407867432", "PWC_Lon": "178.673858642578", "Pop": "11099", "Density": "195.5", "Area": "56.8", "PWD_A": "5752.9", "PWD_G": "3578.1", "PWD_M": "4656.8", "PWD_P1": "41.7", "PWD_P2": "83.5", "PWD_P3": "172.8", "PWD_P4": "300.5", "PWD_P5": "381.1", "PWD_P6": "475.7", "PWD_P7": "550.4", "PWD_P8": "621.2", "PWD_P9": "673.1", "PWD_P10": "749.1", "PWD_P11": "858.8", "PWD_P12": "933.1", "PWD_P13": "1036.7", "PWD_P14": "1221.0", "PWD_P15": "1325.2", "PWD_P16": "1438.1", "PWD_P17": "1507.4", "PWD_P18": "1610.9", "PWD_P19": "1718.5", "PWD_P20": "1761.1", "PWD_P21": "1816.1", "PWD_P22": "1884.9", "PWD_P23": "1972.8", "PWD_P24": "2077.0", "PWD_P25": "2133.3", "PWD_P26": "2169.6", "PWD_P27": "2200.0", "PWD_P28": "2250.8", "PWD_P29": "2304.6", "PWD_P30": "2356.0", "PWD_P31": "2414.6", "PWD_P32": "2454.2", "PWD_P33": "2484.6", "PWD_P34": "2528.7", "PWD_P35": "2607.1", "PWD_P36": "2690.3", "PWD_P37": "2815.5", "PWD_P38": "3015.3", "PWD_P39": "3094.1", "PWD_P40": "3168.0", "PWD_P41": "3286.2", "PWD_P42": "3371.2", "PWD_P43": "3425.6", "PWD_P44": "3569.2", "PWD_P45": "3640.0", "PWD_P46": "3886.1", "PWD_P47": "4122.0", "PWD_P48": "4190.3", "PWD_P49": "4580.4", "PWD_P50": "4656.8", "PWD_P51": "4822.4", "PWD_P52": "5020.9", "PWD_P53": "5113.9", "PWD_P54": "5219.2", "PWD_P55": "5306.7", "PWD_P56": "5370.0", "PWD_P57": "5545.8", "PWD_P58": "5645.1", "PWD_P59": "5730.4", "PWD_P60": "5759.1", "PWD_P61": "5922.6", "PWD_P62": "6379.1", "PWD_P63": "6516.2", "PWD_P64": "6598.4", "PWD_P65": "7055.5", "PWD_P66": "7540.2", "PWD_P67": "7583.1", "PWD_P68": "7600.9", "PWD_P69": "7786.1", "PWD_P70": "7843.0", "PWD_P71": "7952.6", "PWD_P72": "8070.7", "PWD_P73": "8158.1", "PWD_P74": "8256.9", "PWD_P75": "8482.2", "PWD_P76": "8596.8", "PWD_P77": "9073.9", "PWD_P78": "9098.4", "PWD_P79": "9180.4", "PWD_P80": "9287.9", "PWD_P81": "10096.1", "PWD_P82": "10407.5", "PWD_P83": "10524.4", "PWD_P84": "10529.7", "PWD_P85": "11072.8", "PWD_P86": "11868.1", "PWD_P87": "12119.4", "PWD_P88": "13056.2", "PWD_P89": "13345.9", "PWD_P90": "13457.3", "PWD_P91": "13521.5", "PWD_P92": "14182.1", "PWD_P93": "14373.8", "PWD_P94": "14751.7", "PWD_P95": "14751.7", "PWD_P96": "15535.8", "PWD_P97": "15914.8", "PWD_P98": "16001.1", "PWD_P99": "16982.0", "PWD_P100": "16982.0" }, "geometry": { "type": "Point", "coordinates": [ 178.673858642578125, -7.970704078674316 ] } },
{ "type": "Feature", "id": 219, "properties": { "lon": 32.241870880126953, "lat": 0.93421107530593872, "year": "2015", "ISO": "UGA", "ISO_No": "800", "Name": "Uganda", "PWC_Lat": "0.934211075305939", "PWC_Lon": "32.241870880127", "Pop": "38225446", "Density": "185.6", "Area": "205957.8", "PWD_A": "1332.0", "PWD_G": "430.8", "PWD_M": "344.9", "PWD_P1": "20.2", "PWD_P2": "29.9", "PWD_P3": "38.5", "PWD_P4": "47.4", "PWD_P5": "56.6", "PWD_P6": "65.8", "PWD_P7": "74.7", "PWD_P8": "83.2", "PWD_P9": "91.3", "PWD_P10": "98.9", "PWD_P11": "106.0", "PWD_P12": "112.6", "PWD_P13": "119.0", "PWD_P14": "125.1", "PWD_P15": "130.9", "PWD_P16": "136.6", "PWD_P17": "142.2", "PWD_P18": "147.8", "PWD_P19": "153.4", "PWD_P20": "158.9", "PWD_P21": "164.2", "PWD_P22": "169.5", "PWD_P23": "174.8", "PWD_P24": "180.0", "PWD_P25": "185.2", "PWD_P26": "190.6", "PWD_P27": "195.9", "PWD_P28": "201.4", "PWD_P29": "206.9", "PWD_P30": "212.5", "PWD_P31": "218.2", "PWD_P32": "223.9", "PWD_P33": "229.8", "PWD_P34": "235.7", "PWD_P35": "241.6", "PWD_P36": "247.7", "PWD_P37": "253.9", "PWD_P38": "260.2", "PWD_P39": "266.6", "PWD_P40": "273.0", "PWD_P41": "279.6", "PWD_P42": "286.3", "PWD_P43": "293.1", "PWD_P44": "300.0", "PWD_P45": "307.2", "PWD_P46": "314.3", "PWD_P47": "321.7", "PWD_P48": "329.2", "PWD_P49": "337.0", "PWD_P50": "344.9", "PWD_P51": "352.9", "PWD_P52": "361.3", "PWD_P53": "369.8", "PWD_P54": "378.8", "PWD_P55": "388.1", "PWD_P56": "397.6", "PWD_P57": "407.5", "PWD_P58": "417.6", "PWD_P59": "428.3", "PWD_P60": "439.4", "PWD_P61": "451.1", "PWD_P62": "463.3", "PWD_P63": "476.3", "PWD_P64": "490.0", "PWD_P65": "505.0", "PWD_P66": "521.0", "PWD_P67": "538.1", "PWD_P68": "556.6", "PWD_P69": "577.4", "PWD_P70": "600.5", "PWD_P71": "626.7", "PWD_P72": "655.9", "PWD_P73": "689.5", "PWD_P74": "727.7", "PWD_P75": "771.1", "PWD_P76": "823.1", "PWD_P77": "884.9", "PWD_P78": "957.3", "PWD_P79": "1042.9", "PWD_P80": "1147.6", "PWD_P81": "1274.9", "PWD_P82": "1429.5", "PWD_P83": "1622.5", "PWD_P84": "1846.1", "PWD_P85": "2107.3", "PWD_P86": "2404.5", "PWD_P87": "2753.7", "PWD_P88": "3146.8", "PWD_P89": "3598.7", "PWD_P90": "4092.4", "PWD_P91": "4632.5", "PWD_P92": "5258.8", "PWD_P93": "5968.5", "PWD_P94": "6818.0", "PWD_P95": "7673.3", "PWD_P96": "8727.9", "PWD_P97": "10403.6", "PWD_P98": "11755.4", "PWD_P99": "13065.2", "PWD_P100": "20136.6" }, "geometry": { "type": "Point", "coordinates": [ 32.241870880126953, 0.934211075305939 ] } },
{ "type": "Feature", "id": 220, "properties": { "lon": 31.611808776855469, "lat": 48.805557250976562, "year": "2015", "ISO": "UKR", "ISO_No": "804", "Name": "Ukraine", "PWC_Lat": "48.8055572509766", "PWC_Lon": "31.6118087768555", "Pop": "44921635", "Density": "76.7", "Area": "585934.3", "PWD_A": "2463.3", "PWD_G": "644.5", "PWD_M": "809.0", "PWD_P1": "4.1", "PWD_P2": "6.7", "PWD_P3": "9.8", "PWD_P4": "13.6", "PWD_P5": "18.5", "PWD_P6": "24.4", "PWD_P7": "30.6", "PWD_P8": "37.0", "PWD_P9": "43.2", "PWD_P10": "49.0", "PWD_P11": "54.6", "PWD_P12": "59.9", "PWD_P13": "65.0", "PWD_P14": "70.1", "PWD_P15": "75.1", "PWD_P16": "80.0", "PWD_P17": "85.0", "PWD_P18": "90.2", "PWD_P19": "95.6", "PWD_P20": "101.1", "PWD_P21": "106.8", "PWD_P22": "112.7", "PWD_P23": "118.9", "PWD_P24": "125.4", "PWD_P25": "132.2", "PWD_P26": "139.4", "PWD_P27": "147.0", "PWD_P28": "155.1", "PWD_P29": "163.8", "PWD_P30": "173.0", "PWD_P31": "182.8", "PWD_P32": "193.4", "PWD_P33": "204.8", "PWD_P34": "217.4", "PWD_P35": "231.2", "PWD_P36": "246.3", "PWD_P37": "262.6", "PWD_P38": "280.8", "PWD_P39": "301.0", "PWD_P40": "323.3", "PWD_P41": "348.5", "PWD_P42": "377.1", "PWD_P43": "409.7", "PWD_P44": "446.8", "PWD_P45": "488.8", "PWD_P46": "537.0", "PWD_P47": "591.9", "PWD_P48": "655.4", "PWD_P49": "726.9", "PWD_P50": "809.0", "PWD_P51": "899.5", "PWD_P52": "995.9", "PWD_P53": "1096.2", "PWD_P54": "1199.8", "PWD_P55": "1308.9", "PWD_P56": "1419.9", "PWD_P57": "1530.0", "PWD_P58": "1642.0", "PWD_P59": "1756.9", "PWD_P60": "1872.8", "PWD_P61": "1993.6", "PWD_P62": "2118.0", "PWD_P63": "2247.2", "PWD_P64": "2379.5", "PWD_P65": "2516.2", "PWD_P66": "2653.7", "PWD_P67": "2797.2", "PWD_P68": "2943.8", "PWD_P69": "3093.1", "PWD_P70": "3241.1", "PWD_P71": "3391.2", "PWD_P72": "3539.3", "PWD_P73": "3692.5", "PWD_P74": "3849.2", "PWD_P75": "4014.6", "PWD_P76": "4182.3", "PWD_P77": "4353.6", "PWD_P78": "4531.8", "PWD_P79": "4703.5", "PWD_P80": "4869.8", "PWD_P81": "5034.3", "PWD_P82": "5213.6", "PWD_P83": "5400.8", "PWD_P84": "5583.3", "PWD_P85": "5782.5", "PWD_P86": "6000.6", "PWD_P87": "6216.6", "PWD_P88": "6439.6", "PWD_P89": "6714.6", "PWD_P90": "7080.3", "PWD_P91": "7419.4", "PWD_P92": "7780.1", "PWD_P93": "8201.4", "PWD_P94": "8559.2", "PWD_P95": "8993.4", "PWD_P96": "9469.2", "PWD_P97": "9871.5", "PWD_P98": "10792.8", "PWD_P99": "14201.7", "PWD_P100": "35104.1" }, "geometry": { "type": "Point", "coordinates": [ 31.611808776855469, 48.805557250976562 ] } },
{ "type": "Feature", "id": 221, "properties": { "lon": 21.532253265380859, "lat": 41.736423492431641, "year": "2015", "ISO": "MKD", "ISO_No": "807", "Name": "Macedonia", "PWC_Lat": "41.7364234924316", "PWC_Lon": "21.5322532653809", "Pop": "2079335", "Density": "85.5", "Area": "24310.0", "PWD_A": "681.1", "PWD_G": "283.0", "PWD_M": "351.0", "PWD_P1": "8.4", "PWD_P2": "12.1", "PWD_P3": "14.9", "PWD_P4": "17.7", "PWD_P5": "20.0", "PWD_P6": "22.2", "PWD_P7": "24.4", "PWD_P8": "26.8", "PWD_P9": "29.4", "PWD_P10": "32.1", "PWD_P11": "34.8", "PWD_P12": "37.5", "PWD_P13": "40.3", "PWD_P14": "43.3", "PWD_P15": "46.6", "PWD_P16": "50.1", "PWD_P17": "53.8", "PWD_P18": "57.8", "PWD_P19": "61.9", "PWD_P20": "66.3", "PWD_P21": "70.6", "PWD_P22": "75.4", "PWD_P23": "80.7", "PWD_P24": "86.0", "PWD_P25": "91.6", "PWD_P26": "97.7", "PWD_P27": "104.5", "PWD_P28": "111.3", "PWD_P29": "118.4", "PWD_P30": "125.8", "PWD_P31": "133.6", "PWD_P32": "142.1", "PWD_P33": "151.0", "PWD_P34": "160.6", "PWD_P35": "171.2", "PWD_P36": "181.5", "PWD_P37": "192.1", "PWD_P38": "202.9", "PWD_P39": "214.1", "PWD_P40": "224.9", "PWD_P41": "235.4", "PWD_P42": "246.8", "PWD_P43": "258.1", "PWD_P44": "270.2", "PWD_P45": "282.2", "PWD_P46": "295.1", "PWD_P47": "308.8", "PWD_P48": "323.1", "PWD_P49": "337.3", "PWD_P50": "351.0", "PWD_P51": "364.3", "PWD_P52": "378.4", "PWD_P53": "393.1", "PWD_P54": "407.8", "PWD_P55": "423.3", "PWD_P56": "440.1", "PWD_P57": "457.0", "PWD_P58": "474.8", "PWD_P59": "495.1", "PWD_P60": "519.0", "PWD_P61": "542.5", "PWD_P62": "565.8", "PWD_P63": "588.2", "PWD_P64": "610.4", "PWD_P65": "631.9", "PWD_P66": "651.1", "PWD_P67": "669.2", "PWD_P68": "687.8", "PWD_P69": "703.7", "PWD_P70": "720.5", "PWD_P71": "742.9", "PWD_P72": "767.4", "PWD_P73": "798.7", "PWD_P74": "835.0", "PWD_P75": "871.2", "PWD_P76": "904.4", "PWD_P77": "942.9", "PWD_P78": "990.7", "PWD_P79": "1039.5", "PWD_P80": "1091.0", "PWD_P81": "1147.7", "PWD_P82": "1195.6", "PWD_P83": "1242.7", "PWD_P84": "1300.7", "PWD_P85": "1376.7", "PWD_P86": "1489.4", "PWD_P87": "1662.7", "PWD_P88": "1867.6", "PWD_P89": "2062.9", "PWD_P90": "2250.0", "PWD_P91": "2374.8", "PWD_P92": "2445.1", "PWD_P93": "2509.5", "PWD_P94": "2580.5", "PWD_P95": "2690.2", "PWD_P96": "2814.9", "PWD_P97": "2973.4", "PWD_P98": "3143.1", "PWD_P99": "3224.0", "PWD_P100": "3752.3" }, "geometry": { "type": "Point", "coordinates": [ 21.532253265380859, 41.736423492431641 ] } },
{ "type": "Feature", "id": 222, "properties": { "lon": 31.224571228027344, "lat": 29.632360458374023, "year": "2015", "ISO": "EGY", "ISO_No": "818", "Name": "Egypt", "PWC_Lat": "29.632360458374", "PWC_Lon": "31.2245712280273", "Pop": "92442548", "Density": "93.0", "Area": "994057.0", "PWD_A": "16256.8", "PWD_G": "5503.5", "PWD_M": "4499.2", "PWD_P1": "61.4", "PWD_P2": "211.7", "PWD_P3": "342.8", "PWD_P4": "454.4", "PWD_P5": "552.7", "PWD_P6": "645.2", "PWD_P7": "732.4", "PWD_P8": "814.9", "PWD_P9": "893.3", "PWD_P10": "968.1", "PWD_P11": "1041.1", "PWD_P12": "1112.6", "PWD_P13": "1183.1", "PWD_P14": "1253.0", "PWD_P15": "1322.1", "PWD_P16": "1391.1", "PWD_P17": "1460.1", "PWD_P18": "1528.9", "PWD_P19": "1597.7", "PWD_P20": "1666.1", "PWD_P21": "1734.2", "PWD_P22": "1803.0", "PWD_P23": "1872.0", "PWD_P24": "1941.1", "PWD_P25": "2011.7", "PWD_P26": "2082.7", "PWD_P27": "2155.1", "PWD_P28": "2227.9", "PWD_P29": "2301.4", "PWD_P30": "2375.0", "PWD_P31": "2450.7", "PWD_P32": "2528.4", "PWD_P33": "2608.3", "PWD_P34": "2689.8", "PWD_P35": "2772.8", "PWD_P36": "2859.0", "PWD_P37": "2947.3", "PWD_P38": "3037.5", "PWD_P39": "3131.0", "PWD_P40": "3226.8", "PWD_P41": "3326.9", "PWD_P42": "3431.0", "PWD_P43": "3540.7", "PWD_P44": "3654.6", "PWD_P45": "3775.5", "PWD_P46": "3904.0", "PWD_P47": "4037.7", "PWD_P48": "4180.1", "PWD_P49": "4335.0", "PWD_P50": "4499.2", "PWD_P51": "4674.1", "PWD_P52": "4862.9", "PWD_P53": "5063.8", "PWD_P54": "5277.8", "PWD_P55": "5506.6", "PWD_P56": "5753.5", "PWD_P57": "6019.3", "PWD_P58": "6304.9", "PWD_P59": "6613.7", "PWD_P60": "6951.4", "PWD_P61": "7309.4", "PWD_P62": "7701.5", "PWD_P63": "8124.9", "PWD_P64": "8586.1", "PWD_P65": "9089.5", "PWD_P66": "9630.2", "PWD_P67": "10214.1", "PWD_P68": "10863.2", "PWD_P69": "11566.3", "PWD_P70": "12312.5", "PWD_P71": "13137.8", "PWD_P72": "14006.8", "PWD_P73": "14978.4", "PWD_P74": "16105.4", "PWD_P75": "17329.2", "PWD_P76": "18769.4", "PWD_P77": "20340.0", "PWD_P78": "22115.8", "PWD_P79": "24020.8", "PWD_P80": "26150.9", "PWD_P81": "28296.3", "PWD_P82": "30647.2", "PWD_P83": "33203.7", "PWD_P84": "35718.9", "PWD_P85": "38380.3", "PWD_P86": "41345.2", "PWD_P87": "44564.6", "PWD_P88": "47935.3", "PWD_P89": "51463.1", "PWD_P90": "55120.3", "PWD_P91": "58813.4", "PWD_P92": "62561.5", "PWD_P93": "66454.2", "PWD_P94": "70263.5", "PWD_P95": "74299.7", "PWD_P96": "78932.7", "PWD_P97": "85327.1", "PWD_P98": "97224.1", "PWD_P99": "112037.1", "PWD_P100": "155151.8" }, "geometry": { "type": "Point", "coordinates": [ 31.224571228027344, 29.632360458374023 ] } },
{ "type": "Feature", "id": 223, "properties": { "lon": -1.6501100063323975, "lat": 52.721214294433594, "year": "2015", "ISO": "GBR", "ISO_No": "826", "Name": "United Kingdom", "PWC_Lat": "52.7212142944336", "PWC_Lon": "-1.6501100063324", "Pop": "65860149", "Density": "271.6", "Area": "242450.8", "PWD_A": "6497.8", "PWD_G": "3476.9", "PWD_M": "4920.3", "PWD_P1": "15.3", "PWD_P2": "34.9", "PWD_P3": "62.4", "PWD_P4": "99.0", "PWD_P5": "145.4", "PWD_P6": "202.3", "PWD_P7": "270.8", "PWD_P8": "351.2", "PWD_P9": "443.2", "PWD_P10": "545.6", "PWD_P11": "657.0", "PWD_P12": "777.1", "PWD_P13": "902.7", "PWD_P14": "1031.5", "PWD_P15": "1160.3", "PWD_P16": "1288.9", "PWD_P17": "1417.7", "PWD_P18": "1544.6", "PWD_P19": "1670.4", "PWD_P20": "1794.3", "PWD_P21": "1915.9", "PWD_P22": "2035.7", "PWD_P23": "2153.7", "PWD_P24": "2269.8", "PWD_P25": "2383.4", "PWD_P26": "2496.2", "PWD_P27": "2607.0", "PWD_P28": "2715.5", "PWD_P29": "2821.4", "PWD_P30": "2926.2", "PWD_P31": "3031.4", "PWD_P32": "3135.3", "PWD_P33": "3238.1", "PWD_P34": "3339.9", "PWD_P35": "3440.4", "PWD_P36": "3540.8", "PWD_P37": "3641.1", "PWD_P38": "3740.8", "PWD_P39": "3840.3", "PWD_P40": "3940.2", "PWD_P41": "4037.5", "PWD_P42": "4135.7", "PWD_P43": "4233.1", "PWD_P44": "4331.9", "PWD_P45": "4430.7", "PWD_P46": "4528.3", "PWD_P47": "4624.3", "PWD_P48": "4723.3", "PWD_P49": "4821.5", "PWD_P50": "4920.3", "PWD_P51": "5019.5", "PWD_P52": "5119.1", "PWD_P53": "5219.9", "PWD_P54": "5322.4", "PWD_P55": "5425.6", "PWD_P56": "5530.4", "PWD_P57": "5635.2", "PWD_P58": "5743.1", "PWD_P59": "5853.0", "PWD_P60": "5965.3", "PWD_P61": "6079.4", "PWD_P62": "6195.5", "PWD_P63": "6312.7", "PWD_P64": "6431.9", "PWD_P65": "6555.4", "PWD_P66": "6682.9", "PWD_P67": "6811.8", "PWD_P68": "6946.6", "PWD_P69": "7083.1", "PWD_P70": "7225.2", "PWD_P71": "7372.4", "PWD_P72": "7523.9", "PWD_P73": "7683.1", "PWD_P74": "7850.2", "PWD_P75": "8024.4", "PWD_P76": "8206.1", "PWD_P77": "8396.2", "PWD_P78": "8596.7", "PWD_P79": "8813.1", "PWD_P80": "9040.9", "PWD_P81": "9290.9", "PWD_P82": "9560.5", "PWD_P83": "9850.7", "PWD_P84": "10173.2", "PWD_P85": "10523.7", "PWD_P86": "10917.1", "PWD_P87": "11350.2", "PWD_P88": "11842.5", "PWD_P89": "12395.9", "PWD_P90": "13018.9", "PWD_P91": "13731.6", "PWD_P92": "14582.7", "PWD_P93": "15592.9", "PWD_P94": "16785.6", "PWD_P95": "18295.9", "PWD_P96": "20208.8", "PWD_P97": "22868.9", "PWD_P98": "27004.0", "PWD_P99": "35652.7", "PWD_P100": "222985.8" }, "geometry": { "type": "Point", "coordinates": [ -1.650110006332397, 52.721214294433594 ] } },
{ "type": "Feature", "id": 224, "properties": { "lon": -4.5305080413818359, "lat": 54.187583923339844, "year": "2015", "ISO": "IMN", "ISO_No": "833", "Name": "Isle of Man", "PWC_Lat": "54.1875839233398", "PWC_Lon": "-4.53050804138184", "Pop": "83232", "Density": "142.6", "Area": "583.8", "PWD_A": "2168.7", "PWD_G": "1140.6", "PWD_M": "2248.7", "PWD_P1": "7.8", "PWD_P2": "13.8", "PWD_P3": "19.9", "PWD_P4": "26.6", "PWD_P5": "33.9", "PWD_P6": "42.4", "PWD_P7": "52.1", "PWD_P8": "63.0", "PWD_P9": "76.0", "PWD_P10": "89.0", "PWD_P11": "103.7", "PWD_P12": "121.3", "PWD_P13": "140.6", "PWD_P14": "162.1", "PWD_P15": "188.9", "PWD_P16": "220.5", "PWD_P17": "254.7", "PWD_P18": "292.0", "PWD_P19": "335.6", "PWD_P20": "378.3", "PWD_P21": "422.5", "PWD_P22": "467.7", "PWD_P23": "511.7", "PWD_P24": "556.5", "PWD_P25": "609.4", "PWD_P26": "669.8", "PWD_P27": "726.7", "PWD_P28": "790.9", "PWD_P29": "855.1", "PWD_P30": "919.3", "PWD_P31": "993.9", "PWD_P32": "1072.7", "PWD_P33": "1138.6", "PWD_P34": "1202.2", "PWD_P35": "1279.1", "PWD_P36": "1350.4", "PWD_P37": "1425.9", "PWD_P38": "1509.4", "PWD_P39": "1585.4", "PWD_P40": "1657.2", "PWD_P41": "1729.5", "PWD_P42": "1814.1", "PWD_P43": "1888.5", "PWD_P44": "1934.9", "PWD_P45": "1972.1", "PWD_P46": "2027.0", "PWD_P47": "2072.4", "PWD_P48": "2124.3", "PWD_P49": "2192.2", "PWD_P50": "2248.7", "PWD_P51": "2326.2", "PWD_P52": "2382.5", "PWD_P53": "2436.5", "PWD_P54": "2472.5", "PWD_P55": "2507.1", "PWD_P56": "2567.9", "PWD_P57": "2610.2", "PWD_P58": "2652.3", "PWD_P59": "2692.1", "PWD_P60": "2743.3", "PWD_P61": "2790.7", "PWD_P62": "2839.8", "PWD_P63": "2892.0", "PWD_P64": "2933.1", "PWD_P65": "2969.5", "PWD_P66": "3000.5", "PWD_P67": "3024.6", "PWD_P68": "3052.7", "PWD_P69": "3089.6", "PWD_P70": "3127.9", "PWD_P71": "3170.2", "PWD_P72": "3208.9", "PWD_P73": "3258.0", "PWD_P74": "3295.7", "PWD_P75": "3343.9", "PWD_P76": "3397.8", "PWD_P77": "3452.3", "PWD_P78": "3516.7", "PWD_P79": "3572.7", "PWD_P80": "3614.7", "PWD_P81": "3655.7", "PWD_P82": "3705.9", "PWD_P83": "3759.4", "PWD_P84": "3833.7", "PWD_P85": "3903.1", "PWD_P86": "4000.4", "PWD_P87": "4061.0", "PWD_P88": "4116.8", "PWD_P89": "4179.1", "PWD_P90": "4264.3", "PWD_P91": "4368.0", "PWD_P92": "4453.9", "PWD_P93": "4532.0", "PWD_P94": "4645.4", "PWD_P95": "4734.4", "PWD_P96": "4826.1", "PWD_P97": "4960.5", "PWD_P98": "5115.3", "PWD_P99": "5493.0", "PWD_P100": "6135.7" }, "geometry": { "type": "Point", "coordinates": [ -4.530508041381836, 54.187583923339844 ] } },
{ "type": "Feature", "id": 225, "properties": { "lon": 35.202415466308594, "lat": -5.4753274917602539, "year": "2015", "ISO": "TZA", "ISO_No": "834", "Name": "Tanzania", "PWC_Lat": "-5.47532749176025", "PWC_Lon": "35.2024154663086", "Pop": "51482638", "Density": "58.1", "Area": "885721.5", "PWD_A": "2952.9", "PWD_G": "316.4", "PWD_M": "190.1", "PWD_P1": "5.1", "PWD_P2": "8.9", "PWD_P3": "12.3", "PWD_P4": "15.5", "PWD_P5": "18.5", "PWD_P6": "21.4", "PWD_P7": "24.3", "PWD_P8": "27.1", "PWD_P9": "29.9", "PWD_P10": "32.6", "PWD_P11": "35.4", "PWD_P12": "38.1", "PWD_P13": "40.9", "PWD_P14": "43.6", "PWD_P15": "46.3", "PWD_P16": "49.1", "PWD_P17": "51.9", "PWD_P18": "54.7", "PWD_P19": "57.5", "PWD_P20": "60.3", "PWD_P21": "63.2", "PWD_P22": "66.1", "PWD_P23": "69.0", "PWD_P24": "72.0", "PWD_P25": "75.1", "PWD_P26": "78.2", "PWD_P27": "81.4", "PWD_P28": "84.7", "PWD_P29": "88.0", "PWD_P30": "91.4", "PWD_P31": "94.9", "PWD_P32": "98.4", "PWD_P33": "102.1", "PWD_P34": "105.8", "PWD_P35": "109.7", "PWD_P36": "113.7", "PWD_P37": "117.8", "PWD_P38": "122.0", "PWD_P39": "126.4", "PWD_P40": "131.0", "PWD_P41": "135.8", "PWD_P42": "140.8", "PWD_P43": "146.0", "PWD_P44": "151.4", "PWD_P45": "157.1", "PWD_P46": "163.0", "PWD_P47": "169.3", "PWD_P48": "175.8", "PWD_P49": "182.8", "PWD_P50": "190.1", "PWD_P51": "197.8", "PWD_P52": "206.0", "PWD_P53": "214.8", "PWD_P54": "224.2", "PWD_P55": "234.4", "PWD_P56": "245.6", "PWD_P57": "257.7", "PWD_P58": "270.9", "PWD_P59": "285.5", "PWD_P60": "301.5", "PWD_P61": "319.4", "PWD_P62": "339.4", "PWD_P63": "362.0", "PWD_P64": "387.6", "PWD_P65": "416.7", "PWD_P66": "451.2", "PWD_P67": "492.3", "PWD_P68": "540.5", "PWD_P69": "597.4", "PWD_P70": "666.2", "PWD_P71": "747.5", "PWD_P72": "844.9", "PWD_P73": "961.1", "PWD_P74": "1100.3", "PWD_P75": "1266.8", "PWD_P76": "1467.8", "PWD_P77": "1690.7", "PWD_P78": "1945.7", "PWD_P79": "2230.2", "PWD_P80": "2537.7", "PWD_P81": "2878.6", "PWD_P82": "3260.5", "PWD_P83": "3701.1", "PWD_P84": "4178.8", "PWD_P85": "4707.3", "PWD_P86": "5282.5", "PWD_P87": "5937.0", "PWD_P88": "6682.9", "PWD_P89": "7563.8", "PWD_P90": "8629.5", "PWD_P91": "9900.4", "PWD_P92": "11424.2", "PWD_P93": "13307.8", "PWD_P94": "15604.6", "PWD_P95": "18462.5", "PWD_P96": "21655.5", "PWD_P97": "26100.5", "PWD_P98": "31790.3", "PWD_P99": "39905.3", "PWD_P100": "67300.6" }, "geometry": { "type": "Point", "coordinates": [ 35.202415466308594, -5.475327491760254 ] } },
{ "type": "Feature", "id": 226, "properties": { "lon": -1.8901842832565308, "lat": 12.241013526916504, "year": "2015", "ISO": "BFA", "ISO_No": "854", "Name": "Burkina Faso", "PWC_Lat": "12.2410135269165", "PWC_Lon": "-1.89018428325653", "Pop": "18110615", "Density": "65.8", "Area": "275140.0", "PWD_A": "972.6", "PWD_G": "155.7", "PWD_M": "88.1", "PWD_P1": "12.9", "PWD_P2": "16.7", "PWD_P3": "19.1", "PWD_P4": "20.9", "PWD_P5": "22.6", "PWD_P6": "24.1", "PWD_P7": "25.6", "PWD_P8": "26.9", "PWD_P9": "28.2", "PWD_P10": "29.4", "PWD_P11": "30.6", "PWD_P12": "31.9", "PWD_P13": "33.1", "PWD_P14": "34.3", "PWD_P15": "35.5", "PWD_P16": "36.7", "PWD_P17": "37.9", "PWD_P18": "39.2", "PWD_P19": "40.4", "PWD_P20": "41.7", "PWD_P21": "42.9", "PWD_P22": "44.2", "PWD_P23": "45.4", "PWD_P24": "46.6", "PWD_P25": "47.9", "PWD_P26": "49.1", "PWD_P27": "50.4", "PWD_P28": "51.7", "PWD_P29": "53.0", "PWD_P30": "54.2", "PWD_P31": "55.6", "PWD_P32": "56.9", "PWD_P33": "58.3", "PWD_P34": "59.7", "PWD_P35": "61.1", "PWD_P36": "62.6", "PWD_P37": "64.0", "PWD_P38": "65.5", "PWD_P39": "67.1", "PWD_P40": "68.7", "PWD_P41": "70.4", "PWD_P42": "72.1", "PWD_P43": "73.9", "PWD_P44": "75.7", "PWD_P45": "77.6", "PWD_P46": "79.5", "PWD_P47": "81.5", "PWD_P48": "83.6", "PWD_P49": "85.8", "PWD_P50": "88.1", "PWD_P51": "90.7", "PWD_P52": "93.3", "PWD_P53": "96.2", "PWD_P54": "99.2", "PWD_P55": "102.4", "PWD_P56": "105.8", "PWD_P57": "109.4", "PWD_P58": "113.2", "PWD_P59": "117.2", "PWD_P60": "121.7", "PWD_P61": "126.2", "PWD_P62": "130.9", "PWD_P63": "136.1", "PWD_P64": "142.1", "PWD_P65": "148.5", "PWD_P66": "155.3", "PWD_P67": "162.7", "PWD_P68": "171.2", "PWD_P69": "180.6", "PWD_P70": "190.8", "PWD_P71": "202.4", "PWD_P72": "216.2", "PWD_P73": "231.7", "PWD_P74": "250.8", "PWD_P75": "275.0", "PWD_P76": "303.5", "PWD_P77": "337.9", "PWD_P78": "383.1", "PWD_P79": "444.3", "PWD_P80": "523.8", "PWD_P81": "637.7", "PWD_P82": "780.4", "PWD_P83": "962.6", "PWD_P84": "1265.1", "PWD_P85": "1776.1", "PWD_P86": "2266.8", "PWD_P87": "3375.1", "PWD_P88": "3970.3", "PWD_P89": "4552.4", "PWD_P90": "5042.5", "PWD_P91": "5542.1", "PWD_P92": "5924.1", "PWD_P93": "6311.2", "PWD_P94": "6724.1", "PWD_P95": "6947.8", "PWD_P96": "7097.4", "PWD_P97": "7200.2", "PWD_P98": "7308.7", "PWD_P99": "7436.3", "PWD_P100": "8160.1" }, "geometry": { "type": "Point", "coordinates": [ -1.890184283256531, 12.241013526916504 ] } },
{ "type": "Feature", "id": 227, "properties": { "lon": -56.218120574951172, "lat": -34.054035186767578, "year": "2015", "ISO": "URY", "ISO_No": "858", "Name": "Uruguay", "PWC_Lat": "-34.0540351867676", "PWC_Lon": "-56.2181205749512", "Pop": "3412013", "Density": "19.5", "Area": "175292.3", "PWD_A": "6520.3", "PWD_G": "3402.2", "PWD_M": "4896.8", "PWD_P1": "3.5", "PWD_P2": "15.6", "PWD_P3": "36.4", "PWD_P4": "76.5", "PWD_P5": "145.0", "PWD_P6": "243.8", "PWD_P7": "357.6", "PWD_P8": "477.6", "PWD_P9": "596.9", "PWD_P10": "714.5", "PWD_P11": "832.8", "PWD_P12": "945.3", "PWD_P13": "1061.9", "PWD_P14": "1172.7", "PWD_P15": "1276.7", "PWD_P16": "1380.8", "PWD_P17": "1479.8", "PWD_P18": "1580.5", "PWD_P19": "1686.1", "PWD_P20": "1791.7", "PWD_P21": "1896.9", "PWD_P22": "1998.0", "PWD_P23": "2093.2", "PWD_P24": "2190.0", "PWD_P25": "2292.3", "PWD_P26": "2390.7", "PWD_P27": "2488.3", "PWD_P28": "2585.2", "PWD_P29": "2684.2", "PWD_P30": "2777.2", "PWD_P31": "2873.1", "PWD_P32": "2971.1", "PWD_P33": "3073.6", "PWD_P34": "3167.2", "PWD_P35": "3264.4", "PWD_P36": "3359.3", "PWD_P37": "3462.5", "PWD_P38": "3562.2", "PWD_P39": "3673.5", "PWD_P40": "3780.7", "PWD_P41": "3888.2", "PWD_P42": "4001.0", "PWD_P43": "4115.7", "PWD_P44": "4225.6", "PWD_P45": "4341.1", "PWD_P46": "4453.6", "PWD_P47": "4562.2", "PWD_P48": "4669.7", "PWD_P49": "4785.1", "PWD_P50": "4896.8", "PWD_P51": "5004.2", "PWD_P52": "5115.5", "PWD_P53": "5226.9", "PWD_P54": "5345.0", "PWD_P55": "5462.8", "PWD_P56": "5578.9", "PWD_P57": "5690.4", "PWD_P58": "5814.2", "PWD_P59": "5952.2", "PWD_P60": "6090.6", "PWD_P61": "6219.8", "PWD_P62": "6347.1", "PWD_P63": "6470.8", "PWD_P64": "6597.3", "PWD_P65": "6726.6", "PWD_P66": "6851.4", "PWD_P67": "6996.3", "PWD_P68": "7137.2", "PWD_P69": "7288.9", "PWD_P70": "7450.1", "PWD_P71": "7623.7", "PWD_P72": "7781.0", "PWD_P73": "7965.1", "PWD_P74": "8170.6", "PWD_P75": "8376.6", "PWD_P76": "8605.4", "PWD_P77": "8829.7", "PWD_P78": "9040.3", "PWD_P79": "9271.5", "PWD_P80": "9539.1", "PWD_P81": "9811.3", "PWD_P82": "10062.8", "PWD_P83": "10299.0", "PWD_P84": "10607.7", "PWD_P85": "10953.0", "PWD_P86": "11358.1", "PWD_P87": "11777.0", "PWD_P88": "12235.1", "PWD_P89": "12780.1", "PWD_P90": "13473.9", "PWD_P91": "14226.8", "PWD_P92": "15035.0", "PWD_P93": "16077.2", "PWD_P94": "17207.4", "PWD_P95": "18645.1", "PWD_P96": "20608.4", "PWD_P97": "23399.2", "PWD_P98": "26990.2", "PWD_P99": "34436.4", "PWD_P100": "71372.2" }, "geometry": { "type": "Point", "coordinates": [ -56.218120574951172, -34.054035186767578 ] } },
{ "type": "Feature", "id": 228, "properties": { "lon": 67.750999450683594, "lat": 40.371841430664062, "year": "2015", "ISO": "UZB", "ISO_No": "860", "Name": "Uzbekistan", "PWC_Lat": "40.3718414306641", "PWC_Lon": "67.7509994506836", "Pop": "30929555", "Density": "72.4", "Area": "427492.6", "PWD_A": "1654.9", "PWD_G": "409.7", "PWD_M": "461.6", "PWD_P1": "2.9", "PWD_P2": "6.0", "PWD_P3": "10.9", "PWD_P4": "16.0", "PWD_P5": "22.1", "PWD_P6": "29.0", "PWD_P7": "36.5", "PWD_P8": "44.5", "PWD_P9": "52.5", "PWD_P10": "60.8", "PWD_P11": "69.3", "PWD_P12": "77.6", "PWD_P13": "85.7", "PWD_P14": "93.8", "PWD_P15": "102.0", "PWD_P16": "110.4", "PWD_P17": "119.1", "PWD_P18": "128.2", "PWD_P19": "137.5", "PWD_P20": "146.9", "PWD_P21": "156.3", "PWD_P22": "165.7", "PWD_P23": "175.2", "PWD_P24": "184.6", "PWD_P25": "194.0", "PWD_P26": "203.5", "PWD_P27": "213.1", "PWD_P28": "222.7", "PWD_P29": "232.6", "PWD_P30": "242.6", "PWD_P31": "252.7", "PWD_P32": "262.8", "PWD_P33": "273.1", "PWD_P34": "283.6", "PWD_P35": "294.0", "PWD_P36": "304.3", "PWD_P37": "314.9", "PWD_P38": "325.7", "PWD_P39": "336.3", "PWD_P40": "346.9", "PWD_P41": "357.7", "PWD_P42": "368.7", "PWD_P43": "379.8", "PWD_P44": "390.9", "PWD_P45": "402.2", "PWD_P46": "413.5", "PWD_P47": "425.1", "PWD_P48": "436.8", "PWD_P49": "449.0", "PWD_P50": "461.6", "PWD_P51": "474.4", "PWD_P52": "487.5", "PWD_P53": "501.0", "PWD_P54": "515.0", "PWD_P55": "529.5", "PWD_P56": "544.4", "PWD_P57": "559.4", "PWD_P58": "574.8", "PWD_P59": "590.8", "PWD_P60": "607.2", "PWD_P61": "624.6", "PWD_P62": "642.5", "PWD_P63": "661.0", "PWD_P64": "680.4", "PWD_P65": "699.8", "PWD_P66": "719.3", "PWD_P67": "739.0", "PWD_P68": "759.1", "PWD_P69": "779.5", "PWD_P70": "800.3", "PWD_P71": "820.8", "PWD_P72": "840.0", "PWD_P73": "859.3", "PWD_P74": "878.9", "PWD_P75": "898.4", "PWD_P76": "917.9", "PWD_P77": "938.1", "PWD_P78": "960.2", "PWD_P79": "983.9", "PWD_P80": "1008.4", "PWD_P81": "1034.1", "PWD_P82": "1062.0", "PWD_P83": "1091.6", "PWD_P84": "1123.9", "PWD_P85": "1162.5", "PWD_P86": "1210.2", "PWD_P87": "1269.8", "PWD_P88": "1349.8", "PWD_P89": "1448.3", "PWD_P90": "1557.6", "PWD_P91": "1692.8", "PWD_P92": "1951.6", "PWD_P93": "10652.6", "PWD_P94": "12538.8", "PWD_P95": "13517.2", "PWD_P96": "14214.0", "PWD_P97": "15049.4", "PWD_P98": "18950.0", "PWD_P99": "21004.3", "PWD_P100": "27180.2" }, "geometry": { "type": "Point", "coordinates": [ 67.750999450683594, 40.371841430664062 ] } },
{ "type": "Feature", "id": 229, "properties": { "lon": -67.980697631835938, "lat": 9.7887535095214844, "year": "2015", "ISO": "VEN", "ISO_No": "862", "Name": "Venezuela", "PWC_Lat": "9.78875350952148", "PWC_Lon": "-67.9806976318359", "Pop": "30081827", "Density": "33.2", "Area": "905683.1", "PWD_A": "2362.5", "PWD_G": "605.7", "PWD_M": "1028.5", "PWD_P1": "2.4", "PWD_P2": "4.0", "PWD_P3": "5.8", "PWD_P4": "7.7", "PWD_P5": "9.9", "PWD_P6": "12.4", "PWD_P7": "15.1", "PWD_P8": "18.1", "PWD_P9": "21.4", "PWD_P10": "24.9", "PWD_P11": "28.7", "PWD_P12": "32.8", "PWD_P13": "37.0", "PWD_P14": "41.5", "PWD_P15": "46.2", "PWD_P16": "51.3", "PWD_P17": "56.9", "PWD_P18": "63.2", "PWD_P19": "70.0", "PWD_P20": "77.3", "PWD_P21": "85.3", "PWD_P22": "94.4", "PWD_P23": "104.2", "PWD_P24": "115.1", "PWD_P25": "127.3", "PWD_P26": "140.6", "PWD_P27": "155.4", "PWD_P28": "172.5", "PWD_P29": "191.3", "PWD_P30": "211.7", "PWD_P31": "234.1", "PWD_P32": "258.4", "PWD_P33": "284.5", "PWD_P34": "312.4", "PWD_P35": "341.7", "PWD_P36": "372.4", "PWD_P37": "406.7", "PWD_P38": "444.8", "PWD_P39": "485.9", "PWD_P40": "529.9", "PWD_P41": "574.3", "PWD_P42": "620.4", "PWD_P43": "668.7", "PWD_P44": "717.2", "PWD_P45": "764.9", "PWD_P46": "813.0", "PWD_P47": "863.5", "PWD_P48": "917.9", "PWD_P49": "972.2", "PWD_P50": "1028.5", "PWD_P51": "1088.8", "PWD_P52": "1150.8", "PWD_P53": "1215.3", "PWD_P54": "1280.3", "PWD_P55": "1347.8", "PWD_P56": "1418.9", "PWD_P57": "1494.5", "PWD_P58": "1570.2", "PWD_P59": "1649.8", "PWD_P60": "1738.9", "PWD_P61": "1831.2", "PWD_P62": "1922.2", "PWD_P63": "2018.6", "PWD_P64": "2116.3", "PWD_P65": "2218.5", "PWD_P66": "2329.6", "PWD_P67": "2449.6", "PWD_P68": "2580.7", "PWD_P69": "2718.8", "PWD_P70": "2868.8", "PWD_P71": "3023.0", "PWD_P72": "3177.1", "PWD_P73": "3319.4", "PWD_P74": "3476.0", "PWD_P75": "3657.3", "PWD_P76": "3824.0", "PWD_P77": "3975.5", "PWD_P78": "4122.1", "PWD_P79": "4278.9", "PWD_P80": "4430.7", "PWD_P81": "4590.9", "PWD_P82": "4764.2", "PWD_P83": "4952.3", "PWD_P84": "5170.6", "PWD_P85": "5396.4", "PWD_P86": "5587.5", "PWD_P87": "5794.8", "PWD_P88": "6160.3", "PWD_P89": "6749.5", "PWD_P90": "7354.5", "PWD_P91": "7881.0", "PWD_P92": "8183.0", "PWD_P93": "8401.7", "PWD_P94": "8627.3", "PWD_P95": "9004.8", "PWD_P96": "9530.6", "PWD_P97": "10284.0", "PWD_P98": "10999.0", "PWD_P99": "11760.6", "PWD_P100": "16994.1" }, "geometry": { "type": "Point", "coordinates": [ -67.980697631835938, 9.788753509521484 ] } },
{ "type": "Feature", "id": 230, "properties": { "lon": -176.78045654296875, "lat": -13.590765953063965, "year": "2015", "ISO": "WLF", "ISO_No": "876", "Name": "Wallis and Futuna", "PWC_Lat": "-13.590765953064", "PWC_Lon": "-176.780456542969", "Pop": "12262", "Density": "80.2", "Area": "152.9", "PWD_A": "257.3", "PWD_G": "157.9", "PWD_M": "200.8", "PWD_P1": "13.0", "PWD_P2": "15.2", "PWD_P3": "17.2", "PWD_P4": "18.4", "PWD_P5": "19.9", "PWD_P6": "21.0", "PWD_P7": "22.4", "PWD_P8": "24.0", "PWD_P9": "25.4", "PWD_P10": "26.5", "PWD_P11": "27.6", "PWD_P12": "28.9", "PWD_P13": "30.4", "PWD_P14": "32.2", "PWD_P15": "34.2", "PWD_P16": "36.9", "PWD_P17": "40.0", "PWD_P18": "42.9", "PWD_P19": "46.5", "PWD_P20": "49.9", "PWD_P21": "53.5", "PWD_P22": "58.6", "PWD_P23": "63.9", "PWD_P24": "69.2", "PWD_P25": "74.4", "PWD_P26": "80.9", "PWD_P27": "87.1", "PWD_P28": "93.3", "PWD_P29": "99.6", "PWD_P30": "104.6", "PWD_P31": "108.4", "PWD_P32": "112.5", "PWD_P33": "117.4", "PWD_P34": "121.6", "PWD_P35": "126.5", "PWD_P36": "130.6", "PWD_P37": "135.7", "PWD_P38": "140.7", "PWD_P39": "146.0", "PWD_P40": "151.3", "PWD_P41": "156.0", "PWD_P42": "160.3", "PWD_P43": "165.6", "PWD_P44": "169.4", "PWD_P45": "175.6", "PWD_P46": "180.0", "PWD_P47": "184.6", "PWD_P48": "190.4", "PWD_P49": "195.0", "PWD_P50": "200.8", "PWD_P51": "206.1", "PWD_P52": "211.4", "PWD_P53": "217.9", "PWD_P54": "222.5", "PWD_P55": "227.3", "PWD_P56": "232.8", "PWD_P57": "239.0", "PWD_P58": "245.8", "PWD_P59": "251.9", "PWD_P60": "257.5", "PWD_P61": "264.2", "PWD_P62": "271.0", "PWD_P63": "277.9", "PWD_P64": "283.9", "PWD_P65": "290.1", "PWD_P66": "297.2", "PWD_P67": "307.2", "PWD_P68": "312.7", "PWD_P69": "320.3", "PWD_P70": "326.5", "PWD_P71": "332.5", "PWD_P72": "340.0", "PWD_P73": "349.9", "PWD_P74": "360.5", "PWD_P75": "368.8", "PWD_P76": "380.0", "PWD_P77": "392.6", "PWD_P78": "402.2", "PWD_P79": "413.3", "PWD_P80": "427.2", "PWD_P81": "436.3", "PWD_P82": "447.0", "PWD_P83": "457.8", "PWD_P84": "471.6", "PWD_P85": "484.6", "PWD_P86": "496.0", "PWD_P87": "511.0", "PWD_P88": "519.2", "PWD_P89": "537.5", "PWD_P90": "564.7", "PWD_P91": "586.1", "PWD_P92": "619.9", "PWD_P93": "653.8", "PWD_P94": "683.4", "PWD_P95": "714.3", "PWD_P96": "748.8", "PWD_P97": "807.2", "PWD_P98": "866.9", "PWD_P99": "999.2", "PWD_P100": "1338.3" }, "geometry": { "type": "Point", "coordinates": [ -176.78045654296875, -13.590765953063965 ] } },
{ "type": "Feature", "id": 231, "properties": { "lon": -171.94511413574219, "lat": -13.822364807128906, "year": "2015", "ISO": "WSM", "ISO_No": "882", "Name": "Samoa", "PWC_Lat": "-13.8223648071289", "PWC_Lon": "-171.945114135742", "Pop": "193510", "Density": "67.0", "Area": "2889.7", "PWD_A": "301.4", "PWD_G": "159.8", "PWD_M": "179.8", "PWD_P1": "7.7", "PWD_P2": "10.7", "PWD_P3": "13.9", "PWD_P4": "16.5", "PWD_P5": "18.5", "PWD_P6": "20.2", "PWD_P7": "21.9", "PWD_P8": "23.9", "PWD_P9": "25.7", "PWD_P10": "27.3", "PWD_P11": "29.0", "PWD_P12": "30.7", "PWD_P13": "32.5", "PWD_P14": "34.2", "PWD_P15": "36.1", "PWD_P16": "38.3", "PWD_P17": "40.2", "PWD_P18": "41.9", "PWD_P19": "43.6", "PWD_P20": "45.4", "PWD_P21": "47.4", "PWD_P22": "49.4", "PWD_P23": "51.1", "PWD_P24": "53.0", "PWD_P25": "55.0", "PWD_P26": "57.3", "PWD_P27": "59.9", "PWD_P28": "63.2", "PWD_P29": "66.3", "PWD_P30": "69.4", "PWD_P31": "72.7", "PWD_P32": "76.0", "PWD_P33": "79.5", "PWD_P34": "82.7", "PWD_P35": "87.0", "PWD_P36": "91.3", "PWD_P37": "95.8", "PWD_P38": "100.9", "PWD_P39": "107.3", "PWD_P40": "112.8", "PWD_P41": "117.6", "PWD_P42": "122.5", "PWD_P43": "127.9", "PWD_P44": "132.1", "PWD_P45": "138.1", "PWD_P46": "146.0", "PWD_P47": "153.5", "PWD_P48": "159.6", "PWD_P49": "168.9", "PWD_P50": "179.8", "PWD_P51": "191.2", "PWD_P52": "209.1", "PWD_P53": "222.4", "PWD_P54": "242.0", "PWD_P55": "256.3", "PWD_P56": "269.8", "PWD_P57": "280.0", "PWD_P58": "293.3", "PWD_P59": "306.7", "PWD_P60": "316.9", "PWD_P61": "329.0", "PWD_P62": "341.2", "PWD_P63": "351.4", "PWD_P64": "361.4", "PWD_P65": "371.8", "PWD_P66": "389.9", "PWD_P67": "405.3", "PWD_P68": "417.8", "PWD_P69": "427.2", "PWD_P70": "437.4", "PWD_P71": "447.5", "PWD_P72": "461.8", "PWD_P73": "476.5", "PWD_P74": "492.4", "PWD_P75": "516.1", "PWD_P76": "559.0", "PWD_P77": "592.3", "PWD_P78": "614.8", "PWD_P79": "629.6", "PWD_P80": "644.4", "PWD_P81": "654.6", "PWD_P82": "666.7", "PWD_P83": "679.1", "PWD_P84": "691.6", "PWD_P85": "701.9", "PWD_P86": "709.9", "PWD_P87": "718.7", "PWD_P88": "729.3", "PWD_P89": "738.5", "PWD_P90": "744.6", "PWD_P91": "752.2", "PWD_P92": "767.7", "PWD_P93": "784.1", "PWD_P94": "800.7", "PWD_P95": "812.5", "PWD_P96": "821.1", "PWD_P97": "835.1", "PWD_P98": "856.0", "PWD_P99": "879.6", "PWD_P100": "922.4" }, "geometry": { "type": "Point", "coordinates": [ -171.945114135742188, -13.822364807128906 ] } },
{ "type": "Feature", "id": 232, "properties": { "lon": 44.432125091552734, "lat": 14.72944450378418, "year": "2015", "ISO": "YEM", "ISO_No": "887", "Name": "Yemen", "PWC_Lat": "14.7294445037842", "PWC_Lon": "44.4321250915527", "Pop": "26497880", "Density": "58.4", "Area": "453940.1", "PWD_A": "3057.8", "PWD_G": "543.9", "PWD_M": "433.7", "PWD_P1": "5.3", "PWD_P2": "10.7", "PWD_P3": "16.1", "PWD_P4": "22.0", "PWD_P5": "28.3", "PWD_P6": "35.3", "PWD_P7": "42.7", "PWD_P8": "50.1", "PWD_P9": "57.3", "PWD_P10": "64.2", "PWD_P11": "71.2", "PWD_P12": "78.4", "PWD_P13": "85.4", "PWD_P14": "92.3", "PWD_P15": "99.2", "PWD_P16": "106.2", "PWD_P17": "113.1", "PWD_P18": "120.0", "PWD_P19": "126.8", "PWD_P20": "133.7", "PWD_P21": "140.5", "PWD_P22": "147.4", "PWD_P23": "154.4", "PWD_P24": "161.5", "PWD_P25": "168.7", "PWD_P26": "175.9", "PWD_P27": "183.3", "PWD_P28": "190.7", "PWD_P29": "198.2", "PWD_P30": "206.1", "PWD_P31": "214.3", "PWD_P32": "222.7", "PWD_P33": "231.2", "PWD_P34": "239.7", "PWD_P35": "248.2", "PWD_P36": "257.0", "PWD_P37": "266.2", "PWD_P38": "275.7", "PWD_P39": "285.7", "PWD_P40": "296.1", "PWD_P41": "307.1", "PWD_P42": "318.6", "PWD_P43": "330.4", "PWD_P44": "342.9", "PWD_P45": "356.3", "PWD_P46": "370.3", "PWD_P47": "384.9", "PWD_P48": "400.5", "PWD_P49": "416.5", "PWD_P50": "433.7", "PWD_P51": "452.2", "PWD_P52": "472.6", "PWD_P53": "494.7", "PWD_P54": "518.0", "PWD_P55": "542.5", "PWD_P56": "567.2", "PWD_P57": "592.4", "PWD_P58": "618.3", "PWD_P59": "645.2", "PWD_P60": "672.8", "PWD_P61": "700.7", "PWD_P62": "729.8", "PWD_P63": "760.8", "PWD_P64": "793.8", "PWD_P65": "829.8", "PWD_P66": "868.8", "PWD_P67": "911.4", "PWD_P68": "958.6", "PWD_P69": "1013.6", "PWD_P70": "1076.5", "PWD_P71": "1147.1", "PWD_P72": "1223.8", "PWD_P73": "1306.7", "PWD_P74": "1404.8", "PWD_P75": "1528.6", "PWD_P76": "1677.8", "PWD_P77": "1862.2", "PWD_P78": "2057.4", "PWD_P79": "2292.9", "PWD_P80": "2587.4", "PWD_P81": "2895.0", "PWD_P82": "3283.4", "PWD_P83": "3798.6", "PWD_P84": "4428.4", "PWD_P85": "5290.1", "PWD_P86": "6597.9", "PWD_P87": "7846.4", "PWD_P88": "8869.0", "PWD_P89": "10016.0", "PWD_P90": "11428.7", "PWD_P91": "12818.4", "PWD_P92": "14211.4", "PWD_P93": "15589.2", "PWD_P94": "16705.5", "PWD_P95": "17678.7", "PWD_P96": "18780.8", "PWD_P97": "20770.6", "PWD_P98": "24287.3", "PWD_P99": "34900.3", "PWD_P100": "64692.4" }, "geometry": { "type": "Point", "coordinates": [ 44.432125091552734, 14.72944450378418 ] } },
{ "type": "Feature", "id": 233, "properties": { "lon": 28.638645172119141, "lat": -13.602380752563477, "year": "2015", "ISO": "ZMB", "ISO_No": "894", "Name": "Zambia", "PWC_Lat": "-13.6023807525635", "PWC_Lon": "28.6386451721191", "Pop": "15879370", "Density": "21.5", "Area": "740053.9", "PWD_A": "1457.7", "PWD_G": "127.5", "PWD_M": "63.4", "PWD_P1": "2.3", "PWD_P2": "3.0", "PWD_P3": "3.7", "PWD_P4": "4.3", "PWD_P5": "4.9", "PWD_P6": "5.5", "PWD_P7": "6.1", "PWD_P8": "6.7", "PWD_P9": "7.3", "PWD_P10": "8.0", "PWD_P11": "8.7", "PWD_P12": "9.4", "PWD_P13": "10.1", "PWD_P14": "10.8", "PWD_P15": "11.6", "PWD_P16": "12.3", "PWD_P17": "13.1", "PWD_P18": "13.9", "PWD_P19": "14.7", "PWD_P20": "15.5", "PWD_P21": "16.4", "PWD_P22": "17.2", "PWD_P23": "18.1", "PWD_P24": "19.1", "PWD_P25": "20.0", "PWD_P26": "21.0", "PWD_P27": "22.0", "PWD_P28": "23.1", "PWD_P29": "24.2", "PWD_P30": "25.3", "PWD_P31": "26.5", "PWD_P32": "27.7", "PWD_P33": "29.0", "PWD_P34": "30.4", "PWD_P35": "31.8", "PWD_P36": "33.3", "PWD_P37": "34.8", "PWD_P38": "36.4", "PWD_P39": "38.0", "PWD_P40": "39.7", "PWD_P41": "41.5", "PWD_P42": "43.4", "PWD_P43": "45.5", "PWD_P44": "47.7", "PWD_P45": "49.9", "PWD_P46": "52.3", "PWD_P47": "54.9", "PWD_P48": "57.6", "PWD_P49": "60.4", "PWD_P50": "63.4", "PWD_P51": "67.0", "PWD_P52": "70.7", "PWD_P53": "74.6", "PWD_P54": "78.9", "PWD_P55": "83.4", "PWD_P56": "88.5", "PWD_P57": "94.1", "PWD_P58": "100.8", "PWD_P59": "108.7", "PWD_P60": "118.3", "PWD_P61": "130.7", "PWD_P62": "145.8", "PWD_P63": "164.7", "PWD_P64": "189.3", "PWD_P65": "220.9", "PWD_P66": "261.9", "PWD_P67": "317.8", "PWD_P68": "390.6", "PWD_P69": "475.0", "PWD_P70": "570.5", "PWD_P71": "677.3", "PWD_P72": "799.2", "PWD_P73": "927.8", "PWD_P74": "1063.1", "PWD_P75": "1217.2", "PWD_P76": "1382.5", "PWD_P77": "1550.3", "PWD_P78": "1724.6", "PWD_P79": "1894.3", "PWD_P80": "2077.4", "PWD_P81": "2243.6", "PWD_P82": "2426.2", "PWD_P83": "2672.9", "PWD_P84": "3023.6", "PWD_P85": "3407.7", "PWD_P86": "3864.2", "PWD_P87": "4273.9", "PWD_P88": "4612.0", "PWD_P89": "5191.1", "PWD_P90": "5983.3", "PWD_P91": "6520.1", "PWD_P92": "6902.1", "PWD_P93": "7185.9", "PWD_P94": "7458.5", "PWD_P95": "7968.7", "PWD_P96": "8902.7", "PWD_P97": "11318.0", "PWD_P98": "12219.1", "PWD_P99": "13551.7", "PWD_P100": "15771.0" }, "geometry": { "type": "Point", "coordinates": [ 28.638645172119141, -13.602380752563477 ] } }
]
}
