{
"type": "FeatureCollection",
"name": "PWD_2005_national_100m",
"features": [
{ "type": "Feature", "id": 1, "properties": { "lon": 54.5895, "lat": 53.8512, "year": "2005", "ISO": "RUS", "ISO_No": "643", "Name": "Russia", "PWC_Lat": "53.8512", "PWC_Lon": "54.5895", "Pop": "143672124", "Density": "8.8", "Area": "16416864.1", "PWD_A": "3547.2", "PWD_G": "660.0", "PWD_M": "1113.2", "PWD_P1": "0.8", "PWD_P2": "1.8", "PWD_P3": "2.9", "PWD_P4": "4.2", "PWD_P5": "5.8", "PWD_P6": "7.7", "PWD_P7": "9.8", "PWD_P8": "12.4", "PWD_P9": "15.3", "PWD_P10": "18.6", "PWD_P11": "22.5", "PWD_P12": "26.7", "PWD_P13": "31.5", "PWD_P14": "36.9", "PWD_P15": "42.9", "PWD_P16": "49.7", "PWD_P17": "57.1", "PWD_P18": "65.3", "PWD_P19": "74.2", "PWD_P20": "84.0", "PWD_P21": "94.5", "PWD_P22": "105.9", "PWD_P23": "118.3", "PWD_P24": "131.7", "PWD_P25": "146.2", "PWD_P26": "161.9", "PWD_P27": "179.0", "PWD_P28": "197.3", "PWD_P29": "217.2", "PWD_P30": "238.6", "PWD_P31": "261.6", "PWD_P32": "286.5", "PWD_P33": "313.3", "PWD_P34": "342.0", "PWD_P35": "372.5", "PWD_P36": "405.4", "PWD_P37": "440.5", "PWD_P38": "477.6", "PWD_P39": "516.7", "PWD_P40": "557.8", "PWD_P41": "601.4", "PWD_P42": "647.6", "PWD_P43": "696.6", "PWD_P44": "748.1", "PWD_P45": "802.3", "PWD_P46": "859.2", "PWD_P47": "918.4", "PWD_P48": "980.2", "PWD_P49": "1045.2", "PWD_P50": "1113.2", "PWD_P51": "1184.6", "PWD_P52": "1259.9", "PWD_P53": "1338.7", "PWD_P54": "1421.3", "PWD_P55": "1507.7", "PWD_P56": "1597.7", "PWD_P57": "1691.7", "PWD_P58": "1789.9", "PWD_P59": "1892.0", "PWD_P60": "1998.9", "PWD_P61": "2109.2", "PWD_P62": "2224.9", "PWD_P63": "2347.0", "PWD_P64": "2474.5", "PWD_P65": "2608.4", "PWD_P66": "2751.0", "PWD_P67": "2906.0", "PWD_P68": "3074.7", "PWD_P69": "3252.1", "PWD_P70": "3441.4", "PWD_P71": "3640.7", "PWD_P72": "3850.8", "PWD_P73": "4075.2", "PWD_P74": "4302.2", "PWD_P75": "4536.1", "PWD_P76": "4778.1", "PWD_P77": "5029.9", "PWD_P78": "5294.0", "PWD_P79": "5572.7", "PWD_P80": "5857.5", "PWD_P81": "6155.1", "PWD_P82": "6470.8", "PWD_P83": "6782.9", "PWD_P84": "7119.6", "PWD_P85": "7470.9", "PWD_P86": "7837.0", "PWD_P87": "8214.0", "PWD_P88": "8614.9", "PWD_P89": "9024.2", "PWD_P90": "9487.6", "PWD_P91": "10064.1", "PWD_P92": "10740.2", "PWD_P93": "11435.0", "PWD_P94": "12479.1", "PWD_P95": "14199.0", "PWD_P96": "16037.2", "PWD_P97": "18350.3", "PWD_P98": "21302.3", "PWD_P99": "25975.7", "PWD_P100": "213508.5" }, "geometry": { "type": "Point", "coordinates": [ 54.5895, 53.8512 ] } },
{ "type": "Feature", "id": 2, "properties": { "lon": 109.8846, "lat": -5.021, "year": "2005", "ISO": "IDN", "ISO_No": "360", "Name": "Indonesia", "PWC_Lat": "-5.021", "PWC_Lon": "109.8846", "Pop": "226289467", "Density": "120.1", "Area": "1884085.3", "PWD_A": "2921.5", "PWD_G": "877.3", "PWD_M": "970.8", "PWD_P1": "8.7", "PWD_P2": "14.7", "PWD_P3": "20.7", "PWD_P4": "26.9", "PWD_P5": "33.3", "PWD_P6": "39.9", "PWD_P7": "46.5", "PWD_P8": "53.4", "PWD_P9": "60.8", "PWD_P10": "68.5", "PWD_P11": "76.8", "PWD_P12": "86.0", "PWD_P13": "96.2", "PWD_P14": "107.7", "PWD_P15": "121.0", "PWD_P16": "136.7", "PWD_P17": "155.2", "PWD_P18": "176.5", "PWD_P19": "200.8", "PWD_P20": "227.3", "PWD_P21": "254.9", "PWD_P22": "281.6", "PWD_P23": "307.5", "PWD_P24": "332.5", "PWD_P25": "356.6", "PWD_P26": "380.0", "PWD_P27": "403.1", "PWD_P28": "426.0", "PWD_P29": "448.4", "PWD_P30": "470.7", "PWD_P31": "492.9", "PWD_P32": "515.1", "PWD_P33": "537.6", "PWD_P34": "560.2", "PWD_P35": "583.0", "PWD_P36": "606.3", "PWD_P37": "629.8", "PWD_P38": "653.6", "PWD_P39": "677.3", "PWD_P40": "701.2", "PWD_P41": "725.4", "PWD_P42": "750.3", "PWD_P43": "775.7", "PWD_P44": "801.4", "PWD_P45": "828.0", "PWD_P46": "855.2", "PWD_P47": "882.9", "PWD_P48": "911.2", "PWD_P49": "940.4", "PWD_P50": "970.8", "PWD_P51": "1002.1", "PWD_P52": "1034.3", "PWD_P53": "1067.6", "PWD_P54": "1102.5", "PWD_P55": "1138.9", "PWD_P56": "1176.9", "PWD_P57": "1217.5", "PWD_P58": "1260.0", "PWD_P59": "1305.0", "PWD_P60": "1353.6", "PWD_P61": "1406.2", "PWD_P62": "1463.2", "PWD_P63": "1525.2", "PWD_P64": "1592.1", "PWD_P65": "1666.2", "PWD_P66": "1747.7", "PWD_P67": "1836.8", "PWD_P68": "1934.2", "PWD_P69": "2041.6", "PWD_P70": "2156.7", "PWD_P71": "2283.3", "PWD_P72": "2423.0", "PWD_P73": "2576.3", "PWD_P74": "2748.0", "PWD_P75": "2934.9", "PWD_P76": "3141.4", "PWD_P77": "3367.3", "PWD_P78": "3615.1", "PWD_P79": "3875.8", "PWD_P80": "4161.9", "PWD_P81": "4474.4", "PWD_P82": "4821.9", "PWD_P83": "5195.0", "PWD_P84": "5618.8", "PWD_P85": "6061.2", "PWD_P86": "6563.0", "PWD_P87": "7093.6", "PWD_P88": "7725.4", "PWD_P89": "8377.6", "PWD_P90": "9033.5", "PWD_P91": "9933.6", "PWD_P92": "10830.6", "PWD_P93": "11786.9", "PWD_P94": "12712.7", "PWD_P95": "13788.4", "PWD_P96": "14871.0", "PWD_P97": "16219.5", "PWD_P98": "18860.3", "PWD_P99": "22165.1", "PWD_P100": "33354.6" }, "geometry": { "type": "Point", "coordinates": [ 109.8846, -5.021 ] } },
{ "type": "Feature", "id": 3, "properties": { "lon": -91.8975, "lat": 37.6099, "year": "2005", "ISO": "USA", "ISO_No": "840", "Name": "United States", "PWC_Lat": "37.6099", "PWC_Lon": "-91.8975", "Pop": "294993509", "Density": "32.2", "Area": "9173866.9", "PWD_A": "4225.1", "PWD_G": "1187.2", "PWD_M": "1712.7", "PWD_P1": "4.5", "PWD_P2": "8.7", "PWD_P3": "13.4", "PWD_P4": "18.8", "PWD_P5": "25.1", "PWD_P6": "32.6", "PWD_P7": "41.2", "PWD_P8": "51.2", "PWD_P9": "62.8", "PWD_P10": "76.1", "PWD_P11": "91.2", "PWD_P12": "108.3", "PWD_P13": "127.6", "PWD_P14": "149.2", "PWD_P15": "173.2", "PWD_P16": "199.6", "PWD_P17": "228.3", "PWD_P18": "259.1", "PWD_P19": "291.9", "PWD_P20": "326.3", "PWD_P21": "362.5", "PWD_P22": "400.2", "PWD_P23": "438.8", "PWD_P24": "478.3", "PWD_P25": "519.1", "PWD_P26": "560.5", "PWD_P27": "602.8", "PWD_P28": "645.5", "PWD_P29": "689.2", "PWD_P30": "733.2", "PWD_P31": "777.7", "PWD_P32": "822.6", "PWD_P33": "868.3", "PWD_P34": "914.4", "PWD_P35": "960.5", "PWD_P36": "1007.2", "PWD_P37": "1054.3", "PWD_P38": "1101.6", "PWD_P39": "1149.4", "PWD_P40": "1197.9", "PWD_P41": "1246.4", "PWD_P42": "1295.7", "PWD_P43": "1345.6", "PWD_P44": "1395.9", "PWD_P45": "1446.7", "PWD_P46": "1498.3", "PWD_P47": "1550.6", "PWD_P48": "1603.7", "PWD_P49": "1657.9", "PWD_P50": "1712.7", "PWD_P51": "1768.2", "PWD_P52": "1825.1", "PWD_P53": "1882.7", "PWD_P54": "1941.7", "PWD_P55": "2002.2", "PWD_P56": "2063.3", "PWD_P57": "2126.4", "PWD_P58": "2191.0", "PWD_P59": "2257.7", "PWD_P60": "2325.9", "PWD_P61": "2395.9", "PWD_P62": "2468.9", "PWD_P63": "2543.8", "PWD_P64": "2621.8", "PWD_P65": "2703.2", "PWD_P66": "2788.0", "PWD_P67": "2876.5", "PWD_P68": "2968.8", "PWD_P69": "3066.0", "PWD_P70": "3168.3", "PWD_P71": "3276.0", "PWD_P72": "3390.2", "PWD_P73": "3511.1", "PWD_P74": "3640.7", "PWD_P75": "3778.1", "PWD_P76": "3926.6", "PWD_P77": "4087.1", "PWD_P78": "4262.0", "PWD_P79": "4451.0", "PWD_P80": "4657.1", "PWD_P81": "4885.7", "PWD_P82": "5137.4", "PWD_P83": "5420.9", "PWD_P84": "5741.0", "PWD_P85": "6102.1", "PWD_P86": "6514.6", "PWD_P87": "6983.1", "PWD_P88": "7523.3", "PWD_P89": "8148.0", "PWD_P90": "8881.2", "PWD_P91": "9744.8", "PWD_P92": "10795.8", "PWD_P93": "12079.7", "PWD_P94": "13693.9", "PWD_P95": "15844.2", "PWD_P96": "18845.9", "PWD_P97": "23330.3", "PWD_P98": "31096.5", "PWD_P99": "48315.6", "PWD_P100": "464507.8" }, "geometry": { "type": "Point", "coordinates": [ -91.8975, 37.6099 ] } },
{ "type": "Feature", "id": 4, "properties": { "lon": -64.845787048339844, "lat": 18.044332504272461, "year": "2005", "ISO": "VIR", "ISO_No": "850", "Name": "Virgin_Islands_U_S", "PWC_Lat": "18.0443325042725", "PWC_Lon": "-64.8457870483398", "Pop": "107800", "Density": "281.1", "Area": "383.5", "PWD_A": "792.3", "PWD_G": "523.1", "PWD_M": "515.3", "PWD_P1": "34.1", "PWD_P2": "49.2", "PWD_P3": "62.5", "PWD_P4": "75.2", "PWD_P5": "87.4", "PWD_P6": "98.8", "PWD_P7": "110.7", "PWD_P8": "121.6", "PWD_P9": "132.2", "PWD_P10": "143.6", "PWD_P11": "154.4", "PWD_P12": "164.3", "PWD_P13": "173.5", "PWD_P14": "182.8", "PWD_P15": "192.9", "PWD_P16": "204.2", "PWD_P17": "215.6", "PWD_P18": "226.2", "PWD_P19": "240.2", "PWD_P20": "254.5", "PWD_P21": "269.4", "PWD_P22": "281.8", "PWD_P23": "293.1", "PWD_P24": "304.2", "PWD_P25": "315.1", "PWD_P26": "324.2", "PWD_P27": "332.3", "PWD_P28": "338.7", "PWD_P29": "345.2", "PWD_P30": "352.1", "PWD_P31": "358.5", "PWD_P32": "364.9", "PWD_P33": "372.4", "PWD_P34": "381.5", "PWD_P35": "390.7", "PWD_P36": "400.4", "PWD_P37": "408.8", "PWD_P38": "417.2", "PWD_P39": "424.8", "PWD_P40": "431.3", "PWD_P41": "438.6", "PWD_P42": "445.0", "PWD_P43": "451.0", "PWD_P44": "456.5", "PWD_P45": "463.5", "PWD_P46": "472.7", "PWD_P47": "481.5", "PWD_P48": "491.1", "PWD_P49": "503.2", "PWD_P50": "515.3", "PWD_P51": "528.3", "PWD_P52": "540.1", "PWD_P53": "552.3", "PWD_P54": "566.3", "PWD_P55": "576.9", "PWD_P56": "587.4", "PWD_P57": "597.1", "PWD_P58": "607.8", "PWD_P59": "620.3", "PWD_P60": "631.1", "PWD_P61": "639.3", "PWD_P62": "649.2", "PWD_P63": "659.2", "PWD_P64": "668.8", "PWD_P65": "678.2", "PWD_P66": "690.5", "PWD_P67": "706.8", "PWD_P68": "726.7", "PWD_P69": "755.0", "PWD_P70": "813.3", "PWD_P71": "916.5", "PWD_P72": "1003.0", "PWD_P73": "1051.5", "PWD_P74": "1176.1", "PWD_P75": "1331.4", "PWD_P76": "1432.1", "PWD_P77": "1515.7", "PWD_P78": "1595.8", "PWD_P79": "1650.8", "PWD_P80": "1694.2", "PWD_P81": "1730.2", "PWD_P82": "1772.0", "PWD_P83": "1813.6", "PWD_P84": "1844.4", "PWD_P85": "1871.5", "PWD_P86": "1901.1", "PWD_P87": "1921.7", "PWD_P88": "1939.0", "PWD_P89": "1951.2", "PWD_P90": "1968.4", "PWD_P91": "1984.1", "PWD_P92": "2000.3", "PWD_P93": "2020.2", "PWD_P94": "2038.4", "PWD_P95": "2051.9", "PWD_P96": "2065.7", "PWD_P97": "2084.5", "PWD_P98": "2108.7", "PWD_P99": "2151.5", "PWD_P100": "2230.3" }, "geometry": { "type": "Point", "coordinates": [ -64.845787048339844, 18.044332504272461 ] } },
{ "type": "Feature", "id": 5, "properties": { "lon": -50.663589477539062, "lat": 66.10955810546875, "year": "2005", "ISO": "GRL", "ISO_No": "304", "Name": "Greenland", "PWC_Lat": "66.1095581054688", "PWC_Lon": "-50.6635894775391", "Pop": "56949", "Density": "0.0", "Area": "2128390.2", "PWD_A": "426.6", "PWD_G": "344.5", "PWD_M": "393.2", "PWD_P1": "22.3", "PWD_P2": "33.5", "PWD_P3": "47.4", "PWD_P4": "61.7", "PWD_P5": "72.5", "PWD_P6": "79.7", "PWD_P7": "91.6", "PWD_P8": "104.4", "PWD_P9": "117.0", "PWD_P10": "130.4", "PWD_P11": "141.2", "PWD_P12": "153.8", "PWD_P13": "166.1", "PWD_P14": "177.2", "PWD_P15": "187.1", "PWD_P16": "199.2", "PWD_P17": "209.2", "PWD_P18": "219.7", "PWD_P19": "228.6", "PWD_P20": "236.8", "PWD_P21": "245.1", "PWD_P22": "253.5", "PWD_P23": "260.8", "PWD_P24": "268.1", "PWD_P25": "275.0", "PWD_P26": "282.5", "PWD_P27": "289.6", "PWD_P28": "295.9", "PWD_P29": "302.3", "PWD_P30": "308.1", "PWD_P31": "313.6", "PWD_P32": "317.9", "PWD_P33": "322.0", "PWD_P34": "326.2", "PWD_P35": "330.0", "PWD_P36": "334.4", "PWD_P37": "339.1", "PWD_P38": "343.5", "PWD_P39": "347.5", "PWD_P40": "351.6", "PWD_P41": "355.7", "PWD_P42": "360.6", "PWD_P43": "364.9", "PWD_P44": "369.3", "PWD_P45": "373.8", "PWD_P46": "377.8", "PWD_P47": "381.5", "PWD_P48": "385.4", "PWD_P49": "389.1", "PWD_P50": "393.2", "PWD_P51": "396.9", "PWD_P52": "400.8", "PWD_P53": "404.8", "PWD_P54": "409.3", "PWD_P55": "414.3", "PWD_P56": "419.0", "PWD_P57": "424.2", "PWD_P58": "430.2", "PWD_P59": "436.5", "PWD_P60": "444.2", "PWD_P61": "450.7", "PWD_P62": "457.4", "PWD_P63": "464.1", "PWD_P64": "471.5", "PWD_P65": "479.7", "PWD_P66": "488.7", "PWD_P67": "499.1", "PWD_P68": "508.7", "PWD_P69": "520.8", "PWD_P70": "534.2", "PWD_P71": "548.8", "PWD_P72": "562.9", "PWD_P73": "576.0", "PWD_P74": "588.2", "PWD_P75": "599.6", "PWD_P76": "610.0", "PWD_P77": "619.1", "PWD_P78": "627.7", "PWD_P79": "636.9", "PWD_P80": "647.3", "PWD_P81": "658.3", "PWD_P82": "669.6", "PWD_P83": "681.6", "PWD_P84": "692.8", "PWD_P85": "704.5", "PWD_P86": "716.0", "PWD_P87": "730.1", "PWD_P88": "744.6", "PWD_P89": "754.9", "PWD_P90": "765.3", "PWD_P91": "776.6", "PWD_P92": "788.6", "PWD_P93": "804.5", "PWD_P94": "819.5", "PWD_P95": "830.8", "PWD_P96": "840.9", "PWD_P97": "849.8", "PWD_P98": "868.5", "PWD_P99": "891.5", "PWD_P100": "971.8" }, "geometry": { "type": "Point", "coordinates": [ -50.663589477539062, 66.10955810546875 ] } },
{ "type": "Feature", "id": 6, "properties": { "lon": 113.7167, "lat": 32.4031, "year": "2005", "ISO": "CHN", "ISO_No": "156", "Name": "China", "PWC_Lat": "32.4031", "PWC_Lon": "113.7167", "Pop": "1330776380", "Density": "144.0", "Area": "9241743.8", "PWD_A": "7160.3", "PWD_G": "1221.6", "PWD_M": "852.7", "PWD_P1": "19.0", "PWD_P2": "33.3", "PWD_P3": "45.4", "PWD_P4": "56.9", "PWD_P5": "68.1", "PWD_P6": "79.2", "PWD_P7": "90.4", "PWD_P8": "101.7", "PWD_P9": "113.2", "PWD_P10": "125.0", "PWD_P11": "136.9", "PWD_P12": "149.0", "PWD_P13": "161.3", "PWD_P14": "173.8", "PWD_P15": "186.4", "PWD_P16": "199.2", "PWD_P17": "212.2", "PWD_P18": "225.4", "PWD_P19": "238.8", "PWD_P20": "252.5", "PWD_P21": "266.4", "PWD_P22": "280.4", "PWD_P23": "294.7", "PWD_P24": "309.1", "PWD_P25": "323.7", "PWD_P26": "338.5", "PWD_P27": "353.5", "PWD_P28": "368.8", "PWD_P29": "384.2", "PWD_P30": "399.9", "PWD_P31": "415.9", "PWD_P32": "432.2", "PWD_P33": "448.9", "PWD_P34": "465.9", "PWD_P35": "483.4", "PWD_P36": "501.3", "PWD_P37": "519.8", "PWD_P38": "538.9", "PWD_P39": "558.5", "PWD_P40": "578.9", "PWD_P41": "600.1", "PWD_P42": "622.1", "PWD_P43": "645.2", "PWD_P44": "669.5", "PWD_P45": "695.2", "PWD_P46": "722.3", "PWD_P47": "751.2", "PWD_P48": "782.3", "PWD_P49": "816.1", "PWD_P50": "852.7", "PWD_P51": "892.7", "PWD_P52": "936.9", "PWD_P53": "986.0", "PWD_P54": "1041.3", "PWD_P55": "1103.7", "PWD_P56": "1174.7", "PWD_P57": "1254.9", "PWD_P58": "1346.3", "PWD_P59": "1450.0", "PWD_P60": "1568.0", "PWD_P61": "1701.8", "PWD_P62": "1851.0", "PWD_P63": "2015.6", "PWD_P64": "2196.7", "PWD_P65": "2395.1", "PWD_P66": "2611.1", "PWD_P67": "2844.1", "PWD_P68": "3096.4", "PWD_P69": "3368.3", "PWD_P70": "3661.4", "PWD_P71": "3977.2", "PWD_P72": "4319.9", "PWD_P73": "4685.7", "PWD_P74": "5079.7", "PWD_P75": "5503.9", "PWD_P76": "5962.2", "PWD_P77": "6453.1", "PWD_P78": "6982.9", "PWD_P79": "7552.9", "PWD_P80": "8167.7", "PWD_P81": "8828.7", "PWD_P82": "9546.6", "PWD_P83": "10334.3", "PWD_P84": "11198.3", "PWD_P85": "12140.8", "PWD_P86": "13184.8", "PWD_P87": "14354.4", "PWD_P88": "15673.9", "PWD_P89": "17179.2", "PWD_P90": "18897.8", "PWD_P91": "20882.1", "PWD_P92": "23209.0", "PWD_P93": "25976.8", "PWD_P94": "29357.9", "PWD_P95": "33750.8", "PWD_P96": "39732.6", "PWD_P97": "48251.4", "PWD_P98": "61617.3", "PWD_P99": "87582.3", "PWD_P100": "3196423.2" }, "geometry": { "type": "Point", "coordinates": [ 113.7167, 32.4031 ] } },
{ "type": "Feature", "id": 7, "properties": { "lon": 144.7658, "lat": -32.9211, "year": "2005", "ISO": "AUS", "ISO_No": "36", "Name": "Australia", "PWC_Lat": "-32.9211", "PWC_Lon": "144.7658", "Pop": "20178542", "Density": "2.6", "Area": "7637991.2", "PWD_A": "2711.0", "PWD_G": "1291.3", "PWD_M": "2087.4", "PWD_P1": "1.3", "PWD_P2": "4.4", "PWD_P3": "9.4", "PWD_P4": "16.8", "PWD_P5": "27.8", "PWD_P6": "43.8", "PWD_P7": "66.0", "PWD_P8": "95.0", "PWD_P9": "131.5", "PWD_P10": "174.4", "PWD_P11": "223.2", "PWD_P12": "277.6", "PWD_P13": "334.3", "PWD_P14": "391.5", "PWD_P15": "452.1", "PWD_P16": "514.6", "PWD_P17": "576.0", "PWD_P18": "635.6", "PWD_P19": "694.7", "PWD_P20": "753.4", "PWD_P21": "811.8", "PWD_P22": "869.9", "PWD_P23": "926.2", "PWD_P24": "982.6", "PWD_P25": "1037.5", "PWD_P26": "1091.0", "PWD_P27": "1142.2", "PWD_P28": "1193.3", "PWD_P29": "1243.6", "PWD_P30": "1292.5", "PWD_P31": "1340.3", "PWD_P32": "1387.5", "PWD_P33": "1433.1", "PWD_P34": "1478.2", "PWD_P35": "1521.5", "PWD_P36": "1564.2", "PWD_P37": "1605.5", "PWD_P38": "1645.9", "PWD_P39": "1684.6", "PWD_P40": "1722.7", "PWD_P41": "1760.6", "PWD_P42": "1797.5", "PWD_P43": "1834.5", "PWD_P44": "1871.5", "PWD_P45": "1908.1", "PWD_P46": "1944.7", "PWD_P47": "1981.2", "PWD_P48": "2016.7", "PWD_P49": "2052.4", "PWD_P50": "2087.4", "PWD_P51": "2122.5", "PWD_P52": "2157.3", "PWD_P53": "2191.3", "PWD_P54": "2225.5", "PWD_P55": "2260.4", "PWD_P56": "2294.6", "PWD_P57": "2329.3", "PWD_P58": "2364.9", "PWD_P59": "2400.9", "PWD_P60": "2436.5", "PWD_P61": "2472.3", "PWD_P62": "2508.9", "PWD_P63": "2545.8", "PWD_P64": "2583.3", "PWD_P65": "2622.2", "PWD_P66": "2661.9", "PWD_P67": "2702.3", "PWD_P68": "2742.5", "PWD_P69": "2785.2", "PWD_P70": "2828.9", "PWD_P71": "2874.5", "PWD_P72": "2920.7", "PWD_P73": "2968.0", "PWD_P74": "3017.8", "PWD_P75": "3071.5", "PWD_P76": "3128.1", "PWD_P77": "3187.1", "PWD_P78": "3249.6", "PWD_P79": "3317.6", "PWD_P80": "3388.8", "PWD_P81": "3465.7", "PWD_P82": "3549.0", "PWD_P83": "3642.8", "PWD_P84": "3741.5", "PWD_P85": "3852.5", "PWD_P86": "3979.1", "PWD_P87": "4120.1", "PWD_P88": "4287.5", "PWD_P89": "4481.4", "PWD_P90": "4721.2", "PWD_P91": "5012.6", "PWD_P92": "5370.6", "PWD_P93": "5806.3", "PWD_P94": "6373.3", "PWD_P95": "7115.6", "PWD_P96": "8128.1", "PWD_P97": "9660.4", "PWD_P98": "12038.0", "PWD_P99": "16949.3", "PWD_P100": "151440.0" }, "geometry": { "type": "Point", "coordinates": [ 144.7658, -32.9211 ] } },
{ "type": "Feature", "id": 8, "properties": { "lon": -45.6536, "lat": -17.1102, "year": "2005", "ISO": "BRA", "ISO_No": "76", "Name": "Brazil", "PWC_Lat": "-17.1102", "PWC_Lon": "-45.6536", "Pop": "186127107", "Density": "22.1", "Area": "8419955.0", "PWD_A": "9465.5", "PWD_G": "2814.8", "PWD_M": "5227.5", "PWD_P1": "1.7", "PWD_P2": "3.8", "PWD_P3": "6.4", "PWD_P4": "10.0", "PWD_P5": "15.0", "PWD_P6": "21.8", "PWD_P7": "31.1", "PWD_P8": "43.6", "PWD_P9": "60.7", "PWD_P10": "84.4", "PWD_P11": "117.6", "PWD_P12": "163.4", "PWD_P13": "224.7", "PWD_P14": "301.9", "PWD_P15": "394.1", "PWD_P16": "498.4", "PWD_P17": "611.4", "PWD_P18": "730.6", "PWD_P19": "854.8", "PWD_P20": "981.9", "PWD_P21": "1111.5", "PWD_P22": "1243.6", "PWD_P23": "1377.1", "PWD_P24": "1511.0", "PWD_P25": "1646.1", "PWD_P26": "1780.3", "PWD_P27": "1915.0", "PWD_P28": "2049.4", "PWD_P29": "2183.1", "PWD_P30": "2317.4", "PWD_P31": "2451.6", "PWD_P32": "2584.4", "PWD_P33": "2717.4", "PWD_P34": "2849.8", "PWD_P35": "2983.6", "PWD_P36": "3120.4", "PWD_P37": "3258.1", "PWD_P38": "3396.0", "PWD_P39": "3535.1", "PWD_P40": "3676.7", "PWD_P41": "3821.2", "PWD_P42": "3968.8", "PWD_P43": "4118.6", "PWD_P44": "4269.8", "PWD_P45": "4423.6", "PWD_P46": "4578.5", "PWD_P47": "4734.8", "PWD_P48": "4894.3", "PWD_P49": "5059.1", "PWD_P50": "5227.5", "PWD_P51": "5399.5", "PWD_P52": "5575.0", "PWD_P53": "5754.2", "PWD_P54": "5941.5", "PWD_P55": "6129.6", "PWD_P56": "6322.0", "PWD_P57": "6520.3", "PWD_P58": "6721.3", "PWD_P59": "6926.0", "PWD_P60": "7140.1", "PWD_P61": "7360.7", "PWD_P62": "7586.6", "PWD_P63": "7819.5", "PWD_P64": "8062.3", "PWD_P65": "8314.9", "PWD_P66": "8572.7", "PWD_P67": "8845.2", "PWD_P68": "9130.3", "PWD_P69": "9425.6", "PWD_P70": "9725.3", "PWD_P71": "10036.0", "PWD_P72": "10366.2", "PWD_P73": "10703.6", "PWD_P74": "11048.6", "PWD_P75": "11415.1", "PWD_P76": "11811.7", "PWD_P77": "12215.0", "PWD_P78": "12645.7", "PWD_P79": "13096.2", "PWD_P80": "13580.6", "PWD_P81": "14095.7", "PWD_P82": "14641.1", "PWD_P83": "15214.3", "PWD_P84": "15829.3", "PWD_P85": "16509.2", "PWD_P86": "17265.5", "PWD_P87": "18110.3", "PWD_P88": "19041.0", "PWD_P89": "20065.5", "PWD_P90": "21235.9", "PWD_P91": "22603.2", "PWD_P92": "24220.9", "PWD_P93": "26199.4", "PWD_P94": "28730.4", "PWD_P95": "31950.6", "PWD_P96": "36335.3", "PWD_P97": "42788.2", "PWD_P98": "53703.4", "PWD_P99": "75879.8", "PWD_P100": "434201.2" }, "geometry": { "type": "Point", "coordinates": [ -45.6536, -17.1102 ] } },
{ "type": "Feature", "id": 9, "properties": { "lon": -87.4266, "lat": 46.8179, "year": "2005", "ISO": "CAN", "ISO_No": "124", "Name": "Canada", "PWC_Lat": "46.8179", "PWC_Lon": "-87.4266", "Pop": "32164313", "Density": "3.5", "Area": "9139103.0", "PWD_A": "5060.4", "PWD_G": "1582.6", "PWD_M": "2811.6", "PWD_P1": "1.7", "PWD_P2": "3.9", "PWD_P3": "6.5", "PWD_P4": "10.0", "PWD_P5": "14.5", "PWD_P6": "20.6", "PWD_P7": "28.6", "PWD_P8": "38.8", "PWD_P9": "51.7", "PWD_P10": "67.6", "PWD_P11": "86.9", "PWD_P12": "110.1", "PWD_P13": "138.1", "PWD_P14": "171.3", "PWD_P15": "210.5", "PWD_P16": "256.4", "PWD_P17": "309.4", "PWD_P18": "369.1", "PWD_P19": "435.2", "PWD_P20": "507.1", "PWD_P21": "585.1", "PWD_P22": "666.8", "PWD_P23": "750.7", "PWD_P24": "833.7", "PWD_P25": "917.7", "PWD_P26": "1003.3", "PWD_P27": "1089.9", "PWD_P28": "1176.5", "PWD_P29": "1263.4", "PWD_P30": "1348.4", "PWD_P31": "1430.5", "PWD_P32": "1511.9", "PWD_P33": "1590.2", "PWD_P34": "1668.9", "PWD_P35": "1747.2", "PWD_P36": "1823.4", "PWD_P37": "1898.7", "PWD_P38": "1972.0", "PWD_P39": "2044.7", "PWD_P40": "2115.8", "PWD_P41": "2187.5", "PWD_P42": "2258.0", "PWD_P43": "2327.0", "PWD_P44": "2396.1", "PWD_P45": "2465.0", "PWD_P46": "2532.7", "PWD_P47": "2600.9", "PWD_P48": "2669.4", "PWD_P49": "2739.4", "PWD_P50": "2811.6", "PWD_P51": "2883.1", "PWD_P52": "2954.0", "PWD_P53": "3027.6", "PWD_P54": "3102.9", "PWD_P55": "3180.3", "PWD_P56": "3258.2", "PWD_P57": "3338.7", "PWD_P58": "3421.3", "PWD_P59": "3506.4", "PWD_P60": "3593.6", "PWD_P61": "3681.6", "PWD_P62": "3772.7", "PWD_P63": "3866.9", "PWD_P64": "3969.6", "PWD_P65": "4076.9", "PWD_P66": "4187.3", "PWD_P67": "4299.1", "PWD_P68": "4418.7", "PWD_P69": "4543.9", "PWD_P70": "4678.6", "PWD_P71": "4816.3", "PWD_P72": "4960.1", "PWD_P73": "5111.7", "PWD_P74": "5274.3", "PWD_P75": "5450.4", "PWD_P76": "5632.8", "PWD_P77": "5830.0", "PWD_P78": "6041.0", "PWD_P79": "6262.5", "PWD_P80": "6500.9", "PWD_P81": "6764.7", "PWD_P82": "7064.2", "PWD_P83": "7392.6", "PWD_P84": "7757.5", "PWD_P85": "8159.2", "PWD_P86": "8592.9", "PWD_P87": "9064.7", "PWD_P88": "9627.1", "PWD_P89": "10268.5", "PWD_P90": "10990.2", "PWD_P91": "11817.3", "PWD_P92": "12773.9", "PWD_P93": "14009.7", "PWD_P94": "15392.8", "PWD_P95": "17258.7", "PWD_P96": "19685.0", "PWD_P97": "23050.3", "PWD_P98": "28903.8", "PWD_P99": "41775.3", "PWD_P100": "324033.9" }, "geometry": { "type": "Point", "coordinates": [ -87.4266, 46.8179 ] } },
{ "type": "Feature", "id": 10, "properties": { "lon": -71.339256286621094, "lat": -34.157493591308594, "year": "2005", "ISO": "CHL", "ISO_No": "152", "Name": "Chile", "PWC_Lat": "-34.1574935913086", "PWC_Lon": "-71.3392562866211", "Pop": "16182712", "Density": "21.7", "Area": "746900.3", "PWD_A": "3850.5", "PWD_G": "1080.7", "PWD_M": "1999.7", "PWD_P1": "1.6", "PWD_P2": "3.8", "PWD_P3": "5.8", "PWD_P4": "8.1", "PWD_P5": "11.6", "PWD_P6": "16.7", "PWD_P7": "23.6", "PWD_P8": "32.1", "PWD_P9": "41.0", "PWD_P10": "50.1", "PWD_P11": "59.2", "PWD_P12": "68.6", "PWD_P13": "78.1", "PWD_P14": "88.0", "PWD_P15": "98.6", "PWD_P16": "110.4", "PWD_P17": "123.4", "PWD_P18": "138.2", "PWD_P19": "155.1", "PWD_P20": "174.2", "PWD_P21": "195.3", "PWD_P22": "218.2", "PWD_P23": "242.5", "PWD_P24": "268.7", "PWD_P25": "297.4", "PWD_P26": "327.8", "PWD_P27": "360.8", "PWD_P28": "395.6", "PWD_P29": "432.0", "PWD_P30": "470.8", "PWD_P31": "511.2", "PWD_P32": "554.6", "PWD_P33": "601.9", "PWD_P34": "652.6", "PWD_P35": "706.4", "PWD_P36": "766.5", "PWD_P37": "831.0", "PWD_P38": "901.7", "PWD_P39": "976.3", "PWD_P40": "1052.7", "PWD_P41": "1135.6", "PWD_P42": "1222.5", "PWD_P43": "1315.2", "PWD_P44": "1413.0", "PWD_P45": "1511.8", "PWD_P46": "1612.7", "PWD_P47": "1711.5", "PWD_P48": "1810.5", "PWD_P49": "1905.1", "PWD_P50": "1999.7", "PWD_P51": "2096.0", "PWD_P52": "2193.8", "PWD_P53": "2295.1", "PWD_P54": "2401.8", "PWD_P55": "2512.3", "PWD_P56": "2634.0", "PWD_P57": "2763.5", "PWD_P58": "2902.5", "PWD_P59": "3044.5", "PWD_P60": "3187.7", "PWD_P61": "3329.8", "PWD_P62": "3467.4", "PWD_P63": "3597.5", "PWD_P64": "3732.0", "PWD_P65": "3878.3", "PWD_P66": "4034.5", "PWD_P67": "4211.9", "PWD_P68": "4426.3", "PWD_P69": "4664.1", "PWD_P70": "4916.5", "PWD_P71": "5172.3", "PWD_P72": "5427.9", "PWD_P73": "5681.1", "PWD_P74": "5936.6", "PWD_P75": "6170.7", "PWD_P76": "6414.9", "PWD_P77": "6664.8", "PWD_P78": "6905.1", "PWD_P79": "7171.7", "PWD_P80": "7472.4", "PWD_P81": "7834.6", "PWD_P82": "8253.0", "PWD_P83": "8689.2", "PWD_P84": "9056.7", "PWD_P85": "9415.6", "PWD_P86": "9729.6", "PWD_P87": "10022.5", "PWD_P88": "10367.9", "PWD_P89": "10851.0", "PWD_P90": "11324.7", "PWD_P91": "11792.2", "PWD_P92": "12201.4", "PWD_P93": "12599.7", "PWD_P94": "12999.9", "PWD_P95": "13428.8", "PWD_P96": "13880.6", "PWD_P97": "14586.3", "PWD_P98": "15464.0", "PWD_P99": "16416.2", "PWD_P100": "20430.3" }, "geometry": { "type": "Point", "coordinates": [ -71.339256286621094, -34.157493591308594 ] } },
{ "type": "Feature", "id": 11, "properties": { "lon": 67.576263427734375, "lat": 34.628959655761719, "year": "2005", "ISO": "AFG", "ISO_No": "4", "Name": "Afghanistan", "PWC_Lat": "34.6289596557617", "PWC_Lon": "67.5762634277344", "Pop": "25654273", "Density": "39.9", "Area": "643054.5", "PWD_A": "2032.2", "PWD_G": "207.1", "PWD_M": "136.3", "PWD_P1": "3.8", "PWD_P2": "6.2", "PWD_P3": "8.0", "PWD_P4": "9.5", "PWD_P5": "10.9", "PWD_P6": "12.3", "PWD_P7": "13.6", "PWD_P8": "14.9", "PWD_P9": "16.2", "PWD_P10": "17.6", "PWD_P11": "19.0", "PWD_P12": "20.4", "PWD_P13": "21.8", "PWD_P14": "23.1", "PWD_P15": "24.5", "PWD_P16": "25.9", "PWD_P17": "27.3", "PWD_P18": "28.8", "PWD_P19": "30.3", "PWD_P20": "32.0", "PWD_P21": "33.7", "PWD_P22": "35.6", "PWD_P23": "37.5", "PWD_P24": "39.5", "PWD_P25": "41.4", "PWD_P26": "43.5", "PWD_P27": "45.7", "PWD_P28": "48.2", "PWD_P29": "50.7", "PWD_P30": "53.3", "PWD_P31": "56.0", "PWD_P32": "58.8", "PWD_P33": "61.8", "PWD_P34": "64.8", "PWD_P35": "68.0", "PWD_P36": "71.2", "PWD_P37": "74.6", "PWD_P38": "78.1", "PWD_P39": "81.8", "PWD_P40": "85.6", "PWD_P41": "89.7", "PWD_P42": "93.9", "PWD_P43": "98.3", "PWD_P44": "102.9", "PWD_P45": "107.8", "PWD_P46": "112.8", "PWD_P47": "118.2", "PWD_P48": "123.8", "PWD_P49": "129.8", "PWD_P50": "136.3", "PWD_P51": "143.3", "PWD_P52": "150.5", "PWD_P53": "158.2", "PWD_P54": "166.3", "PWD_P55": "174.9", "PWD_P56": "184.0", "PWD_P57": "193.7", "PWD_P58": "204.2", "PWD_P59": "215.6", "PWD_P60": "228.0", "PWD_P61": "241.6", "PWD_P62": "256.4", "PWD_P63": "272.5", "PWD_P64": "289.4", "PWD_P65": "307.9", "PWD_P66": "329.1", "PWD_P67": "354.1", "PWD_P68": "382.5", "PWD_P69": "415.8", "PWD_P70": "453.4", "PWD_P71": "494.1", "PWD_P72": "541.7", "PWD_P73": "598.4", "PWD_P74": "662.0", "PWD_P75": "733.1", "PWD_P76": "811.1", "PWD_P77": "910.5", "PWD_P78": "1020.3", "PWD_P79": "1146.6", "PWD_P80": "1320.3", "PWD_P81": "1531.1", "PWD_P82": "1839.0", "PWD_P83": "2346.4", "PWD_P84": "2948.0", "PWD_P85": "3565.4", "PWD_P86": "4986.5", "PWD_P87": "7090.1", "PWD_P88": "8815.6", "PWD_P89": "9751.1", "PWD_P90": "10726.2", "PWD_P91": "11408.3", "PWD_P92": "11996.5", "PWD_P93": "12578.9", "PWD_P94": "13178.1", "PWD_P95": "13849.9", "PWD_P96": "14516.0", "PWD_P97": "15107.0", "PWD_P98": "15719.9", "PWD_P99": "16526.5", "PWD_P100": "18804.0" }, "geometry": { "type": "Point", "coordinates": [ 67.576263427734375, 34.628959655761719 ] } },
{ "type": "Feature", "id": 12, "properties": { "lon": 19.900497436523438, "lat": 41.172222137451172, "year": "2005", "ISO": "ALB", "ISO_No": "8", "Name": "Albania", "PWC_Lat": "41.1722221374512", "PWC_Lon": "19.9004974365234", "Pop": "3086810", "Density": "109.4", "Area": "28220.5", "PWD_A": "2900.9", "PWD_G": "673.7", "PWD_M": "669.6", "PWD_P1": "9.3", "PWD_P2": "12.5", "PWD_P3": "15.6", "PWD_P4": "18.9", "PWD_P5": "22.4", "PWD_P6": "25.9", "PWD_P7": "29.5", "PWD_P8": "33.4", "PWD_P9": "37.7", "PWD_P10": "42.4", "PWD_P11": "47.5", "PWD_P12": "52.8", "PWD_P13": "58.3", "PWD_P14": "63.9", "PWD_P15": "69.7", "PWD_P16": "75.5", "PWD_P17": "81.1", "PWD_P18": "86.9", "PWD_P19": "92.9", "PWD_P20": "99.0", "PWD_P21": "105.5", "PWD_P22": "112.2", "PWD_P23": "119.1", "PWD_P24": "126.3", "PWD_P25": "133.9", "PWD_P26": "141.7", "PWD_P27": "149.9", "PWD_P28": "158.8", "PWD_P29": "168.5", "PWD_P30": "178.8", "PWD_P31": "189.9", "PWD_P32": "201.7", "PWD_P33": "214.0", "PWD_P34": "227.2", "PWD_P35": "241.4", "PWD_P36": "256.7", "PWD_P37": "272.6", "PWD_P38": "289.2", "PWD_P39": "306.9", "PWD_P40": "326.4", "PWD_P41": "348.6", "PWD_P42": "373.0", "PWD_P43": "399.6", "PWD_P44": "428.6", "PWD_P45": "459.4", "PWD_P46": "493.6", "PWD_P47": "533.0", "PWD_P48": "575.6", "PWD_P49": "620.4", "PWD_P50": "669.6", "PWD_P51": "723.3", "PWD_P52": "780.4", "PWD_P53": "839.4", "PWD_P54": "904.7", "PWD_P55": "978.7", "PWD_P56": "1055.7", "PWD_P57": "1146.0", "PWD_P58": "1242.5", "PWD_P59": "1350.5", "PWD_P60": "1477.7", "PWD_P61": "1618.7", "PWD_P62": "1779.3", "PWD_P63": "1952.0", "PWD_P64": "2144.3", "PWD_P65": "2327.3", "PWD_P66": "2548.1", "PWD_P67": "2757.4", "PWD_P68": "2973.2", "PWD_P69": "3186.9", "PWD_P70": "3417.5", "PWD_P71": "3648.3", "PWD_P72": "3878.3", "PWD_P73": "4099.7", "PWD_P74": "4315.0", "PWD_P75": "4508.4", "PWD_P76": "4685.7", "PWD_P77": "4886.8", "PWD_P78": "5108.1", "PWD_P79": "5433.3", "PWD_P80": "5730.7", "PWD_P81": "6035.1", "PWD_P82": "6374.1", "PWD_P83": "6701.9", "PWD_P84": "7068.9", "PWD_P85": "7343.2", "PWD_P86": "7675.1", "PWD_P87": "8016.0", "PWD_P88": "8720.3", "PWD_P89": "9770.6", "PWD_P90": "10522.0", "PWD_P91": "11176.3", "PWD_P92": "11768.3", "PWD_P93": "12240.5", "PWD_P94": "12535.2", "PWD_P95": "12745.9", "PWD_P96": "12973.6", "PWD_P97": "13130.4", "PWD_P98": "13335.7", "PWD_P99": "13616.4", "PWD_P100": "14765.0" }, "geometry": { "type": "Point", "coordinates": [ 19.900497436523438, 41.172222137451172 ] } },
{ "type": "Feature", "id": 13, "properties": { "lon": 3.5667, "lat": 35.6107, "year": "2005", "ISO": "DZA", "ISO_No": "12", "Name": "Algeria", "PWC_Lat": "35.6107", "PWC_Lon": "3.5667", "Pop": "33149720", "Density": "14.3", "Area": "2310253.3", "PWD_A": "3077.9", "PWD_G": "651.8", "PWD_M": "693.8", "PWD_P1": "1.4", "PWD_P2": "4.4", "PWD_P3": "8.9", "PWD_P4": "14.2", "PWD_P5": "19.6", "PWD_P6": "25.4", "PWD_P7": "31.3", "PWD_P8": "37.4", "PWD_P9": "43.9", "PWD_P10": "50.5", "PWD_P11": "57.1", "PWD_P12": "64.0", "PWD_P13": "71.0", "PWD_P14": "78.2", "PWD_P15": "85.6", "PWD_P16": "93.3", "PWD_P17": "101.2", "PWD_P18": "109.4", "PWD_P19": "118.1", "PWD_P20": "127.0", "PWD_P21": "136.2", "PWD_P22": "145.9", "PWD_P23": "156.0", "PWD_P24": "166.2", "PWD_P25": "176.7", "PWD_P26": "187.6", "PWD_P27": "198.9", "PWD_P28": "210.8", "PWD_P29": "223.1", "PWD_P30": "235.7", "PWD_P31": "249.0", "PWD_P32": "262.9", "PWD_P33": "277.5", "PWD_P34": "292.7", "PWD_P35": "308.7", "PWD_P36": "325.4", "PWD_P37": "343.0", "PWD_P38": "361.5", "PWD_P39": "380.9", "PWD_P40": "401.5", "PWD_P41": "423.3", "PWD_P42": "446.4", "PWD_P43": "470.3", "PWD_P44": "495.7", "PWD_P45": "523.4", "PWD_P46": "552.8", "PWD_P47": "584.4", "PWD_P48": "618.2", "PWD_P49": "654.5", "PWD_P50": "693.8", "PWD_P51": "735.5", "PWD_P52": "780.0", "PWD_P53": "827.0", "PWD_P54": "877.1", "PWD_P55": "930.8", "PWD_P56": "988.2", "PWD_P57": "1050.0", "PWD_P58": "1115.9", "PWD_P59": "1186.1", "PWD_P60": "1260.8", "PWD_P61": "1338.9", "PWD_P62": "1421.4", "PWD_P63": "1507.9", "PWD_P64": "1598.5", "PWD_P65": "1695.5", "PWD_P66": "1799.5", "PWD_P67": "1912.1", "PWD_P68": "2032.2", "PWD_P69": "2161.9", "PWD_P70": "2307.3", "PWD_P71": "2468.4", "PWD_P72": "2641.2", "PWD_P73": "2830.1", "PWD_P74": "3038.3", "PWD_P75": "3261.8", "PWD_P76": "3503.7", "PWD_P77": "3757.4", "PWD_P78": "4028.4", "PWD_P79": "4317.1", "PWD_P80": "4616.1", "PWD_P81": "4939.9", "PWD_P82": "5274.5", "PWD_P83": "5633.2", "PWD_P84": "6010.9", "PWD_P85": "6421.2", "PWD_P86": "6840.4", "PWD_P87": "7283.7", "PWD_P88": "7778.7", "PWD_P89": "8296.0", "PWD_P90": "8855.8", "PWD_P91": "9481.6", "PWD_P92": "10155.5", "PWD_P93": "10907.8", "PWD_P94": "11854.7", "PWD_P95": "13053.4", "PWD_P96": "14788.3", "PWD_P97": "17357.4", "PWD_P98": "21580.7", "PWD_P99": "29189.3", "PWD_P100": "86361.7" }, "geometry": { "type": "Point", "coordinates": [ 3.5667, 35.6107 ] } },
{ "type": "Feature", "id": 14, "properties": { "lon": -170.69572448730469, "lat": -14.306737899780273, "year": "2005", "ISO": "ASM", "ISO_No": "16", "Name": "American Samoa", "PWC_Lat": "-14.3067378997803", "PWC_Lon": "-170.695724487305", "Pop": "59557", "Density": "250.5", "Area": "237.8", "PWD_A": "850.5", "PWD_G": "596.5", "PWD_M": "766.0", "PWD_P1": "20.0", "PWD_P2": "37.5", "PWD_P3": "56.7", "PWD_P4": "72.0", "PWD_P5": "85.3", "PWD_P6": "103.2", "PWD_P7": "120.2", "PWD_P8": "133.2", "PWD_P9": "145.8", "PWD_P10": "158.8", "PWD_P11": "171.1", "PWD_P12": "184.9", "PWD_P13": "200.1", "PWD_P14": "216.6", "PWD_P15": "234.7", "PWD_P16": "251.3", "PWD_P17": "268.4", "PWD_P18": "286.6", "PWD_P19": "302.7", "PWD_P20": "315.4", "PWD_P21": "327.4", "PWD_P22": "339.7", "PWD_P23": "355.2", "PWD_P24": "369.2", "PWD_P25": "383.2", "PWD_P26": "396.1", "PWD_P27": "411.2", "PWD_P28": "424.0", "PWD_P29": "437.2", "PWD_P30": "450.4", "PWD_P31": "463.5", "PWD_P32": "476.4", "PWD_P33": "489.6", "PWD_P34": "506.0", "PWD_P35": "522.3", "PWD_P36": "538.4", "PWD_P37": "554.6", "PWD_P38": "577.3", "PWD_P39": "597.1", "PWD_P40": "617.7", "PWD_P41": "634.6", "PWD_P42": "650.8", "PWD_P43": "666.3", "PWD_P44": "682.3", "PWD_P45": "697.6", "PWD_P46": "711.6", "PWD_P47": "727.8", "PWD_P48": "741.5", "PWD_P49": "754.3", "PWD_P50": "766.0", "PWD_P51": "776.7", "PWD_P52": "785.4", "PWD_P53": "797.9", "PWD_P54": "809.3", "PWD_P55": "820.6", "PWD_P56": "832.0", "PWD_P57": "845.1", "PWD_P58": "859.0", "PWD_P59": "874.1", "PWD_P60": "884.8", "PWD_P61": "900.1", "PWD_P62": "914.5", "PWD_P63": "928.2", "PWD_P64": "941.6", "PWD_P65": "956.6", "PWD_P66": "970.2", "PWD_P67": "981.3", "PWD_P68": "997.3", "PWD_P69": "1014.2", "PWD_P70": "1030.3", "PWD_P71": "1046.5", "PWD_P72": "1061.9", "PWD_P73": "1078.7", "PWD_P74": "1096.5", "PWD_P75": "1115.0", "PWD_P76": "1139.4", "PWD_P77": "1165.8", "PWD_P78": "1189.2", "PWD_P79": "1223.6", "PWD_P80": "1256.2", "PWD_P81": "1287.0", "PWD_P82": "1315.6", "PWD_P83": "1355.9", "PWD_P84": "1383.4", "PWD_P85": "1413.4", "PWD_P86": "1438.4", "PWD_P87": "1467.7", "PWD_P88": "1498.7", "PWD_P89": "1532.5", "PWD_P90": "1563.4", "PWD_P91": "1601.1", "PWD_P92": "1633.6", "PWD_P93": "1682.6", "PWD_P94": "1715.5", "PWD_P95": "1784.0", "PWD_P96": "1995.7", "PWD_P97": "2934.8", "PWD_P98": "3261.5", "PWD_P99": "3405.3", "PWD_P100": "3898.4" }, "geometry": { "type": "Point", "coordinates": [ -170.695724487304688, -14.306737899780273 ] } },
{ "type": "Feature", "id": 15, "properties": { "lon": 1.5412267446517944, "lat": 42.515674591064453, "year": "2005", "ISO": "AND", "ISO_No": "20", "Name": "Andorra", "PWC_Lat": "42.5156745910645", "PWC_Lon": "1.54122674465179", "Pop": "78871", "Density": "174.8", "Area": "451.2", "PWD_A": "2930.1", "PWD_G": "976.1", "PWD_M": "1147.9", "PWD_P1": "11.2", "PWD_P2": "20.0", "PWD_P3": "27.3", "PWD_P4": "34.8", "PWD_P5": "43.5", "PWD_P6": "51.3", "PWD_P7": "59.1", "PWD_P8": "67.6", "PWD_P9": "78.6", "PWD_P10": "88.0", "PWD_P11": "97.0", "PWD_P12": "105.4", "PWD_P13": "113.4", "PWD_P14": "123.0", "PWD_P15": "130.7", "PWD_P16": "140.9", "PWD_P17": "152.6", "PWD_P18": "163.0", "PWD_P19": "175.2", "PWD_P20": "193.3", "PWD_P21": "217.4", "PWD_P22": "240.2", "PWD_P23": "263.9", "PWD_P24": "282.1", "PWD_P25": "299.0", "PWD_P26": "312.9", "PWD_P27": "334.3", "PWD_P28": "359.1", "PWD_P29": "390.0", "PWD_P30": "418.4", "PWD_P31": "443.0", "PWD_P32": "476.5", "PWD_P33": "507.0", "PWD_P34": "536.1", "PWD_P35": "561.1", "PWD_P36": "593.9", "PWD_P37": "624.3", "PWD_P38": "657.3", "PWD_P39": "694.5", "PWD_P40": "736.0", "PWD_P41": "774.2", "PWD_P42": "807.7", "PWD_P43": "841.1", "PWD_P44": "876.3", "PWD_P45": "916.7", "PWD_P46": "966.1", "PWD_P47": "1005.5", "PWD_P48": "1045.8", "PWD_P49": "1098.7", "PWD_P50": "1147.9", "PWD_P51": "1192.3", "PWD_P52": "1259.8", "PWD_P53": "1329.8", "PWD_P54": "1404.8", "PWD_P55": "1513.2", "PWD_P56": "1624.1", "PWD_P57": "1682.6", "PWD_P58": "1769.7", "PWD_P59": "1833.2", "PWD_P60": "1887.0", "PWD_P61": "1961.6", "PWD_P62": "2037.5", "PWD_P63": "2108.1", "PWD_P64": "2194.4", "PWD_P65": "2334.6", "PWD_P66": "2418.5", "PWD_P67": "2562.9", "PWD_P68": "2800.1", "PWD_P69": "2976.8", "PWD_P70": "3105.0", "PWD_P71": "3231.8", "PWD_P72": "3340.2", "PWD_P73": "3451.0", "PWD_P74": "3559.7", "PWD_P75": "3707.4", "PWD_P76": "3844.9", "PWD_P77": "3945.8", "PWD_P78": "4082.7", "PWD_P79": "4210.4", "PWD_P80": "4751.4", "PWD_P81": "5170.9", "PWD_P82": "6309.9", "PWD_P83": "6914.9", "PWD_P84": "7554.3", "PWD_P85": "7779.5", "PWD_P86": "8284.9", "PWD_P87": "8387.9", "PWD_P88": "8637.7", "PWD_P89": "8976.7", "PWD_P90": "9231.7", "PWD_P91": "9382.0", "PWD_P92": "9535.3", "PWD_P93": "9611.7", "PWD_P94": "9685.8", "PWD_P95": "9776.0", "PWD_P96": "9882.2", "PWD_P97": "9979.8", "PWD_P98": "18250.8", "PWD_P99": "19225.2", "PWD_P100": "20744.3" }, "geometry": { "type": "Point", "coordinates": [ 1.541226744651794, 42.515674591064453 ] } },
{ "type": "Feature", "id": 16, "properties": { "lon": 15.4983, "lat": -11.0004, "year": "2005", "ISO": "AGO", "ISO_No": "24", "Name": "Angola", "PWC_Lat": "-11.0004", "PWC_Lon": "15.4983", "Pop": "19433604", "Density": "15.6", "Area": "1249772.4", "PWD_A": "447.4", "PWD_G": "78.4", "PWD_M": "62.1", "PWD_P1": "1.2", "PWD_P2": "2.0", "PWD_P3": "2.7", "PWD_P4": "3.4", "PWD_P5": "4.1", "PWD_P6": "4.8", "PWD_P7": "5.5", "PWD_P8": "6.3", "PWD_P9": "7.1", "PWD_P10": "7.9", "PWD_P11": "8.7", "PWD_P12": "9.5", "PWD_P13": "10.4", "PWD_P14": "11.3", "PWD_P15": "12.2", "PWD_P16": "13.1", "PWD_P17": "14.1", "PWD_P18": "15.1", "PWD_P19": "16.1", "PWD_P20": "17.2", "PWD_P21": "18.3", "PWD_P22": "19.5", "PWD_P23": "20.6", "PWD_P24": "21.7", "PWD_P25": "22.9", "PWD_P26": "24.1", "PWD_P27": "25.3", "PWD_P28": "26.5", "PWD_P29": "27.7", "PWD_P30": "29.0", "PWD_P31": "30.2", "PWD_P32": "31.4", "PWD_P33": "32.7", "PWD_P34": "34.0", "PWD_P35": "35.3", "PWD_P36": "36.6", "PWD_P37": "38.0", "PWD_P38": "39.4", "PWD_P39": "40.9", "PWD_P40": "42.4", "PWD_P41": "44.0", "PWD_P42": "45.7", "PWD_P43": "47.4", "PWD_P44": "49.3", "PWD_P45": "51.1", "PWD_P46": "53.1", "PWD_P47": "55.2", "PWD_P48": "57.4", "PWD_P49": "59.7", "PWD_P50": "62.1", "PWD_P51": "64.7", "PWD_P52": "67.4", "PWD_P53": "70.3", "PWD_P54": "73.5", "PWD_P55": "76.9", "PWD_P56": "80.7", "PWD_P57": "84.9", "PWD_P58": "89.5", "PWD_P59": "94.5", "PWD_P60": "99.7", "PWD_P61": "105.4", "PWD_P62": "111.8", "PWD_P63": "119.1", "PWD_P64": "126.8", "PWD_P65": "135.0", "PWD_P66": "143.6", "PWD_P67": "153.0", "PWD_P68": "163.2", "PWD_P69": "173.6", "PWD_P70": "185.4", "PWD_P71": "198.8", "PWD_P72": "213.5", "PWD_P73": "230.3", "PWD_P74": "249.7", "PWD_P75": "270.4", "PWD_P76": "292.7", "PWD_P77": "318.4", "PWD_P78": "348.9", "PWD_P79": "382.2", "PWD_P80": "417.4", "PWD_P81": "457.0", "PWD_P82": "511.0", "PWD_P83": "568.6", "PWD_P84": "624.7", "PWD_P85": "691.4", "PWD_P86": "766.3", "PWD_P87": "835.1", "PWD_P88": "906.1", "PWD_P89": "1007.1", "PWD_P90": "1119.3", "PWD_P91": "1285.3", "PWD_P92": "1491.6", "PWD_P93": "1689.2", "PWD_P94": "2137.4", "PWD_P95": "3073.9", "PWD_P96": "3619.5", "PWD_P97": "4023.5", "PWD_P98": "4453.0", "PWD_P99": "5195.0", "PWD_P100": "7868.7" }, "geometry": { "type": "Point", "coordinates": [ 15.4983, -11.0004 ] } },
{ "type": "Feature", "id": 17, "properties": { "lon": -61.819580078125, "lat": 17.111806869506836, "year": "2005", "ISO": "ATG", "ISO_No": "28", "Name": "Antigua and Barbuda", "PWC_Lat": "17.1118068695068", "PWC_Lon": "-61.819580078125", "Pop": "81462", "Density": "181.4", "Area": "449.2", "PWD_A": "1111.6", "PWD_G": "531.1", "PWD_M": "465.4", "PWD_P1": "22.1", "PWD_P2": "38.6", "PWD_P3": "47.9", "PWD_P4": "55.2", "PWD_P5": "61.4", "PWD_P6": "67.3", "PWD_P7": "73.5", "PWD_P8": "79.9", "PWD_P9": "87.7", "PWD_P10": "95.4", "PWD_P11": "102.7", "PWD_P12": "110.5", "PWD_P13": "118.8", "PWD_P14": "125.7", "PWD_P15": "132.7", "PWD_P16": "140.8", "PWD_P17": "150.6", "PWD_P18": "160.9", "PWD_P19": "171.6", "PWD_P20": "181.2", "PWD_P21": "190.4", "PWD_P22": "198.7", "PWD_P23": "207.8", "PWD_P24": "216.2", "PWD_P25": "225.8", "PWD_P26": "234.3", "PWD_P27": "244.1", "PWD_P28": "253.5", "PWD_P29": "262.8", "PWD_P30": "272.2", "PWD_P31": "281.3", "PWD_P32": "291.1", "PWD_P33": "299.9", "PWD_P34": "308.3", "PWD_P35": "316.7", "PWD_P36": "324.9", "PWD_P37": "332.8", "PWD_P38": "341.0", "PWD_P39": "350.9", "PWD_P40": "360.6", "PWD_P41": "369.6", "PWD_P42": "377.9", "PWD_P43": "387.0", "PWD_P44": "396.1", "PWD_P45": "405.4", "PWD_P46": "417.1", "PWD_P47": "429.0", "PWD_P48": "440.1", "PWD_P49": "452.6", "PWD_P50": "465.4", "PWD_P51": "477.8", "PWD_P52": "492.9", "PWD_P53": "508.6", "PWD_P54": "526.0", "PWD_P55": "549.5", "PWD_P56": "568.0", "PWD_P57": "587.6", "PWD_P58": "608.1", "PWD_P59": "624.6", "PWD_P60": "641.5", "PWD_P61": "658.2", "PWD_P62": "678.3", "PWD_P63": "702.0", "PWD_P64": "730.3", "PWD_P65": "763.1", "PWD_P66": "796.0", "PWD_P67": "822.2", "PWD_P68": "851.4", "PWD_P69": "876.4", "PWD_P70": "903.2", "PWD_P71": "1702.5", "PWD_P72": "2267.1", "PWD_P73": "2424.3", "PWD_P74": "2551.9", "PWD_P75": "2678.6", "PWD_P76": "2734.1", "PWD_P77": "2812.4", "PWD_P78": "2848.0", "PWD_P79": "2877.8", "PWD_P80": "2903.6", "PWD_P81": "2925.5", "PWD_P82": "2944.6", "PWD_P83": "2965.5", "PWD_P84": "2985.1", "PWD_P85": "3007.5", "PWD_P86": "3021.0", "PWD_P87": "3039.6", "PWD_P88": "3059.5", "PWD_P89": "3078.7", "PWD_P90": "3096.4", "PWD_P91": "3118.9", "PWD_P92": "3136.8", "PWD_P93": "3151.5", "PWD_P94": "3164.3", "PWD_P95": "3184.0", "PWD_P96": "3196.3", "PWD_P97": "3215.2", "PWD_P98": "3236.8", "PWD_P99": "3277.5", "PWD_P100": "3369.0" }, "geometry": { "type": "Point", "coordinates": [ -61.819580078125, 17.111806869506836 ] } },
{ "type": "Feature", "id": 18, "properties": { "lon": 48.060317993164062, "lat": 40.275348663330078, "year": "2005", "ISO": "AZE", "ISO_No": "31", "Name": "Azerbaijan", "PWC_Lat": "40.2753486633301", "PWC_Lon": "48.0603179931641", "Pop": "8538609", "Density": "100.6", "Area": "84892.1", "PWD_A": "2116.3", "PWD_G": "441.3", "PWD_M": "366.1", "PWD_P1": "11.4", "PWD_P2": "14.5", "PWD_P3": "17.0", "PWD_P4": "19.2", "PWD_P5": "21.7", "PWD_P6": "24.1", "PWD_P7": "26.5", "PWD_P8": "29.1", "PWD_P9": "31.7", "PWD_P10": "34.5", "PWD_P11": "37.4", "PWD_P12": "40.6", "PWD_P13": "43.9", "PWD_P14": "47.4", "PWD_P15": "51.1", "PWD_P16": "55.2", "PWD_P17": "59.4", "PWD_P18": "63.9", "PWD_P19": "68.6", "PWD_P20": "73.4", "PWD_P21": "78.6", "PWD_P22": "83.9", "PWD_P23": "89.3", "PWD_P24": "94.8", "PWD_P25": "100.5", "PWD_P26": "106.3", "PWD_P27": "112.3", "PWD_P28": "118.6", "PWD_P29": "125.3", "PWD_P30": "132.0", "PWD_P31": "139.1", "PWD_P32": "146.7", "PWD_P33": "154.9", "PWD_P34": "163.6", "PWD_P35": "172.5", "PWD_P36": "181.5", "PWD_P37": "190.6", "PWD_P38": "199.8", "PWD_P39": "209.5", "PWD_P40": "219.7", "PWD_P41": "230.2", "PWD_P42": "241.7", "PWD_P43": "253.7", "PWD_P44": "266.7", "PWD_P45": "280.7", "PWD_P46": "295.3", "PWD_P47": "310.8", "PWD_P48": "327.9", "PWD_P49": "346.9", "PWD_P50": "366.1", "PWD_P51": "386.0", "PWD_P52": "407.6", "PWD_P53": "429.2", "PWD_P54": "451.5", "PWD_P55": "474.3", "PWD_P56": "498.0", "PWD_P57": "522.7", "PWD_P58": "549.0", "PWD_P59": "577.6", "PWD_P60": "608.8", "PWD_P61": "644.1", "PWD_P62": "685.8", "PWD_P63": "734.7", "PWD_P64": "786.9", "PWD_P65": "841.7", "PWD_P66": "903.3", "PWD_P67": "973.4", "PWD_P68": "1053.1", "PWD_P69": "1150.2", "PWD_P70": "1269.1", "PWD_P71": "1421.8", "PWD_P72": "1647.0", "PWD_P73": "2011.3", "PWD_P74": "2416.9", "PWD_P75": "2801.8", "PWD_P76": "3102.3", "PWD_P77": "3357.4", "PWD_P78": "3594.6", "PWD_P79": "3842.7", "PWD_P80": "4082.5", "PWD_P81": "4333.6", "PWD_P82": "4607.0", "PWD_P83": "4920.4", "PWD_P84": "5239.1", "PWD_P85": "5569.6", "PWD_P86": "5929.2", "PWD_P87": "6273.5", "PWD_P88": "6578.4", "PWD_P89": "6842.4", "PWD_P90": "7094.7", "PWD_P91": "7367.2", "PWD_P92": "7662.5", "PWD_P93": "8000.8", "PWD_P94": "8389.7", "PWD_P95": "8860.7", "PWD_P96": "9567.6", "PWD_P97": "10695.4", "PWD_P98": "15843.5", "PWD_P99": "18736.8", "PWD_P100": "25107.2" }, "geometry": { "type": "Point", "coordinates": [ 48.060317993164062, 40.275348663330078 ] } },
{ "type": "Feature", "id": 19, "properties": { "lon": -61.2794, "lat": -32.8768, "year": "2005", "ISO": "ARG", "ISO_No": "32", "Name": "Argentina", "PWC_Lat": "-32.8768", "PWC_Lon": "-61.2794", "Pop": "38892923", "Density": "14.2", "Area": "2745814.8", "PWD_A": "3708.5", "PWD_G": "956.8", "PWD_M": "1636.1", "PWD_P1": "0.7", "PWD_P2": "1.3", "PWD_P3": "2.2", "PWD_P4": "4.5", "PWD_P5": "9.8", "PWD_P6": "15.4", "PWD_P7": "21.7", "PWD_P8": "28.3", "PWD_P9": "35.5", "PWD_P10": "43.4", "PWD_P11": "51.9", "PWD_P12": "61.4", "PWD_P13": "71.6", "PWD_P14": "83.1", "PWD_P15": "95.9", "PWD_P16": "110.2", "PWD_P17": "126.1", "PWD_P18": "143.4", "PWD_P19": "162.5", "PWD_P20": "182.5", "PWD_P21": "203.9", "PWD_P22": "226.8", "PWD_P23": "251.3", "PWD_P24": "277.4", "PWD_P25": "304.6", "PWD_P26": "332.5", "PWD_P27": "361.7", "PWD_P28": "392.4", "PWD_P29": "425.5", "PWD_P30": "460.7", "PWD_P31": "497.8", "PWD_P32": "536.6", "PWD_P33": "577.1", "PWD_P34": "619.5", "PWD_P35": "663.0", "PWD_P36": "707.9", "PWD_P37": "754.7", "PWD_P38": "804.2", "PWD_P39": "856.4", "PWD_P40": "912.1", "PWD_P41": "970.9", "PWD_P42": "1033.0", "PWD_P43": "1098.4", "PWD_P44": "1167.2", "PWD_P45": "1239.0", "PWD_P46": "1312.8", "PWD_P47": "1388.7", "PWD_P48": "1466.5", "PWD_P49": "1548.7", "PWD_P50": "1636.1", "PWD_P51": "1727.6", "PWD_P52": "1822.8", "PWD_P53": "1923.2", "PWD_P54": "2028.7", "PWD_P55": "2137.6", "PWD_P56": "2253.6", "PWD_P57": "2376.2", "PWD_P58": "2509.0", "PWD_P59": "2648.3", "PWD_P60": "2794.6", "PWD_P61": "2946.1", "PWD_P62": "3100.8", "PWD_P63": "3255.9", "PWD_P64": "3409.7", "PWD_P65": "3567.6", "PWD_P66": "3726.3", "PWD_P67": "3886.2", "PWD_P68": "4053.9", "PWD_P69": "4221.0", "PWD_P70": "4389.5", "PWD_P71": "4560.6", "PWD_P72": "4733.0", "PWD_P73": "4906.6", "PWD_P74": "5083.7", "PWD_P75": "5271.7", "PWD_P76": "5484.3", "PWD_P77": "5699.8", "PWD_P78": "5924.2", "PWD_P79": "6152.1", "PWD_P80": "6391.5", "PWD_P81": "6626.9", "PWD_P82": "6873.8", "PWD_P83": "7134.0", "PWD_P84": "7402.9", "PWD_P85": "7679.5", "PWD_P86": "7978.7", "PWD_P87": "8303.8", "PWD_P88": "8662.9", "PWD_P89": "9063.0", "PWD_P90": "9508.8", "PWD_P91": "10095.4", "PWD_P92": "10795.4", "PWD_P93": "11574.6", "PWD_P94": "12481.3", "PWD_P95": "13510.1", "PWD_P96": "14730.3", "PWD_P97": "16572.5", "PWD_P98": "20269.0", "PWD_P99": "27555.3", "PWD_P100": "38382.4" }, "geometry": { "type": "Point", "coordinates": [ -61.2794, -32.8768 ] } },
{ "type": "Feature", "id": 20, "properties": { "lon": 14.668944358825684, "lat": 47.772857666015625, "year": "2005", "ISO": "AUT", "ISO_No": "40", "Name": "Austria", "PWC_Lat": "47.7728576660156", "PWC_Lon": "14.6689443588257", "Pop": "8253655", "Density": "99.4", "Area": "82998.5", "PWD_A": "1712.8", "PWD_G": "513.8", "PWD_M": "588.6", "PWD_P1": "7.8", "PWD_P2": "13.2", "PWD_P3": "17.4", "PWD_P4": "21.0", "PWD_P5": "24.4", "PWD_P6": "27.7", "PWD_P7": "31.0", "PWD_P8": "34.3", "PWD_P9": "37.7", "PWD_P10": "41.0", "PWD_P11": "44.5", "PWD_P12": "48.3", "PWD_P13": "52.2", "PWD_P14": "56.4", "PWD_P15": "60.9", "PWD_P16": "65.6", "PWD_P17": "70.7", "PWD_P18": "76.0", "PWD_P19": "81.7", "PWD_P20": "87.7", "PWD_P21": "94.0", "PWD_P22": "100.8", "PWD_P23": "107.9", "PWD_P24": "115.4", "PWD_P25": "123.4", "PWD_P26": "131.9", "PWD_P27": "140.9", "PWD_P28": "150.4", "PWD_P29": "160.6", "PWD_P30": "171.3", "PWD_P31": "182.7", "PWD_P32": "194.8", "PWD_P33": "207.5", "PWD_P34": "220.9", "PWD_P35": "235.0", "PWD_P36": "249.8", "PWD_P37": "265.8", "PWD_P38": "283.1", "PWD_P39": "301.5", "PWD_P40": "321.1", "PWD_P41": "342.0", "PWD_P42": "364.3", "PWD_P43": "387.9", "PWD_P44": "412.7", "PWD_P45": "438.7", "PWD_P46": "465.6", "PWD_P47": "493.8", "PWD_P48": "524.0", "PWD_P49": "555.4", "PWD_P50": "588.6", "PWD_P51": "621.7", "PWD_P52": "655.8", "PWD_P53": "692.7", "PWD_P54": "730.9", "PWD_P55": "771.2", "PWD_P56": "813.8", "PWD_P57": "861.0", "PWD_P58": "910.1", "PWD_P59": "959.2", "PWD_P60": "1009.4", "PWD_P61": "1063.9", "PWD_P62": "1123.2", "PWD_P63": "1183.6", "PWD_P64": "1250.5", "PWD_P65": "1329.9", "PWD_P66": "1412.8", "PWD_P67": "1502.3", "PWD_P68": "1597.2", "PWD_P69": "1696.5", "PWD_P70": "1813.0", "PWD_P71": "1959.2", "PWD_P72": "2100.8", "PWD_P73": "2237.1", "PWD_P74": "2347.2", "PWD_P75": "2504.0", "PWD_P76": "2719.2", "PWD_P77": "2977.0", "PWD_P78": "3223.8", "PWD_P79": "3361.7", "PWD_P80": "3503.7", "PWD_P81": "3665.8", "PWD_P82": "3836.5", "PWD_P83": "4070.9", "PWD_P84": "4381.3", "PWD_P85": "4688.9", "PWD_P86": "4943.8", "PWD_P87": "5240.4", "PWD_P88": "5714.5", "PWD_P89": "5990.5", "PWD_P90": "6199.4", "PWD_P91": "6355.6", "PWD_P92": "6475.5", "PWD_P93": "6584.5", "PWD_P94": "6673.3", "PWD_P95": "6758.3", "PWD_P96": "6842.7", "PWD_P97": "6915.5", "PWD_P98": "7000.2", "PWD_P99": "7110.6", "PWD_P100": "7711.6" }, "geometry": { "type": "Point", "coordinates": [ 14.668944358825684, 47.772857666015625 ] } },
{ "type": "Feature", "id": 21, "properties": { "lon": -77.470436096191406, "lat": 25.271873474121094, "year": "2005", "ISO": "BHS", "ISO_No": "44", "Name": "Bahamas", "PWC_Lat": "25.2718734741211", "PWC_Lon": "-77.4704360961914", "Pop": "324847", "Density": "24.4", "Area": "13324.4", "PWD_A": "937.4", "PWD_G": "436.0", "PWD_M": "1106.8", "PWD_P1": "0.9", "PWD_P2": "1.6", "PWD_P3": "3.1", "PWD_P4": "4.0", "PWD_P5": "5.4", "PWD_P6": "7.0", "PWD_P7": "9.1", "PWD_P8": "11.3", "PWD_P9": "14.2", "PWD_P10": "17.7", "PWD_P11": "22.3", "PWD_P12": "28.1", "PWD_P13": "35.4", "PWD_P14": "46.7", "PWD_P15": "60.4", "PWD_P16": "79.8", "PWD_P17": "107.4", "PWD_P18": "138.3", "PWD_P19": "160.1", "PWD_P20": "178.2", "PWD_P21": "195.6", "PWD_P22": "212.0", "PWD_P23": "227.1", "PWD_P24": "241.4", "PWD_P25": "257.7", "PWD_P26": "271.9", "PWD_P27": "285.5", "PWD_P28": "299.0", "PWD_P29": "312.8", "PWD_P30": "327.8", "PWD_P31": "347.0", "PWD_P32": "369.1", "PWD_P33": "414.7", "PWD_P34": "474.6", "PWD_P35": "531.4", "PWD_P36": "580.5", "PWD_P37": "621.6", "PWD_P38": "666.4", "PWD_P39": "721.6", "PWD_P40": "774.3", "PWD_P41": "825.2", "PWD_P42": "872.3", "PWD_P43": "911.4", "PWD_P44": "955.8", "PWD_P45": "990.7", "PWD_P46": "1018.0", "PWD_P47": "1043.2", "PWD_P48": "1065.5", "PWD_P49": "1084.6", "PWD_P50": "1106.8", "PWD_P51": "1127.5", "PWD_P52": "1147.1", "PWD_P53": "1166.2", "PWD_P54": "1184.9", "PWD_P55": "1204.0", "PWD_P56": "1224.4", "PWD_P57": "1242.5", "PWD_P58": "1262.3", "PWD_P59": "1279.8", "PWD_P60": "1297.9", "PWD_P61": "1313.4", "PWD_P62": "1329.1", "PWD_P63": "1344.9", "PWD_P64": "1360.8", "PWD_P65": "1374.9", "PWD_P66": "1388.0", "PWD_P67": "1401.7", "PWD_P68": "1413.0", "PWD_P69": "1423.6", "PWD_P70": "1434.4", "PWD_P71": "1446.7", "PWD_P72": "1458.5", "PWD_P73": "1469.4", "PWD_P74": "1479.3", "PWD_P75": "1491.7", "PWD_P76": "1502.8", "PWD_P77": "1514.7", "PWD_P78": "1526.8", "PWD_P79": "1539.5", "PWD_P80": "1552.3", "PWD_P81": "1565.1", "PWD_P82": "1578.5", "PWD_P83": "1592.3", "PWD_P84": "1606.8", "PWD_P85": "1621.5", "PWD_P86": "1636.8", "PWD_P87": "1653.7", "PWD_P88": "1670.9", "PWD_P89": "1690.1", "PWD_P90": "1712.3", "PWD_P91": "1740.5", "PWD_P92": "1773.3", "PWD_P93": "1806.0", "PWD_P94": "1828.8", "PWD_P95": "1848.2", "PWD_P96": "1864.6", "PWD_P97": "1882.9", "PWD_P98": "1906.7", "PWD_P99": "1931.8", "PWD_P100": "2004.1" }, "geometry": { "type": "Point", "coordinates": [ -77.470436096191406, 25.271873474121094 ] } },
{ "type": "Feature", "id": 22, "properties": { "lon": 50.562103271484375, "lat": 26.180599212646484, "year": "2005", "ISO": "BHR", "ISO_No": "48", "Name": "Bahrain", "PWC_Lat": "26.1805992126465", "PWC_Lon": "50.5621032714844", "Pop": "889157", "Density": "1296.4", "Area": "685.8", "PWD_A": "5967.6", "PWD_G": "3590.2", "PWD_M": "4432.3", "PWD_P1": "102.8", "PWD_P2": "147.4", "PWD_P3": "190.8", "PWD_P4": "235.1", "PWD_P5": "286.0", "PWD_P6": "341.6", "PWD_P7": "419.3", "PWD_P8": "508.2", "PWD_P9": "599.7", "PWD_P10": "686.8", "PWD_P11": "771.3", "PWD_P12": "855.4", "PWD_P13": "928.2", "PWD_P14": "1001.8", "PWD_P15": "1085.8", "PWD_P16": "1177.6", "PWD_P17": "1264.2", "PWD_P18": "1366.7", "PWD_P19": "1466.0", "PWD_P20": "1575.8", "PWD_P21": "1674.5", "PWD_P22": "1762.0", "PWD_P23": "1860.8", "PWD_P24": "1948.9", "PWD_P25": "2036.2", "PWD_P26": "2134.3", "PWD_P27": "2225.2", "PWD_P28": "2320.1", "PWD_P29": "2405.0", "PWD_P30": "2490.2", "PWD_P31": "2568.8", "PWD_P32": "2643.3", "PWD_P33": "2728.6", "PWD_P34": "2811.0", "PWD_P35": "2900.7", "PWD_P36": "2980.8", "PWD_P37": "3079.8", "PWD_P38": "3168.0", "PWD_P39": "3259.6", "PWD_P40": "3352.1", "PWD_P41": "3449.7", "PWD_P42": "3566.2", "PWD_P43": "3673.2", "PWD_P44": "3790.3", "PWD_P45": "3904.5", "PWD_P46": "4012.6", "PWD_P47": "4122.7", "PWD_P48": "4218.3", "PWD_P49": "4325.2", "PWD_P50": "4432.3", "PWD_P51": "4548.3", "PWD_P52": "4658.0", "PWD_P53": "4789.0", "PWD_P54": "4919.8", "PWD_P55": "5061.4", "PWD_P56": "5211.7", "PWD_P57": "5363.2", "PWD_P58": "5508.8", "PWD_P59": "5678.9", "PWD_P60": "5838.0", "PWD_P61": "5997.6", "PWD_P62": "6139.4", "PWD_P63": "6293.2", "PWD_P64": "6442.4", "PWD_P65": "6591.7", "PWD_P66": "6743.5", "PWD_P67": "6907.9", "PWD_P68": "7082.4", "PWD_P69": "7269.9", "PWD_P70": "7431.3", "PWD_P71": "7594.0", "PWD_P72": "7789.8", "PWD_P73": "7984.0", "PWD_P74": "8184.4", "PWD_P75": "8374.5", "PWD_P76": "8617.9", "PWD_P77": "8862.3", "PWD_P78": "9160.9", "PWD_P79": "9426.0", "PWD_P80": "9737.4", "PWD_P81": "10019.3", "PWD_P82": "10277.9", "PWD_P83": "10596.7", "PWD_P84": "10841.6", "PWD_P85": "11143.5", "PWD_P86": "11442.4", "PWD_P87": "11869.8", "PWD_P88": "12277.8", "PWD_P89": "12750.5", "PWD_P90": "13223.5", "PWD_P91": "13607.2", "PWD_P92": "14174.4", "PWD_P93": "14786.5", "PWD_P94": "15969.1", "PWD_P95": "16923.1", "PWD_P96": "18158.0", "PWD_P97": "20362.2", "PWD_P98": "21944.5", "PWD_P99": "23575.3", "PWD_P100": "28662.4" }, "geometry": { "type": "Point", "coordinates": [ 50.562103271484375, 26.180599212646484 ] } },
{ "type": "Feature", "id": 23, "properties": { "lon": 90.205009460449219, "lat": 23.926580429077148, "year": "2005", "ISO": "BGD", "ISO_No": "50", "Name": "Bangladesh", "PWC_Lat": "23.9265804290771", "PWC_Lon": "90.2050094604492", "Pop": "139035504", "Density": "1043.0", "Area": "133302.0", "PWD_A": "5761.6", "PWD_G": "1749.1", "PWD_M": "1254.9", "PWD_P1": "246.8", "PWD_P2": "380.8", "PWD_P3": "450.7", "PWD_P4": "490.2", "PWD_P5": "518.0", "PWD_P6": "543.0", "PWD_P7": "565.3", "PWD_P8": "585.7", "PWD_P9": "604.3", "PWD_P10": "621.5", "PWD_P11": "637.7", "PWD_P12": "653.4", "PWD_P13": "668.4", "PWD_P14": "683.0", "PWD_P15": "697.0", "PWD_P16": "711.0", "PWD_P17": "724.9", "PWD_P18": "738.5", "PWD_P19": "751.8", "PWD_P20": "765.1", "PWD_P21": "778.3", "PWD_P22": "791.5", "PWD_P23": "804.9", "PWD_P24": "818.5", "PWD_P25": "832.0", "PWD_P26": "845.6", "PWD_P27": "859.1", "PWD_P28": "872.9", "PWD_P29": "886.7", "PWD_P30": "900.8", "PWD_P31": "914.9", "PWD_P32": "929.3", "PWD_P33": "943.9", "PWD_P34": "958.9", "PWD_P35": "974.2", "PWD_P36": "989.8", "PWD_P37": "1005.6", "PWD_P38": "1021.9", "PWD_P39": "1038.5", "PWD_P40": "1055.8", "PWD_P41": "1073.6", "PWD_P42": "1092.2", "PWD_P43": "1111.0", "PWD_P44": "1130.2", "PWD_P45": "1150.0", "PWD_P46": "1170.0", "PWD_P47": "1190.5", "PWD_P48": "1211.3", "PWD_P49": "1232.7", "PWD_P50": "1254.9", "PWD_P51": "1277.7", "PWD_P52": "1301.3", "PWD_P53": "1325.7", "PWD_P54": "1350.8", "PWD_P55": "1376.4", "PWD_P56": "1402.3", "PWD_P57": "1428.9", "PWD_P58": "1456.7", "PWD_P59": "1485.8", "PWD_P60": "1516.3", "PWD_P61": "1548.3", "PWD_P62": "1582.0", "PWD_P63": "1617.6", "PWD_P64": "1655.4", "PWD_P65": "1695.6", "PWD_P66": "1739.0", "PWD_P67": "1784.9", "PWD_P68": "1833.3", "PWD_P69": "1885.6", "PWD_P70": "1941.3", "PWD_P71": "2001.2", "PWD_P72": "2066.8", "PWD_P73": "2139.8", "PWD_P74": "2220.4", "PWD_P75": "2310.0", "PWD_P76": "2408.7", "PWD_P77": "2523.4", "PWD_P78": "2656.3", "PWD_P79": "2814.1", "PWD_P80": "3003.6", "PWD_P81": "3235.8", "PWD_P82": "3529.1", "PWD_P83": "3895.4", "PWD_P84": "4364.5", "PWD_P85": "4911.2", "PWD_P86": "5604.7", "PWD_P87": "6528.6", "PWD_P88": "7747.7", "PWD_P89": "9367.6", "PWD_P90": "11513.9", "PWD_P91": "14007.4", "PWD_P92": "17252.6", "PWD_P93": "21014.7", "PWD_P94": "25064.1", "PWD_P95": "31812.5", "PWD_P96": "41684.7", "PWD_P97": "51917.5", "PWD_P98": "66588.0", "PWD_P99": "84105.0", "PWD_P100": "188532.7" }, "geometry": { "type": "Point", "coordinates": [ 90.205009460449219, 23.926580429077148 ] } },
{ "type": "Feature", "id": 24, "properties": { "lon": 44.594627380371094, "lat": 40.285240173339844, "year": "2005", "ISO": "ARM", "ISO_No": "51", "Name": "Armenia", "PWC_Lat": "40.2852401733398", "PWC_Lon": "44.5946273803711", "Pop": "2981261", "Density": "105.2", "Area": "28332.4", "PWD_A": "4073.1", "PWD_G": "1347.6", "PWD_M": "2054.9", "PWD_P1": "10.3", "PWD_P2": "15.8", "PWD_P3": "21.1", "PWD_P4": "27.1", "PWD_P5": "34.2", "PWD_P6": "42.2", "PWD_P7": "50.7", "PWD_P8": "59.4", "PWD_P9": "68.9", "PWD_P10": "79.0", "PWD_P11": "89.4", "PWD_P12": "100.7", "PWD_P13": "112.9", "PWD_P14": "126.2", "PWD_P15": "140.5", "PWD_P16": "156.3", "PWD_P17": "174.4", "PWD_P18": "193.3", "PWD_P19": "212.9", "PWD_P20": "234.0", "PWD_P21": "257.6", "PWD_P22": "283.3", "PWD_P23": "309.7", "PWD_P24": "336.9", "PWD_P25": "365.8", "PWD_P26": "397.5", "PWD_P27": "430.9", "PWD_P28": "465.8", "PWD_P29": "502.5", "PWD_P30": "541.2", "PWD_P31": "580.2", "PWD_P32": "621.3", "PWD_P33": "664.5", "PWD_P34": "711.2", "PWD_P35": "761.7", "PWD_P36": "812.2", "PWD_P37": "865.7", "PWD_P38": "923.5", "PWD_P39": "983.6", "PWD_P40": "1047.5", "PWD_P41": "1117.5", "PWD_P42": "1194.7", "PWD_P43": "1281.7", "PWD_P44": "1373.4", "PWD_P45": "1478.2", "PWD_P46": "1584.4", "PWD_P47": "1695.6", "PWD_P48": "1809.3", "PWD_P49": "1928.3", "PWD_P50": "2054.9", "PWD_P51": "2181.7", "PWD_P52": "2320.5", "PWD_P53": "2442.3", "PWD_P54": "2573.7", "PWD_P55": "2749.5", "PWD_P56": "2955.1", "PWD_P57": "3178.7", "PWD_P58": "3417.0", "PWD_P59": "3635.4", "PWD_P60": "3854.0", "PWD_P61": "4071.3", "PWD_P62": "4277.1", "PWD_P63": "4489.2", "PWD_P64": "4713.3", "PWD_P65": "4916.7", "PWD_P66": "5091.8", "PWD_P67": "5266.3", "PWD_P68": "5435.7", "PWD_P69": "5609.6", "PWD_P70": "5775.7", "PWD_P71": "5930.0", "PWD_P72": "6086.1", "PWD_P73": "6257.1", "PWD_P74": "6444.6", "PWD_P75": "6647.0", "PWD_P76": "6871.5", "PWD_P77": "7120.4", "PWD_P78": "7366.5", "PWD_P79": "7645.7", "PWD_P80": "7987.8", "PWD_P81": "8338.2", "PWD_P82": "8696.6", "PWD_P83": "8997.8", "PWD_P84": "9343.5", "PWD_P85": "9662.5", "PWD_P86": "9965.2", "PWD_P87": "10292.5", "PWD_P88": "10575.6", "PWD_P89": "10908.6", "PWD_P90": "11218.9", "PWD_P91": "11557.0", "PWD_P92": "11905.6", "PWD_P93": "12365.5", "PWD_P94": "12911.8", "PWD_P95": "13383.5", "PWD_P96": "13884.3", "PWD_P97": "14477.2", "PWD_P98": "15146.7", "PWD_P99": "17056.8", "PWD_P100": "20998.2" }, "geometry": { "type": "Point", "coordinates": [ 44.594627380371094, 40.285240173339844 ] } },
{ "type": "Feature", "id": 25, "properties": { "lon": -59.569068908691406, "lat": 13.139222145080566, "year": "2005", "ISO": "BRB", "ISO_No": "52", "Name": "Barbados", "PWC_Lat": "13.1392221450806", "PWC_Lon": "-59.5690689086914", "Pop": "276320", "Density": "624.6", "Area": "442.4", "PWD_A": "1254.0", "PWD_G": "907.6", "PWD_M": "1013.2", "PWD_P1": "131.0", "PWD_P2": "158.3", "PWD_P3": "182.0", "PWD_P4": "202.0", "PWD_P5": "218.8", "PWD_P6": "233.9", "PWD_P7": "246.9", "PWD_P8": "258.7", "PWD_P9": "270.6", "PWD_P10": "281.4", "PWD_P11": "293.6", "PWD_P12": "305.6", "PWD_P13": "317.3", "PWD_P14": "328.4", "PWD_P15": "339.4", "PWD_P16": "350.7", "PWD_P17": "361.4", "PWD_P18": "372.5", "PWD_P19": "384.3", "PWD_P20": "396.9", "PWD_P21": "408.7", "PWD_P22": "420.7", "PWD_P23": "432.4", "PWD_P24": "443.7", "PWD_P25": "456.9", "PWD_P26": "469.5", "PWD_P27": "482.9", "PWD_P28": "496.4", "PWD_P29": "511.4", "PWD_P30": "527.1", "PWD_P31": "544.5", "PWD_P32": "561.6", "PWD_P33": "578.9", "PWD_P34": "597.9", "PWD_P35": "616.7", "PWD_P36": "636.7", "PWD_P37": "656.2", "PWD_P38": "674.2", "PWD_P39": "692.7", "PWD_P40": "713.0", "PWD_P41": "737.0", "PWD_P42": "768.1", "PWD_P43": "802.6", "PWD_P44": "835.5", "PWD_P45": "866.6", "PWD_P46": "899.3", "PWD_P47": "928.7", "PWD_P48": "956.7", "PWD_P49": "985.1", "PWD_P50": "1013.2", "PWD_P51": "1038.1", "PWD_P52": "1062.7", "PWD_P53": "1087.6", "PWD_P54": "1110.0", "PWD_P55": "1131.8", "PWD_P56": "1151.7", "PWD_P57": "1172.4", "PWD_P58": "1186.5", "PWD_P59": "1202.1", "PWD_P60": "1219.6", "PWD_P61": "1235.4", "PWD_P62": "1248.8", "PWD_P63": "1263.1", "PWD_P64": "1279.1", "PWD_P65": "1297.0", "PWD_P66": "1317.3", "PWD_P67": "1339.5", "PWD_P68": "1367.8", "PWD_P69": "1400.7", "PWD_P70": "1447.3", "PWD_P71": "1529.3", "PWD_P72": "1714.5", "PWD_P73": "1923.2", "PWD_P74": "2075.2", "PWD_P75": "2193.9", "PWD_P76": "2278.3", "PWD_P77": "2347.6", "PWD_P78": "2382.1", "PWD_P79": "2428.2", "PWD_P80": "2458.4", "PWD_P81": "2492.1", "PWD_P82": "2523.0", "PWD_P83": "2549.5", "PWD_P84": "2585.6", "PWD_P85": "2611.9", "PWD_P86": "2641.0", "PWD_P87": "2666.1", "PWD_P88": "2693.7", "PWD_P89": "2723.4", "PWD_P90": "2748.6", "PWD_P91": "2772.5", "PWD_P92": "2800.9", "PWD_P93": "2831.6", "PWD_P94": "2863.3", "PWD_P95": "2901.7", "PWD_P96": "2958.3", "PWD_P97": "3002.3", "PWD_P98": "3053.8", "PWD_P99": "3108.6", "PWD_P100": "3240.0" }, "geometry": { "type": "Point", "coordinates": [ -59.569068908691406, 13.139222145080566 ] } },
{ "type": "Feature", "id": 26, "properties": { "lon": 4.4341049194335938, "lat": 50.843540191650391, "year": "2005", "ISO": "BEL", "ISO_No": "56", "Name": "Belgium", "PWC_Lat": "50.8435401916504", "PWC_Lon": "4.43410491943359", "Pop": "10546884", "Density": "346.4", "Area": "30447.0", "PWD_A": "2340.0", "PWD_G": "909.8", "PWD_M": "865.0", "PWD_P1": "33.6", "PWD_P2": "51.2", "PWD_P3": "65.5", "PWD_P4": "79.0", "PWD_P5": "92.1", "PWD_P6": "105.1", "PWD_P7": "117.9", "PWD_P8": "130.3", "PWD_P9": "142.5", "PWD_P10": "154.7", "PWD_P11": "166.6", "PWD_P12": "178.7", "PWD_P13": "190.7", "PWD_P14": "202.9", "PWD_P15": "215.3", "PWD_P16": "227.8", "PWD_P17": "240.6", "PWD_P18": "253.6", "PWD_P19": "266.8", "PWD_P20": "280.2", "PWD_P21": "293.8", "PWD_P22": "307.8", "PWD_P23": "321.9", "PWD_P24": "336.4", "PWD_P25": "351.1", "PWD_P26": "366.2", "PWD_P27": "381.7", "PWD_P28": "397.5", "PWD_P29": "413.6", "PWD_P30": "430.4", "PWD_P31": "447.6", "PWD_P32": "465.3", "PWD_P33": "483.3", "PWD_P34": "501.9", "PWD_P35": "520.6", "PWD_P36": "539.7", "PWD_P37": "559.3", "PWD_P38": "579.3", "PWD_P39": "600.0", "PWD_P40": "621.2", "PWD_P41": "642.6", "PWD_P42": "664.7", "PWD_P43": "687.4", "PWD_P44": "710.6", "PWD_P45": "734.8", "PWD_P46": "759.5", "PWD_P47": "784.7", "PWD_P48": "811.0", "PWD_P49": "837.7", "PWD_P50": "865.0", "PWD_P51": "893.1", "PWD_P52": "921.9", "PWD_P53": "951.6", "PWD_P54": "981.9", "PWD_P55": "1013.2", "PWD_P56": "1046.7", "PWD_P57": "1082.2", "PWD_P58": "1119.3", "PWD_P59": "1158.6", "PWD_P60": "1199.8", "PWD_P61": "1244.4", "PWD_P62": "1293.4", "PWD_P63": "1346.5", "PWD_P64": "1404.5", "PWD_P65": "1468.1", "PWD_P66": "1535.5", "PWD_P67": "1609.2", "PWD_P68": "1687.9", "PWD_P69": "1773.4", "PWD_P70": "1865.3", "PWD_P71": "1964.5", "PWD_P72": "2069.9", "PWD_P73": "2178.6", "PWD_P74": "2302.7", "PWD_P75": "2436.2", "PWD_P76": "2579.9", "PWD_P77": "2724.3", "PWD_P78": "2874.8", "PWD_P79": "3033.7", "PWD_P80": "3201.6", "PWD_P81": "3370.8", "PWD_P82": "3543.5", "PWD_P83": "3730.5", "PWD_P84": "3939.6", "PWD_P85": "4164.1", "PWD_P86": "4411.5", "PWD_P87": "4694.6", "PWD_P88": "5026.4", "PWD_P89": "5401.2", "PWD_P90": "5846.7", "PWD_P91": "6466.4", "PWD_P92": "7303.6", "PWD_P93": "8401.3", "PWD_P94": "9769.6", "PWD_P95": "11002.6", "PWD_P96": "12443.0", "PWD_P97": "14779.7", "PWD_P98": "17289.0", "PWD_P99": "19928.7", "PWD_P100": "26775.5" }, "geometry": { "type": "Point", "coordinates": [ 4.434104919433594, 50.843540191650391 ] } },
{ "type": "Feature", "id": 27, "properties": { "lon": -64.784004211425781, "lat": 32.3004150390625, "year": "2005", "ISO": "BMU", "ISO_No": "60", "Name": "Bermuda", "PWC_Lat": "32.3004150390625", "PWC_Lon": "-64.7840042114258", "Pop": "66259", "Density": "858.1", "Area": "77.2", "PWD_A": "1231.3", "PWD_G": "1094.5", "PWD_M": "1195.3", "PWD_P1": "219.1", "PWD_P2": "309.6", "PWD_P3": "341.5", "PWD_P4": "376.6", "PWD_P5": "402.9", "PWD_P6": "426.5", "PWD_P7": "457.9", "PWD_P8": "485.1", "PWD_P9": "514.7", "PWD_P10": "544.8", "PWD_P11": "567.5", "PWD_P12": "583.9", "PWD_P13": "600.1", "PWD_P14": "621.9", "PWD_P15": "642.4", "PWD_P16": "666.1", "PWD_P17": "691.2", "PWD_P18": "716.7", "PWD_P19": "736.0", "PWD_P20": "754.3", "PWD_P21": "770.9", "PWD_P22": "785.7", "PWD_P23": "798.6", "PWD_P24": "812.2", "PWD_P25": "824.1", "PWD_P26": "836.2", "PWD_P27": "849.8", "PWD_P28": "862.9", "PWD_P29": "876.4", "PWD_P30": "890.6", "PWD_P31": "904.2", "PWD_P32": "919.7", "PWD_P33": "938.4", "PWD_P34": "953.1", "PWD_P35": "968.1", "PWD_P36": "985.7", "PWD_P37": "1002.2", "PWD_P38": "1018.5", "PWD_P39": "1032.7", "PWD_P40": "1045.0", "PWD_P41": "1060.8", "PWD_P42": "1074.1", "PWD_P43": "1088.0", "PWD_P44": "1105.8", "PWD_P45": "1123.3", "PWD_P46": "1137.1", "PWD_P47": "1156.9", "PWD_P48": "1169.0", "PWD_P49": "1179.1", "PWD_P50": "1195.3", "PWD_P51": "1208.8", "PWD_P52": "1224.2", "PWD_P53": "1238.7", "PWD_P54": "1250.3", "PWD_P55": "1263.6", "PWD_P56": "1275.4", "PWD_P57": "1291.8", "PWD_P58": "1307.6", "PWD_P59": "1324.1", "PWD_P60": "1338.0", "PWD_P61": "1357.7", "PWD_P62": "1372.7", "PWD_P63": "1392.6", "PWD_P64": "1409.6", "PWD_P65": "1427.7", "PWD_P66": "1443.5", "PWD_P67": "1457.2", "PWD_P68": "1479.3", "PWD_P69": "1497.6", "PWD_P70": "1521.6", "PWD_P71": "1540.3", "PWD_P72": "1557.0", "PWD_P73": "1579.6", "PWD_P74": "1600.5", "PWD_P75": "1615.4", "PWD_P76": "1632.9", "PWD_P77": "1647.6", "PWD_P78": "1675.1", "PWD_P79": "1700.4", "PWD_P80": "1729.4", "PWD_P81": "1759.3", "PWD_P82": "1788.4", "PWD_P83": "1819.9", "PWD_P84": "1855.9", "PWD_P85": "1880.4", "PWD_P86": "1905.9", "PWD_P87": "1931.0", "PWD_P88": "1950.9", "PWD_P89": "1970.4", "PWD_P90": "1993.1", "PWD_P91": "2010.0", "PWD_P92": "2023.5", "PWD_P93": "2035.3", "PWD_P94": "2049.4", "PWD_P95": "2065.0", "PWD_P96": "2100.8", "PWD_P97": "2185.7", "PWD_P98": "2354.1", "PWD_P99": "2610.7", "PWD_P100": "3023.8" }, "geometry": { "type": "Point", "coordinates": [ -64.784004211425781, 32.3004150390625 ] } },
{ "type": "Feature", "id": 28, "properties": { "lon": 90.234977722167969, "lat": 27.207372665405273, "year": "2005", "ISO": "BTN", "ISO_No": "64", "Name": "Bhutan", "PWC_Lat": "27.2073726654053", "PWC_Lon": "90.234977722168", "Pop": "648743", "Density": "16.2", "Area": "40035.6", "PWD_A": "176.4", "PWD_G": "57.6", "PWD_M": "52.7", "PWD_P1": "1.4", "PWD_P2": "2.3", "PWD_P3": "3.1", "PWD_P4": "3.7", "PWD_P5": "4.5", "PWD_P6": "5.3", "PWD_P7": "6.0", "PWD_P8": "6.7", "PWD_P9": "7.4", "PWD_P10": "8.1", "PWD_P11": "8.8", "PWD_P12": "9.5", "PWD_P13": "10.2", "PWD_P14": "11.0", "PWD_P15": "11.7", "PWD_P16": "12.5", "PWD_P17": "13.3", "PWD_P18": "14.1", "PWD_P19": "14.9", "PWD_P20": "15.8", "PWD_P21": "16.7", "PWD_P22": "17.7", "PWD_P23": "18.6", "PWD_P24": "19.6", "PWD_P25": "20.6", "PWD_P26": "21.6", "PWD_P27": "22.7", "PWD_P28": "23.8", "PWD_P29": "24.8", "PWD_P30": "25.9", "PWD_P31": "27.1", "PWD_P32": "28.2", "PWD_P33": "29.4", "PWD_P34": "30.6", "PWD_P35": "31.8", "PWD_P36": "33.0", "PWD_P37": "34.3", "PWD_P38": "35.5", "PWD_P39": "36.7", "PWD_P40": "38.0", "PWD_P41": "39.2", "PWD_P42": "40.5", "PWD_P43": "41.8", "PWD_P44": "43.2", "PWD_P45": "44.6", "PWD_P46": "46.1", "PWD_P47": "47.6", "PWD_P48": "49.2", "PWD_P49": "50.9", "PWD_P50": "52.7", "PWD_P51": "54.5", "PWD_P52": "56.3", "PWD_P53": "58.2", "PWD_P54": "60.4", "PWD_P55": "62.7", "PWD_P56": "65.2", "PWD_P57": "67.9", "PWD_P58": "70.9", "PWD_P59": "74.0", "PWD_P60": "77.6", "PWD_P61": "81.7", "PWD_P62": "85.7", "PWD_P63": "90.0", "PWD_P64": "94.2", "PWD_P65": "98.8", "PWD_P66": "103.3", "PWD_P67": "108.1", "PWD_P68": "113.5", "PWD_P69": "119.0", "PWD_P70": "124.3", "PWD_P71": "130.0", "PWD_P72": "137.1", "PWD_P73": "144.2", "PWD_P74": "151.0", "PWD_P75": "158.0", "PWD_P76": "165.6", "PWD_P77": "175.8", "PWD_P78": "188.4", "PWD_P79": "210.2", "PWD_P80": "239.4", "PWD_P81": "262.5", "PWD_P82": "284.8", "PWD_P83": "314.8", "PWD_P84": "336.4", "PWD_P85": "357.1", "PWD_P86": "375.5", "PWD_P87": "391.0", "PWD_P88": "405.7", "PWD_P89": "426.2", "PWD_P90": "454.1", "PWD_P91": "512.7", "PWD_P92": "700.7", "PWD_P93": "780.0", "PWD_P94": "887.7", "PWD_P95": "1000.0", "PWD_P96": "1084.4", "PWD_P97": "1165.3", "PWD_P98": "1257.8", "PWD_P99": "1369.1", "PWD_P100": "1517.1" }, "geometry": { "type": "Point", "coordinates": [ 90.234977722167969, 27.207372665405273 ] } },
{ "type": "Feature", "id": 29, "properties": { "lon": -65.7305, "lat": -17.5347, "year": "2005", "ISO": "BOL", "ISO_No": "68", "Name": "Bolivia", "PWC_Lat": "-17.5347", "PWC_Lon": "-65.7305", "Pop": "9232301", "Density": "8.6", "Area": "1075425.1", "PWD_A": "1161.3", "PWD_G": "175.6", "PWD_M": "260.6", "PWD_P1": "0.5", "PWD_P2": "0.8", "PWD_P3": "1.3", "PWD_P4": "1.7", "PWD_P5": "2.2", "PWD_P6": "2.7", "PWD_P7": "3.3", "PWD_P8": "3.9", "PWD_P9": "4.5", "PWD_P10": "5.1", "PWD_P11": "5.7", "PWD_P12": "6.4", "PWD_P13": "7.1", "PWD_P14": "7.7", "PWD_P15": "8.5", "PWD_P16": "9.2", "PWD_P17": "10.0", "PWD_P18": "10.8", "PWD_P19": "11.6", "PWD_P20": "12.4", "PWD_P21": "13.3", "PWD_P22": "14.2", "PWD_P23": "15.2", "PWD_P24": "16.2", "PWD_P25": "17.4", "PWD_P26": "18.7", "PWD_P27": "20.2", "PWD_P28": "21.8", "PWD_P29": "23.7", "PWD_P30": "25.9", "PWD_P31": "28.4", "PWD_P32": "31.2", "PWD_P33": "34.6", "PWD_P34": "38.7", "PWD_P35": "43.3", "PWD_P36": "48.7", "PWD_P37": "54.3", "PWD_P38": "60.9", "PWD_P39": "68.5", "PWD_P40": "77.3", "PWD_P41": "88.1", "PWD_P42": "100.4", "PWD_P43": "114.5", "PWD_P44": "130.8", "PWD_P45": "146.2", "PWD_P46": "162.6", "PWD_P47": "181.2", "PWD_P48": "203.2", "PWD_P49": "230.3", "PWD_P50": "260.6", "PWD_P51": "293.4", "PWD_P52": "328.9", "PWD_P53": "367.1", "PWD_P54": "406.7", "PWD_P55": "449.6", "PWD_P56": "500.6", "PWD_P57": "562.8", "PWD_P58": "637.6", "PWD_P59": "712.9", "PWD_P60": "786.7", "PWD_P61": "861.7", "PWD_P62": "942.7", "PWD_P63": "1036.8", "PWD_P64": "1141.6", "PWD_P65": "1242.9", "PWD_P66": "1330.5", "PWD_P67": "1444.0", "PWD_P68": "1563.2", "PWD_P69": "1677.5", "PWD_P70": "1787.2", "PWD_P71": "1948.4", "PWD_P72": "2162.1", "PWD_P73": "2338.0", "PWD_P74": "2511.1", "PWD_P75": "2620.8", "PWD_P76": "2682.5", "PWD_P77": "2740.9", "PWD_P78": "2796.5", "PWD_P79": "2856.8", "PWD_P80": "2927.7", "PWD_P81": "2996.8", "PWD_P82": "3060.4", "PWD_P83": "3114.1", "PWD_P84": "3166.0", "PWD_P85": "3222.7", "PWD_P86": "3281.6", "PWD_P87": "3342.1", "PWD_P88": "3404.8", "PWD_P89": "3472.5", "PWD_P90": "3534.9", "PWD_P91": "3602.6", "PWD_P92": "3668.4", "PWD_P93": "3732.1", "PWD_P94": "3796.2", "PWD_P95": "3864.0", "PWD_P96": "3943.0", "PWD_P97": "4042.5", "PWD_P98": "4159.4", "PWD_P99": "4318.2", "PWD_P100": "5086.0" }, "geometry": { "type": "Point", "coordinates": [ -65.7305, -17.5347 ] } },
{ "type": "Feature", "id": 30, "properties": { "lon": 17.900041580200195, "lat": 44.338470458984375, "year": "2005", "ISO": "BIH", "ISO_No": "70", "Name": "Bosnia and Herzegovina", "PWC_Lat": "44.3384704589844", "PWC_Lon": "17.9000415802002", "Pop": "3765332", "Density": "74.3", "Area": "50666.8", "PWD_A": "641.5", "PWD_G": "224.5", "PWD_M": "203.6", "PWD_P1": "6.1", "PWD_P2": "9.0", "PWD_P3": "12.0", "PWD_P4": "15.6", "PWD_P5": "19.2", "PWD_P6": "23.3", "PWD_P7": "27.4", "PWD_P8": "31.5", "PWD_P9": "35.7", "PWD_P10": "39.6", "PWD_P11": "43.6", "PWD_P12": "47.5", "PWD_P13": "51.1", "PWD_P14": "54.7", "PWD_P15": "58.3", "PWD_P16": "61.8", "PWD_P17": "65.3", "PWD_P18": "68.6", "PWD_P19": "71.8", "PWD_P20": "75.0", "PWD_P21": "78.2", "PWD_P22": "81.4", "PWD_P23": "84.6", "PWD_P24": "87.7", "PWD_P25": "91.0", "PWD_P26": "94.2", "PWD_P27": "97.3", "PWD_P28": "100.5", "PWD_P29": "103.9", "PWD_P30": "107.2", "PWD_P31": "110.7", "PWD_P32": "114.1", "PWD_P33": "117.6", "PWD_P34": "121.2", "PWD_P35": "124.9", "PWD_P36": "128.8", "PWD_P37": "132.8", "PWD_P38": "136.9", "PWD_P39": "141.2", "PWD_P40": "145.8", "PWD_P41": "150.5", "PWD_P42": "155.4", "PWD_P43": "160.5", "PWD_P44": "165.9", "PWD_P45": "171.2", "PWD_P46": "177.0", "PWD_P47": "183.0", "PWD_P48": "189.6", "PWD_P49": "196.4", "PWD_P50": "203.6", "PWD_P51": "211.0", "PWD_P52": "219.0", "PWD_P53": "227.7", "PWD_P54": "236.9", "PWD_P55": "246.3", "PWD_P56": "256.6", "PWD_P57": "267.2", "PWD_P58": "278.6", "PWD_P59": "290.8", "PWD_P60": "303.6", "PWD_P61": "317.9", "PWD_P62": "333.4", "PWD_P63": "349.7", "PWD_P64": "366.5", "PWD_P65": "385.3", "PWD_P66": "405.7", "PWD_P67": "426.9", "PWD_P68": "449.2", "PWD_P69": "471.9", "PWD_P70": "494.6", "PWD_P71": "519.1", "PWD_P72": "543.2", "PWD_P73": "567.0", "PWD_P74": "591.0", "PWD_P75": "619.0", "PWD_P76": "646.8", "PWD_P77": "675.8", "PWD_P78": "708.6", "PWD_P79": "739.3", "PWD_P80": "773.9", "PWD_P81": "811.3", "PWD_P82": "848.8", "PWD_P83": "891.3", "PWD_P84": "931.6", "PWD_P85": "971.8", "PWD_P86": "1016.7", "PWD_P87": "1072.5", "PWD_P88": "1151.2", "PWD_P89": "1241.1", "PWD_P90": "1341.4", "PWD_P91": "1450.2", "PWD_P92": "1566.1", "PWD_P93": "1739.3", "PWD_P94": "2636.0", "PWD_P95": "3284.7", "PWD_P96": "3804.8", "PWD_P97": "4097.9", "PWD_P98": "4777.5", "PWD_P99": "7626.3", "PWD_P100": "10956.3" }, "geometry": { "type": "Point", "coordinates": [ 17.900041580200195, 44.338470458984375 ] } },
{ "type": "Feature", "id": 31, "properties": { "lon": 25.7901611328125, "lat": -22.973255157470703, "year": "2005", "ISO": "BWA", "ISO_No": "72", "Name": "Botswana", "PWC_Lat": "-22.9732551574707", "PWC_Lon": "25.7901611328125", "Pop": "1799076", "Density": "3.1", "Area": "579064.2", "PWD_A": "245.8", "PWD_G": "32.6", "PWD_M": "32.4", "PWD_P1": "0.3", "PWD_P2": "0.4", "PWD_P3": "0.5", "PWD_P4": "0.6", "PWD_P5": "0.7", "PWD_P6": "0.8", "PWD_P7": "0.9", "PWD_P8": "1.0", "PWD_P9": "1.1", "PWD_P10": "1.2", "PWD_P11": "1.4", "PWD_P12": "1.5", "PWD_P13": "1.6", "PWD_P14": "1.7", "PWD_P15": "1.8", "PWD_P16": "2.0", "PWD_P17": "2.2", "PWD_P18": "2.4", "PWD_P19": "2.6", "PWD_P20": "2.8", "PWD_P21": "3.1", "PWD_P22": "3.4", "PWD_P23": "3.6", "PWD_P24": "4.0", "PWD_P25": "4.3", "PWD_P26": "4.7", "PWD_P27": "5.1", "PWD_P28": "5.5", "PWD_P29": "5.9", "PWD_P30": "6.3", "PWD_P31": "6.8", "PWD_P32": "7.3", "PWD_P33": "7.8", "PWD_P34": "8.5", "PWD_P35": "9.1", "PWD_P36": "9.8", "PWD_P37": "10.6", "PWD_P38": "11.4", "PWD_P39": "12.4", "PWD_P40": "13.4", "PWD_P41": "14.5", "PWD_P42": "15.7", "PWD_P43": "17.0", "PWD_P44": "18.6", "PWD_P45": "20.3", "PWD_P46": "22.3", "PWD_P47": "24.4", "PWD_P48": "26.9", "PWD_P49": "29.6", "PWD_P50": "32.4", "PWD_P51": "35.4", "PWD_P52": "38.9", "PWD_P53": "42.4", "PWD_P54": "45.9", "PWD_P55": "50.0", "PWD_P56": "55.1", "PWD_P57": "60.9", "PWD_P58": "67.3", "PWD_P59": "73.7", "PWD_P60": "81.1", "PWD_P61": "89.6", "PWD_P62": "99.0", "PWD_P63": "109.6", "PWD_P64": "120.8", "PWD_P65": "132.2", "PWD_P66": "143.9", "PWD_P67": "155.7", "PWD_P68": "168.4", "PWD_P69": "182.0", "PWD_P70": "196.0", "PWD_P71": "210.6", "PWD_P72": "228.2", "PWD_P73": "246.3", "PWD_P74": "266.9", "PWD_P75": "288.8", "PWD_P76": "313.0", "PWD_P77": "337.9", "PWD_P78": "363.5", "PWD_P79": "394.3", "PWD_P80": "424.0", "PWD_P81": "460.2", "PWD_P82": "507.3", "PWD_P83": "556.8", "PWD_P84": "592.4", "PWD_P85": "615.9", "PWD_P86": "636.4", "PWD_P87": "658.9", "PWD_P88": "681.6", "PWD_P89": "714.4", "PWD_P90": "760.3", "PWD_P91": "835.7", "PWD_P92": "929.4", "PWD_P93": "1028.8", "PWD_P94": "1142.4", "PWD_P95": "1276.5", "PWD_P96": "1408.0", "PWD_P97": "1506.1", "PWD_P98": "1578.4", "PWD_P99": "1851.7", "PWD_P100": "3034.6" }, "geometry": { "type": "Point", "coordinates": [ 25.7901611328125, -22.973255157470703 ] } },
{ "type": "Feature", "id": 32, "properties": { "lon": -88.566352844238281, "lat": 17.430387496948242, "year": "2005", "ISO": "BLZ", "ISO_No": "84", "Name": "Belize", "PWC_Lat": "17.4303874969482", "PWC_Lon": "-88.5663528442383", "Pop": "283797", "Density": "13.0", "Area": "21775.8", "PWD_A": "88.3", "PWD_G": "28.8", "PWD_M": "22.6", "PWD_P1": "1.8", "PWD_P2": "2.1", "PWD_P3": "2.5", "PWD_P4": "3.1", "PWD_P5": "3.7", "PWD_P6": "4.4", "PWD_P7": "5.0", "PWD_P8": "5.5", "PWD_P9": "5.8", "PWD_P10": "6.2", "PWD_P11": "6.5", "PWD_P12": "6.8", "PWD_P13": "7.1", "PWD_P14": "7.3", "PWD_P15": "7.6", "PWD_P16": "7.9", "PWD_P17": "8.2", "PWD_P18": "8.5", "PWD_P19": "8.8", "PWD_P20": "9.1", "PWD_P21": "9.4", "PWD_P22": "9.7", "PWD_P23": "10.0", "PWD_P24": "10.3", "PWD_P25": "10.6", "PWD_P26": "10.9", "PWD_P27": "11.3", "PWD_P28": "11.6", "PWD_P29": "12.1", "PWD_P30": "12.5", "PWD_P31": "13.0", "PWD_P32": "13.5", "PWD_P33": "14.0", "PWD_P34": "14.5", "PWD_P35": "15.0", "PWD_P36": "15.5", "PWD_P37": "16.1", "PWD_P38": "16.6", "PWD_P39": "17.1", "PWD_P40": "17.6", "PWD_P41": "18.1", "PWD_P42": "18.5", "PWD_P43": "19.0", "PWD_P44": "19.4", "PWD_P45": "19.8", "PWD_P46": "20.3", "PWD_P47": "20.8", "PWD_P48": "21.4", "PWD_P49": "22.0", "PWD_P50": "22.6", "PWD_P51": "23.2", "PWD_P52": "24.0", "PWD_P53": "24.7", "PWD_P54": "25.5", "PWD_P55": "26.4", "PWD_P56": "27.3", "PWD_P57": "28.3", "PWD_P58": "29.3", "PWD_P59": "30.4", "PWD_P60": "31.6", "PWD_P61": "32.9", "PWD_P62": "34.4", "PWD_P63": "36.0", "PWD_P64": "37.6", "PWD_P65": "39.2", "PWD_P66": "41.0", "PWD_P67": "43.0", "PWD_P68": "44.9", "PWD_P69": "47.1", "PWD_P70": "49.5", "PWD_P71": "52.3", "PWD_P72": "55.4", "PWD_P73": "58.6", "PWD_P74": "62.4", "PWD_P75": "66.6", "PWD_P76": "71.2", "PWD_P77": "76.4", "PWD_P78": "82.0", "PWD_P79": "87.8", "PWD_P80": "94.5", "PWD_P81": "101.9", "PWD_P82": "110.0", "PWD_P83": "118.6", "PWD_P84": "128.6", "PWD_P85": "141.2", "PWD_P86": "155.5", "PWD_P87": "171.9", "PWD_P88": "188.5", "PWD_P89": "208.2", "PWD_P90": "227.8", "PWD_P91": "249.0", "PWD_P92": "279.0", "PWD_P93": "324.0", "PWD_P94": "382.8", "PWD_P95": "434.9", "PWD_P96": "573.3", "PWD_P97": "753.9", "PWD_P98": "838.6", "PWD_P99": "928.9", "PWD_P100": "1220.1" }, "geometry": { "type": "Point", "coordinates": [ -88.566352844238281, 17.430387496948242 ] } },
{ "type": "Feature", "id": 33, "properties": { "lon": 160.05555725097656, "lat": -9.0124711990356445, "year": "2005", "ISO": "SLB", "ISO_No": "90", "Name": "Solomon Islands", "PWC_Lat": "-9.01247119903564", "PWC_Lon": "160.055557250977", "Pop": "469918", "Density": "16.2", "Area": "29053.7", "PWD_A": "906.9", "PWD_G": "126.4", "PWD_M": "112.8", "PWD_P1": "1.1", "PWD_P2": "1.8", "PWD_P3": "2.5", "PWD_P4": "3.2", "PWD_P5": "3.9", "PWD_P6": "4.7", "PWD_P7": "5.5", "PWD_P8": "6.3", "PWD_P9": "7.2", "PWD_P10": "8.2", "PWD_P11": "9.2", "PWD_P12": "10.3", "PWD_P13": "11.5", "PWD_P14": "12.7", "PWD_P15": "14.0", "PWD_P16": "15.3", "PWD_P17": "16.6", "PWD_P18": "18.0", "PWD_P19": "19.4", "PWD_P20": "21.0", "PWD_P21": "22.5", "PWD_P22": "24.1", "PWD_P23": "25.8", "PWD_P24": "27.7", "PWD_P25": "29.6", "PWD_P26": "31.5", "PWD_P27": "33.5", "PWD_P28": "35.6", "PWD_P29": "37.7", "PWD_P30": "39.8", "PWD_P31": "42.1", "PWD_P32": "44.4", "PWD_P33": "46.8", "PWD_P34": "49.3", "PWD_P35": "52.0", "PWD_P36": "54.6", "PWD_P37": "57.5", "PWD_P38": "60.5", "PWD_P39": "63.6", "PWD_P40": "66.9", "PWD_P41": "70.5", "PWD_P42": "74.2", "PWD_P43": "78.1", "PWD_P44": "82.4", "PWD_P45": "86.7", "PWD_P46": "91.3", "PWD_P47": "96.2", "PWD_P48": "101.4", "PWD_P49": "106.9", "PWD_P50": "112.8", "PWD_P51": "119.0", "PWD_P52": "125.9", "PWD_P53": "133.2", "PWD_P54": "140.5", "PWD_P55": "148.5", "PWD_P56": "156.8", "PWD_P57": "165.5", "PWD_P58": "174.9", "PWD_P59": "184.8", "PWD_P60": "195.2", "PWD_P61": "206.2", "PWD_P62": "218.4", "PWD_P63": "231.5", "PWD_P64": "245.2", "PWD_P65": "260.7", "PWD_P66": "276.8", "PWD_P67": "294.3", "PWD_P68": "313.4", "PWD_P69": "334.5", "PWD_P70": "358.5", "PWD_P71": "384.2", "PWD_P72": "412.0", "PWD_P73": "443.5", "PWD_P74": "477.4", "PWD_P75": "516.3", "PWD_P76": "560.0", "PWD_P77": "612.3", "PWD_P78": "673.4", "PWD_P79": "744.0", "PWD_P80": "824.2", "PWD_P81": "919.7", "PWD_P82": "1040.7", "PWD_P83": "1181.4", "PWD_P84": "1348.1", "PWD_P85": "1574.3", "PWD_P86": "1794.2", "PWD_P87": "2057.5", "PWD_P88": "2330.4", "PWD_P89": "2725.7", "PWD_P90": "3071.6", "PWD_P91": "3388.7", "PWD_P92": "3823.8", "PWD_P93": "4223.1", "PWD_P94": "4675.9", "PWD_P95": "5176.6", "PWD_P96": "5964.7", "PWD_P97": "6751.6", "PWD_P98": "7878.6", "PWD_P99": "9558.0", "PWD_P100": "36396.7" }, "geometry": { "type": "Point", "coordinates": [ 160.055557250976562, -9.012471199035645 ] } },
{ "type": "Feature", "id": 34, "properties": { "lon": -64.591148376464844, "lat": 18.433393478393555, "year": "2005", "ISO": "VGB", "ISO_No": "92", "Name": "British Virgin Islands", "PWC_Lat": "18.4333934783936", "PWC_Lon": "-64.5911483764648", "Pop": "23106", "Density": "123.3", "Area": "187.4", "PWD_A": "315.3", "PWD_G": "263.7", "PWD_M": "326.0", "PWD_P1": "8.2", "PWD_P2": "17.0", "PWD_P3": "34.5", "PWD_P4": "45.1", "PWD_P5": "64.8", "PWD_P6": "80.3", "PWD_P7": "90.4", "PWD_P8": "100.6", "PWD_P9": "108.9", "PWD_P10": "118.4", "PWD_P11": "130.4", "PWD_P12": "141.9", "PWD_P13": "149.0", "PWD_P14": "156.6", "PWD_P15": "163.4", "PWD_P16": "171.1", "PWD_P17": "176.6", "PWD_P18": "182.6", "PWD_P19": "187.2", "PWD_P20": "192.5", "PWD_P21": "198.2", "PWD_P22": "204.3", "PWD_P23": "209.2", "PWD_P24": "214.4", "PWD_P25": "219.0", "PWD_P26": "223.2", "PWD_P27": "227.7", "PWD_P28": "232.7", "PWD_P29": "237.8", "PWD_P30": "241.9", "PWD_P31": "246.3", "PWD_P32": "250.8", "PWD_P33": "255.2", "PWD_P34": "259.7", "PWD_P35": "263.3", "PWD_P36": "267.9", "PWD_P37": "273.1", "PWD_P38": "277.6", "PWD_P39": "282.3", "PWD_P40": "286.5", "PWD_P41": "290.6", "PWD_P42": "295.3", "PWD_P43": "298.3", "PWD_P44": "302.6", "PWD_P45": "306.4", "PWD_P46": "309.9", "PWD_P47": "314.6", "PWD_P48": "318.8", "PWD_P49": "322.2", "PWD_P50": "326.0", "PWD_P51": "330.8", "PWD_P52": "335.4", "PWD_P53": "340.2", "PWD_P54": "344.0", "PWD_P55": "347.6", "PWD_P56": "351.6", "PWD_P57": "355.0", "PWD_P58": "359.2", "PWD_P59": "364.3", "PWD_P60": "367.9", "PWD_P61": "372.1", "PWD_P62": "376.1", "PWD_P63": "379.0", "PWD_P64": "382.8", "PWD_P65": "386.9", "PWD_P66": "390.5", "PWD_P67": "393.9", "PWD_P68": "397.4", "PWD_P69": "401.3", "PWD_P70": "404.5", "PWD_P71": "407.6", "PWD_P72": "411.1", "PWD_P73": "414.3", "PWD_P74": "418.0", "PWD_P75": "420.8", "PWD_P76": "423.8", "PWD_P77": "427.0", "PWD_P78": "430.4", "PWD_P79": "434.4", "PWD_P80": "438.2", "PWD_P81": "442.7", "PWD_P82": "447.5", "PWD_P83": "452.8", "PWD_P84": "458.2", "PWD_P85": "463.0", "PWD_P86": "468.8", "PWD_P87": "473.6", "PWD_P88": "479.3", "PWD_P89": "485.2", "PWD_P90": "490.3", "PWD_P91": "495.0", "PWD_P92": "501.9", "PWD_P93": "508.8", "PWD_P94": "513.0", "PWD_P95": "517.9", "PWD_P96": "524.6", "PWD_P97": "536.1", "PWD_P98": "550.9", "PWD_P99": "558.2", "PWD_P100": "574.3" }, "geometry": { "type": "Point", "coordinates": [ -64.591148376464844, 18.433393478393555 ] } },
{ "type": "Feature", "id": 35, "properties": { "lon": 114.79759216308594, "lat": 4.8433961868286133, "year": "2005", "ISO": "BRN", "ISO_No": "96", "Name": "Brunei", "PWC_Lat": "4.84339618682861", "PWC_Lon": "114.797592163086", "Pop": "365112", "Density": "63.2", "Area": "5777.3", "PWD_A": "911.1", "PWD_G": "483.6", "PWD_M": "584.5", "PWD_P1": "7.2", "PWD_P2": "18.2", "PWD_P3": "31.3", "PWD_P4": "43.9", "PWD_P5": "55.3", "PWD_P6": "66.6", "PWD_P7": "77.8", "PWD_P8": "88.9", "PWD_P9": "98.8", "PWD_P10": "109.1", "PWD_P11": "119.3", "PWD_P12": "130.4", "PWD_P13": "141.4", "PWD_P14": "152.4", "PWD_P15": "163.6", "PWD_P16": "174.5", "PWD_P17": "186.8", "PWD_P18": "198.2", "PWD_P19": "209.8", "PWD_P20": "220.4", "PWD_P21": "231.9", "PWD_P22": "242.7", "PWD_P23": "253.6", "PWD_P24": "263.3", "PWD_P25": "272.9", "PWD_P26": "282.7", "PWD_P27": "293.9", "PWD_P28": "305.8", "PWD_P29": "317.5", "PWD_P30": "328.0", "PWD_P31": "339.1", "PWD_P32": "350.6", "PWD_P33": "362.1", "PWD_P34": "373.5", "PWD_P35": "384.9", "PWD_P36": "395.8", "PWD_P37": "408.0", "PWD_P38": "420.5", "PWD_P39": "432.7", "PWD_P40": "444.8", "PWD_P41": "459.2", "PWD_P42": "473.7", "PWD_P43": "487.7", "PWD_P44": "500.9", "PWD_P45": "513.6", "PWD_P46": "527.0", "PWD_P47": "540.5", "PWD_P48": "554.7", "PWD_P49": "569.7", "PWD_P50": "584.5", "PWD_P51": "602.2", "PWD_P52": "620.4", "PWD_P53": "638.5", "PWD_P54": "655.4", "PWD_P55": "671.8", "PWD_P56": "687.4", "PWD_P57": "703.7", "PWD_P58": "719.8", "PWD_P59": "735.4", "PWD_P60": "752.3", "PWD_P61": "769.2", "PWD_P62": "785.6", "PWD_P63": "802.9", "PWD_P64": "818.7", "PWD_P65": "835.6", "PWD_P66": "853.1", "PWD_P67": "868.9", "PWD_P68": "886.9", "PWD_P69": "905.0", "PWD_P70": "924.4", "PWD_P71": "945.7", "PWD_P72": "966.4", "PWD_P73": "985.9", "PWD_P74": "1003.1", "PWD_P75": "1021.4", "PWD_P76": "1043.4", "PWD_P77": "1069.9", "PWD_P78": "1094.2", "PWD_P79": "1114.9", "PWD_P80": "1138.0", "PWD_P81": "1164.0", "PWD_P82": "1187.9", "PWD_P83": "1215.2", "PWD_P84": "1239.7", "PWD_P85": "1263.9", "PWD_P86": "1294.2", "PWD_P87": "1355.2", "PWD_P88": "1415.2", "PWD_P89": "1497.4", "PWD_P90": "1610.5", "PWD_P91": "1739.5", "PWD_P92": "1841.7", "PWD_P93": "1932.7", "PWD_P94": "1986.5", "PWD_P95": "2074.1", "PWD_P96": "2533.4", "PWD_P97": "4092.4", "PWD_P98": "6025.6", "PWD_P99": "9616.4", "PWD_P100": "15939.8" }, "geometry": { "type": "Point", "coordinates": [ 114.797592163085938, 4.843396186828613 ] } },
{ "type": "Feature", "id": 36, "properties": { "lon": 25.059719085693359, "lat": 42.752170562744141, "year": "2005", "ISO": "BGR", "ISO_No": "100", "Name": "Bulgaria", "PWC_Lat": "42.7521705627441", "PWC_Lon": "25.0597190856934", "Pop": "7686964", "Density": "69.4", "Area": "110837.5", "PWD_A": "803.9", "PWD_G": "263.1", "PWD_M": "278.9", "PWD_P1": "6.7", "PWD_P2": "9.0", "PWD_P3": "11.3", "PWD_P4": "13.5", "PWD_P5": "15.7", "PWD_P6": "17.8", "PWD_P7": "19.9", "PWD_P8": "22.1", "PWD_P9": "24.4", "PWD_P10": "26.6", "PWD_P11": "28.8", "PWD_P12": "31.1", "PWD_P13": "33.4", "PWD_P14": "35.8", "PWD_P15": "38.2", "PWD_P16": "40.7", "PWD_P17": "43.4", "PWD_P18": "46.2", "PWD_P19": "49.0", "PWD_P20": "52.0", "PWD_P21": "55.1", "PWD_P22": "58.4", "PWD_P23": "61.9", "PWD_P24": "65.5", "PWD_P25": "69.2", "PWD_P26": "73.2", "PWD_P27": "77.4", "PWD_P28": "81.8", "PWD_P29": "86.6", "PWD_P30": "91.6", "PWD_P31": "96.8", "PWD_P32": "102.2", "PWD_P33": "108.1", "PWD_P34": "114.3", "PWD_P35": "120.9", "PWD_P36": "127.8", "PWD_P37": "135.1", "PWD_P38": "142.8", "PWD_P39": "150.8", "PWD_P40": "159.4", "PWD_P41": "168.5", "PWD_P42": "178.1", "PWD_P43": "188.1", "PWD_P44": "198.8", "PWD_P45": "210.1", "PWD_P46": "221.5", "PWD_P47": "234.3", "PWD_P48": "248.1", "PWD_P49": "263.0", "PWD_P50": "278.9", "PWD_P51": "295.2", "PWD_P52": "312.2", "PWD_P53": "329.6", "PWD_P54": "347.6", "PWD_P55": "367.3", "PWD_P56": "388.6", "PWD_P57": "411.8", "PWD_P58": "434.4", "PWD_P59": "457.8", "PWD_P60": "483.3", "PWD_P61": "511.9", "PWD_P62": "544.9", "PWD_P63": "580.3", "PWD_P64": "616.6", "PWD_P65": "653.1", "PWD_P66": "695.5", "PWD_P67": "740.7", "PWD_P68": "786.2", "PWD_P69": "829.0", "PWD_P70": "880.6", "PWD_P71": "929.1", "PWD_P72": "974.6", "PWD_P73": "1021.0", "PWD_P74": "1073.6", "PWD_P75": "1136.4", "PWD_P76": "1200.1", "PWD_P77": "1269.5", "PWD_P78": "1344.7", "PWD_P79": "1437.3", "PWD_P80": "1545.8", "PWD_P81": "1643.6", "PWD_P82": "1721.5", "PWD_P83": "1805.6", "PWD_P84": "1881.5", "PWD_P85": "1937.6", "PWD_P86": "1987.4", "PWD_P87": "2044.0", "PWD_P88": "2110.9", "PWD_P89": "2163.8", "PWD_P90": "2229.3", "PWD_P91": "2320.8", "PWD_P92": "2391.5", "PWD_P93": "2449.1", "PWD_P94": "2541.5", "PWD_P95": "2768.2", "PWD_P96": "3442.8", "PWD_P97": "4615.8", "PWD_P98": "4929.5", "PWD_P99": "5238.4", "PWD_P100": "5870.5" }, "geometry": { "type": "Point", "coordinates": [ 25.059719085693359, 42.752170562744141 ] } },
{ "type": "Feature", "id": 37, "properties": { "lon": 96.034736633300781, "lat": 19.501375198364258, "year": "2005", "ISO": "MMR", "ISO_No": "104", "Name": "Myanmar", "PWC_Lat": "19.5013751983643", "PWC_Lon": "96.0347366333008", "Pop": "48949931", "Density": "73.4", "Area": "666532.8", "PWD_A": "1970.7", "PWD_G": "336.1", "PWD_M": "263.9", "PWD_P1": "5.9", "PWD_P2": "9.1", "PWD_P3": "12.1", "PWD_P4": "15.1", "PWD_P5": "18.2", "PWD_P6": "21.5", "PWD_P7": "25.0", "PWD_P8": "28.7", "PWD_P9": "32.6", "PWD_P10": "36.7", "PWD_P11": "40.9", "PWD_P12": "45.1", "PWD_P13": "49.3", "PWD_P14": "53.6", "PWD_P15": "57.8", "PWD_P16": "62.0", "PWD_P17": "66.2", "PWD_P18": "70.4", "PWD_P19": "74.5", "PWD_P20": "78.6", "PWD_P21": "82.7", "PWD_P22": "86.8", "PWD_P23": "90.8", "PWD_P24": "95.0", "PWD_P25": "99.2", "PWD_P26": "103.5", "PWD_P27": "107.8", "PWD_P28": "112.1", "PWD_P29": "116.6", "PWD_P30": "121.1", "PWD_P31": "125.7", "PWD_P32": "130.3", "PWD_P33": "135.2", "PWD_P34": "140.2", "PWD_P35": "145.6", "PWD_P36": "151.1", "PWD_P37": "157.0", "PWD_P38": "163.0", "PWD_P39": "169.2", "PWD_P40": "175.7", "PWD_P41": "182.5", "PWD_P42": "189.8", "PWD_P43": "197.2", "PWD_P44": "205.1", "PWD_P45": "213.5", "PWD_P46": "222.3", "PWD_P47": "231.8", "PWD_P48": "241.9", "PWD_P49": "252.6", "PWD_P50": "263.9", "PWD_P51": "275.9", "PWD_P52": "288.4", "PWD_P53": "301.7", "PWD_P54": "315.7", "PWD_P55": "330.7", "PWD_P56": "346.2", "PWD_P57": "362.7", "PWD_P58": "380.3", "PWD_P59": "399.0", "PWD_P60": "419.0", "PWD_P61": "440.7", "PWD_P62": "464.2", "PWD_P63": "488.7", "PWD_P64": "515.6", "PWD_P65": "544.8", "PWD_P66": "576.6", "PWD_P67": "611.7", "PWD_P68": "650.4", "PWD_P69": "693.2", "PWD_P70": "739.6", "PWD_P71": "790.0", "PWD_P72": "847.5", "PWD_P73": "911.8", "PWD_P74": "985.1", "PWD_P75": "1074.9", "PWD_P76": "1176.9", "PWD_P77": "1296.2", "PWD_P78": "1429.7", "PWD_P79": "1573.4", "PWD_P80": "1723.9", "PWD_P81": "1876.3", "PWD_P82": "2052.5", "PWD_P83": "2236.9", "PWD_P84": "2446.4", "PWD_P85": "2695.5", "PWD_P86": "3007.9", "PWD_P87": "3396.7", "PWD_P88": "3925.1", "PWD_P89": "4622.3", "PWD_P90": "5420.3", "PWD_P91": "6340.9", "PWD_P92": "7276.8", "PWD_P93": "8254.8", "PWD_P94": "9532.9", "PWD_P95": "11221.3", "PWD_P96": "13440.3", "PWD_P97": "16231.8", "PWD_P98": "19762.2", "PWD_P99": "25280.5", "PWD_P100": "55107.8" }, "geometry": { "type": "Point", "coordinates": [ 96.034736633300781, 19.501375198364258 ] } },
{ "type": "Feature", "id": 38, "properties": { "lon": 29.830802917480469, "lat": -3.2516062259674072, "year": "2005", "ISO": "BDI", "ISO_No": "108", "Name": "Burundi", "PWC_Lat": "-3.25160622596741", "PWC_Lon": "29.8308029174805", "Pop": "7364856", "Density": "293.9", "Area": "25062.0", "PWD_A": "1080.6", "PWD_G": "394.5", "PWD_M": "351.6", "PWD_P1": "86.4", "PWD_P2": "99.8", "PWD_P3": "110.8", "PWD_P4": "120.1", "PWD_P5": "128.3", "PWD_P6": "135.1", "PWD_P7": "141.0", "PWD_P8": "146.7", "PWD_P9": "152.3", "PWD_P10": "157.6", "PWD_P11": "162.6", "PWD_P12": "167.7", "PWD_P13": "172.7", "PWD_P14": "177.8", "PWD_P15": "182.8", "PWD_P16": "187.4", "PWD_P17": "192.3", "PWD_P18": "197.4", "PWD_P19": "202.4", "PWD_P20": "207.3", "PWD_P21": "212.4", "PWD_P22": "217.3", "PWD_P23": "222.1", "PWD_P24": "226.9", "PWD_P25": "231.7", "PWD_P26": "236.5", "PWD_P27": "241.5", "PWD_P28": "246.4", "PWD_P29": "251.3", "PWD_P30": "256.3", "PWD_P31": "261.3", "PWD_P32": "266.2", "PWD_P33": "271.1", "PWD_P34": "276.2", "PWD_P35": "281.3", "PWD_P36": "286.4", "PWD_P37": "291.3", "PWD_P38": "296.2", "PWD_P39": "300.9", "PWD_P40": "305.5", "PWD_P41": "310.4", "PWD_P42": "315.1", "PWD_P43": "319.6", "PWD_P44": "324.2", "PWD_P45": "328.6", "PWD_P46": "333.1", "PWD_P47": "337.6", "PWD_P48": "342.3", "PWD_P49": "346.9", "PWD_P50": "351.6", "PWD_P51": "356.2", "PWD_P52": "361.0", "PWD_P53": "365.5", "PWD_P54": "370.1", "PWD_P55": "374.7", "PWD_P56": "379.4", "PWD_P57": "384.2", "PWD_P58": "389.0", "PWD_P59": "393.9", "PWD_P60": "398.9", "PWD_P61": "404.0", "PWD_P62": "409.3", "PWD_P63": "414.7", "PWD_P64": "420.2", "PWD_P65": "425.8", "PWD_P66": "431.6", "PWD_P67": "437.9", "PWD_P68": "444.5", "PWD_P69": "451.7", "PWD_P70": "459.0", "PWD_P71": "466.7", "PWD_P72": "474.7", "PWD_P73": "483.4", "PWD_P74": "492.8", "PWD_P75": "502.8", "PWD_P76": "513.7", "PWD_P77": "525.0", "PWD_P78": "537.6", "PWD_P79": "551.6", "PWD_P80": "566.9", "PWD_P81": "582.0", "PWD_P82": "597.3", "PWD_P83": "615.4", "PWD_P84": "636.8", "PWD_P85": "663.0", "PWD_P86": "693.1", "PWD_P87": "727.9", "PWD_P88": "769.8", "PWD_P89": "825.1", "PWD_P90": "902.4", "PWD_P91": "998.8", "PWD_P92": "1133.1", "PWD_P93": "1349.8", "PWD_P94": "1794.7", "PWD_P95": "2399.8", "PWD_P96": "3459.5", "PWD_P97": "7248.6", "PWD_P98": "15661.8", "PWD_P99": "24189.3", "PWD_P100": "43193.4" }, "geometry": { "type": "Point", "coordinates": [ 29.830802917480469, -3.251606225967407 ] } },
{ "type": "Feature", "id": 39, "properties": { "lon": 27.860464096069336, "lat": 53.532821655273438, "year": "2005", "ISO": "BLR", "ISO_No": "112", "Name": "Belarus", "PWC_Lat": "53.5328216552734", "PWC_Lon": "27.8604640960693", "Pop": "9562082", "Density": "46.8", "Area": "204255.0", "PWD_A": "2997.5", "PWD_G": "598.4", "PWD_M": "709.0", "PWD_P1": "3.2", "PWD_P2": "4.4", "PWD_P3": "5.6", "PWD_P4": "6.9", "PWD_P5": "8.2", "PWD_P6": "9.7", "PWD_P7": "11.3", "PWD_P8": "13.1", "PWD_P9": "14.9", "PWD_P10": "16.8", "PWD_P11": "18.9", "PWD_P12": "21.2", "PWD_P13": "23.6", "PWD_P14": "26.3", "PWD_P15": "29.6", "PWD_P16": "33.4", "PWD_P17": "38.1", "PWD_P18": "43.4", "PWD_P19": "49.9", "PWD_P20": "57.8", "PWD_P21": "66.5", "PWD_P22": "75.3", "PWD_P23": "84.9", "PWD_P24": "94.7", "PWD_P25": "104.8", "PWD_P26": "115.1", "PWD_P27": "125.7", "PWD_P28": "136.9", "PWD_P29": "148.6", "PWD_P30": "160.8", "PWD_P31": "173.8", "PWD_P32": "187.9", "PWD_P33": "203.3", "PWD_P34": "219.5", "PWD_P35": "236.3", "PWD_P36": "252.5", "PWD_P37": "268.1", "PWD_P38": "283.7", "PWD_P39": "299.7", "PWD_P40": "316.2", "PWD_P41": "333.7", "PWD_P42": "353.3", "PWD_P43": "375.9", "PWD_P44": "401.5", "PWD_P45": "430.7", "PWD_P46": "464.1", "PWD_P47": "504.9", "PWD_P48": "554.8", "PWD_P49": "617.2", "PWD_P50": "709.0", "PWD_P51": "817.9", "PWD_P52": "925.0", "PWD_P53": "1033.5", "PWD_P54": "1155.5", "PWD_P55": "1297.8", "PWD_P56": "1451.0", "PWD_P57": "1657.9", "PWD_P58": "2028.6", "PWD_P59": "2605.9", "PWD_P60": "3056.7", "PWD_P61": "3400.7", "PWD_P62": "3669.9", "PWD_P63": "3890.3", "PWD_P64": "4091.0", "PWD_P65": "4266.0", "PWD_P66": "4423.1", "PWD_P67": "4565.2", "PWD_P68": "4714.0", "PWD_P69": "4860.5", "PWD_P70": "5003.0", "PWD_P71": "5155.3", "PWD_P72": "5306.1", "PWD_P73": "5460.0", "PWD_P74": "5609.5", "PWD_P75": "5743.8", "PWD_P76": "5905.8", "PWD_P77": "6077.6", "PWD_P78": "6240.8", "PWD_P79": "6410.4", "PWD_P80": "6600.0", "PWD_P81": "6835.7", "PWD_P82": "7039.6", "PWD_P83": "7193.6", "PWD_P84": "7404.5", "PWD_P85": "7658.1", "PWD_P86": "7887.6", "PWD_P87": "8142.9", "PWD_P88": "8398.8", "PWD_P89": "8646.0", "PWD_P90": "8898.0", "PWD_P91": "9127.2", "PWD_P92": "9352.6", "PWD_P93": "9564.4", "PWD_P94": "9766.8", "PWD_P95": "9963.8", "PWD_P96": "10185.0", "PWD_P97": "10443.7", "PWD_P98": "10644.1", "PWD_P99": "10853.6", "PWD_P100": "11715.3" }, "geometry": { "type": "Point", "coordinates": [ 27.860464096069336, 53.532821655273438 ] } },
{ "type": "Feature", "id": 40, "properties": { "lon": 104.69384002685547, "lat": 12.044143676757812, "year": "2005", "ISO": "KHM", "ISO_No": "116", "Name": "Cambodia", "PWC_Lat": "12.0441436767578", "PWC_Lon": "104.693840026855", "Pop": "13273355", "Density": "74.3", "Area": "178738.5", "PWD_A": "2644.1", "PWD_G": "346.0", "PWD_M": "267.3", "PWD_P1": "5.2", "PWD_P2": "9.9", "PWD_P3": "14.2", "PWD_P4": "18.5", "PWD_P5": "22.6", "PWD_P6": "27.0", "PWD_P7": "31.7", "PWD_P8": "36.8", "PWD_P9": "42.2", "PWD_P10": "47.6", "PWD_P11": "52.9", "PWD_P12": "58.2", "PWD_P13": "63.6", "PWD_P14": "69.1", "PWD_P15": "74.6", "PWD_P16": "80.0", "PWD_P17": "85.5", "PWD_P18": "90.8", "PWD_P19": "95.9", "PWD_P20": "101.1", "PWD_P21": "106.3", "PWD_P22": "111.3", "PWD_P23": "116.2", "PWD_P24": "121.2", "PWD_P25": "126.2", "PWD_P26": "131.2", "PWD_P27": "136.3", "PWD_P28": "141.3", "PWD_P29": "146.3", "PWD_P30": "151.3", "PWD_P31": "156.4", "PWD_P32": "161.5", "PWD_P33": "166.7", "PWD_P34": "172.0", "PWD_P35": "177.3", "PWD_P36": "182.7", "PWD_P37": "187.9", "PWD_P38": "193.2", "PWD_P39": "198.4", "PWD_P40": "203.8", "PWD_P41": "209.2", "PWD_P42": "214.9", "PWD_P43": "220.7", "PWD_P44": "226.6", "PWD_P45": "232.8", "PWD_P46": "239.2", "PWD_P47": "245.8", "PWD_P48": "252.7", "PWD_P49": "259.9", "PWD_P50": "267.3", "PWD_P51": "275.1", "PWD_P52": "283.3", "PWD_P53": "292.0", "PWD_P54": "301.2", "PWD_P55": "311.1", "PWD_P56": "321.6", "PWD_P57": "332.8", "PWD_P58": "344.7", "PWD_P59": "357.1", "PWD_P60": "370.4", "PWD_P61": "384.8", "PWD_P62": "400.4", "PWD_P63": "416.9", "PWD_P64": "435.0", "PWD_P65": "454.6", "PWD_P66": "476.0", "PWD_P67": "499.4", "PWD_P68": "525.3", "PWD_P69": "553.6", "PWD_P70": "585.5", "PWD_P71": "619.9", "PWD_P72": "657.6", "PWD_P73": "700.0", "PWD_P74": "747.3", "PWD_P75": "801.8", "PWD_P76": "863.7", "PWD_P77": "932.8", "PWD_P78": "1008.6", "PWD_P79": "1094.7", "PWD_P80": "1194.8", "PWD_P81": "1311.7", "PWD_P82": "1443.9", "PWD_P83": "1594.6", "PWD_P84": "1769.4", "PWD_P85": "1985.5", "PWD_P86": "2252.5", "PWD_P87": "2612.1", "PWD_P88": "3070.1", "PWD_P89": "3668.4", "PWD_P90": "4476.5", "PWD_P91": "5475.3", "PWD_P92": "6725.4", "PWD_P93": "8233.9", "PWD_P94": "10308.6", "PWD_P95": "13611.1", "PWD_P96": "18240.2", "PWD_P97": "23683.1", "PWD_P98": "31383.0", "PWD_P99": "41731.9", "PWD_P100": "227435.7" }, "geometry": { "type": "Point", "coordinates": [ 104.693840026855469, 12.044143676757812 ] } },
{ "type": "Feature", "id": 41, "properties": { "lon": 11.798099517822266, "lat": 6.2487654685974121, "year": "2005", "ISO": "CMR", "ISO_No": "120", "Name": "Cameroon", "PWC_Lat": "6.24876546859741", "PWC_Lon": "11.7980995178223", "Pop": "17733408", "Density": "38.1", "Area": "465487.4", "PWD_A": "1430.5", "PWD_G": "215.5", "PWD_M": "175.7", "PWD_P1": "3.0", "PWD_P2": "4.3", "PWD_P3": "5.5", "PWD_P4": "6.8", "PWD_P5": "8.2", "PWD_P6": "9.6", "PWD_P7": "11.1", "PWD_P8": "12.6", "PWD_P9": "14.1", "PWD_P10": "15.8", "PWD_P11": "17.6", "PWD_P12": "19.5", "PWD_P13": "21.4", "PWD_P14": "23.5", "PWD_P15": "25.6", "PWD_P16": "27.8", "PWD_P17": "30.2", "PWD_P18": "32.7", "PWD_P19": "35.4", "PWD_P20": "38.0", "PWD_P21": "40.8", "PWD_P22": "43.8", "PWD_P23": "46.9", "PWD_P24": "50.0", "PWD_P25": "53.2", "PWD_P26": "56.4", "PWD_P27": "59.8", "PWD_P28": "63.2", "PWD_P29": "66.7", "PWD_P30": "70.3", "PWD_P31": "74.1", "PWD_P32": "78.2", "PWD_P33": "82.3", "PWD_P34": "86.6", "PWD_P35": "91.1", "PWD_P36": "95.7", "PWD_P37": "100.3", "PWD_P38": "105.1", "PWD_P39": "110.2", "PWD_P40": "115.4", "PWD_P41": "120.6", "PWD_P42": "126.1", "PWD_P43": "131.9", "PWD_P44": "138.0", "PWD_P45": "143.9", "PWD_P46": "149.9", "PWD_P47": "156.0", "PWD_P48": "162.3", "PWD_P49": "168.8", "PWD_P50": "175.7", "PWD_P51": "182.5", "PWD_P52": "189.8", "PWD_P53": "197.5", "PWD_P54": "205.9", "PWD_P55": "214.8", "PWD_P56": "223.8", "PWD_P57": "233.1", "PWD_P58": "243.0", "PWD_P59": "253.4", "PWD_P60": "264.7", "PWD_P61": "276.6", "PWD_P62": "289.3", "PWD_P63": "302.4", "PWD_P64": "317.0", "PWD_P65": "333.6", "PWD_P66": "352.5", "PWD_P67": "374.1", "PWD_P68": "400.3", "PWD_P69": "428.8", "PWD_P70": "462.8", "PWD_P71": "506.5", "PWD_P72": "555.1", "PWD_P73": "619.2", "PWD_P74": "693.9", "PWD_P75": "778.9", "PWD_P76": "879.7", "PWD_P77": "1017.1", "PWD_P78": "1148.3", "PWD_P79": "1361.7", "PWD_P80": "1666.1", "PWD_P81": "1996.3", "PWD_P82": "2417.8", "PWD_P83": "2805.9", "PWD_P84": "3310.0", "PWD_P85": "3900.3", "PWD_P86": "4243.6", "PWD_P87": "4435.4", "PWD_P88": "4575.8", "PWD_P89": "4692.2", "PWD_P90": "4828.8", "PWD_P91": "5679.5", "PWD_P92": "7424.5", "PWD_P93": "8480.8", "PWD_P94": "9246.1", "PWD_P95": "9788.2", "PWD_P96": "10088.1", "PWD_P97": "10268.2", "PWD_P98": "10434.6", "PWD_P99": "10644.8", "PWD_P100": "11543.7" }, "geometry": { "type": "Point", "coordinates": [ 11.798099517822266, 6.248765468597412 ] } },
{ "type": "Feature", "id": 42, "properties": { "lon": -23.988832473754883, "lat": 15.669472694396973, "year": "2005", "ISO": "CPV", "ISO_No": "132", "Name": "Cape Verde", "PWC_Lat": "15.669472694397", "PWC_Lon": "-23.9888324737549", "Pop": "463033", "Density": "111.6", "Area": "4149.2", "PWD_A": "1220.3", "PWD_G": "399.1", "PWD_M": "325.6", "PWD_P1": "8.8", "PWD_P2": "15.0", "PWD_P3": "18.9", "PWD_P4": "22.4", "PWD_P5": "27.4", "PWD_P6": "32.9", "PWD_P7": "39.3", "PWD_P8": "44.1", "PWD_P9": "49.8", "PWD_P10": "55.5", "PWD_P11": "60.8", "PWD_P12": "65.6", "PWD_P13": "70.7", "PWD_P14": "75.0", "PWD_P15": "78.9", "PWD_P16": "82.4", "PWD_P17": "85.9", "PWD_P18": "89.9", "PWD_P19": "94.2", "PWD_P20": "98.9", "PWD_P21": "103.7", "PWD_P22": "108.1", "PWD_P23": "112.8", "PWD_P24": "117.0", "PWD_P25": "121.3", "PWD_P26": "126.7", "PWD_P27": "132.2", "PWD_P28": "137.5", "PWD_P29": "143.6", "PWD_P30": "150.8", "PWD_P31": "158.1", "PWD_P32": "165.8", "PWD_P33": "173.9", "PWD_P34": "181.6", "PWD_P35": "188.7", "PWD_P36": "195.2", "PWD_P37": "203.1", "PWD_P38": "212.4", "PWD_P39": "221.2", "PWD_P40": "229.8", "PWD_P41": "238.2", "PWD_P42": "247.9", "PWD_P43": "257.2", "PWD_P44": "267.8", "PWD_P45": "276.2", "PWD_P46": "285.8", "PWD_P47": "294.5", "PWD_P48": "302.9", "PWD_P49": "315.2", "PWD_P50": "325.6", "PWD_P51": "340.0", "PWD_P52": "355.8", "PWD_P53": "369.6", "PWD_P54": "380.5", "PWD_P55": "390.3", "PWD_P56": "401.7", "PWD_P57": "415.9", "PWD_P58": "430.5", "PWD_P59": "448.5", "PWD_P60": "473.3", "PWD_P61": "504.4", "PWD_P62": "532.2", "PWD_P63": "555.5", "PWD_P64": "578.6", "PWD_P65": "610.5", "PWD_P66": "650.1", "PWD_P67": "700.3", "PWD_P68": "769.8", "PWD_P69": "893.5", "PWD_P70": "1017.3", "PWD_P71": "1169.5", "PWD_P72": "1279.9", "PWD_P73": "1420.9", "PWD_P74": "2793.9", "PWD_P75": "2899.0", "PWD_P76": "2975.2", "PWD_P77": "3039.7", "PWD_P78": "3098.9", "PWD_P79": "3175.1", "PWD_P80": "3246.4", "PWD_P81": "3288.1", "PWD_P82": "3327.7", "PWD_P83": "3395.6", "PWD_P84": "3469.0", "PWD_P85": "3522.6", "PWD_P86": "3565.5", "PWD_P87": "3600.1", "PWD_P88": "3659.5", "PWD_P89": "3739.0", "PWD_P90": "3849.6", "PWD_P91": "3890.0", "PWD_P92": "3961.6", "PWD_P93": "4011.7", "PWD_P94": "4083.6", "PWD_P95": "4198.3", "PWD_P96": "4549.9", "PWD_P97": "4868.5", "PWD_P98": "5255.2", "PWD_P99": "5693.1", "PWD_P100": "6419.8" }, "geometry": { "type": "Point", "coordinates": [ -23.988832473754883, 15.669472694396973 ] } },
{ "type": "Feature", "id": 43, "properties": { "lon": -81.276542663574219, "lat": 19.324325561523438, "year": "2005", "ISO": "CYM", "ISO_No": "136", "Name": "Cayman Islands", "PWC_Lat": "19.3243255615234", "PWC_Lon": "-81.2765426635742", "Pop": "49260", "Density": "169.1", "Area": "291.3", "PWD_A": "783.7", "PWD_G": "576.5", "PWD_M": "840.6", "PWD_P1": "11.8", "PWD_P2": "17.1", "PWD_P3": "21.6", "PWD_P4": "26.9", "PWD_P5": "31.0", "PWD_P6": "37.3", "PWD_P7": "45.4", "PWD_P8": "53.3", "PWD_P9": "67.6", "PWD_P10": "126.6", "PWD_P11": "230.3", "PWD_P12": "269.4", "PWD_P13": "292.6", "PWD_P14": "315.9", "PWD_P15": "335.3", "PWD_P16": "359.1", "PWD_P17": "381.4", "PWD_P18": "405.3", "PWD_P19": "435.5", "PWD_P20": "469.7", "PWD_P21": "490.5", "PWD_P22": "508.5", "PWD_P23": "525.2", "PWD_P24": "545.3", "PWD_P25": "563.7", "PWD_P26": "578.9", "PWD_P27": "590.9", "PWD_P28": "602.0", "PWD_P29": "614.0", "PWD_P30": "623.5", "PWD_P31": "635.0", "PWD_P32": "645.3", "PWD_P33": "656.7", "PWD_P34": "667.4", "PWD_P35": "677.3", "PWD_P36": "687.4", "PWD_P37": "696.6", "PWD_P38": "705.5", "PWD_P39": "716.2", "PWD_P40": "726.7", "PWD_P41": "738.4", "PWD_P42": "750.6", "PWD_P43": "761.6", "PWD_P44": "773.5", "PWD_P45": "784.6", "PWD_P46": "797.5", "PWD_P47": "806.4", "PWD_P48": "818.5", "PWD_P49": "830.2", "PWD_P50": "840.6", "PWD_P51": "853.3", "PWD_P52": "866.6", "PWD_P53": "877.1", "PWD_P54": "885.5", "PWD_P55": "894.7", "PWD_P56": "905.4", "PWD_P57": "915.2", "PWD_P58": "925.7", "PWD_P59": "934.7", "PWD_P60": "944.0", "PWD_P61": "952.3", "PWD_P62": "962.4", "PWD_P63": "972.1", "PWD_P64": "980.3", "PWD_P65": "988.1", "PWD_P66": "997.8", "PWD_P67": "1006.2", "PWD_P68": "1014.4", "PWD_P69": "1022.4", "PWD_P70": "1030.8", "PWD_P71": "1038.7", "PWD_P72": "1045.7", "PWD_P73": "1053.8", "PWD_P74": "1063.3", "PWD_P75": "1071.1", "PWD_P76": "1080.8", "PWD_P77": "1093.5", "PWD_P78": "1102.6", "PWD_P79": "1112.0", "PWD_P80": "1123.5", "PWD_P81": "1134.7", "PWD_P82": "1145.1", "PWD_P83": "1157.4", "PWD_P84": "1168.9", "PWD_P85": "1180.5", "PWD_P86": "1194.1", "PWD_P87": "1207.2", "PWD_P88": "1216.8", "PWD_P89": "1228.2", "PWD_P90": "1239.6", "PWD_P91": "1249.7", "PWD_P92": "1261.6", "PWD_P93": "1273.3", "PWD_P94": "1284.4", "PWD_P95": "1296.8", "PWD_P96": "1314.2", "PWD_P97": "1328.2", "PWD_P98": "1361.0", "PWD_P99": "1398.3", "PWD_P100": "1471.1" }, "geometry": { "type": "Point", "coordinates": [ -81.276542663574219, 19.324325561523438 ] } },
{ "type": "Feature", "id": 44, "properties": { "lon": 18.41963005065918, "lat": 5.444793701171875, "year": "2005", "ISO": "CAF", "ISO_No": "140", "Name": "Central African Republic", "PWC_Lat": "5.44479370117188", "PWC_Lon": "18.4196300506592", "Pop": "4038379", "Density": "6.5", "Area": "621926.8", "PWD_A": "2687.1", "PWD_G": "95.1", "PWD_M": "65.1", "PWD_P1": "0.4", "PWD_P2": "0.8", "PWD_P3": "1.2", "PWD_P4": "1.5", "PWD_P5": "1.9", "PWD_P6": "2.2", "PWD_P7": "2.6", "PWD_P8": "3.0", "PWD_P9": "3.4", "PWD_P10": "3.9", "PWD_P11": "4.4", "PWD_P12": "4.9", "PWD_P13": "5.4", "PWD_P14": "6.0", "PWD_P15": "6.6", "PWD_P16": "7.2", "PWD_P17": "7.9", "PWD_P18": "8.7", "PWD_P19": "9.5", "PWD_P20": "10.3", "PWD_P21": "11.2", "PWD_P22": "12.1", "PWD_P23": "13.0", "PWD_P24": "14.0", "PWD_P25": "15.1", "PWD_P26": "16.2", "PWD_P27": "17.3", "PWD_P28": "18.6", "PWD_P29": "19.9", "PWD_P30": "21.3", "PWD_P31": "22.8", "PWD_P32": "24.4", "PWD_P33": "26.0", "PWD_P34": "27.7", "PWD_P35": "29.3", "PWD_P36": "31.0", "PWD_P37": "32.8", "PWD_P38": "34.6", "PWD_P39": "36.6", "PWD_P40": "38.6", "PWD_P41": "40.8", "PWD_P42": "43.0", "PWD_P43": "45.4", "PWD_P44": "47.8", "PWD_P45": "50.4", "PWD_P46": "53.1", "PWD_P47": "55.9", "PWD_P48": "58.8", "PWD_P49": "61.8", "PWD_P50": "65.1", "PWD_P51": "68.5", "PWD_P52": "72.2", "PWD_P53": "76.1", "PWD_P54": "80.2", "PWD_P55": "84.5", "PWD_P56": "89.1", "PWD_P57": "94.1", "PWD_P58": "99.5", "PWD_P59": "105.4", "PWD_P60": "111.9", "PWD_P61": "119.0", "PWD_P62": "126.6", "PWD_P63": "134.7", "PWD_P64": "143.7", "PWD_P65": "153.7", "PWD_P66": "164.7", "PWD_P67": "176.9", "PWD_P68": "190.8", "PWD_P69": "206.2", "PWD_P70": "223.2", "PWD_P71": "243.2", "PWD_P72": "266.6", "PWD_P73": "294.2", "PWD_P74": "325.6", "PWD_P75": "363.1", "PWD_P76": "410.0", "PWD_P77": "466.9", "PWD_P78": "525.1", "PWD_P79": "593.9", "PWD_P80": "671.1", "PWD_P81": "772.7", "PWD_P82": "926.5", "PWD_P83": "1159.6", "PWD_P84": "1416.2", "PWD_P85": "2208.7", "PWD_P86": "3912.7", "PWD_P87": "7608.0", "PWD_P88": "10073.2", "PWD_P89": "12611.8", "PWD_P90": "14457.1", "PWD_P91": "16419.2", "PWD_P92": "18042.5", "PWD_P93": "18708.1", "PWD_P94": "19299.1", "PWD_P95": "20101.7", "PWD_P96": "21503.8", "PWD_P97": "23083.9", "PWD_P98": "25012.8", "PWD_P99": "28075.2", "PWD_P100": "34301.6" }, "geometry": { "type": "Point", "coordinates": [ 18.41963005065918, 5.444793701171875 ] } },
{ "type": "Feature", "id": 45, "properties": { "lon": 80.425788879394531, "lat": 7.2249698638916016, "year": "2005", "ISO": "LKA", "ISO_No": "144", "Name": "Sri Lanka", "PWC_Lat": "7.2249698638916", "PWC_Lon": "80.4257888793945", "Pop": "19544987", "Density": "299.0", "Area": "65366.0", "PWD_A": "3164.6", "PWD_G": "1095.3", "PWD_M": "1075.6", "PWD_P1": "29.5", "PWD_P2": "50.4", "PWD_P3": "68.7", "PWD_P4": "84.9", "PWD_P5": "99.9", "PWD_P6": "114.2", "PWD_P7": "128.1", "PWD_P8": "141.6", "PWD_P9": "155.2", "PWD_P10": "168.6", "PWD_P11": "181.4", "PWD_P12": "193.9", "PWD_P13": "206.4", "PWD_P14": "219.0", "PWD_P15": "231.7", "PWD_P16": "244.6", "PWD_P17": "257.6", "PWD_P18": "270.6", "PWD_P19": "283.8", "PWD_P20": "297.1", "PWD_P21": "310.5", "PWD_P22": "324.2", "PWD_P23": "338.4", "PWD_P24": "353.1", "PWD_P25": "368.5", "PWD_P26": "384.5", "PWD_P27": "400.7", "PWD_P28": "417.2", "PWD_P29": "434.5", "PWD_P30": "452.5", "PWD_P31": "471.2", "PWD_P32": "490.2", "PWD_P33": "510.0", "PWD_P34": "531.1", "PWD_P35": "553.4", "PWD_P36": "576.7", "PWD_P37": "601.4", "PWD_P38": "627.5", "PWD_P39": "655.0", "PWD_P40": "684.0", "PWD_P41": "714.1", "PWD_P42": "745.8", "PWD_P43": "779.3", "PWD_P44": "814.6", "PWD_P45": "851.7", "PWD_P46": "890.9", "PWD_P47": "933.4", "PWD_P48": "978.3", "PWD_P49": "1025.5", "PWD_P50": "1075.6", "PWD_P51": "1127.5", "PWD_P52": "1181.3", "PWD_P53": "1238.3", "PWD_P54": "1300.0", "PWD_P55": "1363.4", "PWD_P56": "1430.6", "PWD_P57": "1502.8", "PWD_P58": "1576.4", "PWD_P59": "1654.9", "PWD_P60": "1735.4", "PWD_P61": "1821.3", "PWD_P62": "1908.9", "PWD_P63": "1999.2", "PWD_P64": "2091.8", "PWD_P65": "2188.1", "PWD_P66": "2288.9", "PWD_P67": "2395.0", "PWD_P68": "2503.6", "PWD_P69": "2616.9", "PWD_P70": "2733.1", "PWD_P71": "2855.7", "PWD_P72": "2982.1", "PWD_P73": "3108.7", "PWD_P74": "3239.8", "PWD_P75": "3376.0", "PWD_P76": "3519.7", "PWD_P77": "3670.8", "PWD_P78": "3830.5", "PWD_P79": "3995.3", "PWD_P80": "4184.4", "PWD_P81": "4381.3", "PWD_P82": "4599.7", "PWD_P83": "4842.8", "PWD_P84": "5094.7", "PWD_P85": "5372.4", "PWD_P86": "5683.5", "PWD_P87": "6040.5", "PWD_P88": "6441.4", "PWD_P89": "6898.5", "PWD_P90": "7429.9", "PWD_P91": "8039.1", "PWD_P92": "8789.9", "PWD_P93": "9697.4", "PWD_P94": "10854.0", "PWD_P95": "12526.7", "PWD_P96": "14425.4", "PWD_P97": "17337.4", "PWD_P98": "22820.1", "PWD_P99": "34400.0", "PWD_P100": "89064.6" }, "geometry": { "type": "Point", "coordinates": [ 80.425788879394531, 7.224969863891602 ] } },
{ "type": "Feature", "id": 46, "properties": { "lon": 17.268320083618164, "lat": 11.26759147644043, "year": "2005", "ISO": "TCD", "ISO_No": "148", "Name": "Chad", "PWC_Lat": "11.2675914764404", "PWC_Lon": "17.2683200836182", "Pop": "10096629", "Density": "7.9", "Area": "1271778.2", "PWD_A": "296.3", "PWD_G": "36.2", "PWD_M": "30.6", "PWD_P1": "0.7", "PWD_P2": "1.5", "PWD_P3": "2.2", "PWD_P4": "2.7", "PWD_P5": "3.1", "PWD_P6": "3.6", "PWD_P7": "4.1", "PWD_P8": "4.6", "PWD_P9": "5.1", "PWD_P10": "5.5", "PWD_P11": "6.0", "PWD_P12": "6.5", "PWD_P13": "7.0", "PWD_P14": "7.5", "PWD_P15": "8.0", "PWD_P16": "8.5", "PWD_P17": "9.0", "PWD_P18": "9.5", "PWD_P19": "9.9", "PWD_P20": "10.4", "PWD_P21": "10.9", "PWD_P22": "11.4", "PWD_P23": "11.9", "PWD_P24": "12.4", "PWD_P25": "12.9", "PWD_P26": "13.4", "PWD_P27": "14.0", "PWD_P28": "14.6", "PWD_P29": "15.2", "PWD_P30": "15.8", "PWD_P31": "16.4", "PWD_P32": "17.0", "PWD_P33": "17.6", "PWD_P34": "18.2", "PWD_P35": "18.8", "PWD_P36": "19.4", "PWD_P37": "20.1", "PWD_P38": "20.8", "PWD_P39": "21.4", "PWD_P40": "22.1", "PWD_P41": "22.8", "PWD_P42": "23.6", "PWD_P43": "24.4", "PWD_P44": "25.2", "PWD_P45": "26.0", "PWD_P46": "26.9", "PWD_P47": "27.8", "PWD_P48": "28.7", "PWD_P49": "29.6", "PWD_P50": "30.6", "PWD_P51": "31.6", "PWD_P52": "32.7", "PWD_P53": "33.8", "PWD_P54": "35.0", "PWD_P55": "36.2", "PWD_P56": "37.4", "PWD_P57": "38.7", "PWD_P58": "40.0", "PWD_P59": "41.2", "PWD_P60": "42.5", "PWD_P61": "43.9", "PWD_P62": "45.3", "PWD_P63": "46.8", "PWD_P64": "48.5", "PWD_P65": "50.2", "PWD_P66": "52.1", "PWD_P67": "54.0", "PWD_P68": "56.0", "PWD_P69": "58.0", "PWD_P70": "60.0", "PWD_P71": "62.2", "PWD_P72": "64.4", "PWD_P73": "66.7", "PWD_P74": "69.2", "PWD_P75": "71.8", "PWD_P76": "74.7", "PWD_P77": "77.9", "PWD_P78": "81.2", "PWD_P79": "84.6", "PWD_P80": "88.5", "PWD_P81": "92.9", "PWD_P82": "97.9", "PWD_P83": "103.3", "PWD_P84": "109.6", "PWD_P85": "117.2", "PWD_P86": "125.9", "PWD_P87": "136.1", "PWD_P88": "150.8", "PWD_P89": "169.3", "PWD_P90": "200.9", "PWD_P91": "312.1", "PWD_P92": "1456.9", "PWD_P93": "2225.8", "PWD_P94": "2830.7", "PWD_P95": "2979.4", "PWD_P96": "3263.5", "PWD_P97": "3574.0", "PWD_P98": "3657.5", "PWD_P99": "3753.6", "PWD_P100": "3928.1" }, "geometry": { "type": "Point", "coordinates": [ 17.268320083618164, 11.26759147644043 ] } },
{ "type": "Feature", "id": 47, "properties": { "lon": 120.92551422119141, "lat": 24.154294967651367, "year": "2005", "ISO": "TWN", "ISO_No": "158", "Name": "Taiwan", "PWC_Lat": "24.1542949676514", "PWC_Lon": "120.925514221191", "Pop": "22705719", "Density": "623.5", "Area": "36417.2", "PWD_A": "9981.4", "PWD_G": "4250.8", "PWD_M": "5429.7", "PWD_P1": "54.2", "PWD_P2": "110.6", "PWD_P3": "168.6", "PWD_P4": "220.7", "PWD_P5": "269.1", "PWD_P6": "312.7", "PWD_P7": "356.0", "PWD_P8": "399.3", "PWD_P9": "443.0", "PWD_P10": "488.0", "PWD_P11": "535.4", "PWD_P12": "585.3", "PWD_P13": "639.7", "PWD_P14": "695.4", "PWD_P15": "752.6", "PWD_P16": "810.7", "PWD_P17": "873.8", "PWD_P18": "939.1", "PWD_P19": "1008.8", "PWD_P20": "1081.2", "PWD_P21": "1155.8", "PWD_P22": "1234.8", "PWD_P23": "1319.7", "PWD_P24": "1406.0", "PWD_P25": "1498.7", "PWD_P26": "1594.6", "PWD_P27": "1698.1", "PWD_P28": "1802.3", "PWD_P29": "1911.0", "PWD_P30": "2026.5", "PWD_P31": "2148.1", "PWD_P32": "2278.0", "PWD_P33": "2410.1", "PWD_P34": "2547.0", "PWD_P35": "2692.9", "PWD_P36": "2844.5", "PWD_P37": "3000.4", "PWD_P38": "3162.4", "PWD_P39": "3327.6", "PWD_P40": "3493.3", "PWD_P41": "3666.0", "PWD_P42": "3838.9", "PWD_P43": "4020.5", "PWD_P44": "4210.5", "PWD_P45": "4404.0", "PWD_P46": "4599.7", "PWD_P47": "4803.8", "PWD_P48": "5009.6", "PWD_P49": "5214.7", "PWD_P50": "5429.7", "PWD_P51": "5649.7", "PWD_P52": "5880.3", "PWD_P53": "6121.5", "PWD_P54": "6370.1", "PWD_P55": "6640.7", "PWD_P56": "6918.3", "PWD_P57": "7205.8", "PWD_P58": "7497.2", "PWD_P59": "7807.5", "PWD_P60": "8149.3", "PWD_P61": "8493.0", "PWD_P62": "8853.5", "PWD_P63": "9222.1", "PWD_P64": "9580.0", "PWD_P65": "9948.7", "PWD_P66": "10321.2", "PWD_P67": "10715.9", "PWD_P68": "11132.0", "PWD_P69": "11517.5", "PWD_P70": "11920.5", "PWD_P71": "12324.0", "PWD_P72": "12767.1", "PWD_P73": "13263.4", "PWD_P74": "13812.1", "PWD_P75": "14415.1", "PWD_P76": "15029.7", "PWD_P77": "15687.4", "PWD_P78": "16395.6", "PWD_P79": "17101.7", "PWD_P80": "17841.6", "PWD_P81": "18541.1", "PWD_P82": "19288.2", "PWD_P83": "20131.2", "PWD_P84": "21118.7", "PWD_P85": "22309.4", "PWD_P86": "23396.5", "PWD_P87": "24434.1", "PWD_P88": "25508.5", "PWD_P89": "26444.5", "PWD_P90": "27584.2", "PWD_P91": "28913.7", "PWD_P92": "30358.8", "PWD_P93": "31845.8", "PWD_P94": "33370.1", "PWD_P95": "34804.1", "PWD_P96": "36322.0", "PWD_P97": "38089.0", "PWD_P98": "41457.3", "PWD_P99": "48332.9", "PWD_P100": "62236.6" }, "geometry": { "type": "Point", "coordinates": [ 120.925514221191406, 24.154294967651367 ] } },
{ "type": "Feature", "id": 48, "properties": { "lon": -74.9234, "lat": 5.8869, "year": "2005", "ISO": "COL", "ISO_No": "170", "Name": "Colombia", "PWC_Lat": "5.8869", "PWC_Lon": "-74.9234", "Pop": "42647731", "Density": "37.7", "Area": "1132388.3", "PWD_A": "4207.8", "PWD_G": "774.2", "PWD_M": "1172.4", "PWD_P1": "3.2", "PWD_P2": "6.4", "PWD_P3": "8.5", "PWD_P4": "10.3", "PWD_P5": "12.2", "PWD_P6": "13.9", "PWD_P7": "15.8", "PWD_P8": "17.7", "PWD_P9": "19.7", "PWD_P10": "21.9", "PWD_P11": "24.4", "PWD_P12": "27.5", "PWD_P13": "31.2", "PWD_P14": "35.5", "PWD_P15": "40.6", "PWD_P16": "46.7", "PWD_P17": "53.4", "PWD_P18": "59.9", "PWD_P19": "66.2", "PWD_P20": "72.8", "PWD_P21": "79.5", "PWD_P22": "86.4", "PWD_P23": "93.5", "PWD_P24": "101.1", "PWD_P25": "109.4", "PWD_P26": "118.4", "PWD_P27": "128.5", "PWD_P28": "139.8", "PWD_P29": "152.0", "PWD_P30": "165.5", "PWD_P31": "180.7", "PWD_P32": "198.1", "PWD_P33": "217.8", "PWD_P34": "240.1", "PWD_P35": "265.6", "PWD_P36": "294.7", "PWD_P37": "326.8", "PWD_P38": "360.6", "PWD_P39": "398.8", "PWD_P40": "440.6", "PWD_P41": "486.6", "PWD_P42": "535.8", "PWD_P43": "589.4", "PWD_P44": "650.7", "PWD_P45": "719.9", "PWD_P46": "799.4", "PWD_P47": "887.1", "PWD_P48": "974.4", "PWD_P49": "1067.7", "PWD_P50": "1172.4", "PWD_P51": "1280.8", "PWD_P52": "1400.1", "PWD_P53": "1531.9", "PWD_P54": "1662.0", "PWD_P55": "1797.1", "PWD_P56": "1944.7", "PWD_P57": "2105.4", "PWD_P58": "2271.2", "PWD_P59": "2450.9", "PWD_P60": "2628.4", "PWD_P61": "2816.6", "PWD_P62": "3017.7", "PWD_P63": "3246.4", "PWD_P64": "3480.9", "PWD_P65": "3763.9", "PWD_P66": "4090.5", "PWD_P67": "4439.2", "PWD_P68": "4781.3", "PWD_P69": "5130.6", "PWD_P70": "5544.7", "PWD_P71": "5951.9", "PWD_P72": "6370.5", "PWD_P73": "6797.1", "PWD_P74": "7208.4", "PWD_P75": "7640.7", "PWD_P76": "8181.2", "PWD_P77": "8723.7", "PWD_P78": "9347.0", "PWD_P79": "9988.1", "PWD_P80": "10514.5", "PWD_P81": "10937.5", "PWD_P82": "11406.6", "PWD_P83": "11905.3", "PWD_P84": "12351.9", "PWD_P85": "12692.4", "PWD_P86": "12982.9", "PWD_P87": "13229.2", "PWD_P88": "13455.9", "PWD_P89": "13671.3", "PWD_P90": "13888.0", "PWD_P91": "14076.9", "PWD_P92": "14247.3", "PWD_P93": "14423.5", "PWD_P94": "14606.6", "PWD_P95": "14808.7", "PWD_P96": "15010.5", "PWD_P97": "15206.1", "PWD_P98": "15408.8", "PWD_P99": "15687.7", "PWD_P100": "16880.0" }, "geometry": { "type": "Point", "coordinates": [ -74.9234, 5.8869 ] } },
{ "type": "Feature", "id": 49, "properties": { "lon": 43.579418182373047, "lat": -11.969050407409668, "year": "2005", "ISO": "COM", "ISO_No": "174", "Name": "Comoros", "PWC_Lat": "-11.9690504074097", "PWC_Lon": "43.579418182373", "Pop": "611624", "Density": "358.3", "Area": "1707.2", "PWD_A": "776.9", "PWD_G": "541.7", "PWD_M": "497.4", "PWD_P1": "60.2", "PWD_P2": "81.1", "PWD_P3": "97.3", "PWD_P4": "106.4", "PWD_P5": "114.4", "PWD_P6": "123.1", "PWD_P7": "132.8", "PWD_P8": "143.1", "PWD_P9": "152.4", "PWD_P10": "163.6", "PWD_P11": "177.4", "PWD_P12": "192.3", "PWD_P13": "206.7", "PWD_P14": "218.8", "PWD_P15": "229.8", "PWD_P16": "240.0", "PWD_P17": "250.3", "PWD_P18": "259.5", "PWD_P19": "267.1", "PWD_P20": "274.3", "PWD_P21": "281.7", "PWD_P22": "288.9", "PWD_P23": "295.6", "PWD_P24": "301.8", "PWD_P25": "307.7", "PWD_P26": "314.2", "PWD_P27": "321.3", "PWD_P28": "328.4", "PWD_P29": "335.2", "PWD_P30": "341.7", "PWD_P31": "348.6", "PWD_P32": "355.1", "PWD_P33": "361.6", "PWD_P34": "367.9", "PWD_P35": "374.7", "PWD_P36": "381.7", "PWD_P37": "389.3", "PWD_P38": "396.9", "PWD_P39": "404.4", "PWD_P40": "412.5", "PWD_P41": "420.6", "PWD_P42": "428.7", "PWD_P43": "437.0", "PWD_P44": "444.9", "PWD_P45": "452.5", "PWD_P46": "460.5", "PWD_P47": "469.1", "PWD_P48": "477.8", "PWD_P49": "487.3", "PWD_P50": "497.4", "PWD_P51": "508.3", "PWD_P52": "519.0", "PWD_P53": "530.9", "PWD_P54": "543.5", "PWD_P55": "556.8", "PWD_P56": "570.2", "PWD_P57": "584.5", "PWD_P58": "601.1", "PWD_P59": "622.4", "PWD_P60": "648.2", "PWD_P61": "679.2", "PWD_P62": "715.5", "PWD_P63": "749.9", "PWD_P64": "784.7", "PWD_P65": "823.1", "PWD_P66": "859.1", "PWD_P67": "890.6", "PWD_P68": "923.4", "PWD_P69": "965.1", "PWD_P70": "1009.6", "PWD_P71": "1054.1", "PWD_P72": "1096.6", "PWD_P73": "1133.7", "PWD_P74": "1166.1", "PWD_P75": "1191.5", "PWD_P76": "1217.7", "PWD_P77": "1239.7", "PWD_P78": "1261.2", "PWD_P79": "1284.1", "PWD_P80": "1309.3", "PWD_P81": "1334.5", "PWD_P82": "1368.7", "PWD_P83": "1405.4", "PWD_P84": "1444.6", "PWD_P85": "1491.7", "PWD_P86": "1545.1", "PWD_P87": "1600.7", "PWD_P88": "1661.7", "PWD_P89": "1716.7", "PWD_P90": "1776.9", "PWD_P91": "1841.4", "PWD_P92": "1905.2", "PWD_P93": "1976.7", "PWD_P94": "2043.2", "PWD_P95": "2120.3", "PWD_P96": "2210.5", "PWD_P97": "2337.0", "PWD_P98": "2476.3", "PWD_P99": "2751.5", "PWD_P100": "3417.0" }, "geometry": { "type": "Point", "coordinates": [ 43.579418182373047, -11.969050407409668 ] } },
{ "type": "Feature", "id": 50, "properties": { "lon": 45.172229766845703, "lat": -12.800594329833984, "year": "2005", "ISO": "MYT", "ISO_No": "175", "Name": "Mayotte", "PWC_Lat": "-12.800594329834", "PWC_Lon": "45.1722297668457", "Pop": "178102", "Density": "438.7", "Area": "406.0", "PWD_A": "861.8", "PWD_G": "618.6", "PWD_M": "608.4", "PWD_P1": "118.0", "PWD_P2": "133.7", "PWD_P3": "145.3", "PWD_P4": "155.3", "PWD_P5": "165.2", "PWD_P6": "173.2", "PWD_P7": "180.0", "PWD_P8": "186.7", "PWD_P9": "192.9", "PWD_P10": "198.7", "PWD_P11": "205.0", "PWD_P12": "212.0", "PWD_P13": "219.2", "PWD_P14": "226.9", "PWD_P15": "234.7", "PWD_P16": "242.2", "PWD_P17": "249.1", "PWD_P18": "257.2", "PWD_P19": "264.5", "PWD_P20": "272.0", "PWD_P21": "280.2", "PWD_P22": "287.5", "PWD_P23": "294.7", "PWD_P24": "302.1", "PWD_P25": "309.5", "PWD_P26": "317.7", "PWD_P27": "325.8", "PWD_P28": "334.3", "PWD_P29": "342.9", "PWD_P30": "351.9", "PWD_P31": "360.9", "PWD_P32": "371.4", "PWD_P33": "382.4", "PWD_P34": "391.7", "PWD_P35": "402.4", "PWD_P36": "412.9", "PWD_P37": "426.6", "PWD_P38": "439.8", "PWD_P39": "450.9", "PWD_P40": "462.8", "PWD_P41": "474.5", "PWD_P42": "485.9", "PWD_P43": "496.7", "PWD_P44": "506.7", "PWD_P45": "516.9", "PWD_P46": "528.8", "PWD_P47": "544.7", "PWD_P48": "565.2", "PWD_P49": "586.5", "PWD_P50": "608.4", "PWD_P51": "626.6", "PWD_P52": "644.2", "PWD_P53": "661.6", "PWD_P54": "680.8", "PWD_P55": "703.4", "PWD_P56": "727.7", "PWD_P57": "752.4", "PWD_P58": "779.0", "PWD_P59": "803.8", "PWD_P60": "833.4", "PWD_P61": "856.7", "PWD_P62": "875.5", "PWD_P63": "901.4", "PWD_P64": "930.9", "PWD_P65": "958.5", "PWD_P66": "985.2", "PWD_P67": "1009.3", "PWD_P68": "1036.7", "PWD_P69": "1062.3", "PWD_P70": "1092.7", "PWD_P71": "1125.2", "PWD_P72": "1161.4", "PWD_P73": "1201.2", "PWD_P74": "1245.6", "PWD_P75": "1295.1", "PWD_P76": "1345.1", "PWD_P77": "1393.9", "PWD_P78": "1438.4", "PWD_P79": "1496.8", "PWD_P80": "1542.5", "PWD_P81": "1597.6", "PWD_P82": "1654.9", "PWD_P83": "1701.8", "PWD_P84": "1737.8", "PWD_P85": "1774.1", "PWD_P86": "1812.0", "PWD_P87": "1850.7", "PWD_P88": "1893.3", "PWD_P89": "1930.1", "PWD_P90": "1971.7", "PWD_P91": "2008.4", "PWD_P92": "2046.4", "PWD_P93": "2083.0", "PWD_P94": "2125.8", "PWD_P95": "2169.1", "PWD_P96": "2239.9", "PWD_P97": "2332.7", "PWD_P98": "2444.0", "PWD_P99": "2604.2", "PWD_P100": "2869.2" }, "geometry": { "type": "Point", "coordinates": [ 45.172229766845703, -12.800594329833984 ] } },
{ "type": "Feature", "id": 51, "properties": { "lon": 14.242384910583496, "lat": -3.610736608505249, "year": "2005", "ISO": "COG", "ISO_No": "178", "Name": "Republic of Congo", "PWC_Lat": "-3.61073660850525", "PWC_Lon": "14.2423849105835", "Pop": "3622775", "Density": "10.7", "Area": "339923.5", "PWD_A": "4980.7", "PWD_G": "361.7", "PWD_M": "2507.8", "PWD_P1": "1.1", "PWD_P2": "1.3", "PWD_P3": "1.6", "PWD_P4": "1.9", "PWD_P5": "2.1", "PWD_P6": "2.4", "PWD_P7": "2.6", "PWD_P8": "2.9", "PWD_P9": "3.1", "PWD_P10": "3.4", "PWD_P11": "3.7", "PWD_P12": "4.0", "PWD_P13": "4.3", "PWD_P14": "4.6", "PWD_P15": "4.9", "PWD_P16": "5.2", "PWD_P17": "5.6", "PWD_P18": "6.0", "PWD_P19": "6.4", "PWD_P20": "6.9", "PWD_P21": "7.3", "PWD_P22": "7.8", "PWD_P23": "8.3", "PWD_P24": "8.8", "PWD_P25": "9.4", "PWD_P26": "10.1", "PWD_P27": "10.8", "PWD_P28": "11.5", "PWD_P29": "12.4", "PWD_P30": "13.3", "PWD_P31": "14.4", "PWD_P32": "15.6", "PWD_P33": "17.0", "PWD_P34": "18.5", "PWD_P35": "20.5", "PWD_P36": "22.9", "PWD_P37": "25.6", "PWD_P38": "29.5", "PWD_P39": "34.4", "PWD_P40": "40.5", "PWD_P41": "48.3", "PWD_P42": "58.6", "PWD_P43": "78.2", "PWD_P44": "973.3", "PWD_P45": "1227.2", "PWD_P46": "1482.1", "PWD_P47": "1797.0", "PWD_P48": "2035.6", "PWD_P49": "2267.2", "PWD_P50": "2507.8", "PWD_P51": "2657.2", "PWD_P52": "2908.4", "PWD_P53": "3015.1", "PWD_P54": "3205.2", "PWD_P55": "3305.0", "PWD_P56": "3684.1", "PWD_P57": "3829.5", "PWD_P58": "4058.9", "PWD_P59": "4104.6", "PWD_P60": "4193.4", "PWD_P61": "4263.7", "PWD_P62": "4493.0", "PWD_P63": "4669.5", "PWD_P64": "4726.3", "PWD_P65": "5603.0", "PWD_P66": "6223.4", "PWD_P67": "6406.7", "PWD_P68": "6864.5", "PWD_P69": "7848.4", "PWD_P70": "8391.4", "PWD_P71": "8940.2", "PWD_P72": "9497.3", "PWD_P73": "9856.8", "PWD_P74": "10096.9", "PWD_P75": "10174.0", "PWD_P76": "10451.5", "PWD_P77": "10929.7", "PWD_P78": "11242.4", "PWD_P79": "12394.0", "PWD_P80": "12711.1", "PWD_P81": "12746.4", "PWD_P82": "12809.6", "PWD_P83": "12886.3", "PWD_P84": "13098.3", "PWD_P85": "13176.2", "PWD_P86": "13248.7", "PWD_P87": "13474.1", "PWD_P88": "13624.8", "PWD_P89": "13835.9", "PWD_P90": "14361.8", "PWD_P91": "14824.7", "PWD_P92": "15123.5", "PWD_P93": "15191.0", "PWD_P94": "16038.9", "PWD_P95": "16088.1", "PWD_P96": "16192.8", "PWD_P97": "16535.5", "PWD_P98": "16585.3", "PWD_P99": "16615.8", "PWD_P100": "16890.7" }, "geometry": { "type": "Point", "coordinates": [ 14.242384910583496, -3.610736608505249 ] } },
{ "type": "Feature", "id": 52, "properties": { "lon": 23.108, "lat": -3.4478, "year": "2005", "ISO": "COD", "ISO_No": "180", "Name": "Democratic Republic of the Congo", "PWC_Lat": "-3.4478", "PWC_Lon": "23.108", "Pop": "54785894", "Density": "23.9", "Area": "2297129.5", "PWD_A": "3866.4", "PWD_G": "197.6", "PWD_M": "123.2", "PWD_P1": "1.9", "PWD_P2": "2.9", "PWD_P3": "3.8", "PWD_P4": "4.7", "PWD_P5": "5.6", "PWD_P6": "6.6", "PWD_P7": "7.6", "PWD_P8": "8.6", "PWD_P9": "9.7", "PWD_P10": "10.8", "PWD_P11": "11.9", "PWD_P12": "13.1", "PWD_P13": "14.3", "PWD_P14": "15.6", "PWD_P15": "16.9", "PWD_P16": "18.2", "PWD_P17": "19.6", "PWD_P18": "21.1", "PWD_P19": "22.6", "PWD_P20": "24.2", "PWD_P21": "25.9", "PWD_P22": "27.6", "PWD_P23": "29.4", "PWD_P24": "31.2", "PWD_P25": "33.0", "PWD_P26": "35.0", "PWD_P27": "37.0", "PWD_P28": "39.1", "PWD_P29": "41.2", "PWD_P30": "43.5", "PWD_P31": "45.8", "PWD_P32": "48.3", "PWD_P33": "50.8", "PWD_P34": "53.5", "PWD_P35": "56.3", "PWD_P36": "59.3", "PWD_P37": "62.5", "PWD_P38": "65.9", "PWD_P39": "69.5", "PWD_P40": "73.2", "PWD_P41": "77.2", "PWD_P42": "81.3", "PWD_P43": "85.6", "PWD_P44": "90.0", "PWD_P45": "94.7", "PWD_P46": "99.6", "PWD_P47": "104.8", "PWD_P48": "110.4", "PWD_P49": "116.6", "PWD_P50": "123.2", "PWD_P51": "130.3", "PWD_P52": "137.7", "PWD_P53": "145.7", "PWD_P54": "154.4", "PWD_P55": "164.3", "PWD_P56": "175.1", "PWD_P57": "186.7", "PWD_P58": "199.1", "PWD_P59": "212.4", "PWD_P60": "226.4", "PWD_P61": "241.8", "PWD_P62": "259.6", "PWD_P63": "279.4", "PWD_P64": "300.6", "PWD_P65": "323.9", "PWD_P66": "349.7", "PWD_P67": "377.5", "PWD_P68": "409.5", "PWD_P69": "445.4", "PWD_P70": "485.5", "PWD_P71": "530.5", "PWD_P72": "582.4", "PWD_P73": "641.0", "PWD_P74": "713.3", "PWD_P75": "799.2", "PWD_P76": "912.3", "PWD_P77": "1077.9", "PWD_P78": "1279.7", "PWD_P79": "1551.9", "PWD_P80": "1917.2", "PWD_P81": "2359.8", "PWD_P82": "2859.9", "PWD_P83": "3406.8", "PWD_P84": "4141.8", "PWD_P85": "5040.3", "PWD_P86": "6523.9", "PWD_P87": "8175.5", "PWD_P88": "9970.5", "PWD_P89": "11954.0", "PWD_P90": "13627.6", "PWD_P91": "15153.5", "PWD_P92": "16719.4", "PWD_P93": "18487.6", "PWD_P94": "20741.3", "PWD_P95": "23525.4", "PWD_P96": "27961.8", "PWD_P97": "32548.1", "PWD_P98": "42569.2", "PWD_P99": "60150.3", "PWD_P100": "98991.8" }, "geometry": { "type": "Point", "coordinates": [ 23.108, -3.4478 ] } },
{ "type": "Feature", "id": 53, "properties": { "lon": -159.81346130371094, "lat": -20.027099609375, "year": "2005", "ISO": "COK", "ISO_No": "184", "Name": "Cook Islands", "PWC_Lat": "-20.027099609375", "PWC_Lon": "-159.813461303711", "Pop": "19069", "Density": "66.3", "Area": "287.6", "PWD_A": "344.1", "PWD_G": "197.4", "PWD_M": "282.4", "PWD_P1": "7.6", "PWD_P2": "9.7", "PWD_P3": "10.6", "PWD_P4": "11.2", "PWD_P5": "12.0", "PWD_P6": "12.7", "PWD_P7": "13.8", "PWD_P8": "15.8", "PWD_P9": "18.4", "PWD_P10": "22.2", "PWD_P11": "27.4", "PWD_P12": "32.7", "PWD_P13": "36.9", "PWD_P14": "40.8", "PWD_P15": "45.5", "PWD_P16": "50.2", "PWD_P17": "55.1", "PWD_P18": "59.7", "PWD_P19": "64.7", "PWD_P20": "69.4", "PWD_P21": "74.8", "PWD_P22": "81.0", "PWD_P23": "87.6", "PWD_P24": "94.4", "PWD_P25": "101.2", "PWD_P26": "107.2", "PWD_P27": "114.4", "PWD_P28": "123.3", "PWD_P29": "129.7", "PWD_P30": "135.9", "PWD_P31": "143.8", "PWD_P32": "151.8", "PWD_P33": "158.9", "PWD_P34": "167.0", "PWD_P35": "175.2", "PWD_P36": "183.1", "PWD_P37": "190.1", "PWD_P38": "198.6", "PWD_P39": "206.0", "PWD_P40": "213.4", "PWD_P41": "219.6", "PWD_P42": "227.2", "PWD_P43": "234.5", "PWD_P44": "242.3", "PWD_P45": "249.1", "PWD_P46": "256.7", "PWD_P47": "263.1", "PWD_P48": "269.4", "PWD_P49": "276.5", "PWD_P50": "282.4", "PWD_P51": "290.3", "PWD_P52": "298.5", "PWD_P53": "304.8", "PWD_P54": "312.5", "PWD_P55": "317.7", "PWD_P56": "326.5", "PWD_P57": "335.3", "PWD_P58": "344.8", "PWD_P59": "351.2", "PWD_P60": "359.7", "PWD_P61": "366.9", "PWD_P62": "374.5", "PWD_P63": "383.6", "PWD_P64": "392.0", "PWD_P65": "401.5", "PWD_P66": "410.0", "PWD_P67": "419.0", "PWD_P68": "429.6", "PWD_P69": "439.4", "PWD_P70": "448.8", "PWD_P71": "457.3", "PWD_P72": "467.2", "PWD_P73": "476.6", "PWD_P74": "487.1", "PWD_P75": "500.5", "PWD_P76": "511.7", "PWD_P77": "522.6", "PWD_P78": "539.5", "PWD_P79": "554.1", "PWD_P80": "564.6", "PWD_P81": "576.7", "PWD_P82": "588.0", "PWD_P83": "604.7", "PWD_P84": "616.1", "PWD_P85": "629.9", "PWD_P86": "649.8", "PWD_P87": "669.7", "PWD_P88": "698.7", "PWD_P89": "733.9", "PWD_P90": "779.8", "PWD_P91": "812.7", "PWD_P92": "845.7", "PWD_P93": "866.6", "PWD_P94": "897.0", "PWD_P95": "939.9", "PWD_P96": "979.9", "PWD_P97": "1050.0", "PWD_P98": "1150.8", "PWD_P99": "1245.8", "PWD_P100": "1490.6" }, "geometry": { "type": "Point", "coordinates": [ -159.813461303710938, -20.027099609375 ] } },
{ "type": "Feature", "id": 54, "properties": { "lon": -84.132179260253906, "lat": 9.9598684310913086, "year": "2005", "ISO": "CRI", "ISO_No": "188", "Name": "Costa Rica", "PWC_Lat": "9.95986843109131", "PWC_Lon": "-84.1321792602539", "Pop": "4285504", "Density": "83.5", "Area": "51350.7", "PWD_A": "3086.0", "PWD_G": "746.0", "PWD_M": "1176.7", "PWD_P1": "6.0", "PWD_P2": "8.8", "PWD_P3": "11.4", "PWD_P4": "14.3", "PWD_P5": "17.4", "PWD_P6": "20.6", "PWD_P7": "23.9", "PWD_P8": "27.0", "PWD_P9": "30.6", "PWD_P10": "34.2", "PWD_P11": "37.8", "PWD_P12": "41.4", "PWD_P13": "45.3", "PWD_P14": "49.5", "PWD_P15": "53.8", "PWD_P16": "58.1", "PWD_P17": "62.5", "PWD_P18": "67.1", "PWD_P19": "71.8", "PWD_P20": "77.3", "PWD_P21": "83.9", "PWD_P22": "91.8", "PWD_P23": "100.3", "PWD_P24": "110.3", "PWD_P25": "121.4", "PWD_P26": "133.7", "PWD_P27": "147.6", "PWD_P28": "162.4", "PWD_P29": "177.9", "PWD_P30": "194.6", "PWD_P31": "213.4", "PWD_P32": "234.5", "PWD_P33": "258.1", "PWD_P34": "284.7", "PWD_P35": "313.7", "PWD_P36": "346.2", "PWD_P37": "383.3", "PWD_P38": "424.9", "PWD_P39": "472.2", "PWD_P40": "525.1", "PWD_P41": "578.7", "PWD_P42": "636.2", "PWD_P43": "698.1", "PWD_P44": "759.5", "PWD_P45": "820.5", "PWD_P46": "884.8", "PWD_P47": "952.4", "PWD_P48": "1023.2", "PWD_P49": "1098.3", "PWD_P50": "1176.7", "PWD_P51": "1259.8", "PWD_P52": "1349.7", "PWD_P53": "1438.7", "PWD_P54": "1534.2", "PWD_P55": "1628.7", "PWD_P56": "1727.2", "PWD_P57": "1826.7", "PWD_P58": "1935.9", "PWD_P59": "2051.7", "PWD_P60": "2170.5", "PWD_P61": "2304.8", "PWD_P62": "2445.8", "PWD_P63": "2609.4", "PWD_P64": "2781.9", "PWD_P65": "2955.1", "PWD_P66": "3125.5", "PWD_P67": "3299.5", "PWD_P68": "3508.9", "PWD_P69": "3718.0", "PWD_P70": "3959.1", "PWD_P71": "4195.2", "PWD_P72": "4436.1", "PWD_P73": "4683.4", "PWD_P74": "4934.5", "PWD_P75": "5194.5", "PWD_P76": "5427.3", "PWD_P77": "5663.4", "PWD_P78": "5888.2", "PWD_P79": "6098.1", "PWD_P80": "6339.3", "PWD_P81": "6576.2", "PWD_P82": "6806.2", "PWD_P83": "7033.1", "PWD_P84": "7231.3", "PWD_P85": "7455.1", "PWD_P86": "7739.1", "PWD_P87": "8030.9", "PWD_P88": "8299.4", "PWD_P89": "8640.0", "PWD_P90": "8999.0", "PWD_P91": "9404.2", "PWD_P92": "9840.1", "PWD_P93": "10352.0", "PWD_P94": "10943.2", "PWD_P95": "11477.1", "PWD_P96": "12006.0", "PWD_P97": "12707.9", "PWD_P98": "13687.6", "PWD_P99": "15151.3", "PWD_P100": "33551.4" }, "geometry": { "type": "Point", "coordinates": [ -84.132179260253906, 9.959868431091309 ] } },
{ "type": "Feature", "id": 55, "properties": { "lon": 16.388954162597656, "lat": 45.228477478027344, "year": "2005", "ISO": "HRV", "ISO_No": "191", "Name": "Croatia", "PWC_Lat": "45.2284774780273", "PWC_Lon": "16.3889541625977", "Pop": "4378066", "Density": "77.4", "Area": "56598.6", "PWD_A": "880.9", "PWD_G": "300.4", "PWD_M": "305.5", "PWD_P1": "6.5", "PWD_P2": "10.0", "PWD_P3": "13.1", "PWD_P4": "16.1", "PWD_P5": "18.7", "PWD_P6": "21.3", "PWD_P7": "23.9", "PWD_P8": "26.7", "PWD_P9": "29.5", "PWD_P10": "32.5", "PWD_P11": "35.5", "PWD_P12": "38.5", "PWD_P13": "41.7", "PWD_P14": "44.9", "PWD_P15": "48.2", "PWD_P16": "51.5", "PWD_P17": "55.0", "PWD_P18": "58.6", "PWD_P19": "62.3", "PWD_P20": "66.1", "PWD_P21": "70.0", "PWD_P22": "74.1", "PWD_P23": "78.2", "PWD_P24": "82.5", "PWD_P25": "86.8", "PWD_P26": "91.2", "PWD_P27": "95.7", "PWD_P28": "100.5", "PWD_P29": "105.5", "PWD_P30": "110.7", "PWD_P31": "116.2", "PWD_P32": "122.0", "PWD_P33": "128.0", "PWD_P34": "134.5", "PWD_P35": "141.0", "PWD_P36": "147.9", "PWD_P37": "154.9", "PWD_P38": "162.5", "PWD_P39": "170.7", "PWD_P40": "179.6", "PWD_P41": "188.8", "PWD_P42": "198.5", "PWD_P43": "208.6", "PWD_P44": "219.6", "PWD_P45": "231.5", "PWD_P46": "244.3", "PWD_P47": "258.0", "PWD_P48": "272.4", "PWD_P49": "288.8", "PWD_P50": "305.5", "PWD_P51": "323.2", "PWD_P52": "341.6", "PWD_P53": "360.1", "PWD_P54": "381.0", "PWD_P55": "403.8", "PWD_P56": "428.2", "PWD_P57": "453.9", "PWD_P58": "481.3", "PWD_P59": "510.5", "PWD_P60": "542.3", "PWD_P61": "575.2", "PWD_P62": "608.2", "PWD_P63": "643.3", "PWD_P64": "680.6", "PWD_P65": "724.3", "PWD_P66": "769.9", "PWD_P67": "820.6", "PWD_P68": "872.1", "PWD_P69": "922.9", "PWD_P70": "974.7", "PWD_P71": "1030.0", "PWD_P72": "1087.9", "PWD_P73": "1149.2", "PWD_P74": "1210.4", "PWD_P75": "1275.9", "PWD_P76": "1344.2", "PWD_P77": "1424.6", "PWD_P78": "1506.2", "PWD_P79": "1581.5", "PWD_P80": "1675.4", "PWD_P81": "1773.2", "PWD_P82": "1861.1", "PWD_P83": "1951.3", "PWD_P84": "2030.7", "PWD_P85": "2104.3", "PWD_P86": "2169.7", "PWD_P87": "2239.0", "PWD_P88": "2316.4", "PWD_P89": "2401.9", "PWD_P90": "2505.8", "PWD_P91": "2606.0", "PWD_P92": "2666.9", "PWD_P93": "2731.8", "PWD_P94": "2827.2", "PWD_P95": "3406.5", "PWD_P96": "4088.3", "PWD_P97": "4520.9", "PWD_P98": "4917.1", "PWD_P99": "5441.3", "PWD_P100": "6587.9" }, "geometry": { "type": "Point", "coordinates": [ 16.388954162597656, 45.228477478027344 ] } },
{ "type": "Feature", "id": 56, "properties": { "lon": -79.37628173828125, "lat": 21.801891326904297, "year": "2005", "ISO": "CUB", "ISO_No": "192", "Name": "Cuba", "PWC_Lat": "21.8018913269043", "PWC_Lon": "-79.3762817382812", "Pop": "11261585", "Density": "102.1", "Area": "110338.8", "PWD_A": "1626.6", "PWD_G": "443.7", "PWD_M": "493.8", "PWD_P1": "11.4", "PWD_P2": "15.3", "PWD_P3": "18.4", "PWD_P4": "21.3", "PWD_P5": "23.9", "PWD_P6": "26.3", "PWD_P7": "28.7", "PWD_P8": "31.2", "PWD_P9": "33.6", "PWD_P10": "36.1", "PWD_P11": "38.7", "PWD_P12": "41.4", "PWD_P13": "44.3", "PWD_P14": "47.3", "PWD_P15": "50.4", "PWD_P16": "53.6", "PWD_P17": "57.1", "PWD_P18": "60.6", "PWD_P19": "64.6", "PWD_P20": "68.8", "PWD_P21": "73.2", "PWD_P22": "77.8", "PWD_P23": "82.8", "PWD_P24": "88.2", "PWD_P25": "93.8", "PWD_P26": "99.7", "PWD_P27": "106.2", "PWD_P28": "113.0", "PWD_P29": "120.4", "PWD_P30": "128.4", "PWD_P31": "136.8", "PWD_P32": "146.0", "PWD_P33": "156.0", "PWD_P34": "166.6", "PWD_P35": "177.9", "PWD_P36": "190.6", "PWD_P37": "203.9", "PWD_P38": "218.1", "PWD_P39": "233.3", "PWD_P40": "250.3", "PWD_P41": "268.6", "PWD_P42": "288.0", "PWD_P43": "308.7", "PWD_P44": "330.7", "PWD_P45": "355.1", "PWD_P46": "381.3", "PWD_P47": "407.7", "PWD_P48": "434.7", "PWD_P49": "463.2", "PWD_P50": "493.8", "PWD_P51": "527.2", "PWD_P52": "560.4", "PWD_P53": "597.2", "PWD_P54": "637.3", "PWD_P55": "678.8", "PWD_P56": "721.6", "PWD_P57": "765.5", "PWD_P58": "815.2", "PWD_P59": "871.4", "PWD_P60": "934.7", "PWD_P61": "1000.5", "PWD_P62": "1061.5", "PWD_P63": "1129.5", "PWD_P64": "1201.0", "PWD_P65": "1274.4", "PWD_P66": "1353.9", "PWD_P67": "1441.4", "PWD_P68": "1538.8", "PWD_P69": "1643.1", "PWD_P70": "1754.1", "PWD_P71": "1852.2", "PWD_P72": "1943.7", "PWD_P73": "2037.0", "PWD_P74": "2126.4", "PWD_P75": "2209.4", "PWD_P76": "2293.2", "PWD_P77": "2377.5", "PWD_P78": "2461.5", "PWD_P79": "2545.5", "PWD_P80": "2645.3", "PWD_P81": "2754.6", "PWD_P82": "2853.8", "PWD_P83": "2948.9", "PWD_P84": "3046.4", "PWD_P85": "3146.1", "PWD_P86": "3251.7", "PWD_P87": "3358.5", "PWD_P88": "3506.5", "PWD_P89": "3749.7", "PWD_P90": "4028.9", "PWD_P91": "5037.1", "PWD_P92": "5857.3", "PWD_P93": "6494.0", "PWD_P94": "7228.6", "PWD_P95": "8134.0", "PWD_P96": "8833.9", "PWD_P97": "9515.4", "PWD_P98": "10580.0", "PWD_P99": "11539.4", "PWD_P100": "14230.3" }, "geometry": { "type": "Point", "coordinates": [ -79.37628173828125, 21.801891326904297 ] } },
{ "type": "Feature", "id": 57, "properties": { "lon": 33.294437408447266, "lat": 35.011386871337891, "year": "2005", "ISO": "CYP", "ISO_No": "196", "Name": "Cyprus", "PWC_Lat": "35.0113868713379", "PWC_Lon": "33.2944374084473", "Pop": "1027656", "Density": "111.4", "Area": "9225.5", "PWD_A": "1570.4", "PWD_G": "664.3", "PWD_M": "1046.2", "PWD_P1": "8.5", "PWD_P2": "11.8", "PWD_P3": "15.4", "PWD_P4": "18.9", "PWD_P5": "22.7", "PWD_P6": "26.9", "PWD_P7": "31.6", "PWD_P8": "36.6", "PWD_P9": "42.3", "PWD_P10": "48.8", "PWD_P11": "56.5", "PWD_P12": "65.0", "PWD_P13": "74.2", "PWD_P14": "83.6", "PWD_P15": "93.4", "PWD_P16": "103.8", "PWD_P17": "114.7", "PWD_P18": "126.1", "PWD_P19": "138.5", "PWD_P20": "152.0", "PWD_P21": "165.5", "PWD_P22": "179.4", "PWD_P23": "194.7", "PWD_P24": "211.1", "PWD_P25": "229.2", "PWD_P26": "246.9", "PWD_P27": "265.3", "PWD_P28": "284.2", "PWD_P29": "304.3", "PWD_P30": "325.6", "PWD_P31": "347.2", "PWD_P32": "369.3", "PWD_P33": "393.3", "PWD_P34": "417.9", "PWD_P35": "443.9", "PWD_P36": "470.2", "PWD_P37": "497.6", "PWD_P38": "527.3", "PWD_P39": "560.2", "PWD_P40": "593.6", "PWD_P41": "627.8", "PWD_P42": "664.5", "PWD_P43": "703.2", "PWD_P44": "742.4", "PWD_P45": "783.9", "PWD_P46": "828.8", "PWD_P47": "880.1", "PWD_P48": "932.4", "PWD_P49": "985.8", "PWD_P50": "1046.2", "PWD_P51": "1109.3", "PWD_P52": "1168.5", "PWD_P53": "1228.3", "PWD_P54": "1287.3", "PWD_P55": "1352.9", "PWD_P56": "1425.4", "PWD_P57": "1502.2", "PWD_P58": "1580.5", "PWD_P59": "1653.2", "PWD_P60": "1724.7", "PWD_P61": "1794.0", "PWD_P62": "1863.3", "PWD_P63": "1934.1", "PWD_P64": "2002.3", "PWD_P65": "2072.6", "PWD_P66": "2134.6", "PWD_P67": "2193.5", "PWD_P68": "2248.3", "PWD_P69": "2300.1", "PWD_P70": "2366.3", "PWD_P71": "2437.3", "PWD_P72": "2501.9", "PWD_P73": "2559.1", "PWD_P74": "2613.3", "PWD_P75": "2668.4", "PWD_P76": "2724.3", "PWD_P77": "2784.2", "PWD_P78": "2836.6", "PWD_P79": "2889.7", "PWD_P80": "2966.3", "PWD_P81": "3067.6", "PWD_P82": "3165.3", "PWD_P83": "3270.9", "PWD_P84": "3368.9", "PWD_P85": "3454.8", "PWD_P86": "3553.8", "PWD_P87": "3643.9", "PWD_P88": "3743.3", "PWD_P89": "3822.9", "PWD_P90": "3893.1", "PWD_P91": "3943.8", "PWD_P92": "4126.4", "PWD_P93": "4290.6", "PWD_P94": "4429.8", "PWD_P95": "4547.5", "PWD_P96": "4667.0", "PWD_P97": "4768.3", "PWD_P98": "4844.3", "PWD_P99": "4970.3", "PWD_P100": "6020.8" }, "geometry": { "type": "Point", "coordinates": [ 33.294437408447266, 35.011386871337891 ] } },
{ "type": "Feature", "id": 58, "properties": { "lon": 15.602395057678223, "lat": 49.823616027832031, "year": "2005", "ISO": "CZE", "ISO_No": "203", "Name": "Czech Republic", "PWC_Lat": "49.823616027832", "PWC_Lon": "15.6023950576782", "Pop": "10258165", "Density": "131.6", "Area": "77965.6", "PWD_A": "1251.1", "PWD_G": "501.9", "PWD_M": "653.1", "PWD_P1": "13.7", "PWD_P2": "18.6", "PWD_P3": "22.7", "PWD_P4": "26.6", "PWD_P5": "30.4", "PWD_P6": "34.1", "PWD_P7": "37.8", "PWD_P8": "41.6", "PWD_P9": "45.4", "PWD_P10": "49.4", "PWD_P11": "53.6", "PWD_P12": "57.9", "PWD_P13": "62.5", "PWD_P14": "67.2", "PWD_P15": "72.3", "PWD_P16": "77.5", "PWD_P17": "83.0", "PWD_P18": "88.7", "PWD_P19": "94.7", "PWD_P20": "100.9", "PWD_P21": "107.5", "PWD_P22": "114.4", "PWD_P23": "121.7", "PWD_P24": "129.5", "PWD_P25": "137.8", "PWD_P26": "146.5", "PWD_P27": "155.8", "PWD_P28": "165.8", "PWD_P29": "176.5", "PWD_P30": "188.0", "PWD_P31": "200.2", "PWD_P32": "213.4", "PWD_P33": "227.4", "PWD_P34": "242.4", "PWD_P35": "258.2", "PWD_P36": "275.2", "PWD_P37": "293.1", "PWD_P38": "312.3", "PWD_P39": "332.7", "PWD_P40": "354.3", "PWD_P41": "377.0", "PWD_P42": "401.2", "PWD_P43": "427.0", "PWD_P44": "453.6", "PWD_P45": "482.5", "PWD_P46": "512.5", "PWD_P47": "545.3", "PWD_P48": "579.7", "PWD_P49": "616.0", "PWD_P50": "653.1", "PWD_P51": "692.4", "PWD_P52": "734.2", "PWD_P53": "778.1", "PWD_P54": "823.8", "PWD_P55": "870.9", "PWD_P56": "921.0", "PWD_P57": "972.2", "PWD_P58": "1025.3", "PWD_P59": "1078.8", "PWD_P60": "1135.0", "PWD_P61": "1193.6", "PWD_P62": "1254.1", "PWD_P63": "1314.7", "PWD_P64": "1376.5", "PWD_P65": "1439.2", "PWD_P66": "1499.9", "PWD_P67": "1560.5", "PWD_P68": "1620.7", "PWD_P69": "1683.3", "PWD_P70": "1745.4", "PWD_P71": "1806.6", "PWD_P72": "1870.7", "PWD_P73": "1937.9", "PWD_P74": "2003.5", "PWD_P75": "2068.4", "PWD_P76": "2132.6", "PWD_P77": "2195.4", "PWD_P78": "2262.2", "PWD_P79": "2335.2", "PWD_P80": "2406.2", "PWD_P81": "2476.5", "PWD_P82": "2555.1", "PWD_P83": "2639.9", "PWD_P84": "2731.7", "PWD_P85": "2827.0", "PWD_P86": "2925.0", "PWD_P87": "3037.3", "PWD_P88": "3154.3", "PWD_P89": "3282.8", "PWD_P90": "3450.0", "PWD_P91": "3599.1", "PWD_P92": "3734.3", "PWD_P93": "3878.4", "PWD_P94": "4032.1", "PWD_P95": "4175.1", "PWD_P96": "4341.7", "PWD_P97": "4590.8", "PWD_P98": "4857.9", "PWD_P99": "5095.6", "PWD_P100": "5862.1" }, "geometry": { "type": "Point", "coordinates": [ 15.602395057678223, 49.823616027832031 ] } },
{ "type": "Feature", "id": 59, "properties": { "lon": 2.2677481174468994, "lat": 7.9974651336669922, "year": "2005", "ISO": "BEN", "ISO_No": "204", "Name": "Benin", "PWC_Lat": "7.99746513366699", "PWC_Lon": "2.2677481174469", "Pop": "7982222", "Density": "69.1", "Area": "115556.5", "PWD_A": "2327.0", "PWD_G": "276.4", "PWD_M": "218.2", "PWD_P1": "8.3", "PWD_P2": "10.8", "PWD_P3": "12.7", "PWD_P4": "14.6", "PWD_P5": "16.2", "PWD_P6": "17.8", "PWD_P7": "19.4", "PWD_P8": "21.1", "PWD_P9": "22.8", "PWD_P10": "24.5", "PWD_P11": "26.2", "PWD_P12": "27.8", "PWD_P13": "29.6", "PWD_P14": "31.4", "PWD_P15": "33.4", "PWD_P16": "35.4", "PWD_P17": "37.7", "PWD_P18": "40.3", "PWD_P19": "42.9", "PWD_P20": "45.5", "PWD_P21": "47.9", "PWD_P22": "50.2", "PWD_P23": "52.4", "PWD_P24": "54.7", "PWD_P25": "57.1", "PWD_P26": "59.6", "PWD_P27": "62.4", "PWD_P28": "65.6", "PWD_P29": "69.4", "PWD_P30": "73.6", "PWD_P31": "77.9", "PWD_P32": "82.2", "PWD_P33": "86.7", "PWD_P34": "91.2", "PWD_P35": "95.7", "PWD_P36": "100.5", "PWD_P37": "105.3", "PWD_P38": "110.1", "PWD_P39": "115.5", "PWD_P40": "121.4", "PWD_P41": "128.2", "PWD_P42": "135.5", "PWD_P43": "143.9", "PWD_P44": "152.7", "PWD_P45": "162.1", "PWD_P46": "171.7", "PWD_P47": "182.3", "PWD_P48": "193.8", "PWD_P49": "206.1", "PWD_P50": "218.2", "PWD_P51": "230.7", "PWD_P52": "243.8", "PWD_P53": "257.6", "PWD_P54": "271.4", "PWD_P55": "285.8", "PWD_P56": "301.0", "PWD_P57": "316.6", "PWD_P58": "332.9", "PWD_P59": "348.8", "PWD_P60": "366.6", "PWD_P61": "384.2", "PWD_P62": "402.8", "PWD_P63": "422.8", "PWD_P64": "443.7", "PWD_P65": "465.5", "PWD_P66": "489.0", "PWD_P67": "513.8", "PWD_P68": "543.3", "PWD_P69": "574.1", "PWD_P70": "605.3", "PWD_P71": "639.4", "PWD_P72": "676.1", "PWD_P73": "718.4", "PWD_P74": "767.4", "PWD_P75": "828.3", "PWD_P76": "903.4", "PWD_P77": "986.5", "PWD_P78": "1089.9", "PWD_P79": "1217.9", "PWD_P80": "1381.7", "PWD_P81": "1543.5", "PWD_P82": "1739.0", "PWD_P83": "1988.7", "PWD_P84": "2332.9", "PWD_P85": "2769.0", "PWD_P86": "3231.1", "PWD_P87": "3926.7", "PWD_P88": "4884.0", "PWD_P89": "6661.9", "PWD_P90": "10562.5", "PWD_P91": "12176.4", "PWD_P92": "13171.9", "PWD_P93": "16000.2", "PWD_P94": "17621.9", "PWD_P95": "18704.8", "PWD_P96": "19736.9", "PWD_P97": "20521.8", "PWD_P98": "21095.0", "PWD_P99": "21762.8", "PWD_P100": "23513.6" }, "geometry": { "type": "Point", "coordinates": [ 2.267748117446899, 7.997465133666992 ] } },
{ "type": "Feature", "id": 60, "properties": { "lon": 10.846275329589844, "lat": 55.852474212646484, "year": "2005", "ISO": "DNK", "ISO_No": "208", "Name": "Denmark", "PWC_Lat": "55.8524742126465", "PWC_Lon": "10.8462753295898", "Pop": "5421701", "Density": "126.5", "Area": "42863.7", "PWD_A": "2356.2", "PWD_G": "723.9", "PWD_M": "1028.1", "PWD_P1": "9.9", "PWD_P2": "13.1", "PWD_P3": "16.1", "PWD_P4": "19.1", "PWD_P5": "22.6", "PWD_P6": "26.8", "PWD_P7": "31.6", "PWD_P8": "37.1", "PWD_P9": "42.9", "PWD_P10": "49.0", "PWD_P11": "55.4", "PWD_P12": "62.2", "PWD_P13": "69.4", "PWD_P14": "77.1", "PWD_P15": "85.3", "PWD_P16": "94.2", "PWD_P17": "104.1", "PWD_P18": "115.0", "PWD_P19": "127.3", "PWD_P20": "141.1", "PWD_P21": "156.2", "PWD_P22": "172.7", "PWD_P23": "190.4", "PWD_P24": "209.2", "PWD_P25": "229.3", "PWD_P26": "250.5", "PWD_P27": "272.7", "PWD_P28": "295.5", "PWD_P29": "319.7", "PWD_P30": "344.8", "PWD_P31": "370.4", "PWD_P32": "396.5", "PWD_P33": "423.8", "PWD_P34": "451.8", "PWD_P35": "480.7", "PWD_P36": "511.0", "PWD_P37": "541.6", "PWD_P38": "572.5", "PWD_P39": "604.9", "PWD_P40": "637.7", "PWD_P41": "671.1", "PWD_P42": "706.4", "PWD_P43": "742.6", "PWD_P44": "780.1", "PWD_P45": "819.1", "PWD_P46": "858.2", "PWD_P47": "898.8", "PWD_P48": "940.9", "PWD_P49": "984.0", "PWD_P50": "1028.1", "PWD_P51": "1073.4", "PWD_P52": "1120.5", "PWD_P53": "1168.9", "PWD_P54": "1218.2", "PWD_P55": "1270.4", "PWD_P56": "1322.9", "PWD_P57": "1376.9", "PWD_P58": "1432.1", "PWD_P59": "1487.1", "PWD_P60": "1543.3", "PWD_P61": "1601.7", "PWD_P62": "1661.7", "PWD_P63": "1723.1", "PWD_P64": "1784.0", "PWD_P65": "1847.3", "PWD_P66": "1912.7", "PWD_P67": "1977.9", "PWD_P68": "2043.2", "PWD_P69": "2110.3", "PWD_P70": "2179.2", "PWD_P71": "2249.1", "PWD_P72": "2322.6", "PWD_P73": "2398.7", "PWD_P74": "2477.7", "PWD_P75": "2557.4", "PWD_P76": "2643.3", "PWD_P77": "2730.6", "PWD_P78": "2821.7", "PWD_P79": "2923.1", "PWD_P80": "3037.1", "PWD_P81": "3162.6", "PWD_P82": "3306.4", "PWD_P83": "3472.3", "PWD_P84": "3653.1", "PWD_P85": "3870.3", "PWD_P86": "4107.4", "PWD_P87": "4359.3", "PWD_P88": "4636.5", "PWD_P89": "4960.7", "PWD_P90": "5320.8", "PWD_P91": "5731.3", "PWD_P92": "6235.2", "PWD_P93": "7045.6", "PWD_P94": "8223.2", "PWD_P95": "10021.2", "PWD_P96": "12038.1", "PWD_P97": "14697.2", "PWD_P98": "17655.8", "PWD_P99": "21949.9", "PWD_P100": "42122.3" }, "geometry": { "type": "Point", "coordinates": [ 10.846275329589844, 55.852474212646484 ] } },
{ "type": "Feature", "id": 61, "properties": { "lon": -61.361087799072266, "lat": 15.388477325439453, "year": "2005", "ISO": "DMA", "ISO_No": "212", "Name": "Dominica", "PWC_Lat": "15.3884773254395", "PWC_Lon": "-61.3610877990723", "Pop": "70579", "Density": "92.1", "Area": "766.3", "PWD_A": "455.5", "PWD_G": "191.4", "PWD_M": "157.4", "PWD_P1": "14.1", "PWD_P2": "16.3", "PWD_P3": "19.1", "PWD_P4": "22.7", "PWD_P5": "26.6", "PWD_P6": "31.4", "PWD_P7": "34.2", "PWD_P8": "36.9", "PWD_P9": "39.1", "PWD_P10": "41.2", "PWD_P11": "43.1", "PWD_P12": "44.6", "PWD_P13": "46.2", "PWD_P14": "47.9", "PWD_P15": "49.7", "PWD_P16": "51.6", "PWD_P17": "53.7", "PWD_P18": "55.9", "PWD_P19": "57.8", "PWD_P20": "59.8", "PWD_P21": "61.8", "PWD_P22": "64.0", "PWD_P23": "66.3", "PWD_P24": "68.6", "PWD_P25": "70.8", "PWD_P26": "73.1", "PWD_P27": "75.1", "PWD_P28": "77.1", "PWD_P29": "79.2", "PWD_P30": "81.6", "PWD_P31": "84.4", "PWD_P32": "86.9", "PWD_P33": "89.5", "PWD_P34": "92.4", "PWD_P35": "95.6", "PWD_P36": "98.7", "PWD_P37": "101.6", "PWD_P38": "104.0", "PWD_P39": "107.0", "PWD_P40": "110.8", "PWD_P41": "114.5", "PWD_P42": "118.2", "PWD_P43": "122.3", "PWD_P44": "126.7", "PWD_P45": "131.5", "PWD_P46": "136.4", "PWD_P47": "141.6", "PWD_P48": "146.5", "PWD_P49": "152.1", "PWD_P50": "157.4", "PWD_P51": "162.4", "PWD_P52": "166.9", "PWD_P53": "171.7", "PWD_P54": "176.6", "PWD_P55": "182.5", "PWD_P56": "188.4", "PWD_P57": "195.6", "PWD_P58": "203.7", "PWD_P59": "213.7", "PWD_P60": "223.3", "PWD_P61": "232.1", "PWD_P62": "243.5", "PWD_P63": "256.2", "PWD_P64": "270.5", "PWD_P65": "286.3", "PWD_P66": "300.8", "PWD_P67": "316.0", "PWD_P68": "335.3", "PWD_P69": "352.9", "PWD_P70": "370.9", "PWD_P71": "394.9", "PWD_P72": "421.9", "PWD_P73": "464.3", "PWD_P74": "492.9", "PWD_P75": "528.4", "PWD_P76": "564.1", "PWD_P77": "606.1", "PWD_P78": "643.9", "PWD_P79": "679.7", "PWD_P80": "723.8", "PWD_P81": "776.7", "PWD_P82": "819.9", "PWD_P83": "860.5", "PWD_P84": "889.6", "PWD_P85": "930.5", "PWD_P86": "1111.5", "PWD_P87": "1317.1", "PWD_P88": "1512.5", "PWD_P89": "1627.8", "PWD_P90": "1719.0", "PWD_P91": "1819.6", "PWD_P92": "1893.0", "PWD_P93": "1970.6", "PWD_P94": "2034.3", "PWD_P95": "2081.4", "PWD_P96": "2128.8", "PWD_P97": "2156.7", "PWD_P98": "2211.2", "PWD_P99": "2298.4", "PWD_P100": "2344.7" }, "geometry": { "type": "Point", "coordinates": [ -61.361087799072266, 15.388477325439453 ] } },
{ "type": "Feature", "id": 62, "properties": { "lon": -70.212661743164062, "lat": 18.828554153442383, "year": "2005", "ISO": "DOM", "ISO_No": "214", "Name": "Dominican Republic", "PWC_Lat": "18.8285541534424", "PWC_Lon": "-70.2126617431641", "Pop": "9097262", "Density": "188.8", "Area": "48194.2", "PWD_A": "4023.7", "PWD_G": "1302.6", "PWD_M": "1961.1", "PWD_P1": "14.4", "PWD_P2": "20.8", "PWD_P3": "26.5", "PWD_P4": "31.9", "PWD_P5": "37.4", "PWD_P6": "43.6", "PWD_P7": "50.1", "PWD_P8": "57.1", "PWD_P9": "65.1", "PWD_P10": "73.8", "PWD_P11": "83.1", "PWD_P12": "93.4", "PWD_P13": "104.4", "PWD_P14": "116.0", "PWD_P15": "128.5", "PWD_P16": "142.1", "PWD_P17": "157.1", "PWD_P18": "172.8", "PWD_P19": "190.0", "PWD_P20": "208.5", "PWD_P21": "228.1", "PWD_P22": "248.9", "PWD_P23": "272.0", "PWD_P24": "296.2", "PWD_P25": "322.1", "PWD_P26": "349.4", "PWD_P27": "378.0", "PWD_P28": "408.2", "PWD_P29": "440.9", "PWD_P30": "475.4", "PWD_P31": "511.8", "PWD_P32": "550.1", "PWD_P33": "590.3", "PWD_P34": "632.7", "PWD_P35": "677.9", "PWD_P36": "726.1", "PWD_P37": "776.8", "PWD_P38": "832.2", "PWD_P39": "893.4", "PWD_P40": "960.3", "PWD_P41": "1032.9", "PWD_P42": "1110.5", "PWD_P43": "1192.9", "PWD_P44": "1282.5", "PWD_P45": "1376.9", "PWD_P46": "1476.9", "PWD_P47": "1585.0", "PWD_P48": "1704.6", "PWD_P49": "1826.9", "PWD_P50": "1961.1", "PWD_P51": "2103.5", "PWD_P52": "2251.8", "PWD_P53": "2413.4", "PWD_P54": "2580.4", "PWD_P55": "2732.4", "PWD_P56": "2890.9", "PWD_P57": "3041.7", "PWD_P58": "3183.5", "PWD_P59": "3330.6", "PWD_P60": "3478.9", "PWD_P61": "3661.8", "PWD_P62": "3848.9", "PWD_P63": "4069.6", "PWD_P64": "4301.2", "PWD_P65": "4554.8", "PWD_P66": "4824.0", "PWD_P67": "5068.8", "PWD_P68": "5282.1", "PWD_P69": "5494.2", "PWD_P70": "5722.2", "PWD_P71": "5960.1", "PWD_P72": "6189.7", "PWD_P73": "6430.8", "PWD_P74": "6668.8", "PWD_P75": "6901.9", "PWD_P76": "7108.3", "PWD_P77": "7310.5", "PWD_P78": "7593.7", "PWD_P79": "7969.2", "PWD_P80": "8383.9", "PWD_P81": "8792.4", "PWD_P82": "9146.0", "PWD_P83": "9493.7", "PWD_P84": "9894.2", "PWD_P85": "10260.0", "PWD_P86": "10574.9", "PWD_P87": "10865.4", "PWD_P88": "11160.9", "PWD_P89": "11462.5", "PWD_P90": "11720.1", "PWD_P91": "11937.2", "PWD_P92": "12172.2", "PWD_P93": "12482.2", "PWD_P94": "12969.1", "PWD_P95": "13439.3", "PWD_P96": "13715.5", "PWD_P97": "13963.9", "PWD_P98": "14188.0", "PWD_P99": "14410.5", "PWD_P100": "16226.1" }, "geometry": { "type": "Point", "coordinates": [ -70.212661743164062, 18.828554153442383 ] } },
{ "type": "Feature", "id": 63, "properties": { "lon": -79.294357299804688, "lat": -1.4203366041183472, "year": "2005", "ISO": "ECU", "ISO_No": "218", "Name": "Ecuador", "PWC_Lat": "-1.42033660411835", "PWC_Lon": "-79.2943572998047", "Pop": "13825838", "Density": "54.0", "Area": "256125.0", "PWD_A": "2235.9", "PWD_G": "609.4", "PWD_M": "873.6", "PWD_P1": "4.5", "PWD_P2": "7.5", "PWD_P3": "10.0", "PWD_P4": "12.4", "PWD_P5": "14.8", "PWD_P6": "17.3", "PWD_P7": "20.3", "PWD_P8": "23.9", "PWD_P9": "27.9", "PWD_P10": "32.2", "PWD_P11": "37.0", "PWD_P12": "42.1", "PWD_P13": "47.0", "PWD_P14": "51.5", "PWD_P15": "56.1", "PWD_P16": "60.8", "PWD_P17": "65.8", "PWD_P18": "71.4", "PWD_P19": "77.3", "PWD_P20": "83.2", "PWD_P21": "89.3", "PWD_P22": "96.3", "PWD_P23": "104.1", "PWD_P24": "112.5", "PWD_P25": "121.5", "PWD_P26": "131.3", "PWD_P27": "142.1", "PWD_P28": "154.0", "PWD_P29": "166.8", "PWD_P30": "180.2", "PWD_P31": "194.5", "PWD_P32": "209.6", "PWD_P33": "225.6", "PWD_P34": "243.2", "PWD_P35": "262.5", "PWD_P36": "284.1", "PWD_P37": "308.6", "PWD_P38": "335.1", "PWD_P39": "364.8", "PWD_P40": "397.3", "PWD_P41": "432.5", "PWD_P42": "470.0", "PWD_P43": "509.8", "PWD_P44": "550.6", "PWD_P45": "593.9", "PWD_P46": "642.0", "PWD_P47": "694.1", "PWD_P48": "749.9", "PWD_P49": "808.9", "PWD_P50": "873.6", "PWD_P51": "940.8", "PWD_P52": "1013.3", "PWD_P53": "1089.6", "PWD_P54": "1170.3", "PWD_P55": "1251.0", "PWD_P56": "1336.5", "PWD_P57": "1427.7", "PWD_P58": "1527.7", "PWD_P59": "1632.4", "PWD_P60": "1751.8", "PWD_P61": "1886.5", "PWD_P62": "2038.3", "PWD_P63": "2189.4", "PWD_P64": "2346.2", "PWD_P65": "2501.4", "PWD_P66": "2642.5", "PWD_P67": "2767.6", "PWD_P68": "2894.5", "PWD_P69": "3061.0", "PWD_P70": "3229.7", "PWD_P71": "3399.0", "PWD_P72": "3573.1", "PWD_P73": "3732.6", "PWD_P74": "3874.5", "PWD_P75": "4020.8", "PWD_P76": "4177.3", "PWD_P77": "4350.8", "PWD_P78": "4547.3", "PWD_P79": "4750.1", "PWD_P80": "4954.2", "PWD_P81": "5174.9", "PWD_P82": "5400.1", "PWD_P83": "5589.7", "PWD_P84": "5779.3", "PWD_P85": "5966.0", "PWD_P86": "6155.7", "PWD_P87": "6345.4", "PWD_P88": "6495.4", "PWD_P89": "6655.0", "PWD_P90": "6813.6", "PWD_P91": "7010.1", "PWD_P92": "7157.3", "PWD_P93": "7269.8", "PWD_P94": "7382.6", "PWD_P95": "7497.2", "PWD_P96": "7637.1", "PWD_P97": "7766.8", "PWD_P98": "7889.9", "PWD_P99": "8084.0", "PWD_P100": "8785.5" }, "geometry": { "type": "Point", "coordinates": [ -79.294357299804688, -1.420336604118347 ] } },
{ "type": "Feature", "id": 64, "properties": { "lon": -89.060478210449219, "lat": 13.720004081726074, "year": "2005", "ISO": "SLV", "ISO_No": "222", "Name": "El Salvador", "PWC_Lat": "13.7200040817261", "PWC_Lon": "-89.0604782104492", "Pop": "6052124", "Density": "298.1", "Area": "20305.3", "PWD_A": "2289.3", "PWD_G": "827.1", "PWD_M": "811.5", "PWD_P1": "45.9", "PWD_P2": "56.1", "PWD_P3": "64.7", "PWD_P4": "71.9", "PWD_P5": "77.7", "PWD_P6": "83.5", "PWD_P7": "89.2", "PWD_P8": "95.0", "PWD_P9": "100.8", "PWD_P10": "107.3", "PWD_P11": "113.7", "PWD_P12": "120.0", "PWD_P13": "126.1", "PWD_P14": "132.5", "PWD_P15": "138.9", "PWD_P16": "145.6", "PWD_P17": "152.3", "PWD_P18": "159.2", "PWD_P19": "166.2", "PWD_P20": "173.0", "PWD_P21": "180.0", "PWD_P22": "187.3", "PWD_P23": "195.0", "PWD_P24": "203.0", "PWD_P25": "211.0", "PWD_P26": "219.3", "PWD_P27": "228.1", "PWD_P28": "237.3", "PWD_P29": "247.2", "PWD_P30": "257.9", "PWD_P31": "269.1", "PWD_P32": "281.5", "PWD_P33": "295.1", "PWD_P34": "309.1", "PWD_P35": "323.8", "PWD_P36": "340.4", "PWD_P37": "356.8", "PWD_P38": "375.8", "PWD_P39": "397.5", "PWD_P40": "421.4", "PWD_P41": "447.4", "PWD_P42": "475.8", "PWD_P43": "507.4", "PWD_P44": "541.7", "PWD_P45": "578.6", "PWD_P46": "618.5", "PWD_P47": "661.8", "PWD_P48": "708.6", "PWD_P49": "759.2", "PWD_P50": "811.5", "PWD_P51": "868.8", "PWD_P52": "928.2", "PWD_P53": "996.4", "PWD_P54": "1074.7", "PWD_P55": "1150.2", "PWD_P56": "1225.2", "PWD_P57": "1307.8", "PWD_P58": "1393.1", "PWD_P59": "1475.8", "PWD_P60": "1561.2", "PWD_P61": "1654.4", "PWD_P62": "1748.5", "PWD_P63": "1848.2", "PWD_P64": "1949.3", "PWD_P65": "2049.7", "PWD_P66": "2149.9", "PWD_P67": "2254.8", "PWD_P68": "2368.1", "PWD_P69": "2485.0", "PWD_P70": "2623.8", "PWD_P71": "2772.2", "PWD_P72": "2910.5", "PWD_P73": "3047.9", "PWD_P74": "3161.9", "PWD_P75": "3250.2", "PWD_P76": "3353.3", "PWD_P77": "3491.9", "PWD_P78": "3686.6", "PWD_P79": "3875.5", "PWD_P80": "4031.6", "PWD_P81": "4181.0", "PWD_P82": "4373.4", "PWD_P83": "4710.3", "PWD_P84": "4984.3", "PWD_P85": "5381.1", "PWD_P86": "5672.6", "PWD_P87": "5930.8", "PWD_P88": "6106.1", "PWD_P89": "6258.9", "PWD_P90": "6416.5", "PWD_P91": "6598.9", "PWD_P92": "6888.2", "PWD_P93": "8369.7", "PWD_P94": "10021.0", "PWD_P95": "10533.6", "PWD_P96": "11023.8", "PWD_P97": "11267.6", "PWD_P98": "11458.2", "PWD_P99": "11755.7", "PWD_P100": "13652.3" }, "geometry": { "type": "Point", "coordinates": [ -89.060478210449219, 13.720004081726074 ] } },
{ "type": "Feature", "id": 65, "properties": { "lon": 9.9622087478637695, "lat": 2.1664242744445801, "year": "2005", "ISO": "GNQ", "ISO_No": "226", "Name": "Equatorial Guinea", "PWC_Lat": "2.16642427444458", "PWC_Lon": "9.96220874786377", "Pop": "749526", "Density": "27.7", "Area": "27057.0", "PWD_A": "131.6", "PWD_G": "50.9", "PWD_M": "35.9", "PWD_P1": "5.8", "PWD_P2": "6.7", "PWD_P3": "7.7", "PWD_P4": "8.5", "PWD_P5": "9.2", "PWD_P6": "10.0", "PWD_P7": "10.6", "PWD_P8": "11.3", "PWD_P9": "12.0", "PWD_P10": "12.6", "PWD_P11": "13.2", "PWD_P12": "13.8", "PWD_P13": "14.4", "PWD_P14": "14.9", "PWD_P15": "15.4", "PWD_P16": "16.0", "PWD_P17": "16.4", "PWD_P18": "16.9", "PWD_P19": "17.3", "PWD_P20": "17.8", "PWD_P21": "18.3", "PWD_P22": "18.8", "PWD_P23": "19.3", "PWD_P24": "19.9", "PWD_P25": "20.5", "PWD_P26": "21.0", "PWD_P27": "21.6", "PWD_P28": "22.1", "PWD_P29": "22.6", "PWD_P30": "23.1", "PWD_P31": "23.6", "PWD_P32": "24.1", "PWD_P33": "24.5", "PWD_P34": "25.1", "PWD_P35": "25.6", "PWD_P36": "26.2", "PWD_P37": "26.8", "PWD_P38": "27.4", "PWD_P39": "28.1", "PWD_P40": "28.7", "PWD_P41": "29.4", "PWD_P42": "30.0", "PWD_P43": "30.6", "PWD_P44": "31.2", "PWD_P45": "31.9", "PWD_P46": "32.6", "PWD_P47": "33.4", "PWD_P48": "34.2", "PWD_P49": "35.0", "PWD_P50": "35.9", "PWD_P51": "36.8", "PWD_P52": "37.8", "PWD_P53": "38.7", "PWD_P54": "39.7", "PWD_P55": "40.7", "PWD_P56": "41.9", "PWD_P57": "43.3", "PWD_P58": "44.9", "PWD_P59": "46.6", "PWD_P60": "48.1", "PWD_P61": "49.8", "PWD_P62": "51.8", "PWD_P63": "53.7", "PWD_P64": "56.1", "PWD_P65": "59.0", "PWD_P66": "62.1", "PWD_P67": "65.2", "PWD_P68": "68.9", "PWD_P69": "73.6", "PWD_P70": "78.7", "PWD_P71": "84.3", "PWD_P72": "93.2", "PWD_P73": "107.4", "PWD_P74": "123.7", "PWD_P75": "138.1", "PWD_P76": "150.7", "PWD_P77": "159.3", "PWD_P78": "169.8", "PWD_P79": "178.2", "PWD_P80": "186.3", "PWD_P81": "193.6", "PWD_P82": "201.3", "PWD_P83": "211.8", "PWD_P84": "219.6", "PWD_P85": "231.3", "PWD_P86": "253.9", "PWD_P87": "279.7", "PWD_P88": "300.8", "PWD_P89": "327.0", "PWD_P90": "366.8", "PWD_P91": "398.0", "PWD_P92": "461.7", "PWD_P93": "547.0", "PWD_P94": "640.2", "PWD_P95": "713.8", "PWD_P96": "793.4", "PWD_P97": "880.3", "PWD_P98": "930.4", "PWD_P99": "1066.3", "PWD_P100": "1566.6" }, "geometry": { "type": "Point", "coordinates": [ 9.96220874786377, 2.16642427444458 ] } },
{ "type": "Feature", "id": 66, "properties": { "lon": 38.6114, "lat": 9.108, "year": "2005", "ISO": "ETH", "ISO_No": "231", "Name": "Ethiopia", "PWC_Lat": "9.108", "PWC_Lon": "38.6114", "Pop": "76346310", "Density": "67.7", "Area": "1128529.1", "PWD_A": "1304.6", "PWD_G": "232.9", "PWD_M": "192.1", "PWD_P1": "5.2", "PWD_P2": "8.1", "PWD_P3": "11.2", "PWD_P4": "14.5", "PWD_P5": "18.0", "PWD_P6": "21.5", "PWD_P7": "25.4", "PWD_P8": "29.6", "PWD_P9": "33.7", "PWD_P10": "37.9", "PWD_P11": "41.8", "PWD_P12": "45.5", "PWD_P13": "49.0", "PWD_P14": "52.4", "PWD_P15": "55.7", "PWD_P16": "59.0", "PWD_P17": "62.4", "PWD_P18": "65.7", "PWD_P19": "68.9", "PWD_P20": "72.0", "PWD_P21": "75.0", "PWD_P22": "78.0", "PWD_P23": "81.1", "PWD_P24": "84.1", "PWD_P25": "87.1", "PWD_P26": "90.1", "PWD_P27": "93.2", "PWD_P28": "96.3", "PWD_P29": "99.5", "PWD_P30": "102.8", "PWD_P31": "106.2", "PWD_P32": "109.7", "PWD_P33": "113.2", "PWD_P34": "116.6", "PWD_P35": "120.1", "PWD_P36": "123.8", "PWD_P37": "127.6", "PWD_P38": "131.6", "PWD_P39": "135.7", "PWD_P40": "140.0", "PWD_P41": "144.4", "PWD_P42": "149.0", "PWD_P43": "153.9", "PWD_P44": "158.9", "PWD_P45": "164.1", "PWD_P46": "169.4", "PWD_P47": "174.9", "PWD_P48": "180.5", "PWD_P49": "186.2", "PWD_P50": "192.1", "PWD_P51": "198.4", "PWD_P52": "204.9", "PWD_P53": "211.7", "PWD_P54": "218.8", "PWD_P55": "226.3", "PWD_P56": "234.1", "PWD_P57": "242.4", "PWD_P58": "251.0", "PWD_P59": "259.9", "PWD_P60": "269.3", "PWD_P61": "279.4", "PWD_P62": "289.9", "PWD_P63": "301.0", "PWD_P64": "312.8", "PWD_P65": "325.4", "PWD_P66": "338.9", "PWD_P67": "353.6", "PWD_P68": "369.3", "PWD_P69": "386.7", "PWD_P70": "406.0", "PWD_P71": "427.4", "PWD_P72": "450.7", "PWD_P73": "475.7", "PWD_P74": "501.9", "PWD_P75": "528.7", "PWD_P76": "557.5", "PWD_P77": "589.8", "PWD_P78": "627.2", "PWD_P79": "669.0", "PWD_P80": "715.5", "PWD_P81": "768.1", "PWD_P82": "828.8", "PWD_P83": "901.2", "PWD_P84": "988.4", "PWD_P85": "1097.1", "PWD_P86": "1236.5", "PWD_P87": "1415.2", "PWD_P88": "1642.1", "PWD_P89": "1925.3", "PWD_P90": "2291.9", "PWD_P91": "2791.0", "PWD_P92": "3441.0", "PWD_P93": "4273.6", "PWD_P94": "5321.4", "PWD_P95": "6572.7", "PWD_P96": "8009.9", "PWD_P97": "10350.3", "PWD_P98": "14521.9", "PWD_P99": "23886.0", "PWD_P100": "48885.5" }, "geometry": { "type": "Point", "coordinates": [ 38.6114, 9.108 ] } },
{ "type": "Feature", "id": 67, "properties": { "lon": 38.596458435058594, "lat": 15.455810546875, "year": "2005", "ISO": "ERI", "ISO_No": "232", "Name": "Eritrea", "PWC_Lat": "15.455810546875", "PWC_Lon": "38.5964584350586", "Pop": "2826652", "Density": "23.5", "Area": "120383.3", "PWD_A": "401.8", "PWD_G": "82.7", "PWD_M": "63.9", "PWD_P1": "2.4", "PWD_P2": "3.5", "PWD_P3": "4.2", "PWD_P4": "4.9", "PWD_P5": "5.9", "PWD_P6": "6.9", "PWD_P7": "7.5", "PWD_P8": "8.1", "PWD_P9": "8.6", "PWD_P10": "9.2", "PWD_P11": "9.8", "PWD_P12": "10.5", "PWD_P13": "11.2", "PWD_P14": "11.9", "PWD_P15": "12.6", "PWD_P16": "13.4", "PWD_P17": "14.2", "PWD_P18": "15.0", "PWD_P19": "15.9", "PWD_P20": "16.9", "PWD_P21": "17.9", "PWD_P22": "18.9", "PWD_P23": "20.0", "PWD_P24": "21.2", "PWD_P25": "22.5", "PWD_P26": "23.8", "PWD_P27": "25.1", "PWD_P28": "26.3", "PWD_P29": "27.6", "PWD_P30": "28.8", "PWD_P31": "30.0", "PWD_P32": "31.2", "PWD_P33": "32.3", "PWD_P34": "33.5", "PWD_P35": "34.7", "PWD_P36": "35.9", "PWD_P37": "37.2", "PWD_P38": "38.5", "PWD_P39": "39.9", "PWD_P40": "41.4", "PWD_P41": "42.9", "PWD_P42": "44.6", "PWD_P43": "46.3", "PWD_P44": "48.3", "PWD_P45": "50.4", "PWD_P46": "52.7", "PWD_P47": "55.2", "PWD_P48": "57.8", "PWD_P49": "60.9", "PWD_P50": "63.9", "PWD_P51": "66.8", "PWD_P52": "69.7", "PWD_P53": "72.4", "PWD_P54": "75.4", "PWD_P55": "78.6", "PWD_P56": "82.0", "PWD_P57": "85.8", "PWD_P58": "90.2", "PWD_P59": "95.3", "PWD_P60": "100.7", "PWD_P61": "106.1", "PWD_P62": "111.4", "PWD_P63": "116.7", "PWD_P64": "122.6", "PWD_P65": "129.9", "PWD_P66": "139.8", "PWD_P67": "152.4", "PWD_P68": "166.4", "PWD_P69": "181.9", "PWD_P70": "200.3", "PWD_P71": "220.4", "PWD_P72": "241.2", "PWD_P73": "261.6", "PWD_P74": "284.4", "PWD_P75": "307.7", "PWD_P76": "332.0", "PWD_P77": "359.9", "PWD_P78": "392.4", "PWD_P79": "431.1", "PWD_P80": "474.2", "PWD_P81": "524.0", "PWD_P82": "579.3", "PWD_P83": "632.8", "PWD_P84": "691.5", "PWD_P85": "762.4", "PWD_P86": "833.7", "PWD_P87": "915.3", "PWD_P88": "1003.0", "PWD_P89": "1093.2", "PWD_P90": "1208.8", "PWD_P91": "1345.9", "PWD_P92": "1511.7", "PWD_P93": "1728.0", "PWD_P94": "2051.1", "PWD_P95": "2389.2", "PWD_P96": "2892.7", "PWD_P97": "3425.5", "PWD_P98": "3672.0", "PWD_P99": "3906.7", "PWD_P100": "4637.3" }, "geometry": { "type": "Point", "coordinates": [ 38.596458435058594, 15.455810546875 ] } },
{ "type": "Feature", "id": 68, "properties": { "lon": 25.594385147094727, "lat": 58.982254028320312, "year": "2005", "ISO": "EST", "ISO_No": "233", "Name": "Estonia", "PWC_Lat": "58.9822540283203", "PWC_Lon": "25.5943851470947", "Pop": "1355650", "Density": "31.3", "Area": "43255.8", "PWD_A": "2818.9", "PWD_G": "892.3", "PWD_M": "1802.1", "PWD_P1": "1.8", "PWD_P2": "3.0", "PWD_P3": "4.2", "PWD_P4": "5.6", "PWD_P5": "7.2", "PWD_P6": "9.2", "PWD_P7": "11.7", "PWD_P8": "15.0", "PWD_P9": "19.2", "PWD_P10": "24.6", "PWD_P11": "31.6", "PWD_P12": "40.3", "PWD_P13": "50.9", "PWD_P14": "63.3", "PWD_P15": "77.6", "PWD_P16": "93.9", "PWD_P17": "112.5", "PWD_P18": "133.4", "PWD_P19": "155.9", "PWD_P20": "181.3", "PWD_P21": "209.1", "PWD_P22": "239.0", "PWD_P23": "272.0", "PWD_P24": "305.9", "PWD_P25": "342.7", "PWD_P26": "380.4", "PWD_P27": "418.6", "PWD_P28": "456.6", "PWD_P29": "496.3", "PWD_P30": "536.9", "PWD_P31": "580.2", "PWD_P32": "625.6", "PWD_P33": "673.8", "PWD_P34": "722.8", "PWD_P35": "772.6", "PWD_P36": "822.9", "PWD_P37": "875.8", "PWD_P38": "933.1", "PWD_P39": "992.7", "PWD_P40": "1052.7", "PWD_P41": "1119.3", "PWD_P42": "1184.6", "PWD_P43": "1248.9", "PWD_P44": "1317.4", "PWD_P45": "1385.0", "PWD_P46": "1459.6", "PWD_P47": "1544.3", "PWD_P48": "1629.9", "PWD_P49": "1710.8", "PWD_P50": "1802.1", "PWD_P51": "1901.7", "PWD_P52": "2001.2", "PWD_P53": "2100.4", "PWD_P54": "2201.8", "PWD_P55": "2307.0", "PWD_P56": "2407.8", "PWD_P57": "2512.4", "PWD_P58": "2615.4", "PWD_P59": "2716.2", "PWD_P60": "2821.0", "PWD_P61": "2926.0", "PWD_P62": "3035.7", "PWD_P63": "3151.9", "PWD_P64": "3261.1", "PWD_P65": "3387.0", "PWD_P66": "3521.2", "PWD_P67": "3655.1", "PWD_P68": "3799.5", "PWD_P69": "3932.4", "PWD_P70": "4077.4", "PWD_P71": "4188.8", "PWD_P72": "4267.1", "PWD_P73": "4336.6", "PWD_P74": "4434.0", "PWD_P75": "4557.3", "PWD_P76": "4668.5", "PWD_P77": "4781.4", "PWD_P78": "4910.1", "PWD_P79": "5057.0", "PWD_P80": "5226.1", "PWD_P81": "5385.9", "PWD_P82": "5534.7", "PWD_P83": "5685.9", "PWD_P84": "5863.9", "PWD_P85": "6091.2", "PWD_P86": "6338.5", "PWD_P87": "6562.8", "PWD_P88": "6725.8", "PWD_P89": "6891.1", "PWD_P90": "7158.3", "PWD_P91": "7542.1", "PWD_P92": "7884.1", "PWD_P93": "8224.1", "PWD_P94": "8710.7", "PWD_P95": "9232.9", "PWD_P96": "9691.2", "PWD_P97": "10053.0", "PWD_P98": "10307.7", "PWD_P99": "10582.1", "PWD_P100": "11673.0" }, "geometry": { "type": "Point", "coordinates": [ 25.594385147094727, 58.982254028320312 ] } },
{ "type": "Feature", "id": 69, "properties": { "lon": -6.8150434494018555, "lat": 62.036468505859375, "year": "2005", "ISO": "FRO", "ISO_No": "234", "Name": "Faroe Islands", "PWC_Lat": "62.0364685058594", "PWC_Lon": "-6.81504344940186", "Pop": "47731", "Density": "33.4", "Area": "1429.5", "PWD_A": "432.4", "PWD_G": "151.6", "PWD_M": "166.5", "PWD_P1": "2.8", "PWD_P2": "4.3", "PWD_P3": "5.5", "PWD_P4": "6.8", "PWD_P5": "8.1", "PWD_P6": "9.2", "PWD_P7": "10.4", "PWD_P8": "11.6", "PWD_P9": "12.9", "PWD_P10": "14.1", "PWD_P11": "15.5", "PWD_P12": "17.0", "PWD_P13": "18.5", "PWD_P14": "20.2", "PWD_P15": "21.9", "PWD_P16": "23.7", "PWD_P17": "25.6", "PWD_P18": "27.5", "PWD_P19": "29.4", "PWD_P20": "31.5", "PWD_P21": "33.5", "PWD_P22": "35.7", "PWD_P23": "37.9", "PWD_P24": "40.2", "PWD_P25": "42.7", "PWD_P26": "45.3", "PWD_P27": "47.9", "PWD_P28": "50.7", "PWD_P29": "53.8", "PWD_P30": "56.8", "PWD_P31": "60.0", "PWD_P32": "63.3", "PWD_P33": "66.8", "PWD_P34": "70.3", "PWD_P35": "74.2", "PWD_P36": "78.4", "PWD_P37": "82.9", "PWD_P38": "88.0", "PWD_P39": "93.3", "PWD_P40": "98.6", "PWD_P41": "103.4", "PWD_P42": "108.8", "PWD_P43": "114.6", "PWD_P44": "120.9", "PWD_P45": "127.7", "PWD_P46": "134.7", "PWD_P47": "142.0", "PWD_P48": "150.0", "PWD_P49": "157.9", "PWD_P50": "166.5", "PWD_P51": "174.5", "PWD_P52": "183.8", "PWD_P53": "195.8", "PWD_P54": "208.7", "PWD_P55": "222.8", "PWD_P56": "236.4", "PWD_P57": "250.6", "PWD_P58": "264.3", "PWD_P59": "279.1", "PWD_P60": "294.9", "PWD_P61": "309.7", "PWD_P62": "325.4", "PWD_P63": "342.0", "PWD_P64": "362.0", "PWD_P65": "388.0", "PWD_P66": "413.1", "PWD_P67": "438.3", "PWD_P68": "467.1", "PWD_P69": "497.8", "PWD_P70": "527.7", "PWD_P71": "550.4", "PWD_P72": "572.8", "PWD_P73": "597.3", "PWD_P74": "637.4", "PWD_P75": "678.6", "PWD_P76": "738.9", "PWD_P77": "782.1", "PWD_P78": "815.6", "PWD_P79": "852.9", "PWD_P80": "921.5", "PWD_P81": "1021.7", "PWD_P82": "1112.5", "PWD_P83": "1186.9", "PWD_P84": "1228.4", "PWD_P85": "1268.2", "PWD_P86": "1297.2", "PWD_P87": "1322.8", "PWD_P88": "1341.3", "PWD_P89": "1363.1", "PWD_P90": "1382.5", "PWD_P91": "1402.6", "PWD_P92": "1424.0", "PWD_P93": "1447.1", "PWD_P94": "1470.1", "PWD_P95": "1492.5", "PWD_P96": "1513.5", "PWD_P97": "1538.9", "PWD_P98": "1573.5", "PWD_P99": "1618.0", "PWD_P100": "1749.6" }, "geometry": { "type": "Point", "coordinates": [ -6.815043449401855, 62.036468505859375 ] } },
{ "type": "Feature", "id": 70, "properties": { "lon": -58.132972717285156, "lat": -51.724040985107422, "year": "2005", "ISO": "FLK", "ISO_No": "238", "Name": "Falkland Islands", "PWC_Lat": "-51.7240409851074", "PWC_Lon": "-58.1329727172852", "Pop": "2950", "Density": "0.2", "Area": "12552.5", "PWD_A": "80.8", "PWD_G": "29.3", "PWD_M": "60.6", "PWD_P1": "0.0", "PWD_P2": "0.0", "PWD_P3": "0.0", "PWD_P4": "0.0", "PWD_P5": "0.0", "PWD_P6": "0.1", "PWD_P7": "0.1", "PWD_P8": "0.2", "PWD_P9": "0.4", "PWD_P10": "0.9", "PWD_P11": "1.3", "PWD_P12": "2.1", "PWD_P13": "5.1", "PWD_P14": "8.6", "PWD_P15": "12.4", "PWD_P16": "13.8", "PWD_P17": "15.4", "PWD_P18": "16.6", "PWD_P19": "17.5", "PWD_P20": "18.8", "PWD_P21": "19.5", "PWD_P22": "20.3", "PWD_P23": "21.1", "PWD_P24": "21.7", "PWD_P25": "22.4", "PWD_P26": "23.5", "PWD_P27": "24.3", "PWD_P28": "25.1", "PWD_P29": "26.1", "PWD_P30": "26.9", "PWD_P31": "27.8", "PWD_P32": "28.9", "PWD_P33": "30.3", "PWD_P34": "31.5", "PWD_P35": "33.0", "PWD_P36": "34.4", "PWD_P37": "35.8", "PWD_P38": "37.3", "PWD_P39": "39.1", "PWD_P40": "41.5", "PWD_P41": "43.1", "PWD_P42": "44.3", "PWD_P43": "45.3", "PWD_P44": "47.1", "PWD_P45": "49.9", "PWD_P46": "51.9", "PWD_P47": "53.4", "PWD_P48": "56.0", "PWD_P49": "58.2", "PWD_P50": "60.6", "PWD_P51": "61.9", "PWD_P52": "63.1", "PWD_P53": "64.6", "PWD_P54": "66.6", "PWD_P55": "68.3", "PWD_P56": "70.2", "PWD_P57": "72.4", "PWD_P58": "74.4", "PWD_P59": "86.3", "PWD_P60": "91.2", "PWD_P61": "95.4", "PWD_P62": "98.4", "PWD_P63": "101.9", "PWD_P64": "105.1", "PWD_P65": "108.8", "PWD_P66": "118.6", "PWD_P67": "121.6", "PWD_P68": "125.2", "PWD_P69": "129.8", "PWD_P70": "133.7", "PWD_P71": "136.2", "PWD_P72": "138.1", "PWD_P73": "141.7", "PWD_P74": "144.0", "PWD_P75": "145.1", "PWD_P76": "145.9", "PWD_P77": "146.5", "PWD_P78": "147.4", "PWD_P79": "148.4", "PWD_P80": "149.4", "PWD_P81": "150.9", "PWD_P82": "153.9", "PWD_P83": "156.7", "PWD_P84": "158.4", "PWD_P85": "160.5", "PWD_P86": "163.4", "PWD_P87": "167.9", "PWD_P88": "173.6", "PWD_P89": "178.4", "PWD_P90": "181.1", "PWD_P91": "184.5", "PWD_P92": "188.3", "PWD_P93": "192.6", "PWD_P94": "199.3", "PWD_P95": "204.3", "PWD_P96": "207.7", "PWD_P97": "210.0", "PWD_P98": "216.2", "PWD_P99": "220.1", "PWD_P100": "239.7" }, "geometry": { "type": "Point", "coordinates": [ -58.132972717285156, -51.724040985107422 ] } },
{ "type": "Feature", "id": 71, "properties": { "lon": 178.3139, "lat": -17.6683, "year": "2005", "ISO": "FJI", "ISO_No": "242", "Name": "Fiji", "PWC_Lat": "-17.6683", "PWC_Lon": "178.3139", "Pop": "821606", "Density": "42.8", "Area": "19217.6", "PWD_A": "2512.2", "PWD_G": "393.9", "PWD_M": "396.6", "PWD_P1": "3.1", "PWD_P2": "4.5", "PWD_P3": "6.0", "PWD_P4": "7.3", "PWD_P5": "8.6", "PWD_P6": "10.1", "PWD_P7": "11.6", "PWD_P8": "13.2", "PWD_P9": "14.9", "PWD_P10": "16.7", "PWD_P11": "18.5", "PWD_P12": "20.4", "PWD_P13": "22.3", "PWD_P14": "24.3", "PWD_P15": "26.5", "PWD_P16": "28.9", "PWD_P17": "31.5", "PWD_P18": "34.2", "PWD_P19": "37.1", "PWD_P20": "40.2", "PWD_P21": "43.7", "PWD_P22": "47.6", "PWD_P23": "51.6", "PWD_P24": "55.8", "PWD_P25": "60.4", "PWD_P26": "65.3", "PWD_P27": "70.9", "PWD_P28": "76.7", "PWD_P29": "83.1", "PWD_P30": "89.9", "PWD_P31": "96.7", "PWD_P32": "103.9", "PWD_P33": "111.7", "PWD_P34": "119.9", "PWD_P35": "128.4", "PWD_P36": "137.7", "PWD_P37": "147.8", "PWD_P38": "159.2", "PWD_P39": "171.9", "PWD_P40": "185.8", "PWD_P41": "201.1", "PWD_P42": "216.7", "PWD_P43": "233.9", "PWD_P44": "251.3", "PWD_P45": "270.3", "PWD_P46": "290.9", "PWD_P47": "313.0", "PWD_P48": "337.4", "PWD_P49": "364.7", "PWD_P50": "396.6", "PWD_P51": "432.5", "PWD_P52": "470.6", "PWD_P53": "514.2", "PWD_P54": "564.5", "PWD_P55": "618.4", "PWD_P56": "676.3", "PWD_P57": "740.6", "PWD_P58": "812.3", "PWD_P59": "892.9", "PWD_P60": "979.0", "PWD_P61": "1066.6", "PWD_P62": "1163.0", "PWD_P63": "1270.1", "PWD_P64": "1376.7", "PWD_P65": "1489.7", "PWD_P66": "1613.9", "PWD_P67": "1738.9", "PWD_P68": "1873.7", "PWD_P69": "2028.9", "PWD_P70": "2213.7", "PWD_P71": "2413.1", "PWD_P72": "2605.6", "PWD_P73": "2819.1", "PWD_P74": "3034.3", "PWD_P75": "3241.4", "PWD_P76": "3475.8", "PWD_P77": "3709.5", "PWD_P78": "3924.4", "PWD_P79": "4169.7", "PWD_P80": "4428.8", "PWD_P81": "4696.7", "PWD_P82": "5022.1", "PWD_P83": "5346.9", "PWD_P84": "5702.9", "PWD_P85": "6052.7", "PWD_P86": "6437.5", "PWD_P87": "6742.4", "PWD_P88": "7084.6", "PWD_P89": "7468.8", "PWD_P90": "7856.8", "PWD_P91": "8363.4", "PWD_P92": "8797.3", "PWD_P93": "9239.0", "PWD_P94": "10012.0", "PWD_P95": "11036.2", "PWD_P96": "12346.0", "PWD_P97": "14030.9", "PWD_P98": "15600.5", "PWD_P99": "20390.4", "PWD_P100": "44932.3" }, "geometry": { "type": "Point", "coordinates": [ 178.3139, -17.6683 ] } },
{ "type": "Feature", "id": 72, "properties": { "lon": 24.957822799682617, "lat": 61.762035369873047, "year": "2005", "ISO": "FIN", "ISO_No": "246", "Name": "Finland", "PWC_Lat": "61.762035369873", "PWC_Lon": "24.9578227996826", "Pop": "5258933", "Density": "17.1", "Area": "307940.1", "PWD_A": "706.2", "PWD_G": "192.6", "PWD_M": "270.8", "PWD_P1": "1.2", "PWD_P2": "1.9", "PWD_P3": "2.5", "PWD_P4": "3.3", "PWD_P5": "4.1", "PWD_P6": "5.0", "PWD_P7": "6.0", "PWD_P8": "7.1", "PWD_P9": "8.3", "PWD_P10": "9.6", "PWD_P11": "11.2", "PWD_P12": "12.8", "PWD_P13": "14.7", "PWD_P14": "16.7", "PWD_P15": "19.0", "PWD_P16": "21.5", "PWD_P17": "24.2", "PWD_P18": "27.2", "PWD_P19": "30.4", "PWD_P20": "33.8", "PWD_P21": "37.4", "PWD_P22": "41.3", "PWD_P23": "45.4", "PWD_P24": "49.7", "PWD_P25": "54.4", "PWD_P26": "59.2", "PWD_P27": "64.2", "PWD_P28": "69.5", "PWD_P29": "75.1", "PWD_P30": "80.9", "PWD_P31": "87.0", "PWD_P32": "93.3", "PWD_P33": "100.0", "PWD_P34": "106.9", "PWD_P35": "114.4", "PWD_P36": "122.2", "PWD_P37": "130.3", "PWD_P38": "139.0", "PWD_P39": "147.9", "PWD_P40": "157.2", "PWD_P41": "166.6", "PWD_P42": "176.3", "PWD_P43": "186.5", "PWD_P44": "197.0", "PWD_P45": "208.1", "PWD_P46": "219.7", "PWD_P47": "231.6", "PWD_P48": "244.3", "PWD_P49": "257.1", "PWD_P50": "270.8", "PWD_P51": "285.6", "PWD_P52": "301.0", "PWD_P53": "317.1", "PWD_P54": "333.9", "PWD_P55": "351.3", "PWD_P56": "368.4", "PWD_P57": "385.5", "PWD_P58": "403.6", "PWD_P59": "422.9", "PWD_P60": "445.1", "PWD_P61": "468.4", "PWD_P62": "492.8", "PWD_P63": "515.1", "PWD_P64": "536.5", "PWD_P65": "558.1", "PWD_P66": "580.9", "PWD_P67": "607.6", "PWD_P68": "641.4", "PWD_P69": "678.8", "PWD_P70": "721.5", "PWD_P71": "764.6", "PWD_P72": "805.2", "PWD_P73": "843.1", "PWD_P74": "885.5", "PWD_P75": "930.1", "PWD_P76": "976.8", "PWD_P77": "1025.9", "PWD_P78": "1069.9", "PWD_P79": "1113.2", "PWD_P80": "1157.8", "PWD_P81": "1205.5", "PWD_P82": "1251.4", "PWD_P83": "1294.6", "PWD_P84": "1340.2", "PWD_P85": "1397.8", "PWD_P86": "1464.2", "PWD_P87": "1535.6", "PWD_P88": "1614.8", "PWD_P89": "1714.9", "PWD_P90": "1909.4", "PWD_P91": "2751.3", "PWD_P92": "3047.2", "PWD_P93": "3202.2", "PWD_P94": "3330.8", "PWD_P95": "3461.9", "PWD_P96": "3568.9", "PWD_P97": "3663.1", "PWD_P98": "3757.8", "PWD_P99": "3882.0", "PWD_P100": "4467.9" }, "geometry": { "type": "Point", "coordinates": [ 24.957822799682617, 61.762035369873047 ] } },
{ "type": "Feature", "id": 73, "properties": { "lon": 2.6641991138458252, "lat": 47.132686614990234, "year": "2005", "ISO": "FRA", "ISO_No": "250", "Name": "France", "PWC_Lat": "47.1326866149902", "PWC_Lon": "2.66419911384583", "Pop": "61120128", "Density": "112.0", "Area": "545584.7", "PWD_A": "3839.5", "PWD_G": "887.7", "PWD_M": "1161.8", "PWD_P1": "9.0", "PWD_P2": "12.7", "PWD_P3": "15.8", "PWD_P4": "18.9", "PWD_P5": "22.1", "PWD_P6": "25.4", "PWD_P7": "29.0", "PWD_P8": "32.9", "PWD_P9": "37.1", "PWD_P10": "41.6", "PWD_P11": "46.5", "PWD_P12": "51.9", "PWD_P13": "57.8", "PWD_P14": "64.2", "PWD_P15": "71.2", "PWD_P16": "78.9", "PWD_P17": "87.3", "PWD_P18": "96.5", "PWD_P19": "106.5", "PWD_P20": "117.5", "PWD_P21": "129.4", "PWD_P22": "142.4", "PWD_P23": "156.4", "PWD_P24": "171.7", "PWD_P25": "188.5", "PWD_P26": "206.8", "PWD_P27": "226.7", "PWD_P28": "248.2", "PWD_P29": "271.6", "PWD_P30": "296.4", "PWD_P31": "322.9", "PWD_P32": "351.0", "PWD_P33": "380.6", "PWD_P34": "411.5", "PWD_P35": "443.9", "PWD_P36": "478.0", "PWD_P37": "513.8", "PWD_P38": "551.2", "PWD_P39": "590.8", "PWD_P40": "632.1", "PWD_P41": "674.9", "PWD_P42": "719.8", "PWD_P43": "766.4", "PWD_P44": "815.0", "PWD_P45": "865.3", "PWD_P46": "917.6", "PWD_P47": "973.1", "PWD_P48": "1032.0", "PWD_P49": "1094.7", "PWD_P50": "1161.8", "PWD_P51": "1234.5", "PWD_P52": "1313.5", "PWD_P53": "1399.4", "PWD_P54": "1491.9", "PWD_P55": "1591.3", "PWD_P56": "1698.5", "PWD_P57": "1815.6", "PWD_P58": "1940.7", "PWD_P59": "2073.2", "PWD_P60": "2213.2", "PWD_P61": "2360.1", "PWD_P62": "2513.0", "PWD_P63": "2668.7", "PWD_P64": "2829.8", "PWD_P65": "2993.7", "PWD_P66": "3162.6", "PWD_P67": "3331.8", "PWD_P68": "3508.0", "PWD_P69": "3688.5", "PWD_P70": "3875.0", "PWD_P71": "4061.3", "PWD_P72": "4249.5", "PWD_P73": "4437.6", "PWD_P74": "4630.8", "PWD_P75": "4831.3", "PWD_P76": "5039.2", "PWD_P77": "5261.9", "PWD_P78": "5489.7", "PWD_P79": "5725.8", "PWD_P80": "5981.0", "PWD_P81": "6249.0", "PWD_P82": "6535.5", "PWD_P83": "6837.9", "PWD_P84": "7162.6", "PWD_P85": "7502.8", "PWD_P86": "7870.2", "PWD_P87": "8289.7", "PWD_P88": "8732.3", "PWD_P89": "9230.2", "PWD_P90": "9768.7", "PWD_P91": "10436.9", "PWD_P92": "11300.2", "PWD_P93": "12347.3", "PWD_P94": "14024.9", "PWD_P95": "16345.3", "PWD_P96": "19789.5", "PWD_P97": "24208.4", "PWD_P98": "28348.2", "PWD_P99": "33009.3", "PWD_P100": "52321.1" }, "geometry": { "type": "Point", "coordinates": [ 2.664199113845825, 47.132686614990234 ] } },
{ "type": "Feature", "id": 74, "properties": { "lon": -52.858993530273438, "lat": 4.9337315559387207, "year": "2005", "ISO": "GUF", "ISO_No": "254", "Name": "French Guiana", "PWC_Lat": "4.93373155593872", "PWC_Lon": "-52.8589935302734", "Pop": "202972", "Density": "2.4", "Area": "83065.1", "PWD_A": "838.7", "PWD_G": "131.4", "PWD_M": "266.6", "PWD_P1": "0.1", "PWD_P2": "0.2", "PWD_P3": "0.3", "PWD_P4": "0.4", "PWD_P5": "0.6", "PWD_P6": "0.7", "PWD_P7": "0.8", "PWD_P8": "0.9", "PWD_P9": "1.2", "PWD_P10": "1.4", "PWD_P11": "1.7", "PWD_P12": "2.1", "PWD_P13": "2.6", "PWD_P14": "3.2", "PWD_P15": "4.2", "PWD_P16": "5.5", "PWD_P17": "6.9", "PWD_P18": "8.7", "PWD_P19": "10.9", "PWD_P20": "13.3", "PWD_P21": "16.1", "PWD_P22": "19.9", "PWD_P23": "23.7", "PWD_P24": "26.9", "PWD_P25": "30.3", "PWD_P26": "33.8", "PWD_P27": "37.1", "PWD_P28": "40.6", "PWD_P29": "44.7", "PWD_P30": "49.1", "PWD_P31": "54.0", "PWD_P32": "58.8", "PWD_P33": "64.1", "PWD_P34": "69.8", "PWD_P35": "76.1", "PWD_P36": "83.3", "PWD_P37": "91.2", "PWD_P38": "97.8", "PWD_P39": "105.0", "PWD_P40": "114.8", "PWD_P41": "127.2", "PWD_P42": "141.1", "PWD_P43": "154.4", "PWD_P44": "167.5", "PWD_P45": "181.5", "PWD_P46": "196.5", "PWD_P47": "212.4", "PWD_P48": "228.8", "PWD_P49": "246.3", "PWD_P50": "266.6", "PWD_P51": "289.6", "PWD_P52": "309.1", "PWD_P53": "328.4", "PWD_P54": "348.0", "PWD_P55": "364.8", "PWD_P56": "379.4", "PWD_P57": "393.3", "PWD_P58": "407.1", "PWD_P59": "419.4", "PWD_P60": "433.3", "PWD_P61": "447.1", "PWD_P62": "463.4", "PWD_P63": "483.4", "PWD_P64": "510.7", "PWD_P65": "537.4", "PWD_P66": "569.7", "PWD_P67": "608.7", "PWD_P68": "647.4", "PWD_P69": "688.6", "PWD_P70": "740.5", "PWD_P71": "832.3", "PWD_P72": "1095.7", "PWD_P73": "1327.5", "PWD_P74": "1472.8", "PWD_P75": "1606.0", "PWD_P76": "1669.5", "PWD_P77": "1717.1", "PWD_P78": "1757.9", "PWD_P79": "1817.9", "PWD_P80": "1890.0", "PWD_P81": "1971.5", "PWD_P82": "2071.5", "PWD_P83": "2149.8", "PWD_P84": "2241.7", "PWD_P85": "2323.8", "PWD_P86": "2410.4", "PWD_P87": "2494.2", "PWD_P88": "2593.4", "PWD_P89": "2716.8", "PWD_P90": "2820.5", "PWD_P91": "2931.9", "PWD_P92": "3054.1", "PWD_P93": "3178.6", "PWD_P94": "3260.3", "PWD_P95": "3337.6", "PWD_P96": "3415.6", "PWD_P97": "3496.9", "PWD_P98": "3669.5", "PWD_P99": "3905.7", "PWD_P100": "4599.1" }, "geometry": { "type": "Point", "coordinates": [ -52.858993530273438, 4.933731555938721 ] } },
{ "type": "Feature", "id": 75, "properties": { "lon": -149.08560180664062, "lat": -17.280302047729492, "year": "2005", "ISO": "PYF", "ISO_No": "258", "Name": "French Polynesia", "PWC_Lat": "-17.2803020477295", "PWC_Lon": "-149.085601806641", "Pop": "258780", "Density": "56.3", "Area": "4599.4", "PWD_A": "444.2", "PWD_G": "191.9", "PWD_M": "187.7", "PWD_P1": "5.2", "PWD_P2": "6.8", "PWD_P3": "8.2", "PWD_P4": "9.7", "PWD_P5": "11.8", "PWD_P6": "14.2", "PWD_P7": "16.1", "PWD_P8": "17.7", "PWD_P9": "19.1", "PWD_P10": "21.4", "PWD_P11": "24.1", "PWD_P12": "27.7", "PWD_P13": "31.3", "PWD_P14": "33.9", "PWD_P15": "36.9", "PWD_P16": "40.5", "PWD_P17": "44.0", "PWD_P18": "47.1", "PWD_P19": "50.3", "PWD_P20": "53.5", "PWD_P21": "56.8", "PWD_P22": "60.2", "PWD_P23": "64.2", "PWD_P24": "69.0", "PWD_P25": "74.6", "PWD_P26": "79.6", "PWD_P27": "83.8", "PWD_P28": "87.8", "PWD_P29": "91.7", "PWD_P30": "95.6", "PWD_P31": "99.4", "PWD_P32": "102.8", "PWD_P33": "106.3", "PWD_P34": "110.0", "PWD_P35": "113.6", "PWD_P36": "117.5", "PWD_P37": "121.7", "PWD_P38": "126.3", "PWD_P39": "130.9", "PWD_P40": "135.7", "PWD_P41": "140.2", "PWD_P42": "144.6", "PWD_P43": "148.9", "PWD_P44": "153.3", "PWD_P45": "158.0", "PWD_P46": "162.5", "PWD_P47": "167.3", "PWD_P48": "172.5", "PWD_P49": "178.7", "PWD_P50": "187.7", "PWD_P51": "199.7", "PWD_P52": "219.8", "PWD_P53": "238.3", "PWD_P54": "251.6", "PWD_P55": "263.8", "PWD_P56": "284.3", "PWD_P57": "300.9", "PWD_P58": "315.6", "PWD_P59": "332.8", "PWD_P60": "358.2", "PWD_P61": "383.8", "PWD_P62": "412.8", "PWD_P63": "437.0", "PWD_P64": "457.5", "PWD_P65": "478.1", "PWD_P66": "500.1", "PWD_P67": "520.9", "PWD_P68": "539.6", "PWD_P69": "557.6", "PWD_P70": "574.1", "PWD_P71": "591.4", "PWD_P72": "610.4", "PWD_P73": "628.1", "PWD_P74": "650.9", "PWD_P75": "673.1", "PWD_P76": "691.7", "PWD_P77": "713.7", "PWD_P78": "744.7", "PWD_P79": "778.6", "PWD_P80": "824.3", "PWD_P81": "859.7", "PWD_P82": "900.1", "PWD_P83": "939.4", "PWD_P84": "978.0", "PWD_P85": "1017.2", "PWD_P86": "1053.9", "PWD_P87": "1093.5", "PWD_P88": "1142.9", "PWD_P89": "1189.3", "PWD_P90": "1230.6", "PWD_P91": "1280.5", "PWD_P92": "1347.9", "PWD_P93": "1383.5", "PWD_P94": "1412.6", "PWD_P95": "1457.4", "PWD_P96": "1541.4", "PWD_P97": "1759.8", "PWD_P98": "2013.2", "PWD_P99": "2103.5", "PWD_P100": "2285.4" }, "geometry": { "type": "Point", "coordinates": [ -149.085601806640625, -17.280302047729492 ] } },
{ "type": "Feature", "id": 76, "properties": { "lon": 42.936023712158203, "lat": 11.553313255310059, "year": "2005", "ISO": "DJI", "ISO_No": "262", "Name": "Djibouti", "PWC_Lat": "11.5533132553101", "PWC_Lon": "42.9360237121582", "Pop": "783248", "Density": "36.2", "Area": "21614.8", "PWD_A": "4526.2", "PWD_G": "788.4", "PWD_M": "3175.3", "PWD_P1": "3.6", "PWD_P2": "4.5", "PWD_P3": "5.3", "PWD_P4": "5.9", "PWD_P5": "6.4", "PWD_P6": "6.9", "PWD_P7": "7.4", "PWD_P8": "8.1", "PWD_P9": "8.8", "PWD_P10": "9.7", "PWD_P11": "10.6", "PWD_P12": "11.5", "PWD_P13": "12.6", "PWD_P14": "13.7", "PWD_P15": "15.0", "PWD_P16": "16.5", "PWD_P17": "18.2", "PWD_P18": "20.1", "PWD_P19": "22.2", "PWD_P20": "24.1", "PWD_P21": "26.4", "PWD_P22": "29.8", "PWD_P23": "33.7", "PWD_P24": "38.3", "PWD_P25": "43.2", "PWD_P26": "49.0", "PWD_P27": "57.5", "PWD_P28": "67.0", "PWD_P29": "80.3", "PWD_P30": "102.1", "PWD_P31": "135.0", "PWD_P32": "169.1", "PWD_P33": "214.8", "PWD_P34": "286.3", "PWD_P35": "385.3", "PWD_P36": "485.9", "PWD_P37": "573.9", "PWD_P38": "671.1", "PWD_P39": "799.7", "PWD_P40": "947.2", "PWD_P41": "1129.7", "PWD_P42": "1289.4", "PWD_P43": "1545.3", "PWD_P44": "1871.7", "PWD_P45": "2184.0", "PWD_P46": "2453.1", "PWD_P47": "2716.4", "PWD_P48": "2889.6", "PWD_P49": "3036.2", "PWD_P50": "3175.3", "PWD_P51": "3369.0", "PWD_P52": "3558.7", "PWD_P53": "3779.9", "PWD_P54": "3990.0", "PWD_P55": "4325.4", "PWD_P56": "4594.0", "PWD_P57": "4857.4", "PWD_P58": "5082.0", "PWD_P59": "5320.0", "PWD_P60": "5548.7", "PWD_P61": "5801.6", "PWD_P62": "6064.2", "PWD_P63": "6275.5", "PWD_P64": "6519.2", "PWD_P65": "6794.9", "PWD_P66": "7155.4", "PWD_P67": "7551.4", "PWD_P68": "8011.7", "PWD_P69": "8364.1", "PWD_P70": "8618.6", "PWD_P71": "8833.5", "PWD_P72": "9044.4", "PWD_P73": "9226.7", "PWD_P74": "9409.1", "PWD_P75": "9590.7", "PWD_P76": "9706.9", "PWD_P77": "9844.9", "PWD_P78": "9959.3", "PWD_P79": "10058.4", "PWD_P80": "10174.1", "PWD_P81": "10288.3", "PWD_P82": "10383.9", "PWD_P83": "10474.6", "PWD_P84": "10566.7", "PWD_P85": "10620.9", "PWD_P86": "10700.1", "PWD_P87": "10776.4", "PWD_P88": "10866.5", "PWD_P89": "10935.5", "PWD_P90": "10989.2", "PWD_P91": "11026.1", "PWD_P92": "11069.6", "PWD_P93": "11122.0", "PWD_P94": "11172.1", "PWD_P95": "11220.0", "PWD_P96": "11274.9", "PWD_P97": "11340.8", "PWD_P98": "11406.0", "PWD_P99": "11483.7", "PWD_P100": "11747.4" }, "geometry": { "type": "Point", "coordinates": [ 42.936023712158203, 11.553313255310059 ] } },
{ "type": "Feature", "id": 77, "properties": { "lon": 10.836396217346191, "lat": -0.27504295110702515, "year": "2005", "ISO": "GAB", "ISO_No": "266", "Name": "Gabon", "PWC_Lat": "-0.275042951107025", "PWC_Lon": "10.8363962173462", "Pop": "1390550", "Density": "5.3", "Area": "262820.0", "PWD_A": "687.8", "PWD_G": "55.9", "PWD_M": "25.2", "PWD_P1": "0.6", "PWD_P2": "0.7", "PWD_P3": "0.8", "PWD_P4": "0.9", "PWD_P5": "1.0", "PWD_P6": "1.1", "PWD_P7": "1.2", "PWD_P8": "1.4", "PWD_P9": "1.5", "PWD_P10": "1.7", "PWD_P11": "1.8", "PWD_P12": "2.0", "PWD_P13": "2.2", "PWD_P14": "2.3", "PWD_P15": "2.5", "PWD_P16": "2.8", "PWD_P17": "3.0", "PWD_P18": "3.3", "PWD_P19": "3.6", "PWD_P20": "3.9", "PWD_P21": "4.2", "PWD_P22": "4.6", "PWD_P23": "4.9", "PWD_P24": "5.4", "PWD_P25": "5.8", "PWD_P26": "6.3", "PWD_P27": "6.8", "PWD_P28": "7.3", "PWD_P29": "8.0", "PWD_P30": "8.5", "PWD_P31": "9.1", "PWD_P32": "9.7", "PWD_P33": "10.3", "PWD_P34": "11.0", "PWD_P35": "11.6", "PWD_P36": "12.3", "PWD_P37": "12.9", "PWD_P38": "13.6", "PWD_P39": "14.3", "PWD_P40": "15.2", "PWD_P41": "16.0", "PWD_P42": "16.8", "PWD_P43": "17.6", "PWD_P44": "18.5", "PWD_P45": "19.5", "PWD_P46": "20.5", "PWD_P47": "21.7", "PWD_P48": "22.7", "PWD_P49": "23.9", "PWD_P50": "25.2", "PWD_P51": "26.7", "PWD_P52": "28.4", "PWD_P53": "30.3", "PWD_P54": "32.4", "PWD_P55": "34.7", "PWD_P56": "37.7", "PWD_P57": "42.1", "PWD_P58": "46.2", "PWD_P59": "52.5", "PWD_P60": "60.5", "PWD_P61": "69.3", "PWD_P62": "82.5", "PWD_P63": "96.7", "PWD_P64": "125.7", "PWD_P65": "472.3", "PWD_P66": "783.5", "PWD_P67": "965.7", "PWD_P68": "1088.3", "PWD_P69": "1221.2", "PWD_P70": "1296.1", "PWD_P71": "1360.0", "PWD_P72": "1454.8", "PWD_P73": "1514.8", "PWD_P74": "1586.3", "PWD_P75": "1623.0", "PWD_P76": "1666.0", "PWD_P77": "1725.4", "PWD_P78": "1780.7", "PWD_P79": "1808.7", "PWD_P80": "1875.8", "PWD_P81": "1909.6", "PWD_P82": "1945.4", "PWD_P83": "2020.8", "PWD_P84": "2048.3", "PWD_P85": "2078.4", "PWD_P86": "2113.2", "PWD_P87": "2131.3", "PWD_P88": "2167.9", "PWD_P89": "2271.9", "PWD_P90": "2300.5", "PWD_P91": "2311.6", "PWD_P92": "2326.1", "PWD_P93": "2410.0", "PWD_P94": "2468.0", "PWD_P95": "2601.1", "PWD_P96": "2618.4", "PWD_P97": "2667.5", "PWD_P98": "2698.1", "PWD_P99": "2900.8", "PWD_P100": "2942.5" }, "geometry": { "type": "Point", "coordinates": [ 10.836396217346191, -0.275042951107025 ] } },
{ "type": "Feature", "id": 78, "properties": { "lon": 43.662944793701172, "lat": 41.933338165283203, "year": "2005", "ISO": "GEO", "ISO_No": "268", "Name": "Georgia", "PWC_Lat": "41.9333381652832", "PWC_Lon": "43.6629447937012", "Pop": "4210157", "Density": "60.6", "Area": "69484.6", "PWD_A": "2881.7", "PWD_G": "492.9", "PWD_M": "363.5", "PWD_P1": "4.4", "PWD_P2": "6.8", "PWD_P3": "9.3", "PWD_P4": "12.0", "PWD_P5": "14.6", "PWD_P6": "17.2", "PWD_P7": "19.8", "PWD_P8": "22.4", "PWD_P9": "25.0", "PWD_P10": "27.7", "PWD_P11": "30.5", "PWD_P12": "33.4", "PWD_P13": "36.4", "PWD_P14": "39.5", "PWD_P15": "42.8", "PWD_P16": "46.3", "PWD_P17": "50.0", "PWD_P18": "53.8", "PWD_P19": "57.7", "PWD_P20": "62.2", "PWD_P21": "66.9", "PWD_P22": "71.7", "PWD_P23": "76.7", "PWD_P24": "81.7", "PWD_P25": "87.0", "PWD_P26": "92.8", "PWD_P27": "99.0", "PWD_P28": "105.6", "PWD_P29": "112.4", "PWD_P30": "119.3", "PWD_P31": "126.5", "PWD_P32": "134.0", "PWD_P33": "141.6", "PWD_P34": "149.7", "PWD_P35": "158.6", "PWD_P36": "167.9", "PWD_P37": "177.9", "PWD_P38": "188.5", "PWD_P39": "199.6", "PWD_P40": "210.9", "PWD_P41": "222.7", "PWD_P42": "235.1", "PWD_P43": "247.7", "PWD_P44": "260.9", "PWD_P45": "274.8", "PWD_P46": "289.5", "PWD_P47": "305.7", "PWD_P48": "323.3", "PWD_P49": "342.4", "PWD_P50": "363.5", "PWD_P51": "386.4", "PWD_P52": "410.8", "PWD_P53": "436.3", "PWD_P54": "464.1", "PWD_P55": "495.1", "PWD_P56": "531.8", "PWD_P57": "574.3", "PWD_P58": "626.9", "PWD_P59": "695.3", "PWD_P60": "773.8", "PWD_P61": "865.0", "PWD_P62": "1011.2", "PWD_P63": "1219.0", "PWD_P64": "1470.0", "PWD_P65": "1759.3", "PWD_P66": "2059.0", "PWD_P67": "2354.1", "PWD_P68": "2671.8", "PWD_P69": "2949.7", "PWD_P70": "3271.0", "PWD_P71": "3635.7", "PWD_P72": "3993.7", "PWD_P73": "4447.0", "PWD_P74": "4911.8", "PWD_P75": "5391.5", "PWD_P76": "5793.4", "PWD_P77": "6149.2", "PWD_P78": "6455.3", "PWD_P79": "6733.0", "PWD_P80": "7000.8", "PWD_P81": "7246.5", "PWD_P82": "7495.6", "PWD_P83": "7734.7", "PWD_P84": "7990.1", "PWD_P85": "8244.5", "PWD_P86": "8532.0", "PWD_P87": "8785.5", "PWD_P88": "9059.9", "PWD_P89": "9345.0", "PWD_P90": "9635.4", "PWD_P91": "9977.2", "PWD_P92": "10325.1", "PWD_P93": "10651.9", "PWD_P94": "10995.9", "PWD_P95": "11353.1", "PWD_P96": "11834.8", "PWD_P97": "13162.1", "PWD_P98": "14576.3", "PWD_P99": "16469.1", "PWD_P100": "19459.0" }, "geometry": { "type": "Point", "coordinates": [ 43.662944793701172, 41.933338165283203 ] } },
{ "type": "Feature", "id": 79, "properties": { "lon": -15.954767227172852, "lat": 13.418839454650879, "year": "2005", "ISO": "GMB", "ISO_No": "270", "Name": "Gambia", "PWC_Lat": "13.4188394546509", "PWC_Lon": "-15.9547672271729", "Pop": "1543745", "Density": "146.0", "Area": "10576.8", "PWD_A": "2194.7", "PWD_G": "503.9", "PWD_M": "378.4", "PWD_P1": "24.7", "PWD_P2": "31.0", "PWD_P3": "35.0", "PWD_P4": "38.3", "PWD_P5": "41.2", "PWD_P6": "43.7", "PWD_P7": "45.9", "PWD_P8": "48.1", "PWD_P9": "50.0", "PWD_P10": "52.0", "PWD_P11": "54.0", "PWD_P12": "56.1", "PWD_P13": "58.4", "PWD_P14": "60.8", "PWD_P15": "63.2", "PWD_P16": "65.8", "PWD_P17": "68.5", "PWD_P18": "71.1", "PWD_P19": "73.9", "PWD_P20": "76.7", "PWD_P21": "79.5", "PWD_P22": "82.5", "PWD_P23": "85.6", "PWD_P24": "88.8", "PWD_P25": "92.2", "PWD_P26": "95.9", "PWD_P27": "100.1", "PWD_P28": "104.6", "PWD_P29": "109.4", "PWD_P30": "114.8", "PWD_P31": "120.5", "PWD_P32": "126.6", "PWD_P33": "133.2", "PWD_P34": "140.5", "PWD_P35": "148.4", "PWD_P36": "158.3", "PWD_P37": "169.0", "PWD_P38": "179.5", "PWD_P39": "191.3", "PWD_P40": "203.6", "PWD_P41": "215.4", "PWD_P42": "227.3", "PWD_P43": "240.2", "PWD_P44": "254.6", "PWD_P45": "271.2", "PWD_P46": "288.4", "PWD_P47": "307.4", "PWD_P48": "329.2", "PWD_P49": "353.0", "PWD_P50": "378.4", "PWD_P51": "404.7", "PWD_P52": "435.8", "PWD_P53": "470.7", "PWD_P54": "507.4", "PWD_P55": "548.3", "PWD_P56": "599.0", "PWD_P57": "643.1", "PWD_P58": "691.3", "PWD_P59": "749.5", "PWD_P60": "827.4", "PWD_P61": "931.2", "PWD_P62": "1019.0", "PWD_P63": "1094.0", "PWD_P64": "1155.8", "PWD_P65": "1229.4", "PWD_P66": "1314.0", "PWD_P67": "1405.2", "PWD_P68": "1506.9", "PWD_P69": "1612.7", "PWD_P70": "1772.3", "PWD_P71": "1971.5", "PWD_P72": "2167.2", "PWD_P73": "2313.2", "PWD_P74": "2511.0", "PWD_P75": "2835.6", "PWD_P76": "3172.0", "PWD_P77": "3511.1", "PWD_P78": "3962.3", "PWD_P79": "4460.9", "PWD_P80": "4897.5", "PWD_P81": "5240.7", "PWD_P82": "5515.7", "PWD_P83": "5788.0", "PWD_P84": "6051.9", "PWD_P85": "6288.0", "PWD_P86": "6522.2", "PWD_P87": "6743.0", "PWD_P88": "6934.2", "PWD_P89": "7120.1", "PWD_P90": "7289.9", "PWD_P91": "7449.1", "PWD_P92": "7632.6", "PWD_P93": "7841.4", "PWD_P94": "8055.7", "PWD_P95": "8325.4", "PWD_P96": "8561.5", "PWD_P97": "8919.2", "PWD_P98": "9801.9", "PWD_P99": "19932.6", "PWD_P100": "23319.9" }, "geometry": { "type": "Point", "coordinates": [ -15.954767227172852, 13.418839454650879 ] } },
{ "type": "Feature", "id": 80, "properties": { "lon": 34.914478302001953, "lat": 31.768308639526367, "year": "2005", "ISO": "PSE", "ISO_No": "275", "Name": "Palestina", "PWC_Lat": "31.7683086395264", "PWC_Lon": "34.914478302002", "Pop": "3577956", "Density": "592.8", "Area": "6036.1", "PWD_A": "8233.4", "PWD_G": "3446.1", "PWD_M": "3960.5", "PWD_P1": "31.0", "PWD_P2": "60.4", "PWD_P3": "97.7", "PWD_P4": "139.4", "PWD_P5": "184.7", "PWD_P6": "228.2", "PWD_P7": "268.7", "PWD_P8": "309.6", "PWD_P9": "352.7", "PWD_P10": "397.3", "PWD_P11": "446.3", "PWD_P12": "496.1", "PWD_P13": "548.1", "PWD_P14": "601.1", "PWD_P15": "655.6", "PWD_P16": "708.9", "PWD_P17": "767.1", "PWD_P18": "828.7", "PWD_P19": "891.2", "PWD_P20": "956.4", "PWD_P21": "1021.9", "PWD_P22": "1088.9", "PWD_P23": "1156.2", "PWD_P24": "1220.9", "PWD_P25": "1286.4", "PWD_P26": "1350.9", "PWD_P27": "1413.5", "PWD_P28": "1476.1", "PWD_P29": "1541.6", "PWD_P30": "1609.5", "PWD_P31": "1685.6", "PWD_P32": "1766.8", "PWD_P33": "1858.9", "PWD_P34": "1960.4", "PWD_P35": "2063.5", "PWD_P36": "2174.4", "PWD_P37": "2280.7", "PWD_P38": "2393.5", "PWD_P39": "2503.0", "PWD_P40": "2604.6", "PWD_P41": "2702.7", "PWD_P42": "2802.0", "PWD_P43": "2907.6", "PWD_P44": "3022.1", "PWD_P45": "3147.0", "PWD_P46": "3278.2", "PWD_P47": "3429.6", "PWD_P48": "3587.4", "PWD_P49": "3760.8", "PWD_P50": "3960.5", "PWD_P51": "4181.1", "PWD_P52": "4405.9", "PWD_P53": "4637.7", "PWD_P54": "4882.0", "PWD_P55": "5151.9", "PWD_P56": "5422.7", "PWD_P57": "5689.5", "PWD_P58": "6001.2", "PWD_P59": "6320.6", "PWD_P60": "6672.5", "PWD_P61": "7041.3", "PWD_P62": "7399.7", "PWD_P63": "7754.2", "PWD_P64": "8138.3", "PWD_P65": "8512.3", "PWD_P66": "8908.5", "PWD_P67": "9367.4", "PWD_P68": "9876.0", "PWD_P69": "10428.9", "PWD_P70": "10977.1", "PWD_P71": "11627.2", "PWD_P72": "12252.0", "PWD_P73": "12894.4", "PWD_P74": "13535.5", "PWD_P75": "14173.4", "PWD_P76": "14884.0", "PWD_P77": "15607.5", "PWD_P78": "16241.3", "PWD_P79": "16852.5", "PWD_P80": "17461.6", "PWD_P81": "18014.3", "PWD_P82": "18643.9", "PWD_P83": "19275.2", "PWD_P84": "19840.2", "PWD_P85": "20355.8", "PWD_P86": "20814.7", "PWD_P87": "21298.5", "PWD_P88": "21672.1", "PWD_P89": "22051.1", "PWD_P90": "22440.5", "PWD_P91": "22810.0", "PWD_P92": "23260.9", "PWD_P93": "23745.1", "PWD_P94": "24198.1", "PWD_P95": "24783.7", "PWD_P96": "25647.1", "PWD_P97": "27514.4", "PWD_P98": "30141.3", "PWD_P99": "33341.0", "PWD_P100": "43410.3" }, "geometry": { "type": "Point", "coordinates": [ 34.914478302001953, 31.768308639526367 ] } },
{ "type": "Feature", "id": 81, "properties": { "lon": 9.6940279006958008, "lat": 50.854469299316406, "year": "2005", "ISO": "DEU", "ISO_No": "276", "Name": "Germany", "PWC_Lat": "50.8544692993164", "PWC_Lon": "9.6940279006958", "Pop": "81602738", "Density": "231.1", "Area": "353045.5", "PWD_A": "1459.1", "PWD_G": "704.2", "PWD_M": "859.0", "PWD_P1": "23.1", "PWD_P2": "31.8", "PWD_P3": "39.0", "PWD_P4": "45.8", "PWD_P5": "52.6", "PWD_P6": "59.5", "PWD_P7": "66.8", "PWD_P8": "74.3", "PWD_P9": "82.2", "PWD_P10": "90.5", "PWD_P11": "99.1", "PWD_P12": "108.0", "PWD_P13": "117.3", "PWD_P14": "126.9", "PWD_P15": "136.8", "PWD_P16": "147.1", "PWD_P17": "157.8", "PWD_P18": "168.8", "PWD_P19": "180.3", "PWD_P20": "192.2", "PWD_P21": "204.6", "PWD_P22": "217.5", "PWD_P23": "231.0", "PWD_P24": "245.0", "PWD_P25": "259.6", "PWD_P26": "274.8", "PWD_P27": "290.8", "PWD_P28": "307.5", "PWD_P29": "325.0", "PWD_P30": "343.4", "PWD_P31": "362.6", "PWD_P32": "382.6", "PWD_P33": "403.3", "PWD_P34": "424.8", "PWD_P35": "446.9", "PWD_P36": "469.7", "PWD_P37": "493.0", "PWD_P38": "516.8", "PWD_P39": "541.0", "PWD_P40": "565.8", "PWD_P41": "591.2", "PWD_P42": "617.3", "PWD_P43": "644.0", "PWD_P44": "671.5", "PWD_P45": "699.8", "PWD_P46": "729.0", "PWD_P47": "759.3", "PWD_P48": "790.9", "PWD_P49": "824.3", "PWD_P50": "859.0", "PWD_P51": "895.0", "PWD_P52": "933.0", "PWD_P53": "973.0", "PWD_P54": "1015.4", "PWD_P55": "1059.8", "PWD_P56": "1105.9", "PWD_P57": "1153.9", "PWD_P58": "1203.4", "PWD_P59": "1254.5", "PWD_P60": "1308.1", "PWD_P61": "1362.9", "PWD_P62": "1420.2", "PWD_P63": "1479.2", "PWD_P64": "1539.8", "PWD_P65": "1602.2", "PWD_P66": "1666.8", "PWD_P67": "1732.9", "PWD_P68": "1799.1", "PWD_P69": "1868.2", "PWD_P70": "1939.1", "PWD_P71": "2011.9", "PWD_P72": "2086.8", "PWD_P73": "2164.1", "PWD_P74": "2242.3", "PWD_P75": "2319.3", "PWD_P76": "2394.0", "PWD_P77": "2473.2", "PWD_P78": "2555.1", "PWD_P79": "2639.3", "PWD_P80": "2723.3", "PWD_P81": "2807.9", "PWD_P82": "2893.7", "PWD_P83": "2989.5", "PWD_P84": "3083.9", "PWD_P85": "3186.3", "PWD_P86": "3281.5", "PWD_P87": "3367.1", "PWD_P88": "3442.6", "PWD_P89": "3530.6", "PWD_P90": "3670.4", "PWD_P91": "3857.5", "PWD_P92": "4017.1", "PWD_P93": "4161.0", "PWD_P94": "4291.4", "PWD_P95": "4425.0", "PWD_P96": "4816.7", "PWD_P97": "5604.8", "PWD_P98": "5866.2", "PWD_P99": "6049.4", "PWD_P100": "6493.1" }, "geometry": { "type": "Point", "coordinates": [ 9.694027900695801, 50.854469299316406 ] } },
{ "type": "Feature", "id": 82, "properties": { "lon": -1.0160973072052002, "lat": 6.9106531143188477, "year": "2005", "ISO": "GHA", "ISO_No": "288", "Name": "Ghana", "PWC_Lat": "6.91065311431885", "PWC_Lon": "-1.0160973072052", "Pop": "21814647", "Density": "93.4", "Area": "233480.5", "PWD_A": "1830.8", "PWD_G": "340.1", "PWD_M": "246.0", "PWD_P1": "9.8", "PWD_P2": "14.6", "PWD_P3": "18.6", "PWD_P4": "22.0", "PWD_P5": "25.0", "PWD_P6": "28.0", "PWD_P7": "30.9", "PWD_P8": "33.6", "PWD_P9": "36.3", "PWD_P10": "38.9", "PWD_P11": "41.4", "PWD_P12": "43.8", "PWD_P13": "46.4", "PWD_P14": "48.8", "PWD_P15": "51.3", "PWD_P16": "53.8", "PWD_P17": "56.4", "PWD_P18": "59.0", "PWD_P19": "61.7", "PWD_P20": "64.3", "PWD_P21": "67.0", "PWD_P22": "69.8", "PWD_P23": "72.7", "PWD_P24": "75.5", "PWD_P25": "78.5", "PWD_P26": "81.5", "PWD_P27": "84.7", "PWD_P28": "87.9", "PWD_P29": "91.3", "PWD_P30": "94.9", "PWD_P31": "98.6", "PWD_P32": "102.6", "PWD_P33": "106.9", "PWD_P34": "111.5", "PWD_P35": "116.3", "PWD_P36": "121.5", "PWD_P37": "127.0", "PWD_P38": "132.9", "PWD_P39": "139.2", "PWD_P40": "146.0", "PWD_P41": "153.3", "PWD_P42": "161.0", "PWD_P43": "169.2", "PWD_P44": "177.9", "PWD_P45": "187.1", "PWD_P46": "196.6", "PWD_P47": "207.1", "PWD_P48": "218.9", "PWD_P49": "231.8", "PWD_P50": "246.0", "PWD_P51": "260.8", "PWD_P52": "277.4", "PWD_P53": "295.4", "PWD_P54": "314.6", "PWD_P55": "334.3", "PWD_P56": "354.0", "PWD_P57": "374.8", "PWD_P58": "396.6", "PWD_P59": "419.7", "PWD_P60": "443.6", "PWD_P61": "467.9", "PWD_P62": "493.3", "PWD_P63": "519.7", "PWD_P64": "547.4", "PWD_P65": "577.1", "PWD_P66": "608.6", "PWD_P67": "642.4", "PWD_P68": "679.5", "PWD_P69": "721.7", "PWD_P70": "770.8", "PWD_P71": "824.0", "PWD_P72": "890.5", "PWD_P73": "967.0", "PWD_P74": "1060.9", "PWD_P75": "1185.8", "PWD_P76": "1342.8", "PWD_P77": "1537.5", "PWD_P78": "1743.1", "PWD_P79": "1991.6", "PWD_P80": "2232.5", "PWD_P81": "2510.6", "PWD_P82": "2879.2", "PWD_P83": "3237.2", "PWD_P84": "3580.4", "PWD_P85": "4140.4", "PWD_P86": "4789.1", "PWD_P87": "5439.5", "PWD_P88": "6129.5", "PWD_P89": "6897.0", "PWD_P90": "8026.6", "PWD_P91": "8900.2", "PWD_P92": "9693.8", "PWD_P93": "10344.5", "PWD_P94": "10767.8", "PWD_P95": "11128.9", "PWD_P96": "11525.8", "PWD_P97": "11929.5", "PWD_P98": "12479.0", "PWD_P99": "13580.5", "PWD_P100": "14612.7" }, "geometry": { "type": "Point", "coordinates": [ -1.0160973072052, 6.910653114318848 ] } },
{ "type": "Feature", "id": 83, "properties": { "lon": -5.3507189750671387, "lat": 36.145282745361328, "year": "2005", "ISO": "GIB", "ISO_No": "292", "Name": "Gibraltar", "PWC_Lat": "36.1452827453613", "PWC_Lon": "-5.35071897506714", "Pop": "33222", "Density": "4063.8", "Area": "8.2", "PWD_A": "7120.1", "PWD_G": "5766.1", "PWD_M": "8691.1", "PWD_P1": "713.8", "PWD_P2": "849.0", "PWD_P3": "1001.1", "PWD_P4": "1155.9", "PWD_P5": "1298.7", "PWD_P6": "1421.4", "PWD_P7": "1542.2", "PWD_P8": "1627.3", "PWD_P9": "1700.5", "PWD_P10": "1787.6", "PWD_P11": "1891.6", "PWD_P12": "1964.2", "PWD_P13": "2050.4", "PWD_P14": "2139.4", "PWD_P15": "2231.1", "PWD_P16": "2324.4", "PWD_P17": "2433.0", "PWD_P18": "2537.8", "PWD_P19": "2606.8", "PWD_P20": "2753.9", "PWD_P21": "2989.0", "PWD_P22": "3175.2", "PWD_P23": "3297.4", "PWD_P24": "3444.6", "PWD_P25": "3537.3", "PWD_P26": "3613.2", "PWD_P27": "3729.1", "PWD_P28": "3853.8", "PWD_P29": "3992.5", "PWD_P30": "4119.0", "PWD_P31": "4171.5", "PWD_P32": "4224.8", "PWD_P33": "4294.4", "PWD_P34": "4343.8", "PWD_P35": "4405.0", "PWD_P36": "4516.3", "PWD_P37": "6277.2", "PWD_P38": "6595.7", "PWD_P39": "7256.1", "PWD_P40": "7453.1", "PWD_P41": "7660.9", "PWD_P42": "7877.3", "PWD_P43": "7992.2", "PWD_P44": "8162.4", "PWD_P45": "8225.7", "PWD_P46": "8377.9", "PWD_P47": "8419.6", "PWD_P48": "8526.2", "PWD_P49": "8558.7", "PWD_P50": "8691.1", "PWD_P51": "8711.5", "PWD_P52": "8764.1", "PWD_P53": "8787.8", "PWD_P54": "8917.1", "PWD_P55": "9039.3", "PWD_P56": "9221.8", "PWD_P57": "9294.2", "PWD_P58": "9395.5", "PWD_P59": "9483.6", "PWD_P60": "9528.1", "PWD_P61": "9575.5", "PWD_P62": "9637.0", "PWD_P63": "9698.3", "PWD_P64": "9800.7", "PWD_P65": "9874.9", "PWD_P66": "9958.8", "PWD_P67": "9972.9", "PWD_P68": "10010.0", "PWD_P69": "10039.9", "PWD_P70": "10056.3", "PWD_P71": "10116.1", "PWD_P72": "10136.8", "PWD_P73": "10187.5", "PWD_P74": "10205.4", "PWD_P75": "10223.2", "PWD_P76": "10286.5", "PWD_P77": "10312.5", "PWD_P78": "10368.7", "PWD_P79": "10391.7", "PWD_P80": "10428.4", "PWD_P81": "10478.0", "PWD_P82": "10492.5", "PWD_P83": "10529.1", "PWD_P84": "10550.2", "PWD_P85": "10583.7", "PWD_P86": "10627.2", "PWD_P87": "10648.0", "PWD_P88": "10669.1", "PWD_P89": "10711.9", "PWD_P90": "10730.1", "PWD_P91": "10758.4", "PWD_P92": "10768.8", "PWD_P93": "10808.6", "PWD_P94": "10906.1", "PWD_P95": "11113.9", "PWD_P96": "11242.3", "PWD_P97": "11324.5", "PWD_P98": "11465.3", "PWD_P99": "11594.6", "PWD_P100": "11886.6" }, "geometry": { "type": "Point", "coordinates": [ -5.350718975067139, 36.145282745361328 ] } },
{ "type": "Feature", "id": 84, "properties": { "lon": 140.2257, "lat": 1.1131, "year": "2005", "ISO": "KIR", "ISO_No": "296", "Name": "Kiribati", "PWC_Lat": "1.1131", "PWC_Lon": "140.2257", "Pop": "92318", "Density": "109.5", "Area": "843.0", "PWD_A": "5512.8", "PWD_G": "2492.4", "PWD_M": "2654.9", "PWD_P1": "4.0", "PWD_P2": "176.5", "PWD_P3": "244.1", "PWD_P4": "313.8", "PWD_P5": "360.9", "PWD_P6": "387.9", "PWD_P7": "412.3", "PWD_P8": "433.4", "PWD_P9": "462.5", "PWD_P10": "505.5", "PWD_P11": "546.9", "PWD_P12": "593.4", "PWD_P13": "634.4", "PWD_P14": "677.3", "PWD_P15": "709.2", "PWD_P16": "738.5", "PWD_P17": "764.5", "PWD_P18": "792.5", "PWD_P19": "823.4", "PWD_P20": "853.7", "PWD_P21": "882.1", "PWD_P22": "914.3", "PWD_P23": "954.4", "PWD_P24": "991.6", "PWD_P25": "1042.5", "PWD_P26": "1091.2", "PWD_P27": "1150.3", "PWD_P28": "1191.1", "PWD_P29": "1245.4", "PWD_P30": "1296.4", "PWD_P31": "1341.7", "PWD_P32": "1398.2", "PWD_P33": "1443.9", "PWD_P34": "1499.9", "PWD_P35": "1561.6", "PWD_P36": "1610.3", "PWD_P37": "1660.7", "PWD_P38": "1719.1", "PWD_P39": "1770.8", "PWD_P40": "1830.6", "PWD_P41": "1888.6", "PWD_P42": "1961.9", "PWD_P43": "2074.0", "PWD_P44": "2144.1", "PWD_P45": "2197.5", "PWD_P46": "2276.3", "PWD_P47": "2361.8", "PWD_P48": "2464.3", "PWD_P49": "2560.2", "PWD_P50": "2654.9", "PWD_P51": "2728.3", "PWD_P52": "2813.9", "PWD_P53": "2865.6", "PWD_P54": "2935.5", "PWD_P55": "3032.7", "PWD_P56": "3144.5", "PWD_P57": "3242.4", "PWD_P58": "3425.2", "PWD_P59": "3605.1", "PWD_P60": "3729.5", "PWD_P61": "3868.4", "PWD_P62": "3963.6", "PWD_P63": "4134.2", "PWD_P64": "4270.5", "PWD_P65": "4431.6", "PWD_P66": "4578.7", "PWD_P67": "4769.7", "PWD_P68": "5002.3", "PWD_P69": "5175.3", "PWD_P70": "5299.6", "PWD_P71": "5444.4", "PWD_P72": "5644.2", "PWD_P73": "5840.0", "PWD_P74": "6206.7", "PWD_P75": "6482.6", "PWD_P76": "6939.9", "PWD_P77": "7029.9", "PWD_P78": "7421.0", "PWD_P79": "7787.7", "PWD_P80": "8365.5", "PWD_P81": "8754.0", "PWD_P82": "9276.6", "PWD_P83": "9576.0", "PWD_P84": "9995.6", "PWD_P85": "10412.6", "PWD_P86": "11159.2", "PWD_P87": "11686.1", "PWD_P88": "12015.8", "PWD_P89": "12573.5", "PWD_P90": "14104.0", "PWD_P91": "14914.8", "PWD_P92": "15935.6", "PWD_P93": "16873.2", "PWD_P94": "17626.9", "PWD_P95": "19992.2", "PWD_P96": "20548.4", "PWD_P97": "23082.4", "PWD_P98": "29776.7", "PWD_P99": "53311.0", "PWD_P100": "57325.6" }, "geometry": { "type": "Point", "coordinates": [ 140.2257, 1.1131 ] } },
{ "type": "Feature", "id": 85, "properties": { "lon": 23.307300567626953, "lat": 38.695926666259766, "year": "2005", "ISO": "GRC", "ISO_No": "300", "Name": "Greece", "PWC_Lat": "38.6959266662598", "PWC_Lon": "23.307300567627", "Pop": "11224800", "Density": "84.9", "Area": "132233.2", "PWD_A": "6787.7", "PWD_G": "1235.2", "PWD_M": "1955.0", "PWD_P1": "5.9", "PWD_P2": "9.0", "PWD_P3": "11.9", "PWD_P4": "14.7", "PWD_P5": "17.6", "PWD_P6": "20.8", "PWD_P7": "24.1", "PWD_P8": "27.6", "PWD_P9": "31.3", "PWD_P10": "35.4", "PWD_P11": "39.7", "PWD_P12": "44.6", "PWD_P13": "49.7", "PWD_P14": "55.3", "PWD_P15": "61.3", "PWD_P16": "67.8", "PWD_P17": "74.6", "PWD_P18": "81.9", "PWD_P19": "89.6", "PWD_P20": "98.1", "PWD_P21": "107.7", "PWD_P22": "118.2", "PWD_P23": "129.5", "PWD_P24": "141.9", "PWD_P25": "155.3", "PWD_P26": "170.3", "PWD_P27": "186.6", "PWD_P28": "204.4", "PWD_P29": "224.2", "PWD_P30": "246.5", "PWD_P31": "272.1", "PWD_P32": "302.2", "PWD_P33": "335.8", "PWD_P34": "373.4", "PWD_P35": "415.4", "PWD_P36": "461.0", "PWD_P37": "512.0", "PWD_P38": "569.3", "PWD_P39": "634.5", "PWD_P40": "707.8", "PWD_P41": "788.4", "PWD_P42": "877.0", "PWD_P43": "972.4", "PWD_P44": "1081.7", "PWD_P45": "1198.4", "PWD_P46": "1328.4", "PWD_P47": "1463.2", "PWD_P48": "1614.7", "PWD_P49": "1775.7", "PWD_P50": "1955.0", "PWD_P51": "2152.5", "PWD_P52": "2372.9", "PWD_P53": "2601.8", "PWD_P54": "2857.8", "PWD_P55": "3123.1", "PWD_P56": "3402.6", "PWD_P57": "3724.3", "PWD_P58": "4080.6", "PWD_P59": "4479.4", "PWD_P60": "4892.2", "PWD_P61": "5303.9", "PWD_P62": "5734.7", "PWD_P63": "6168.4", "PWD_P64": "6599.2", "PWD_P65": "7063.3", "PWD_P66": "7544.2", "PWD_P67": "8069.3", "PWD_P68": "8551.6", "PWD_P69": "9058.4", "PWD_P70": "9543.6", "PWD_P71": "10051.6", "PWD_P72": "10524.0", "PWD_P73": "11025.4", "PWD_P74": "11490.8", "PWD_P75": "11981.2", "PWD_P76": "12482.5", "PWD_P77": "13048.8", "PWD_P78": "13559.8", "PWD_P79": "14137.1", "PWD_P80": "14740.5", "PWD_P81": "15308.4", "PWD_P82": "15872.8", "PWD_P83": "16420.8", "PWD_P84": "16973.5", "PWD_P85": "17552.4", "PWD_P86": "18148.1", "PWD_P87": "18759.0", "PWD_P88": "19458.9", "PWD_P89": "20187.1", "PWD_P90": "20876.5", "PWD_P91": "21592.6", "PWD_P92": "22567.8", "PWD_P93": "23665.4", "PWD_P94": "24590.4", "PWD_P95": "25570.8", "PWD_P96": "26480.4", "PWD_P97": "27360.8", "PWD_P98": "28695.4", "PWD_P99": "30112.1", "PWD_P100": "46100.0" }, "geometry": { "type": "Point", "coordinates": [ 23.307300567626953, 38.695926666259766 ] } },
{ "type": "Feature", "id": 86, "properties": { "lon": -61.680454254150391, "lat": 12.115620613098145, "year": "2005", "ISO": "GRD", "ISO_No": "308", "Name": "Grenada", "PWC_Lat": "12.1156206130981", "PWC_Lon": "-61.6804542541504", "Pop": "104658", "Density": "279.3", "Area": "374.7", "PWD_A": "529.2", "PWD_G": "403.7", "PWD_M": "448.8", "PWD_P1": "57.1", "PWD_P2": "67.6", "PWD_P3": "76.1", "PWD_P4": "83.2", "PWD_P5": "90.2", "PWD_P6": "95.9", "PWD_P7": "102.4", "PWD_P8": "109.5", "PWD_P9": "116.7", "PWD_P10": "123.6", "PWD_P11": "130.0", "PWD_P12": "138.4", "PWD_P13": "146.3", "PWD_P14": "154.8", "PWD_P15": "163.0", "PWD_P16": "170.2", "PWD_P17": "178.1", "PWD_P18": "185.4", "PWD_P19": "192.0", "PWD_P20": "198.6", "PWD_P21": "205.8", "PWD_P22": "212.9", "PWD_P23": "219.7", "PWD_P24": "227.1", "PWD_P25": "233.3", "PWD_P26": "240.7", "PWD_P27": "247.9", "PWD_P28": "254.8", "PWD_P29": "261.7", "PWD_P30": "268.7", "PWD_P31": "275.3", "PWD_P32": "281.9", "PWD_P33": "289.2", "PWD_P34": "296.7", "PWD_P35": "304.2", "PWD_P36": "311.0", "PWD_P37": "318.6", "PWD_P38": "326.6", "PWD_P39": "336.0", "PWD_P40": "344.2", "PWD_P41": "353.3", "PWD_P42": "363.0", "PWD_P43": "373.5", "PWD_P44": "383.6", "PWD_P45": "394.0", "PWD_P46": "404.3", "PWD_P47": "413.7", "PWD_P48": "425.5", "PWD_P49": "437.2", "PWD_P50": "448.8", "PWD_P51": "462.0", "PWD_P52": "474.4", "PWD_P53": "488.5", "PWD_P54": "503.2", "PWD_P55": "516.8", "PWD_P56": "528.6", "PWD_P57": "540.7", "PWD_P58": "556.5", "PWD_P59": "572.6", "PWD_P60": "586.5", "PWD_P61": "601.5", "PWD_P62": "617.8", "PWD_P63": "632.6", "PWD_P64": "649.6", "PWD_P65": "670.2", "PWD_P66": "691.6", "PWD_P67": "708.7", "PWD_P68": "727.1", "PWD_P69": "742.9", "PWD_P70": "756.1", "PWD_P71": "770.3", "PWD_P72": "783.0", "PWD_P73": "794.4", "PWD_P74": "807.9", "PWD_P75": "818.9", "PWD_P76": "831.8", "PWD_P77": "846.2", "PWD_P78": "861.8", "PWD_P79": "877.6", "PWD_P80": "890.5", "PWD_P81": "902.9", "PWD_P82": "914.7", "PWD_P83": "926.4", "PWD_P84": "937.6", "PWD_P85": "948.6", "PWD_P86": "960.5", "PWD_P87": "972.7", "PWD_P88": "985.7", "PWD_P89": "998.8", "PWD_P90": "1011.3", "PWD_P91": "1025.3", "PWD_P92": "1039.4", "PWD_P93": "1056.4", "PWD_P94": "1073.5", "PWD_P95": "1104.6", "PWD_P96": "1153.6", "PWD_P97": "1208.9", "PWD_P98": "1276.3", "PWD_P99": "1356.2", "PWD_P100": "1470.4" }, "geometry": { "type": "Point", "coordinates": [ -61.680454254150391, 12.115620613098145 ] } },
{ "type": "Feature", "id": 87, "properties": { "lon": -61.545539855957031, "lat": 16.20635986328125, "year": "2005", "ISO": "GLP", "ISO_No": "312", "Name": "Guadeloupe", "PWC_Lat": "16.2063598632812", "PWC_Lon": "-61.545539855957", "Pop": "402902", "Density": "239.4", "Area": "1682.6", "PWD_A": "895.7", "PWD_G": "461.1", "PWD_M": "462.9", "PWD_P1": "29.4", "PWD_P2": "37.9", "PWD_P3": "47.4", "PWD_P4": "55.8", "PWD_P5": "64.4", "PWD_P6": "74.0", "PWD_P7": "83.4", "PWD_P8": "93.1", "PWD_P9": "102.1", "PWD_P10": "110.7", "PWD_P11": "118.2", "PWD_P12": "126.3", "PWD_P13": "133.9", "PWD_P14": "141.3", "PWD_P15": "148.6", "PWD_P16": "155.7", "PWD_P17": "163.0", "PWD_P18": "170.7", "PWD_P19": "178.4", "PWD_P20": "186.5", "PWD_P21": "194.8", "PWD_P22": "203.0", "PWD_P23": "210.9", "PWD_P24": "219.2", "PWD_P25": "227.4", "PWD_P26": "235.9", "PWD_P27": "244.2", "PWD_P28": "252.3", "PWD_P29": "260.5", "PWD_P30": "268.7", "PWD_P31": "277.0", "PWD_P32": "285.1", "PWD_P33": "293.5", "PWD_P34": "302.5", "PWD_P35": "311.2", "PWD_P36": "320.4", "PWD_P37": "330.0", "PWD_P38": "339.0", "PWD_P39": "348.2", "PWD_P40": "357.3", "PWD_P41": "366.8", "PWD_P42": "376.2", "PWD_P43": "385.4", "PWD_P44": "395.6", "PWD_P45": "405.8", "PWD_P46": "416.3", "PWD_P47": "426.6", "PWD_P48": "438.8", "PWD_P49": "451.0", "PWD_P50": "462.9", "PWD_P51": "475.5", "PWD_P52": "488.8", "PWD_P53": "503.5", "PWD_P54": "519.3", "PWD_P55": "538.3", "PWD_P56": "556.7", "PWD_P57": "575.5", "PWD_P58": "592.8", "PWD_P59": "610.2", "PWD_P60": "627.4", "PWD_P61": "644.0", "PWD_P62": "660.8", "PWD_P63": "678.8", "PWD_P64": "697.9", "PWD_P65": "716.1", "PWD_P66": "732.8", "PWD_P67": "748.5", "PWD_P68": "767.1", "PWD_P69": "784.3", "PWD_P70": "802.9", "PWD_P71": "820.8", "PWD_P72": "839.2", "PWD_P73": "859.6", "PWD_P74": "879.1", "PWD_P75": "900.3", "PWD_P76": "922.4", "PWD_P77": "942.2", "PWD_P78": "964.0", "PWD_P79": "989.5", "PWD_P80": "1018.9", "PWD_P81": "1060.1", "PWD_P82": "1119.1", "PWD_P83": "1198.7", "PWD_P84": "1297.2", "PWD_P85": "1376.3", "PWD_P86": "1480.9", "PWD_P87": "1598.6", "PWD_P88": "1688.4", "PWD_P89": "1772.3", "PWD_P90": "1852.5", "PWD_P91": "1934.3", "PWD_P92": "2086.8", "PWD_P93": "2355.6", "PWD_P94": "2568.6", "PWD_P95": "2783.5", "PWD_P96": "5864.3", "PWD_P97": "6342.4", "PWD_P98": "6579.3", "PWD_P99": "6966.2", "PWD_P100": "7353.8" }, "geometry": { "type": "Point", "coordinates": [ -61.545539855957031, 16.20635986328125 ] } },
{ "type": "Feature", "id": 88, "properties": { "lon": 144.79896545410156, "lat": 13.482065200805664, "year": "2005", "ISO": "GUM", "ISO_No": "316", "Name": "Guam", "PWC_Lat": "13.4820652008057", "PWC_Lon": "144.798965454102", "Pop": "158406", "Density": "282.0", "Area": "561.8", "PWD_A": "1832.4", "PWD_G": "1125.7", "PWD_M": "1413.1", "PWD_P1": "27.0", "PWD_P2": "50.7", "PWD_P3": "77.0", "PWD_P4": "103.0", "PWD_P5": "125.2", "PWD_P6": "147.9", "PWD_P7": "171.3", "PWD_P8": "192.5", "PWD_P9": "215.1", "PWD_P10": "238.1", "PWD_P11": "261.8", "PWD_P12": "284.5", "PWD_P13": "308.6", "PWD_P14": "331.1", "PWD_P15": "353.6", "PWD_P16": "376.8", "PWD_P17": "400.9", "PWD_P18": "425.8", "PWD_P19": "449.2", "PWD_P20": "469.6", "PWD_P21": "494.6", "PWD_P22": "518.3", "PWD_P23": "541.7", "PWD_P24": "569.3", "PWD_P25": "594.8", "PWD_P26": "622.0", "PWD_P27": "649.3", "PWD_P28": "674.5", "PWD_P29": "696.7", "PWD_P30": "723.2", "PWD_P31": "751.7", "PWD_P32": "780.7", "PWD_P33": "809.4", "PWD_P34": "838.1", "PWD_P35": "867.9", "PWD_P36": "900.4", "PWD_P37": "932.4", "PWD_P38": "962.7", "PWD_P39": "997.5", "PWD_P40": "1034.3", "PWD_P41": "1068.9", "PWD_P42": "1098.9", "PWD_P43": "1134.7", "PWD_P44": "1177.9", "PWD_P45": "1212.3", "PWD_P46": "1245.9", "PWD_P47": "1285.8", "PWD_P48": "1324.7", "PWD_P49": "1367.5", "PWD_P50": "1413.1", "PWD_P51": "1458.9", "PWD_P52": "1496.7", "PWD_P53": "1541.4", "PWD_P54": "1587.0", "PWD_P55": "1632.4", "PWD_P56": "1675.2", "PWD_P57": "1724.8", "PWD_P58": "1774.4", "PWD_P59": "1815.4", "PWD_P60": "1859.2", "PWD_P61": "1904.6", "PWD_P62": "1943.5", "PWD_P63": "1996.4", "PWD_P64": "2052.3", "PWD_P65": "2094.3", "PWD_P66": "2141.9", "PWD_P67": "2190.5", "PWD_P68": "2248.1", "PWD_P69": "2299.0", "PWD_P70": "2360.2", "PWD_P71": "2417.2", "PWD_P72": "2477.3", "PWD_P73": "2536.8", "PWD_P74": "2588.3", "PWD_P75": "2660.5", "PWD_P76": "2738.7", "PWD_P77": "2810.7", "PWD_P78": "2893.1", "PWD_P79": "2984.7", "PWD_P80": "3060.1", "PWD_P81": "3134.5", "PWD_P82": "3212.4", "PWD_P83": "3300.5", "PWD_P84": "3389.9", "PWD_P85": "3452.5", "PWD_P86": "3528.5", "PWD_P87": "3616.8", "PWD_P88": "3690.2", "PWD_P89": "3784.0", "PWD_P90": "3909.5", "PWD_P91": "4035.4", "PWD_P92": "4149.8", "PWD_P93": "4282.1", "PWD_P94": "4474.2", "PWD_P95": "4665.0", "PWD_P96": "4912.0", "PWD_P97": "5165.2", "PWD_P98": "5767.9", "PWD_P99": "7962.5", "PWD_P100": "12448.3" }, "geometry": { "type": "Point", "coordinates": [ 144.798965454101562, 13.482065200805664 ] } },
{ "type": "Feature", "id": 89, "properties": { "lon": -90.756858825683594, "lat": 14.932754516601562, "year": "2005", "ISO": "GTM", "ISO_No": "320", "Name": "Guatemala", "PWC_Lat": "14.9327545166016", "PWC_Lon": "-90.7568588256836", "Pop": "13096027", "Density": "119.9", "Area": "109227.2", "PWD_A": "1663.6", "PWD_G": "404.5", "PWD_M": "311.0", "PWD_P1": "12.0", "PWD_P2": "20.5", "PWD_P3": "27.6", "PWD_P4": "33.2", "PWD_P5": "38.1", "PWD_P6": "42.3", "PWD_P7": "46.2", "PWD_P8": "50.2", "PWD_P9": "54.6", "PWD_P10": "59.1", "PWD_P11": "63.6", "PWD_P12": "68.0", "PWD_P13": "72.1", "PWD_P14": "76.1", "PWD_P15": "80.0", "PWD_P16": "84.0", "PWD_P17": "88.2", "PWD_P18": "92.2", "PWD_P19": "96.0", "PWD_P20": "100.0", "PWD_P21": "104.0", "PWD_P22": "107.9", "PWD_P23": "111.8", "PWD_P24": "116.1", "PWD_P25": "120.6", "PWD_P26": "125.3", "PWD_P27": "130.3", "PWD_P28": "135.3", "PWD_P29": "140.4", "PWD_P30": "145.9", "PWD_P31": "151.4", "PWD_P32": "157.0", "PWD_P33": "162.8", "PWD_P34": "168.8", "PWD_P35": "175.0", "PWD_P36": "181.8", "PWD_P37": "188.6", "PWD_P38": "195.6", "PWD_P39": "202.9", "PWD_P40": "210.6", "PWD_P41": "218.7", "PWD_P42": "227.1", "PWD_P43": "236.0", "PWD_P44": "245.4", "PWD_P45": "255.1", "PWD_P46": "265.3", "PWD_P47": "275.6", "PWD_P48": "286.5", "PWD_P49": "298.3", "PWD_P50": "311.0", "PWD_P51": "324.4", "PWD_P52": "338.9", "PWD_P53": "353.9", "PWD_P54": "369.9", "PWD_P55": "386.8", "PWD_P56": "405.1", "PWD_P57": "424.5", "PWD_P58": "444.6", "PWD_P59": "466.1", "PWD_P60": "488.8", "PWD_P61": "512.6", "PWD_P62": "538.4", "PWD_P63": "565.8", "PWD_P64": "596.4", "PWD_P65": "629.8", "PWD_P66": "667.0", "PWD_P67": "707.7", "PWD_P68": "751.8", "PWD_P69": "798.3", "PWD_P70": "847.9", "PWD_P71": "903.5", "PWD_P72": "964.0", "PWD_P73": "1030.4", "PWD_P74": "1103.0", "PWD_P75": "1181.4", "PWD_P76": "1268.3", "PWD_P77": "1367.9", "PWD_P78": "1487.3", "PWD_P79": "1624.0", "PWD_P80": "1782.7", "PWD_P81": "1963.1", "PWD_P82": "2177.7", "PWD_P83": "2421.5", "PWD_P84": "2715.8", "PWD_P85": "3162.5", "PWD_P86": "3685.0", "PWD_P87": "4227.4", "PWD_P88": "4741.0", "PWD_P89": "5286.0", "PWD_P90": "5864.3", "PWD_P91": "6449.4", "PWD_P92": "6997.6", "PWD_P93": "7508.1", "PWD_P94": "8156.7", "PWD_P95": "8906.5", "PWD_P96": "9844.5", "PWD_P97": "10970.4", "PWD_P98": "12551.0", "PWD_P99": "15404.8", "PWD_P100": "35282.6" }, "geometry": { "type": "Point", "coordinates": [ -90.756858825683594, 14.932754516601562 ] } },
{ "type": "Feature", "id": 90, "properties": { "lon": -11.6051025390625, "lat": 10.123635292053223, "year": "2005", "ISO": "GIN", "ISO_No": "324", "Name": "Guinea", "PWC_Lat": "10.1236352920532", "PWC_Lon": "-11.6051025390625", "Pop": "9109584", "Density": "37.2", "Area": "245069.9", "PWD_A": "1500.8", "PWD_G": "154.4", "PWD_M": "81.2", "PWD_P1": "4.5", "PWD_P2": "6.0", "PWD_P3": "7.2", "PWD_P4": "8.4", "PWD_P5": "9.6", "PWD_P6": "10.6", "PWD_P7": "11.6", "PWD_P8": "12.6", "PWD_P9": "13.6", "PWD_P10": "14.6", "PWD_P11": "15.5", "PWD_P12": "16.5", "PWD_P13": "17.5", "PWD_P14": "18.6", "PWD_P15": "19.7", "PWD_P16": "20.8", "PWD_P17": "21.9", "PWD_P18": "23.0", "PWD_P19": "24.1", "PWD_P20": "25.3", "PWD_P21": "26.4", "PWD_P22": "27.6", "PWD_P23": "28.9", "PWD_P24": "30.1", "PWD_P25": "31.4", "PWD_P26": "32.8", "PWD_P27": "34.2", "PWD_P28": "35.6", "PWD_P29": "37.0", "PWD_P30": "38.5", "PWD_P31": "40.1", "PWD_P32": "41.6", "PWD_P33": "43.3", "PWD_P34": "44.9", "PWD_P35": "46.5", "PWD_P36": "48.2", "PWD_P37": "49.9", "PWD_P38": "51.7", "PWD_P39": "53.6", "PWD_P40": "55.5", "PWD_P41": "57.5", "PWD_P42": "59.6", "PWD_P43": "61.9", "PWD_P44": "64.2", "PWD_P45": "66.6", "PWD_P46": "69.3", "PWD_P47": "72.1", "PWD_P48": "75.0", "PWD_P49": "78.1", "PWD_P50": "81.2", "PWD_P51": "84.6", "PWD_P52": "88.2", "PWD_P53": "92.2", "PWD_P54": "96.5", "PWD_P55": "101.2", "PWD_P56": "106.2", "PWD_P57": "111.5", "PWD_P58": "117.3", "PWD_P59": "124.2", "PWD_P60": "132.3", "PWD_P61": "141.4", "PWD_P62": "151.2", "PWD_P63": "162.3", "PWD_P64": "176.1", "PWD_P65": "192.5", "PWD_P66": "211.8", "PWD_P67": "233.9", "PWD_P68": "261.3", "PWD_P69": "298.8", "PWD_P70": "348.1", "PWD_P71": "414.0", "PWD_P72": "499.5", "PWD_P73": "600.5", "PWD_P74": "704.9", "PWD_P75": "831.6", "PWD_P76": "959.0", "PWD_P77": "1086.5", "PWD_P78": "1231.3", "PWD_P79": "1426.4", "PWD_P80": "1679.1", "PWD_P81": "1910.3", "PWD_P82": "2163.8", "PWD_P83": "2426.2", "PWD_P84": "2772.6", "PWD_P85": "3132.4", "PWD_P86": "3508.2", "PWD_P87": "3927.8", "PWD_P88": "4329.6", "PWD_P89": "4800.9", "PWD_P90": "5279.0", "PWD_P91": "5873.5", "PWD_P92": "6452.7", "PWD_P93": "7085.1", "PWD_P94": "7790.8", "PWD_P95": "8667.8", "PWD_P96": "10364.2", "PWD_P97": "13018.7", "PWD_P98": "14890.9", "PWD_P99": "17318.7", "PWD_P100": "21010.2" }, "geometry": { "type": "Point", "coordinates": [ -11.6051025390625, 10.123635292053223 ] } },
{ "type": "Feature", "id": 91, "properties": { "lon": -58.155818939208984, "lat": 6.5235443115234375, "year": "2005", "ISO": "GUY", "ISO_No": "328", "Name": "Guyana", "PWC_Lat": "6.52354431152344", "PWC_Lon": "-58.155818939209", "Pop": "746155", "Density": "3.6", "Area": "210153.5", "PWD_A": "1230.9", "PWD_G": "303.9", "PWD_M": "473.3", "PWD_P1": "0.2", "PWD_P2": "0.4", "PWD_P3": "0.8", "PWD_P4": "1.2", "PWD_P5": "1.7", "PWD_P6": "2.3", "PWD_P7": "3.6", "PWD_P8": "5.6", "PWD_P9": "8.6", "PWD_P10": "11.8", "PWD_P11": "15.5", "PWD_P12": "19.8", "PWD_P13": "25.2", "PWD_P14": "30.5", "PWD_P15": "36.3", "PWD_P16": "42.8", "PWD_P17": "49.3", "PWD_P18": "55.9", "PWD_P19": "62.4", "PWD_P20": "69.3", "PWD_P21": "76.4", "PWD_P22": "83.6", "PWD_P23": "91.0", "PWD_P24": "98.7", "PWD_P25": "107.8", "PWD_P26": "117.5", "PWD_P27": "128.2", "PWD_P28": "138.9", "PWD_P29": "150.3", "PWD_P30": "162.1", "PWD_P31": "174.6", "PWD_P32": "187.7", "PWD_P33": "200.7", "PWD_P34": "214.3", "PWD_P35": "227.5", "PWD_P36": "242.2", "PWD_P37": "258.0", "PWD_P38": "273.4", "PWD_P39": "290.4", "PWD_P40": "306.0", "PWD_P41": "320.7", "PWD_P42": "334.1", "PWD_P43": "347.6", "PWD_P44": "362.1", "PWD_P45": "377.9", "PWD_P46": "394.1", "PWD_P47": "412.7", "PWD_P48": "431.5", "PWD_P49": "450.7", "PWD_P50": "473.3", "PWD_P51": "497.3", "PWD_P52": "523.6", "PWD_P53": "550.5", "PWD_P54": "581.1", "PWD_P55": "614.0", "PWD_P56": "647.9", "PWD_P57": "682.4", "PWD_P58": "718.4", "PWD_P59": "754.7", "PWD_P60": "788.2", "PWD_P61": "823.0", "PWD_P62": "858.6", "PWD_P63": "899.0", "PWD_P64": "938.7", "PWD_P65": "974.8", "PWD_P66": "1014.6", "PWD_P67": "1054.7", "PWD_P68": "1094.3", "PWD_P69": "1134.0", "PWD_P70": "1185.4", "PWD_P71": "1233.6", "PWD_P72": "1283.8", "PWD_P73": "1341.4", "PWD_P74": "1409.3", "PWD_P75": "1477.3", "PWD_P76": "1559.0", "PWD_P77": "1669.9", "PWD_P78": "1852.3", "PWD_P79": "2088.7", "PWD_P80": "2314.8", "PWD_P81": "2621.5", "PWD_P82": "2971.5", "PWD_P83": "3168.2", "PWD_P84": "3348.8", "PWD_P85": "3535.2", "PWD_P86": "3665.9", "PWD_P87": "3809.2", "PWD_P88": "3942.4", "PWD_P89": "4034.2", "PWD_P90": "4124.1", "PWD_P91": "4231.8", "PWD_P92": "4385.5", "PWD_P93": "4559.4", "PWD_P94": "4727.7", "PWD_P95": "4887.2", "PWD_P96": "5043.4", "PWD_P97": "5198.1", "PWD_P98": "5355.3", "PWD_P99": "5580.9", "PWD_P100": "7810.2" }, "geometry": { "type": "Point", "coordinates": [ -58.155818939208984, 6.523544311523438 ] } },
{ "type": "Feature", "id": 92, "properties": { "lon": -72.604621887207031, "lat": 18.883222579956055, "year": "2005", "ISO": "HTI", "ISO_No": "332", "Name": "Haiti", "PWC_Lat": "18.8832225799561", "PWC_Lon": "-72.604621887207", "Pop": "9195289", "Density": "339.6", "Area": "27074.7", "PWD_A": "5175.3", "PWD_G": "1021.6", "PWD_M": "525.9", "PWD_P1": "63.2", "PWD_P2": "80.5", "PWD_P3": "93.1", "PWD_P4": "101.9", "PWD_P5": "109.1", "PWD_P6": "115.5", "PWD_P7": "122.0", "PWD_P8": "128.1", "PWD_P9": "133.9", "PWD_P10": "139.5", "PWD_P11": "144.9", "PWD_P12": "150.5", "PWD_P13": "156.0", "PWD_P14": "161.3", "PWD_P15": "166.4", "PWD_P16": "171.4", "PWD_P17": "176.4", "PWD_P18": "181.4", "PWD_P19": "186.6", "PWD_P20": "192.0", "PWD_P21": "197.5", "PWD_P22": "203.2", "PWD_P23": "209.1", "PWD_P24": "215.0", "PWD_P25": "221.2", "PWD_P26": "227.8", "PWD_P27": "234.5", "PWD_P28": "241.3", "PWD_P29": "248.2", "PWD_P30": "255.5", "PWD_P31": "263.1", "PWD_P32": "270.9", "PWD_P33": "279.3", "PWD_P34": "288.1", "PWD_P35": "297.1", "PWD_P36": "306.4", "PWD_P37": "316.0", "PWD_P38": "326.1", "PWD_P39": "336.6", "PWD_P40": "348.0", "PWD_P41": "360.2", "PWD_P42": "373.0", "PWD_P43": "386.7", "PWD_P44": "401.0", "PWD_P45": "416.4", "PWD_P46": "433.3", "PWD_P47": "452.6", "PWD_P48": "475.0", "PWD_P49": "499.2", "PWD_P50": "525.9", "PWD_P51": "555.4", "PWD_P52": "589.1", "PWD_P53": "626.0", "PWD_P54": "669.1", "PWD_P55": "717.1", "PWD_P56": "773.0", "PWD_P57": "833.3", "PWD_P58": "902.0", "PWD_P59": "985.0", "PWD_P60": "1091.3", "PWD_P61": "1218.3", "PWD_P62": "1372.2", "PWD_P63": "1534.8", "PWD_P64": "1702.5", "PWD_P65": "1879.6", "PWD_P66": "2076.5", "PWD_P67": "2315.8", "PWD_P68": "2588.4", "PWD_P69": "2902.1", "PWD_P70": "3256.8", "PWD_P71": "3674.6", "PWD_P72": "4133.6", "PWD_P73": "4629.0", "PWD_P74": "5136.9", "PWD_P75": "5621.5", "PWD_P76": "6205.4", "PWD_P77": "6863.4", "PWD_P78": "7499.2", "PWD_P79": "7987.8", "PWD_P80": "8598.4", "PWD_P81": "9441.9", "PWD_P82": "10415.2", "PWD_P83": "11309.2", "PWD_P84": "12245.8", "PWD_P85": "13308.5", "PWD_P86": "14341.1", "PWD_P87": "15138.0", "PWD_P88": "15819.0", "PWD_P89": "16591.6", "PWD_P90": "17537.0", "PWD_P91": "19580.9", "PWD_P92": "21992.7", "PWD_P93": "23480.7", "PWD_P94": "25100.2", "PWD_P95": "27162.5", "PWD_P96": "29411.8", "PWD_P97": "32121.4", "PWD_P98": "37241.3", "PWD_P99": "40838.9", "PWD_P100": "48518.3" }, "geometry": { "type": "Point", "coordinates": [ -72.604621887207031, 18.883222579956055 ] } },
{ "type": "Feature", "id": 93, "properties": { "lon": -87.462791442871094, "lat": 14.746519088745117, "year": "2005", "ISO": "HND", "ISO_No": "340", "Name": "Honduras", "PWC_Lat": "14.7465190887451", "PWC_Lon": "-87.4627914428711", "Pop": "7458982", "Density": "66.6", "Area": "112024.5", "PWD_A": "896.2", "PWD_G": "289.2", "PWD_M": "255.6", "PWD_P1": "6.4", "PWD_P2": "10.2", "PWD_P3": "13.4", "PWD_P4": "16.3", "PWD_P5": "19.2", "PWD_P6": "21.9", "PWD_P7": "24.6", "PWD_P8": "27.1", "PWD_P9": "29.7", "PWD_P10": "32.2", "PWD_P11": "34.7", "PWD_P12": "37.3", "PWD_P13": "39.8", "PWD_P14": "42.3", "PWD_P15": "45.0", "PWD_P16": "47.6", "PWD_P17": "50.4", "PWD_P18": "53.2", "PWD_P19": "56.2", "PWD_P20": "59.3", "PWD_P21": "62.5", "PWD_P22": "65.7", "PWD_P23": "68.9", "PWD_P24": "72.2", "PWD_P25": "75.5", "PWD_P26": "79.0", "PWD_P27": "82.5", "PWD_P28": "86.1", "PWD_P29": "90.0", "PWD_P30": "94.0", "PWD_P31": "98.1", "PWD_P32": "102.5", "PWD_P33": "107.2", "PWD_P34": "112.1", "PWD_P35": "117.2", "PWD_P36": "122.8", "PWD_P37": "128.6", "PWD_P38": "134.8", "PWD_P39": "141.3", "PWD_P40": "148.3", "PWD_P41": "155.6", "PWD_P42": "163.2", "PWD_P43": "171.4", "PWD_P44": "180.1", "PWD_P45": "189.9", "PWD_P46": "200.6", "PWD_P47": "212.4", "PWD_P48": "225.3", "PWD_P49": "239.6", "PWD_P50": "255.6", "PWD_P51": "272.3", "PWD_P52": "290.5", "PWD_P53": "310.1", "PWD_P54": "331.3", "PWD_P55": "354.6", "PWD_P56": "381.5", "PWD_P57": "411.9", "PWD_P58": "444.7", "PWD_P59": "480.0", "PWD_P60": "518.2", "PWD_P61": "559.6", "PWD_P62": "603.1", "PWD_P63": "649.0", "PWD_P64": "699.7", "PWD_P65": "753.2", "PWD_P66": "809.0", "PWD_P67": "868.9", "PWD_P68": "937.8", "PWD_P69": "1018.2", "PWD_P70": "1112.0", "PWD_P71": "1214.0", "PWD_P72": "1319.0", "PWD_P73": "1415.5", "PWD_P74": "1505.9", "PWD_P75": "1579.2", "PWD_P76": "1660.5", "PWD_P77": "1755.0", "PWD_P78": "1857.9", "PWD_P79": "1953.6", "PWD_P80": "2048.7", "PWD_P81": "2150.5", "PWD_P82": "2264.2", "PWD_P83": "2366.3", "PWD_P84": "2466.1", "PWD_P85": "2557.7", "PWD_P86": "2652.1", "PWD_P87": "2737.9", "PWD_P88": "2809.7", "PWD_P89": "2873.3", "PWD_P90": "2929.4", "PWD_P91": "2978.4", "PWD_P92": "3027.1", "PWD_P93": "3077.4", "PWD_P94": "3128.4", "PWD_P95": "3176.2", "PWD_P96": "3240.6", "PWD_P97": "3315.9", "PWD_P98": "3408.8", "PWD_P99": "3616.9", "PWD_P100": "4744.5" }, "geometry": { "type": "Point", "coordinates": [ -87.462791442871094, 14.746519088745117 ] } },
{ "type": "Feature", "id": 94, "properties": { "lon": 114.15132141113281, "lat": 22.352024078369141, "year": "2005", "ISO": "HKG", "ISO_No": "344", "Name": "Hong Kong", "PWC_Lat": "22.3520240783691", "PWC_Lon": "114.151321411133", "Pop": "6769578", "Density": "5858.5", "Area": "1155.5", "PWD_A": "75943.6", "PWD_G": "42292.8", "PWD_M": "62121.0", "PWD_P1": "328.8", "PWD_P2": "743.4", "PWD_P3": "1220.3", "PWD_P4": "1752.0", "PWD_P5": "2334.4", "PWD_P6": "2916.7", "PWD_P7": "3549.4", "PWD_P8": "4252.2", "PWD_P9": "5027.7", "PWD_P10": "5938.3", "PWD_P11": "6910.8", "PWD_P12": "7851.8", "PWD_P13": "8796.3", "PWD_P14": "9767.4", "PWD_P15": "10831.8", "PWD_P16": "11980.2", "PWD_P17": "13153.7", "PWD_P18": "14348.3", "PWD_P19": "15768.2", "PWD_P20": "17282.3", "PWD_P21": "18897.4", "PWD_P22": "20545.9", "PWD_P23": "21988.9", "PWD_P24": "23328.8", "PWD_P25": "24766.5", "PWD_P26": "26227.9", "PWD_P27": "27703.5", "PWD_P28": "29253.7", "PWD_P29": "30643.1", "PWD_P30": "32090.9", "PWD_P31": "33456.9", "PWD_P32": "34812.1", "PWD_P33": "36266.6", "PWD_P34": "37608.8", "PWD_P35": "38697.8", "PWD_P36": "40000.8", "PWD_P37": "41466.4", "PWD_P38": "42819.3", "PWD_P39": "44247.6", "PWD_P40": "45535.2", "PWD_P41": "47161.2", "PWD_P42": "48846.0", "PWD_P43": "50407.4", "PWD_P44": "51816.3", "PWD_P45": "53595.4", "PWD_P46": "55271.9", "PWD_P47": "56991.4", "PWD_P48": "58785.8", "PWD_P49": "60574.4", "PWD_P50": "62121.0", "PWD_P51": "64211.0", "PWD_P52": "65727.7", "PWD_P53": "67420.3", "PWD_P54": "68953.8", "PWD_P55": "70551.8", "PWD_P56": "72468.3", "PWD_P57": "74223.0", "PWD_P58": "76070.9", "PWD_P59": "77510.2", "PWD_P60": "79271.7", "PWD_P61": "80988.0", "PWD_P62": "82366.3", "PWD_P63": "84003.9", "PWD_P64": "86128.2", "PWD_P65": "87635.4", "PWD_P66": "89361.2", "PWD_P67": "91151.5", "PWD_P68": "93085.6", "PWD_P69": "95474.5", "PWD_P70": "97819.6", "PWD_P71": "99820.6", "PWD_P72": "102093.0", "PWD_P73": "104714.9", "PWD_P74": "106982.4", "PWD_P75": "110008.3", "PWD_P76": "112759.8", "PWD_P77": "115204.3", "PWD_P78": "118144.1", "PWD_P79": "120667.2", "PWD_P80": "123374.8", "PWD_P81": "126883.9", "PWD_P82": "129836.1", "PWD_P83": "133251.5", "PWD_P84": "137032.0", "PWD_P85": "141061.2", "PWD_P86": "144749.9", "PWD_P87": "148797.8", "PWD_P88": "152990.9", "PWD_P89": "157839.2", "PWD_P90": "161543.8", "PWD_P91": "167408.8", "PWD_P92": "175083.4", "PWD_P93": "182124.5", "PWD_P94": "188588.7", "PWD_P95": "200884.7", "PWD_P96": "210613.4", "PWD_P97": "223632.9", "PWD_P98": "241252.4", "PWD_P99": "283556.6", "PWD_P100": "564750.1" }, "geometry": { "type": "Point", "coordinates": [ 114.151321411132812, 22.352024078369141 ] } },
{ "type": "Feature", "id": 95, "properties": { "lon": 19.348211288452148, "lat": 47.2789306640625, "year": "2005", "ISO": "HUN", "ISO_No": "348", "Name": "Hungary", "PWC_Lat": "47.2789306640625", "PWC_Lon": "19.3482112884521", "Pop": "10085941", "Density": "110.6", "Area": "91162.6", "PWD_A": "1944.0", "PWD_G": "532.1", "PWD_M": "623.7", "PWD_P1": "9.5", "PWD_P2": "13.7", "PWD_P3": "17.7", "PWD_P4": "21.1", "PWD_P5": "24.2", "PWD_P6": "27.2", "PWD_P7": "30.2", "PWD_P8": "33.2", "PWD_P9": "36.1", "PWD_P10": "39.2", "PWD_P11": "42.4", "PWD_P12": "45.7", "PWD_P13": "49.3", "PWD_P14": "53.2", "PWD_P15": "57.4", "PWD_P16": "62.0", "PWD_P17": "67.0", "PWD_P18": "72.6", "PWD_P19": "78.9", "PWD_P20": "86.0", "PWD_P21": "93.7", "PWD_P22": "102.1", "PWD_P23": "111.2", "PWD_P24": "121.0", "PWD_P25": "131.6", "PWD_P26": "142.9", "PWD_P27": "154.9", "PWD_P28": "167.4", "PWD_P29": "180.5", "PWD_P30": "194.2", "PWD_P31": "208.4", "PWD_P32": "222.9", "PWD_P33": "237.8", "PWD_P34": "253.4", "PWD_P35": "269.3", "PWD_P36": "285.7", "PWD_P37": "302.9", "PWD_P38": "320.8", "PWD_P39": "339.4", "PWD_P40": "358.8", "PWD_P41": "379.4", "PWD_P42": "400.9", "PWD_P43": "423.7", "PWD_P44": "447.5", "PWD_P45": "473.0", "PWD_P46": "500.1", "PWD_P47": "528.4", "PWD_P48": "558.5", "PWD_P49": "590.2", "PWD_P50": "623.7", "PWD_P51": "658.6", "PWD_P52": "695.3", "PWD_P53": "733.3", "PWD_P54": "773.4", "PWD_P55": "815.4", "PWD_P56": "859.4", "PWD_P57": "905.2", "PWD_P58": "953.5", "PWD_P59": "1004.0", "PWD_P60": "1056.1", "PWD_P61": "1111.2", "PWD_P62": "1167.9", "PWD_P63": "1227.5", "PWD_P64": "1291.7", "PWD_P65": "1357.6", "PWD_P66": "1427.0", "PWD_P67": "1501.0", "PWD_P68": "1576.9", "PWD_P69": "1657.3", "PWD_P70": "1742.7", "PWD_P71": "1830.5", "PWD_P72": "1927.4", "PWD_P73": "2029.3", "PWD_P74": "2139.6", "PWD_P75": "2254.9", "PWD_P76": "2376.4", "PWD_P77": "2510.6", "PWD_P78": "2651.6", "PWD_P79": "2798.6", "PWD_P80": "2969.0", "PWD_P81": "3150.8", "PWD_P82": "3354.8", "PWD_P83": "3569.2", "PWD_P84": "3789.1", "PWD_P85": "4043.4", "PWD_P86": "4325.7", "PWD_P87": "4618.8", "PWD_P88": "4909.9", "PWD_P89": "5246.4", "PWD_P90": "5611.3", "PWD_P91": "6026.7", "PWD_P92": "6478.0", "PWD_P93": "6972.3", "PWD_P94": "7450.5", "PWD_P95": "7962.0", "PWD_P96": "8662.0", "PWD_P97": "9755.7", "PWD_P98": "11843.7", "PWD_P99": "16206.2", "PWD_P100": "35461.7" }, "geometry": { "type": "Point", "coordinates": [ 19.348211288452148, 47.2789306640625 ] } },
{ "type": "Feature", "id": 96, "properties": { "lon": -21.127595901489258, "lat": 64.386802673339844, "year": "2005", "ISO": "ISL", "ISO_No": "352", "Name": "Iceland", "PWC_Lat": "64.3868026733398", "PWC_Lon": "-21.1275959014893", "Pop": "294976", "Density": "2.9", "Area": "100429.1", "PWD_A": "570.8", "PWD_G": "171.5", "PWD_M": "383.5", "PWD_P1": "0.1", "PWD_P2": "0.2", "PWD_P3": "0.4", "PWD_P4": "0.5", "PWD_P5": "0.7", "PWD_P6": "1.0", "PWD_P7": "1.4", "PWD_P8": "2.0", "PWD_P9": "2.9", "PWD_P10": "4.0", "PWD_P11": "5.3", "PWD_P12": "6.8", "PWD_P13": "8.7", "PWD_P14": "11.3", "PWD_P15": "14.2", "PWD_P16": "17.1", "PWD_P17": "20.0", "PWD_P18": "23.1", "PWD_P19": "26.4", "PWD_P20": "31.2", "PWD_P21": "36.5", "PWD_P22": "42.3", "PWD_P23": "49.4", "PWD_P24": "58.3", "PWD_P25": "69.1", "PWD_P26": "81.5", "PWD_P27": "93.0", "PWD_P28": "103.3", "PWD_P29": "116.6", "PWD_P30": "130.4", "PWD_P31": "143.8", "PWD_P32": "154.1", "PWD_P33": "163.9", "PWD_P34": "173.8", "PWD_P35": "185.1", "PWD_P36": "194.8", "PWD_P37": "205.3", "PWD_P38": "218.7", "PWD_P39": "233.8", "PWD_P40": "248.2", "PWD_P41": "260.9", "PWD_P42": "271.8", "PWD_P43": "282.3", "PWD_P44": "292.3", "PWD_P45": "304.1", "PWD_P46": "318.2", "PWD_P47": "332.3", "PWD_P48": "349.1", "PWD_P49": "367.9", "PWD_P50": "383.5", "PWD_P51": "399.6", "PWD_P52": "416.5", "PWD_P53": "435.6", "PWD_P54": "459.2", "PWD_P55": "480.2", "PWD_P56": "500.2", "PWD_P57": "518.2", "PWD_P58": "535.5", "PWD_P59": "554.2", "PWD_P60": "571.6", "PWD_P61": "589.6", "PWD_P62": "611.2", "PWD_P63": "635.5", "PWD_P64": "659.2", "PWD_P65": "684.3", "PWD_P66": "713.4", "PWD_P67": "746.3", "PWD_P68": "785.1", "PWD_P69": "829.6", "PWD_P70": "878.0", "PWD_P71": "947.5", "PWD_P72": "992.6", "PWD_P73": "1024.5", "PWD_P74": "1047.5", "PWD_P75": "1065.0", "PWD_P76": "1083.0", "PWD_P77": "1100.4", "PWD_P78": "1118.0", "PWD_P79": "1135.9", "PWD_P80": "1152.8", "PWD_P81": "1170.1", "PWD_P82": "1188.8", "PWD_P83": "1209.7", "PWD_P84": "1234.8", "PWD_P85": "1260.6", "PWD_P86": "1287.3", "PWD_P87": "1317.5", "PWD_P88": "1348.4", "PWD_P89": "1372.0", "PWD_P90": "1396.2", "PWD_P91": "1421.4", "PWD_P92": "1447.9", "PWD_P93": "1478.1", "PWD_P94": "1514.9", "PWD_P95": "1555.9", "PWD_P96": "1613.6", "PWD_P97": "1682.5", "PWD_P98": "1778.9", "PWD_P99": "1976.3", "PWD_P100": "2413.2" }, "geometry": { "type": "Point", "coordinates": [ -21.127595901489258, 64.386802673339844 ] } },
{ "type": "Feature", "id": 97, "properties": { "lon": 80.1298, "lat": 22.4074, "year": "2005", "ISO": "IND", "ISO_No": "356", "Name": "India", "PWC_Lat": "22.4074", "PWC_Lon": "80.1298", "Pop": "1147609923", "Density": "370.1", "Area": "3100803.8", "PWD_A": "4081.8", "PWD_G": "940.1", "PWD_M": "749.9", "PWD_P1": "57.2", "PWD_P2": "80.1", "PWD_P3": "97.2", "PWD_P4": "111.0", "PWD_P5": "122.8", "PWD_P6": "133.2", "PWD_P7": "142.9", "PWD_P8": "152.1", "PWD_P9": "161.0", "PWD_P10": "169.9", "PWD_P11": "178.7", "PWD_P12": "187.6", "PWD_P13": "196.6", "PWD_P14": "205.7", "PWD_P15": "214.9", "PWD_P16": "224.4", "PWD_P17": "234.1", "PWD_P18": "244.0", "PWD_P19": "254.2", "PWD_P20": "264.8", "PWD_P21": "275.8", "PWD_P22": "287.2", "PWD_P23": "298.9", "PWD_P24": "311.0", "PWD_P25": "323.3", "PWD_P26": "336.1", "PWD_P27": "349.4", "PWD_P28": "363.2", "PWD_P29": "377.5", "PWD_P30": "392.2", "PWD_P31": "407.5", "PWD_P32": "423.3", "PWD_P33": "439.5", "PWD_P34": "456.0", "PWD_P35": "472.6", "PWD_P36": "489.5", "PWD_P37": "506.8", "PWD_P38": "524.1", "PWD_P39": "541.7", "PWD_P40": "559.3", "PWD_P41": "577.2", "PWD_P42": "595.2", "PWD_P43": "613.4", "PWD_P44": "631.8", "PWD_P45": "650.5", "PWD_P46": "669.7", "PWD_P47": "689.2", "PWD_P48": "709.0", "PWD_P49": "729.2", "PWD_P50": "749.9", "PWD_P51": "771.1", "PWD_P52": "792.8", "PWD_P53": "815.1", "PWD_P54": "837.9", "PWD_P55": "861.4", "PWD_P56": "885.9", "PWD_P57": "911.4", "PWD_P58": "937.9", "PWD_P59": "965.6", "PWD_P60": "994.9", "PWD_P61": "1025.7", "PWD_P62": "1058.3", "PWD_P63": "1092.8", "PWD_P64": "1129.8", "PWD_P65": "1169.7", "PWD_P66": "1212.8", "PWD_P67": "1259.3", "PWD_P68": "1310.5", "PWD_P69": "1366.9", "PWD_P70": "1429.5", "PWD_P71": "1498.6", "PWD_P72": "1575.7", "PWD_P73": "1661.7", "PWD_P74": "1757.5", "PWD_P75": "1866.4", "PWD_P76": "1989.8", "PWD_P77": "2132.9", "PWD_P78": "2298.5", "PWD_P79": "2489.3", "PWD_P80": "2712.6", "PWD_P81": "2991.6", "PWD_P82": "3338.9", "PWD_P83": "3773.1", "PWD_P84": "4320.3", "PWD_P85": "4994.1", "PWD_P86": "5813.6", "PWD_P87": "6771.3", "PWD_P88": "7890.8", "PWD_P89": "9138.7", "PWD_P90": "10570.3", "PWD_P91": "12290.2", "PWD_P92": "14329.4", "PWD_P93": "16841.2", "PWD_P94": "19843.3", "PWD_P95": "23738.3", "PWD_P96": "28317.7", "PWD_P97": "33558.5", "PWD_P98": "39108.2", "PWD_P99": "48275.4", "PWD_P100": "210769.1" }, "geometry": { "type": "Point", "coordinates": [ 80.1298, 22.4074 ] } },
{ "type": "Feature", "id": 98, "properties": { "lon": 51.8859, "lat": 34.1852, "year": "2005", "ISO": "IRN", "ISO_No": "364", "Name": "Iran", "PWC_Lat": "34.1852", "PWC_Lon": "51.8859", "Pop": "69762344", "Density": "43.2", "Area": "1615773.7", "PWD_A": "1406.1", "PWD_G": "326.8", "PWD_M": "388.0", "PWD_P1": "3.2", "PWD_P2": "4.7", "PWD_P3": "6.0", "PWD_P4": "7.3", "PWD_P5": "8.8", "PWD_P6": "10.5", "PWD_P7": "12.4", "PWD_P8": "14.4", "PWD_P9": "16.6", "PWD_P10": "19.0", "PWD_P11": "21.6", "PWD_P12": "24.4", "PWD_P13": "27.4", "PWD_P14": "30.7", "PWD_P15": "34.0", "PWD_P16": "37.7", "PWD_P17": "41.6", "PWD_P18": "45.7", "PWD_P19": "50.0", "PWD_P20": "54.7", "PWD_P21": "59.5", "PWD_P22": "64.6", "PWD_P23": "69.9", "PWD_P24": "75.8", "PWD_P25": "82.0", "PWD_P26": "88.4", "PWD_P27": "95.1", "PWD_P28": "102.2", "PWD_P29": "109.8", "PWD_P30": "117.7", "PWD_P31": "126.1", "PWD_P32": "134.7", "PWD_P33": "143.7", "PWD_P34": "153.2", "PWD_P35": "163.2", "PWD_P36": "173.8", "PWD_P37": "184.5", "PWD_P38": "195.6", "PWD_P39": "207.4", "PWD_P40": "219.8", "PWD_P41": "233.0", "PWD_P42": "246.9", "PWD_P43": "261.8", "PWD_P44": "277.6", "PWD_P45": "294.1", "PWD_P46": "311.5", "PWD_P47": "329.4", "PWD_P48": "347.9", "PWD_P49": "367.5", "PWD_P50": "388.0", "PWD_P51": "409.4", "PWD_P52": "431.9", "PWD_P53": "455.3", "PWD_P54": "479.9", "PWD_P55": "505.0", "PWD_P56": "531.1", "PWD_P57": "557.5", "PWD_P58": "585.8", "PWD_P59": "615.0", "PWD_P60": "646.0", "PWD_P61": "679.2", "PWD_P62": "715.4", "PWD_P63": "755.3", "PWD_P64": "796.7", "PWD_P65": "840.6", "PWD_P66": "888.6", "PWD_P67": "942.7", "PWD_P68": "1002.7", "PWD_P69": "1066.8", "PWD_P70": "1132.4", "PWD_P71": "1199.7", "PWD_P72": "1264.6", "PWD_P73": "1334.1", "PWD_P74": "1401.8", "PWD_P75": "1472.1", "PWD_P76": "1541.5", "PWD_P77": "1612.7", "PWD_P78": "1698.5", "PWD_P79": "1803.7", "PWD_P80": "1937.0", "PWD_P81": "2120.9", "PWD_P82": "2330.0", "PWD_P83": "2531.2", "PWD_P84": "2737.9", "PWD_P85": "2939.6", "PWD_P86": "3155.2", "PWD_P87": "3391.1", "PWD_P88": "3670.9", "PWD_P89": "4048.1", "PWD_P90": "4698.7", "PWD_P91": "5650.3", "PWD_P92": "6461.2", "PWD_P93": "7026.7", "PWD_P94": "7419.7", "PWD_P95": "7766.2", "PWD_P96": "8087.9", "PWD_P97": "8422.3", "PWD_P98": "8751.2", "PWD_P99": "9113.8", "PWD_P100": "10290.6" }, "geometry": { "type": "Point", "coordinates": [ 51.8859, 34.1852 ] } },
{ "type": "Feature", "id": 99, "properties": { "lon": 44.660404205322266, "lat": 33.581539154052734, "year": "2005", "ISO": "IRQ", "ISO_No": "368", "Name": "Iraq", "PWC_Lat": "33.5815391540527", "PWC_Lon": "44.6604042053223", "Pop": "26922278", "Density": "61.1", "Area": "440607.9", "PWD_A": "1394.2", "PWD_G": "457.7", "PWD_M": "493.6", "PWD_P1": "6.7", "PWD_P2": "10.7", "PWD_P3": "14.9", "PWD_P4": "19.0", "PWD_P5": "23.0", "PWD_P6": "27.1", "PWD_P7": "31.3", "PWD_P8": "35.5", "PWD_P9": "39.6", "PWD_P10": "43.7", "PWD_P11": "48.1", "PWD_P12": "52.7", "PWD_P13": "57.8", "PWD_P14": "63.4", "PWD_P15": "69.5", "PWD_P16": "75.8", "PWD_P17": "82.0", "PWD_P18": "88.6", "PWD_P19": "95.2", "PWD_P20": "101.9", "PWD_P21": "108.6", "PWD_P22": "115.4", "PWD_P23": "122.2", "PWD_P24": "129.4", "PWD_P25": "137.2", "PWD_P26": "144.9", "PWD_P27": "153.0", "PWD_P28": "161.5", "PWD_P29": "170.5", "PWD_P30": "180.2", "PWD_P31": "190.4", "PWD_P32": "201.1", "PWD_P33": "211.8", "PWD_P34": "222.8", "PWD_P35": "234.4", "PWD_P36": "246.6", "PWD_P37": "259.3", "PWD_P38": "272.4", "PWD_P39": "285.8", "PWD_P40": "299.9", "PWD_P41": "314.5", "PWD_P42": "330.1", "PWD_P43": "346.6", "PWD_P44": "364.3", "PWD_P45": "382.9", "PWD_P46": "403.0", "PWD_P47": "424.4", "PWD_P48": "446.8", "PWD_P49": "469.8", "PWD_P50": "493.6", "PWD_P51": "518.3", "PWD_P52": "544.7", "PWD_P53": "573.1", "PWD_P54": "602.6", "PWD_P55": "632.6", "PWD_P56": "664.1", "PWD_P57": "697.8", "PWD_P58": "735.7", "PWD_P59": "777.1", "PWD_P60": "820.8", "PWD_P61": "868.7", "PWD_P62": "920.2", "PWD_P63": "977.5", "PWD_P64": "1041.2", "PWD_P65": "1108.3", "PWD_P66": "1177.7", "PWD_P67": "1252.2", "PWD_P68": "1327.9", "PWD_P69": "1406.5", "PWD_P70": "1489.5", "PWD_P71": "1570.7", "PWD_P72": "1643.0", "PWD_P73": "1721.9", "PWD_P74": "1815.3", "PWD_P75": "1915.1", "PWD_P76": "2013.5", "PWD_P77": "2115.5", "PWD_P78": "2226.8", "PWD_P79": "2349.9", "PWD_P80": "2471.4", "PWD_P81": "2592.6", "PWD_P82": "2723.1", "PWD_P83": "2877.4", "PWD_P84": "3056.4", "PWD_P85": "3237.1", "PWD_P86": "3419.4", "PWD_P87": "3625.3", "PWD_P88": "3873.7", "PWD_P89": "4168.3", "PWD_P90": "4469.5", "PWD_P91": "4766.8", "PWD_P92": "5091.1", "PWD_P93": "5398.2", "PWD_P94": "5704.4", "PWD_P95": "5995.8", "PWD_P96": "6297.0", "PWD_P97": "6633.8", "PWD_P98": "7035.4", "PWD_P99": "7536.9", "PWD_P100": "9260.7" }, "geometry": { "type": "Point", "coordinates": [ 44.660404205322266, 33.581539154052734 ] } },
{ "type": "Feature", "id": 100, "properties": { "lon": -7.4311623573303223, "lat": 53.112876892089844, "year": "2005", "ISO": "IRL", "ISO_No": "372", "Name": "Ireland", "PWC_Lat": "53.1128768920898", "PWC_Lon": "-7.43116235733032", "Pop": "4141218", "Density": "60.1", "Area": "68958.7", "PWD_A": "3387.8", "PWD_G": "875.3", "PWD_M": "1690.8", "PWD_P1": "4.2", "PWD_P2": "5.9", "PWD_P3": "7.3", "PWD_P4": "8.7", "PWD_P5": "10.2", "PWD_P6": "11.9", "PWD_P7": "13.9", "PWD_P8": "16.2", "PWD_P9": "19.1", "PWD_P10": "22.7", "PWD_P11": "27.1", "PWD_P12": "32.5", "PWD_P13": "38.7", "PWD_P14": "45.9", "PWD_P15": "54.2", "PWD_P16": "63.9", "PWD_P17": "75.3", "PWD_P18": "88.8", "PWD_P19": "104.6", "PWD_P20": "122.1", "PWD_P21": "141.2", "PWD_P22": "161.9", "PWD_P23": "184.1", "PWD_P24": "207.6", "PWD_P25": "232.9", "PWD_P26": "259.5", "PWD_P27": "287.7", "PWD_P28": "317.4", "PWD_P29": "348.9", "PWD_P30": "381.9", "PWD_P31": "417.0", "PWD_P32": "453.8", "PWD_P33": "492.6", "PWD_P34": "533.7", "PWD_P35": "576.2", "PWD_P36": "620.4", "PWD_P37": "666.8", "PWD_P38": "717.7", "PWD_P39": "772.2", "PWD_P40": "829.9", "PWD_P41": "892.4", "PWD_P42": "960.7", "PWD_P43": "1033.4", "PWD_P44": "1109.1", "PWD_P45": "1192.2", "PWD_P46": "1281.7", "PWD_P47": "1377.5", "PWD_P48": "1478.8", "PWD_P49": "1582.0", "PWD_P50": "1690.8", "PWD_P51": "1801.8", "PWD_P52": "1918.7", "PWD_P53": "2037.6", "PWD_P54": "2155.9", "PWD_P55": "2271.7", "PWD_P56": "2393.5", "PWD_P57": "2520.0", "PWD_P58": "2640.6", "PWD_P59": "2765.2", "PWD_P60": "2898.0", "PWD_P61": "3023.7", "PWD_P62": "3148.3", "PWD_P63": "3272.8", "PWD_P64": "3402.4", "PWD_P65": "3539.4", "PWD_P66": "3675.7", "PWD_P67": "3815.7", "PWD_P68": "3951.9", "PWD_P69": "4083.2", "PWD_P70": "4214.6", "PWD_P71": "4353.4", "PWD_P72": "4493.8", "PWD_P73": "4635.2", "PWD_P74": "4785.7", "PWD_P75": "4938.0", "PWD_P76": "5104.0", "PWD_P77": "5274.4", "PWD_P78": "5451.2", "PWD_P79": "5623.2", "PWD_P80": "5807.6", "PWD_P81": "5997.0", "PWD_P82": "6193.8", "PWD_P83": "6430.5", "PWD_P84": "6642.0", "PWD_P85": "6882.1", "PWD_P86": "7123.1", "PWD_P87": "7370.6", "PWD_P88": "7646.8", "PWD_P89": "7968.0", "PWD_P90": "8308.0", "PWD_P91": "8700.3", "PWD_P92": "9123.6", "PWD_P93": "9628.7", "PWD_P94": "10207.0", "PWD_P95": "10937.5", "PWD_P96": "11919.1", "PWD_P97": "13470.5", "PWD_P98": "16036.8", "PWD_P99": "23359.9", "PWD_P100": "94859.2" }, "geometry": { "type": "Point", "coordinates": [ -7.431162357330322, 53.112876892089844 ] } },
{ "type": "Feature", "id": 101, "properties": { "lon": 34.980026245117188, "lat": 32.144672393798828, "year": "2005", "ISO": "ISR", "ISO_No": "376", "Name": "Israel", "PWC_Lat": "32.1446723937988", "PWC_Lon": "34.9800262451172", "Pop": "6529469", "Density": "297.9", "Area": "21919.6", "PWD_A": "3673.3", "PWD_G": "1873.8", "PWD_M": "2307.9", "PWD_P1": "22.9", "PWD_P2": "45.6", "PWD_P3": "72.1", "PWD_P4": "100.5", "PWD_P5": "131.8", "PWD_P6": "161.2", "PWD_P7": "190.3", "PWD_P8": "219.5", "PWD_P9": "250.6", "PWD_P10": "284.8", "PWD_P11": "321.6", "PWD_P12": "360.0", "PWD_P13": "399.8", "PWD_P14": "441.4", "PWD_P15": "483.7", "PWD_P16": "524.8", "PWD_P17": "566.2", "PWD_P18": "607.2", "PWD_P19": "648.2", "PWD_P20": "687.9", "PWD_P21": "727.3", "PWD_P22": "767.5", "PWD_P23": "806.9", "PWD_P24": "847.3", "PWD_P25": "888.5", "PWD_P26": "930.4", "PWD_P27": "973.7", "PWD_P28": "1016.9", "PWD_P29": "1060.1", "PWD_P30": "1105.0", "PWD_P31": "1151.0", "PWD_P32": "1197.4", "PWD_P33": "1246.0", "PWD_P34": "1295.2", "PWD_P35": "1347.5", "PWD_P36": "1400.7", "PWD_P37": "1456.7", "PWD_P38": "1512.8", "PWD_P39": "1569.8", "PWD_P40": "1626.5", "PWD_P41": "1685.6", "PWD_P42": "1745.8", "PWD_P43": "1807.4", "PWD_P44": "1874.0", "PWD_P45": "1942.0", "PWD_P46": "2014.2", "PWD_P47": "2085.0", "PWD_P48": "2158.3", "PWD_P49": "2231.2", "PWD_P50": "2307.9", "PWD_P51": "2387.8", "PWD_P52": "2471.5", "PWD_P53": "2556.5", "PWD_P54": "2646.1", "PWD_P55": "2732.6", "PWD_P56": "2825.9", "PWD_P57": "2919.8", "PWD_P58": "3015.0", "PWD_P59": "3112.5", "PWD_P60": "3212.9", "PWD_P61": "3314.5", "PWD_P62": "3415.9", "PWD_P63": "3524.7", "PWD_P64": "3636.3", "PWD_P65": "3762.1", "PWD_P66": "3874.6", "PWD_P67": "4002.2", "PWD_P68": "4119.8", "PWD_P69": "4239.4", "PWD_P70": "4360.0", "PWD_P71": "4489.4", "PWD_P72": "4644.3", "PWD_P73": "4814.2", "PWD_P74": "4988.7", "PWD_P75": "5186.6", "PWD_P76": "5434.4", "PWD_P77": "5745.1", "PWD_P78": "6032.4", "PWD_P79": "6287.0", "PWD_P80": "6492.1", "PWD_P81": "6717.8", "PWD_P82": "6909.3", "PWD_P83": "7144.4", "PWD_P84": "7464.4", "PWD_P85": "7783.6", "PWD_P86": "8186.1", "PWD_P87": "8838.1", "PWD_P88": "9466.9", "PWD_P89": "9999.1", "PWD_P90": "10368.1", "PWD_P91": "10724.7", "PWD_P92": "10983.6", "PWD_P93": "11216.4", "PWD_P94": "11422.9", "PWD_P95": "11671.3", "PWD_P96": "12070.0", "PWD_P97": "12556.0", "PWD_P98": "13138.3", "PWD_P99": "13778.2", "PWD_P100": "15278.6" }, "geometry": { "type": "Point", "coordinates": [ 34.980026245117188, 32.144672393798828 ] } },
{ "type": "Feature", "id": 102, "properties": { "lon": 12.115527153015137, "lat": 42.887042999267578, "year": "2005", "ISO": "ITA", "ISO_No": "380", "Name": "Italy", "PWC_Lat": "42.8870429992676", "PWC_Lon": "12.1155271530151", "Pop": "58281209", "Density": "195.5", "Area": "298067.4", "PWD_A": "10166.8", "PWD_G": "4630.6", "PWD_M": "5470.7", "PWD_P1": "21.5", "PWD_P2": "47.1", "PWD_P3": "80.7", "PWD_P4": "130.2", "PWD_P5": "210.5", "PWD_P6": "339.8", "PWD_P7": "503.4", "PWD_P8": "660.7", "PWD_P9": "801.7", "PWD_P10": "930.8", "PWD_P11": "1050.7", "PWD_P12": "1164.7", "PWD_P13": "1276.0", "PWD_P14": "1384.2", "PWD_P15": "1491.6", "PWD_P16": "1597.9", "PWD_P17": "1702.4", "PWD_P18": "1807.0", "PWD_P19": "1909.6", "PWD_P20": "2012.1", "PWD_P21": "2114.5", "PWD_P22": "2216.7", "PWD_P23": "2318.0", "PWD_P24": "2419.8", "PWD_P25": "2522.0", "PWD_P26": "2625.3", "PWD_P27": "2728.1", "PWD_P28": "2831.2", "PWD_P29": "2934.4", "PWD_P30": "3038.2", "PWD_P31": "3143.5", "PWD_P32": "3249.6", "PWD_P33": "3355.2", "PWD_P34": "3464.0", "PWD_P35": "3572.6", "PWD_P36": "3682.9", "PWD_P37": "3792.8", "PWD_P38": "3907.8", "PWD_P39": "4022.6", "PWD_P40": "4140.1", "PWD_P41": "4258.0", "PWD_P42": "4379.3", "PWD_P43": "4504.2", "PWD_P44": "4629.4", "PWD_P45": "4761.1", "PWD_P46": "4893.1", "PWD_P47": "5030.2", "PWD_P48": "5172.2", "PWD_P49": "5319.7", "PWD_P50": "5470.7", "PWD_P51": "5622.8", "PWD_P52": "5782.3", "PWD_P53": "5944.5", "PWD_P54": "6115.9", "PWD_P55": "6293.7", "PWD_P56": "6477.7", "PWD_P57": "6666.8", "PWD_P58": "6868.1", "PWD_P59": "7075.9", "PWD_P60": "7288.5", "PWD_P61": "7509.7", "PWD_P62": "7747.0", "PWD_P63": "7988.0", "PWD_P64": "8239.4", "PWD_P65": "8500.9", "PWD_P66": "8780.3", "PWD_P67": "9077.0", "PWD_P68": "9375.1", "PWD_P69": "9691.1", "PWD_P70": "10023.6", "PWD_P71": "10374.1", "PWD_P72": "10744.7", "PWD_P73": "11135.5", "PWD_P74": "11557.0", "PWD_P75": "11994.8", "PWD_P76": "12462.2", "PWD_P77": "12965.7", "PWD_P78": "13486.7", "PWD_P79": "14034.7", "PWD_P80": "14629.3", "PWD_P81": "15259.6", "PWD_P82": "15941.0", "PWD_P83": "16663.5", "PWD_P84": "17440.3", "PWD_P85": "18305.8", "PWD_P86": "19270.5", "PWD_P87": "20290.1", "PWD_P88": "21402.5", "PWD_P89": "22642.4", "PWD_P90": "24023.5", "PWD_P91": "25560.7", "PWD_P92": "27253.1", "PWD_P93": "29269.8", "PWD_P94": "31675.2", "PWD_P95": "34676.5", "PWD_P96": "38443.3", "PWD_P97": "43539.2", "PWD_P98": "50892.0", "PWD_P99": "64532.8", "PWD_P100": "1029723.0" }, "geometry": { "type": "Point", "coordinates": [ 12.115527153015137, 42.887042999267578 ] } },
{ "type": "Feature", "id": 103, "properties": { "lon": -5.2950921058654785, "lat": 6.6555900573730469, "year": "2005", "ISO": "CIV", "ISO_No": "384", "Name": "CIte dIvoire", "PWC_Lat": "6.65559005737305", "PWC_Lon": "-5.29509210586548", "Pop": "18354513", "Density": "57.2", "Area": "320755.8", "PWD_A": "3555.8", "PWD_G": "280.5", "PWD_M": "126.9", "PWD_P1": "7.9", "PWD_P2": "10.5", "PWD_P3": "12.6", "PWD_P4": "14.3", "PWD_P5": "15.9", "PWD_P6": "17.3", "PWD_P7": "18.7", "PWD_P8": "20.2", "PWD_P9": "21.6", "PWD_P10": "22.9", "PWD_P11": "24.3", "PWD_P12": "25.7", "PWD_P13": "27.1", "PWD_P14": "28.6", "PWD_P15": "30.0", "PWD_P16": "31.5", "PWD_P17": "33.0", "PWD_P18": "34.4", "PWD_P19": "35.9", "PWD_P20": "37.4", "PWD_P21": "38.9", "PWD_P22": "40.4", "PWD_P23": "41.9", "PWD_P24": "43.5", "PWD_P25": "45.1", "PWD_P26": "46.8", "PWD_P27": "48.6", "PWD_P28": "50.3", "PWD_P29": "52.1", "PWD_P30": "53.9", "PWD_P31": "55.8", "PWD_P32": "57.8", "PWD_P33": "59.8", "PWD_P34": "61.9", "PWD_P35": "64.2", "PWD_P36": "66.6", "PWD_P37": "69.2", "PWD_P38": "71.9", "PWD_P39": "74.9", "PWD_P40": "78.1", "PWD_P41": "81.4", "PWD_P42": "84.9", "PWD_P43": "88.7", "PWD_P44": "92.8", "PWD_P45": "97.3", "PWD_P46": "102.3", "PWD_P47": "107.6", "PWD_P48": "113.6", "PWD_P49": "120.0", "PWD_P50": "126.9", "PWD_P51": "134.6", "PWD_P52": "142.9", "PWD_P53": "152.3", "PWD_P54": "162.5", "PWD_P55": "173.6", "PWD_P56": "185.9", "PWD_P57": "200.2", "PWD_P58": "216.2", "PWD_P59": "234.4", "PWD_P60": "255.5", "PWD_P61": "278.8", "PWD_P62": "305.8", "PWD_P63": "336.5", "PWD_P64": "373.7", "PWD_P65": "416.4", "PWD_P66": "466.7", "PWD_P67": "527.5", "PWD_P68": "603.8", "PWD_P69": "697.7", "PWD_P70": "825.0", "PWD_P71": "978.4", "PWD_P72": "1161.6", "PWD_P73": "1373.2", "PWD_P74": "1614.6", "PWD_P75": "1862.3", "PWD_P76": "2126.6", "PWD_P77": "2515.8", "PWD_P78": "2973.3", "PWD_P79": "3414.8", "PWD_P80": "3998.4", "PWD_P81": "4583.4", "PWD_P82": "5048.0", "PWD_P83": "5749.2", "PWD_P84": "6593.3", "PWD_P85": "7337.1", "PWD_P86": "8374.3", "PWD_P87": "9829.2", "PWD_P88": "11800.1", "PWD_P89": "13289.0", "PWD_P90": "16387.2", "PWD_P91": "17159.3", "PWD_P92": "17797.6", "PWD_P93": "19022.0", "PWD_P94": "21765.0", "PWD_P95": "24518.1", "PWD_P96": "26226.5", "PWD_P97": "27600.6", "PWD_P98": "29072.8", "PWD_P99": "32575.8", "PWD_P100": "41208.7" }, "geometry": { "type": "Point", "coordinates": [ -5.295092105865479, 6.655590057373047 ] } },
{ "type": "Feature", "id": 104, "properties": { "lon": -77.187118530273438, "lat": 18.112213134765625, "year": "2005", "ISO": "JAM", "ISO_No": "388", "Name": "Jamaica", "PWC_Lat": "18.1122131347656", "PWC_Lon": "-77.1871185302734", "Pop": "2739999", "Density": "247.4", "Area": "11076.9", "PWD_A": "1391.8", "PWD_G": "611.5", "PWD_M": "656.3", "PWD_P1": "36.0", "PWD_P2": "44.2", "PWD_P3": "51.6", "PWD_P4": "57.6", "PWD_P5": "63.1", "PWD_P6": "68.6", "PWD_P7": "74.2", "PWD_P8": "79.7", "PWD_P9": "85.4", "PWD_P10": "91.2", "PWD_P11": "97.0", "PWD_P12": "102.9", "PWD_P13": "109.3", "PWD_P14": "115.8", "PWD_P15": "122.3", "PWD_P16": "129.2", "PWD_P17": "136.4", "PWD_P18": "143.4", "PWD_P19": "150.3", "PWD_P20": "157.3", "PWD_P21": "164.7", "PWD_P22": "172.2", "PWD_P23": "180.3", "PWD_P24": "188.8", "PWD_P25": "197.5", "PWD_P26": "206.5", "PWD_P27": "215.6", "PWD_P28": "225.1", "PWD_P29": "234.9", "PWD_P30": "245.5", "PWD_P31": "257.1", "PWD_P32": "269.8", "PWD_P33": "283.3", "PWD_P34": "297.9", "PWD_P35": "313.6", "PWD_P36": "329.8", "PWD_P37": "347.2", "PWD_P38": "365.0", "PWD_P39": "383.8", "PWD_P40": "403.6", "PWD_P41": "424.7", "PWD_P42": "446.8", "PWD_P43": "469.1", "PWD_P44": "493.2", "PWD_P45": "518.1", "PWD_P46": "543.5", "PWD_P47": "570.0", "PWD_P48": "597.2", "PWD_P49": "626.2", "PWD_P50": "656.3", "PWD_P51": "689.2", "PWD_P52": "721.3", "PWD_P53": "755.4", "PWD_P54": "789.8", "PWD_P55": "826.4", "PWD_P56": "865.9", "PWD_P57": "906.1", "PWD_P58": "948.1", "PWD_P59": "990.5", "PWD_P60": "1034.6", "PWD_P61": "1081.0", "PWD_P62": "1127.6", "PWD_P63": "1174.5", "PWD_P64": "1222.6", "PWD_P65": "1271.7", "PWD_P66": "1320.0", "PWD_P67": "1368.2", "PWD_P68": "1415.7", "PWD_P69": "1466.1", "PWD_P70": "1515.8", "PWD_P71": "1570.6", "PWD_P72": "1629.2", "PWD_P73": "1686.6", "PWD_P74": "1751.1", "PWD_P75": "1824.7", "PWD_P76": "1904.7", "PWD_P77": "1988.5", "PWD_P78": "2074.4", "PWD_P79": "2160.9", "PWD_P80": "2248.5", "PWD_P81": "2346.8", "PWD_P82": "2482.1", "PWD_P83": "2742.8", "PWD_P84": "3058.1", "PWD_P85": "3317.5", "PWD_P86": "3538.6", "PWD_P87": "3737.8", "PWD_P88": "3916.9", "PWD_P89": "4085.9", "PWD_P90": "4202.8", "PWD_P91": "4297.0", "PWD_P92": "4367.8", "PWD_P93": "4429.7", "PWD_P94": "4500.4", "PWD_P95": "4569.9", "PWD_P96": "4668.9", "PWD_P97": "6547.5", "PWD_P98": "7500.8", "PWD_P99": "8043.1", "PWD_P100": "8843.7" }, "geometry": { "type": "Point", "coordinates": [ -77.187118530273438, 18.112213134765625 ] } },
{ "type": "Feature", "id": 105, "properties": { "lon": 137.08378601074219, "lat": 35.606456756591797, "year": "2005", "ISO": "JPN", "ISO_No": "392", "Name": "Japan", "PWC_Lat": "35.6064567565918", "PWC_Lon": "137.083786010742", "Pop": "128326114", "Density": "345.7", "Area": "371226.7", "PWD_A": "5021.5", "PWD_G": "2090.0", "PWD_M": "2654.4", "PWD_P1": "22.7", "PWD_P2": "39.4", "PWD_P3": "55.9", "PWD_P4": "73.6", "PWD_P5": "92.8", "PWD_P6": "113.6", "PWD_P7": "135.8", "PWD_P8": "158.8", "PWD_P9": "183.5", "PWD_P10": "211.2", "PWD_P11": "241.7", "PWD_P12": "275.1", "PWD_P13": "310.5", "PWD_P14": "347.1", "PWD_P15": "384.3", "PWD_P16": "422.6", "PWD_P17": "461.7", "PWD_P18": "501.7", "PWD_P19": "542.9", "PWD_P20": "585.1", "PWD_P21": "628.4", "PWD_P22": "672.7", "PWD_P23": "717.5", "PWD_P24": "762.4", "PWD_P25": "807.7", "PWD_P26": "853.6", "PWD_P27": "899.9", "PWD_P28": "947.0", "PWD_P29": "995.5", "PWD_P30": "1045.5", "PWD_P31": "1097.0", "PWD_P32": "1150.5", "PWD_P33": "1206.1", "PWD_P34": "1263.8", "PWD_P35": "1324.3", "PWD_P36": "1387.4", "PWD_P37": "1453.8", "PWD_P38": "1523.8", "PWD_P39": "1597.7", "PWD_P40": "1675.4", "PWD_P41": "1756.8", "PWD_P42": "1842.3", "PWD_P43": "1931.3", "PWD_P44": "2023.3", "PWD_P45": "2119.2", "PWD_P46": "2218.2", "PWD_P47": "2321.5", "PWD_P48": "2428.8", "PWD_P49": "2539.3", "PWD_P50": "2654.4", "PWD_P51": "2774.7", "PWD_P52": "2901.5", "PWD_P53": "3033.6", "PWD_P54": "3171.6", "PWD_P55": "3315.1", "PWD_P56": "3463.0", "PWD_P57": "3616.8", "PWD_P58": "3778.4", "PWD_P59": "3944.3", "PWD_P60": "4118.6", "PWD_P61": "4304.2", "PWD_P62": "4496.0", "PWD_P63": "4694.3", "PWD_P64": "4898.1", "PWD_P65": "5107.7", "PWD_P66": "5318.5", "PWD_P67": "5539.0", "PWD_P68": "5767.8", "PWD_P69": "6005.1", "PWD_P70": "6247.6", "PWD_P71": "6502.2", "PWD_P72": "6759.2", "PWD_P73": "7028.4", "PWD_P74": "7306.3", "PWD_P75": "7607.7", "PWD_P76": "7927.8", "PWD_P77": "8273.1", "PWD_P78": "8633.0", "PWD_P79": "8997.3", "PWD_P80": "9365.6", "PWD_P81": "9738.7", "PWD_P82": "10118.8", "PWD_P83": "10509.8", "PWD_P84": "10893.2", "PWD_P85": "11269.4", "PWD_P86": "11644.8", "PWD_P87": "12034.2", "PWD_P88": "12468.1", "PWD_P89": "12939.6", "PWD_P90": "13479.0", "PWD_P91": "14054.1", "PWD_P92": "14798.9", "PWD_P93": "15642.9", "PWD_P94": "16499.2", "PWD_P95": "17366.9", "PWD_P96": "18260.6", "PWD_P97": "19209.5", "PWD_P98": "20315.1", "PWD_P99": "22041.6", "PWD_P100": "140476.1" }, "geometry": { "type": "Point", "coordinates": [ 137.083786010742188, 35.606456756591797 ] } },
{ "type": "Feature", "id": 106, "properties": { "lon": 70.1268, "lat": 47.2618, "year": "2005", "ISO": "KAZ", "ISO_No": "398", "Name": "Kazakhstan", "PWC_Lat": "47.2618", "PWC_Lon": "70.1268", "Pop": "15402802", "Density": "5.8", "Area": "2652616.2", "PWD_A": "607.3", "PWD_G": "85.7", "PWD_M": "141.1", "PWD_P1": "0.4", "PWD_P2": "0.5", "PWD_P3": "0.7", "PWD_P4": "0.8", "PWD_P5": "1.0", "PWD_P6": "1.2", "PWD_P7": "1.3", "PWD_P8": "1.5", "PWD_P9": "1.8", "PWD_P10": "2.0", "PWD_P11": "2.3", "PWD_P12": "2.6", "PWD_P13": "3.0", "PWD_P14": "3.3", "PWD_P15": "3.8", "PWD_P16": "4.2", "PWD_P17": "4.7", "PWD_P18": "5.4", "PWD_P19": "6.1", "PWD_P20": "7.1", "PWD_P21": "8.4", "PWD_P22": "10.0", "PWD_P23": "11.8", "PWD_P24": "14.2", "PWD_P25": "16.9", "PWD_P26": "20.0", "PWD_P27": "23.4", "PWD_P28": "27.1", "PWD_P29": "31.0", "PWD_P30": "35.0", "PWD_P31": "39.1", "PWD_P32": "43.5", "PWD_P33": "48.0", "PWD_P34": "52.7", "PWD_P35": "57.4", "PWD_P36": "62.1", "PWD_P37": "67.0", "PWD_P38": "71.8", "PWD_P39": "76.7", "PWD_P40": "81.7", "PWD_P41": "86.9", "PWD_P42": "92.2", "PWD_P43": "97.4", "PWD_P44": "102.9", "PWD_P45": "108.7", "PWD_P46": "114.8", "PWD_P47": "121.2", "PWD_P48": "127.8", "PWD_P49": "134.4", "PWD_P50": "141.1", "PWD_P51": "147.9", "PWD_P52": "154.9", "PWD_P53": "162.1", "PWD_P54": "169.5", "PWD_P55": "177.1", "PWD_P56": "184.8", "PWD_P57": "192.9", "PWD_P58": "201.0", "PWD_P59": "209.2", "PWD_P60": "217.8", "PWD_P61": "226.2", "PWD_P62": "235.2", "PWD_P63": "245.2", "PWD_P64": "256.0", "PWD_P65": "267.3", "PWD_P66": "279.0", "PWD_P67": "290.8", "PWD_P68": "303.5", "PWD_P69": "317.2", "PWD_P70": "333.0", "PWD_P71": "349.1", "PWD_P72": "365.8", "PWD_P73": "382.5", "PWD_P74": "399.2", "PWD_P75": "416.8", "PWD_P76": "435.5", "PWD_P77": "458.6", "PWD_P78": "484.6", "PWD_P79": "510.8", "PWD_P80": "536.9", "PWD_P81": "565.9", "PWD_P82": "595.5", "PWD_P83": "624.7", "PWD_P84": "657.5", "PWD_P85": "706.1", "PWD_P86": "789.0", "PWD_P87": "859.6", "PWD_P88": "1030.8", "PWD_P89": "1279.1", "PWD_P90": "2048.0", "PWD_P91": "2315.6", "PWD_P92": "2778.4", "PWD_P93": "4096.2", "PWD_P94": "4359.9", "PWD_P95": "4527.8", "PWD_P96": "4676.9", "PWD_P97": "4810.9", "PWD_P98": "4960.4", "PWD_P99": "5173.6", "PWD_P100": "5912.1" }, "geometry": { "type": "Point", "coordinates": [ 70.1268, 47.2618 ] } },
{ "type": "Feature", "id": 107, "properties": { "lon": 35.899181365966797, "lat": 31.981460571289062, "year": "2005", "ISO": "JOR", "ISO_No": "400", "Name": "Jordan", "PWC_Lat": "31.9814605712891", "PWC_Lon": "35.8991813659668", "Pop": "5765638", "Density": "65.0", "Area": "88742.6", "PWD_A": "3751.3", "PWD_G": "1434.8", "PWD_M": "1853.0", "PWD_P1": "6.3", "PWD_P2": "18.2", "PWD_P3": "31.5", "PWD_P4": "45.6", "PWD_P5": "57.6", "PWD_P6": "71.3", "PWD_P7": "86.6", "PWD_P8": "104.3", "PWD_P9": "122.4", "PWD_P10": "141.2", "PWD_P11": "160.4", "PWD_P12": "181.8", "PWD_P13": "204.3", "PWD_P14": "227.9", "PWD_P15": "251.0", "PWD_P16": "274.0", "PWD_P17": "297.5", "PWD_P18": "323.2", "PWD_P19": "349.8", "PWD_P20": "377.2", "PWD_P21": "405.5", "PWD_P22": "434.6", "PWD_P23": "463.3", "PWD_P24": "491.3", "PWD_P25": "518.4", "PWD_P26": "546.5", "PWD_P27": "578.9", "PWD_P28": "615.9", "PWD_P29": "653.6", "PWD_P30": "694.7", "PWD_P31": "738.6", "PWD_P32": "782.6", "PWD_P33": "826.0", "PWD_P34": "871.0", "PWD_P35": "916.0", "PWD_P36": "959.6", "PWD_P37": "1005.2", "PWD_P38": "1051.9", "PWD_P39": "1102.9", "PWD_P40": "1157.2", "PWD_P41": "1213.9", "PWD_P42": "1272.5", "PWD_P43": "1337.7", "PWD_P44": "1408.5", "PWD_P45": "1478.3", "PWD_P46": "1546.7", "PWD_P47": "1617.5", "PWD_P48": "1691.9", "PWD_P49": "1770.2", "PWD_P50": "1853.0", "PWD_P51": "1940.7", "PWD_P52": "2028.1", "PWD_P53": "2123.0", "PWD_P54": "2225.2", "PWD_P55": "2334.2", "PWD_P56": "2444.5", "PWD_P57": "2550.3", "PWD_P58": "2655.6", "PWD_P59": "2765.1", "PWD_P60": "2877.4", "PWD_P61": "2996.4", "PWD_P62": "3120.7", "PWD_P63": "3246.1", "PWD_P64": "3385.5", "PWD_P65": "3539.5", "PWD_P66": "3690.3", "PWD_P67": "3855.3", "PWD_P68": "4009.2", "PWD_P69": "4170.4", "PWD_P70": "4345.3", "PWD_P71": "4556.6", "PWD_P72": "4778.9", "PWD_P73": "4998.4", "PWD_P74": "5227.8", "PWD_P75": "5485.4", "PWD_P76": "5745.7", "PWD_P77": "6074.9", "PWD_P78": "6471.3", "PWD_P79": "7064.1", "PWD_P80": "7706.4", "PWD_P81": "8304.0", "PWD_P82": "8723.3", "PWD_P83": "9132.3", "PWD_P84": "9474.3", "PWD_P85": "9810.4", "PWD_P86": "10126.8", "PWD_P87": "10472.7", "PWD_P88": "10847.4", "PWD_P89": "11174.9", "PWD_P90": "11480.0", "PWD_P91": "11790.9", "PWD_P92": "12077.9", "PWD_P93": "12326.2", "PWD_P94": "12529.0", "PWD_P95": "12748.1", "PWD_P96": "12985.2", "PWD_P97": "13327.1", "PWD_P98": "13710.7", "PWD_P99": "14471.9", "PWD_P100": "16445.2" }, "geometry": { "type": "Point", "coordinates": [ 35.899181365966797, 31.981460571289062 ] } },
{ "type": "Feature", "id": 108, "properties": { "lon": 36.507076263427734, "lat": -0.47352480888366699, "year": "2005", "ISO": "KEN", "ISO_No": "404", "Name": "Kenya", "PWC_Lat": "-0.473524808883667", "PWC_Lon": "36.5070762634277", "Pop": "36624897", "Density": "63.0", "Area": "581399.6", "PWD_A": "3961.9", "PWD_G": "513.5", "PWD_M": "480.1", "PWD_P1": "4.1", "PWD_P2": "7.2", "PWD_P3": "10.5", "PWD_P4": "14.0", "PWD_P5": "18.1", "PWD_P6": "23.0", "PWD_P7": "28.8", "PWD_P8": "35.6", "PWD_P9": "42.6", "PWD_P10": "49.7", "PWD_P11": "57.4", "PWD_P12": "65.8", "PWD_P13": "74.6", "PWD_P14": "83.5", "PWD_P15": "92.7", "PWD_P16": "101.8", "PWD_P17": "111.1", "PWD_P18": "120.5", "PWD_P19": "129.9", "PWD_P20": "139.9", "PWD_P21": "150.0", "PWD_P22": "160.2", "PWD_P23": "170.2", "PWD_P24": "180.1", "PWD_P25": "190.2", "PWD_P26": "200.3", "PWD_P27": "210.5", "PWD_P28": "221.0", "PWD_P29": "231.5", "PWD_P30": "242.0", "PWD_P31": "252.9", "PWD_P32": "264.2", "PWD_P33": "275.7", "PWD_P34": "287.4", "PWD_P35": "299.1", "PWD_P36": "310.7", "PWD_P37": "322.5", "PWD_P38": "334.5", "PWD_P39": "346.6", "PWD_P40": "358.8", "PWD_P41": "370.9", "PWD_P42": "382.8", "PWD_P43": "394.7", "PWD_P44": "406.6", "PWD_P45": "418.5", "PWD_P46": "430.7", "PWD_P47": "443.0", "PWD_P48": "455.2", "PWD_P49": "467.4", "PWD_P50": "480.1", "PWD_P51": "493.1", "PWD_P52": "506.7", "PWD_P53": "520.9", "PWD_P54": "535.7", "PWD_P55": "551.3", "PWD_P56": "567.7", "PWD_P57": "584.9", "PWD_P58": "603.0", "PWD_P59": "621.9", "PWD_P60": "642.3", "PWD_P61": "663.6", "PWD_P62": "686.6", "PWD_P63": "711.2", "PWD_P64": "738.1", "PWD_P65": "767.1", "PWD_P66": "799.1", "PWD_P67": "834.0", "PWD_P68": "870.6", "PWD_P69": "910.4", "PWD_P70": "955.9", "PWD_P71": "1005.7", "PWD_P72": "1060.2", "PWD_P73": "1122.4", "PWD_P74": "1196.1", "PWD_P75": "1275.4", "PWD_P76": "1366.6", "PWD_P77": "1471.4", "PWD_P78": "1601.0", "PWD_P79": "1753.9", "PWD_P80": "1931.2", "PWD_P81": "2136.6", "PWD_P82": "2380.5", "PWD_P83": "2675.9", "PWD_P84": "3010.1", "PWD_P85": "3390.2", "PWD_P86": "3851.3", "PWD_P87": "4389.5", "PWD_P88": "5033.0", "PWD_P89": "5784.9", "PWD_P90": "6686.6", "PWD_P91": "8043.4", "PWD_P92": "9785.9", "PWD_P93": "11866.5", "PWD_P94": "14599.9", "PWD_P95": "18466.2", "PWD_P96": "23403.9", "PWD_P97": "31844.3", "PWD_P98": "44362.3", "PWD_P99": "68239.9", "PWD_P100": "1088561.1" }, "geometry": { "type": "Point", "coordinates": [ 36.507076263427734, -0.473524808883667 ] } },
{ "type": "Feature", "id": 109, "properties": { "lon": 126.59970092773438, "lat": 39.621677398681641, "year": "2005", "ISO": "PRK", "ISO_No": "408", "Name": "North Korea", "PWC_Lat": "39.6216773986816", "PWC_Lon": "126.599700927734", "Pop": "23904166", "Density": "196.7", "Area": "121536.2", "PWD_A": "1486.9", "PWD_G": "648.1", "PWD_M": "810.6", "PWD_P1": "17.2", "PWD_P2": "24.2", "PWD_P3": "31.0", "PWD_P4": "38.0", "PWD_P5": "44.8", "PWD_P6": "51.7", "PWD_P7": "58.5", "PWD_P8": "65.3", "PWD_P9": "72.1", "PWD_P10": "79.1", "PWD_P11": "86.2", "PWD_P12": "93.1", "PWD_P13": "100.1", "PWD_P14": "107.5", "PWD_P15": "115.3", "PWD_P16": "123.4", "PWD_P17": "131.9", "PWD_P18": "140.7", "PWD_P19": "150.1", "PWD_P20": "159.8", "PWD_P21": "170.1", "PWD_P22": "180.8", "PWD_P23": "192.2", "PWD_P24": "204.4", "PWD_P25": "217.4", "PWD_P26": "231.2", "PWD_P27": "245.8", "PWD_P28": "261.5", "PWD_P29": "278.2", "PWD_P30": "296.3", "PWD_P31": "315.3", "PWD_P32": "335.6", "PWD_P33": "357.4", "PWD_P34": "380.3", "PWD_P35": "404.0", "PWD_P36": "428.7", "PWD_P37": "453.9", "PWD_P38": "479.8", "PWD_P39": "506.0", "PWD_P40": "532.8", "PWD_P41": "560.1", "PWD_P42": "587.5", "PWD_P43": "615.3", "PWD_P44": "642.9", "PWD_P45": "669.8", "PWD_P46": "697.0", "PWD_P47": "724.8", "PWD_P48": "753.1", "PWD_P49": "781.6", "PWD_P50": "810.6", "PWD_P51": "840.2", "PWD_P52": "870.4", "PWD_P53": "901.3", "PWD_P54": "933.5", "PWD_P55": "966.7", "PWD_P56": "1000.8", "PWD_P57": "1036.4", "PWD_P58": "1073.2", "PWD_P59": "1111.3", "PWD_P60": "1150.7", "PWD_P61": "1191.9", "PWD_P62": "1234.8", "PWD_P63": "1280.1", "PWD_P64": "1328.1", "PWD_P65": "1378.8", "PWD_P66": "1434.6", "PWD_P67": "1494.8", "PWD_P68": "1558.7", "PWD_P69": "1626.6", "PWD_P70": "1698.6", "PWD_P71": "1773.2", "PWD_P72": "1849.1", "PWD_P73": "1928.8", "PWD_P74": "2011.1", "PWD_P75": "2099.6", "PWD_P76": "2193.8", "PWD_P77": "2296.4", "PWD_P78": "2406.4", "PWD_P79": "2523.2", "PWD_P80": "2646.7", "PWD_P81": "2782.4", "PWD_P82": "2918.4", "PWD_P83": "3052.8", "PWD_P84": "3193.0", "PWD_P85": "3334.7", "PWD_P86": "3471.1", "PWD_P87": "3609.5", "PWD_P88": "3750.0", "PWD_P89": "3901.4", "PWD_P90": "4055.6", "PWD_P91": "4212.4", "PWD_P92": "4377.8", "PWD_P93": "4564.2", "PWD_P94": "4772.6", "PWD_P95": "4999.6", "PWD_P96": "5254.8", "PWD_P97": "5598.8", "PWD_P98": "6103.5", "PWD_P99": "7301.6", "PWD_P100": "15402.9" }, "geometry": { "type": "Point", "coordinates": [ 126.599700927734375, 39.621677398681641 ] } },
{ "type": "Feature", "id": 110, "properties": { "lon": 127.53391265869141, "lat": 36.593135833740234, "year": "2005", "ISO": "KOR", "ISO_No": "410", "Name": "South Korea", "PWC_Lat": "36.5931358337402", "PWC_Lon": "127.533912658691", "Pop": "48701068", "Density": "487.9", "Area": "99820.0", "PWD_A": "9542.9", "PWD_G": "3934.1", "PWD_M": "6683.7", "PWD_P1": "27.5", "PWD_P2": "43.5", "PWD_P3": "61.2", "PWD_P4": "80.7", "PWD_P5": "102.8", "PWD_P6": "128.3", "PWD_P7": "156.7", "PWD_P8": "188.9", "PWD_P9": "224.3", "PWD_P10": "262.9", "PWD_P11": "305.1", "PWD_P12": "351.7", "PWD_P13": "402.3", "PWD_P14": "457.7", "PWD_P15": "519.3", "PWD_P16": "585.6", "PWD_P17": "656.3", "PWD_P18": "732.7", "PWD_P19": "816.6", "PWD_P20": "906.7", "PWD_P21": "1002.4", "PWD_P22": "1105.2", "PWD_P23": "1214.1", "PWD_P24": "1330.5", "PWD_P25": "1452.8", "PWD_P26": "1578.5", "PWD_P27": "1707.1", "PWD_P28": "1837.7", "PWD_P29": "1972.9", "PWD_P30": "2114.0", "PWD_P31": "2264.8", "PWD_P32": "2420.8", "PWD_P33": "2583.7", "PWD_P34": "2756.5", "PWD_P35": "2936.9", "PWD_P36": "3128.7", "PWD_P37": "3332.9", "PWD_P38": "3546.3", "PWD_P39": "3768.8", "PWD_P40": "3992.9", "PWD_P41": "4228.0", "PWD_P42": "4477.9", "PWD_P43": "4732.3", "PWD_P44": "4987.9", "PWD_P45": "5250.3", "PWD_P46": "5516.8", "PWD_P47": "5791.9", "PWD_P48": "6083.4", "PWD_P49": "6378.4", "PWD_P50": "6683.7", "PWD_P51": "6986.0", "PWD_P52": "7291.7", "PWD_P53": "7625.6", "PWD_P54": "7977.7", "PWD_P55": "8328.2", "PWD_P56": "8677.1", "PWD_P57": "9023.0", "PWD_P58": "9382.9", "PWD_P59": "9771.7", "PWD_P60": "10151.4", "PWD_P61": "10550.1", "PWD_P62": "10960.8", "PWD_P63": "11374.9", "PWD_P64": "11734.8", "PWD_P65": "12121.3", "PWD_P66": "12512.3", "PWD_P67": "12896.0", "PWD_P68": "13239.9", "PWD_P69": "13633.1", "PWD_P70": "14010.4", "PWD_P71": "14378.2", "PWD_P72": "14725.8", "PWD_P73": "15033.7", "PWD_P74": "15337.0", "PWD_P75": "15670.0", "PWD_P76": "16044.0", "PWD_P77": "16466.5", "PWD_P78": "16943.9", "PWD_P79": "17463.2", "PWD_P80": "17980.5", "PWD_P81": "18519.1", "PWD_P82": "19083.6", "PWD_P83": "19622.2", "PWD_P84": "20139.1", "PWD_P85": "20666.6", "PWD_P86": "21187.7", "PWD_P87": "21807.1", "PWD_P88": "22383.5", "PWD_P89": "22996.3", "PWD_P90": "23602.1", "PWD_P91": "24275.7", "PWD_P92": "25047.1", "PWD_P93": "25792.5", "PWD_P94": "26673.0", "PWD_P95": "27554.4", "PWD_P96": "28345.9", "PWD_P97": "29408.3", "PWD_P98": "30870.4", "PWD_P99": "32852.8", "PWD_P100": "39735.2" }, "geometry": { "type": "Point", "coordinates": [ 127.533912658691406, 36.593135833740234 ] } },
{ "type": "Feature", "id": 111, "properties": { "lon": 47.950508117675781, "lat": 29.247108459472656, "year": "2005", "ISO": "KWT", "ISO_No": "414", "Name": "Kuwait", "PWC_Lat": "29.2471084594727", "PWC_Lon": "47.9505081176758", "Pop": "2270195", "Density": "130.1", "Area": "17454.4", "PWD_A": "3491.3", "PWD_G": "1295.1", "PWD_M": "2959.6", "PWD_P1": "7.6", "PWD_P2": "12.2", "PWD_P3": "17.6", "PWD_P4": "23.4", "PWD_P5": "29.7", "PWD_P6": "35.9", "PWD_P7": "42.8", "PWD_P8": "49.2", "PWD_P9": "56.1", "PWD_P10": "62.4", "PWD_P11": "67.8", "PWD_P12": "72.5", "PWD_P13": "78.0", "PWD_P14": "85.6", "PWD_P15": "95.7", "PWD_P16": "105.3", "PWD_P17": "114.2", "PWD_P18": "122.9", "PWD_P19": "131.7", "PWD_P20": "139.9", "PWD_P21": "144.7", "PWD_P22": "152.1", "PWD_P23": "166.2", "PWD_P24": "175.8", "PWD_P25": "182.1", "PWD_P26": "186.2", "PWD_P27": "189.6", "PWD_P28": "193.0", "PWD_P29": "197.5", "PWD_P30": "211.7", "PWD_P31": "2590.6", "PWD_P32": "2631.7", "PWD_P33": "2663.6", "PWD_P34": "2689.2", "PWD_P35": "2708.5", "PWD_P36": "2729.0", "PWD_P37": "2745.0", "PWD_P38": "2761.6", "PWD_P39": "2777.7", "PWD_P40": "2793.5", "PWD_P41": "2809.4", "PWD_P42": "2826.8", "PWD_P43": "2847.6", "PWD_P44": "2870.4", "PWD_P45": "2888.1", "PWD_P46": "2903.0", "PWD_P47": "2918.1", "PWD_P48": "2934.9", "PWD_P49": "2948.5", "PWD_P50": "2959.6", "PWD_P51": "2971.4", "PWD_P52": "2982.7", "PWD_P53": "2993.1", "PWD_P54": "3002.3", "PWD_P55": "3010.9", "PWD_P56": "3020.1", "PWD_P57": "3029.6", "PWD_P58": "3040.1", "PWD_P59": "3050.4", "PWD_P60": "3060.5", "PWD_P61": "3070.5", "PWD_P62": "3081.1", "PWD_P63": "3092.0", "PWD_P64": "3104.4", "PWD_P65": "3119.9", "PWD_P66": "3145.5", "PWD_P67": "5307.3", "PWD_P68": "5346.5", "PWD_P69": "5374.9", "PWD_P70": "5406.7", "PWD_P71": "5445.0", "PWD_P72": "5489.6", "PWD_P73": "5537.6", "PWD_P74": "5576.7", "PWD_P75": "5605.2", "PWD_P76": "5644.9", "PWD_P77": "5696.7", "PWD_P78": "5830.3", "PWD_P79": "7806.8", "PWD_P80": "7837.9", "PWD_P81": "7863.9", "PWD_P82": "7880.4", "PWD_P83": "7899.0", "PWD_P84": "7917.6", "PWD_P85": "7934.7", "PWD_P86": "7948.3", "PWD_P87": "7962.1", "PWD_P88": "7973.7", "PWD_P89": "7985.8", "PWD_P90": "7997.2", "PWD_P91": "8010.4", "PWD_P92": "8029.5", "PWD_P93": "8055.7", "PWD_P94": "8099.7", "PWD_P95": "8181.1", "PWD_P96": "8270.4", "PWD_P97": "8334.9", "PWD_P98": "8390.4", "PWD_P99": "8450.5", "PWD_P100": "8686.5" }, "geometry": { "type": "Point", "coordinates": [ 47.950508117675781, 29.247108459472656 ] } },
{ "type": "Feature", "id": 112, "properties": { "lon": 73.696609497070312, "lat": 41.619922637939453, "year": "2005", "ISO": "KGZ", "ISO_No": "417", "Name": "Kyrgyzstan", "PWC_Lat": "41.6199226379395", "PWC_Lon": "73.6966094970703", "Pop": "5075339", "Density": "26.4", "Area": "192192.6", "PWD_A": "3123.0", "PWD_G": "245.0", "PWD_M": "169.8", "PWD_P1": "1.6", "PWD_P2": "2.4", "PWD_P3": "3.4", "PWD_P4": "4.5", "PWD_P5": "5.7", "PWD_P6": "7.0", "PWD_P7": "8.2", "PWD_P8": "9.4", "PWD_P9": "10.8", "PWD_P10": "12.2", "PWD_P11": "13.7", "PWD_P12": "15.2", "PWD_P13": "16.7", "PWD_P14": "18.4", "PWD_P15": "20.3", "PWD_P16": "22.2", "PWD_P17": "24.3", "PWD_P18": "26.6", "PWD_P19": "28.9", "PWD_P20": "31.4", "PWD_P21": "34.0", "PWD_P22": "36.5", "PWD_P23": "39.2", "PWD_P24": "42.0", "PWD_P25": "44.8", "PWD_P26": "47.9", "PWD_P27": "51.1", "PWD_P28": "54.3", "PWD_P29": "57.5", "PWD_P30": "60.9", "PWD_P31": "64.4", "PWD_P32": "68.2", "PWD_P33": "72.0", "PWD_P34": "76.1", "PWD_P35": "80.4", "PWD_P36": "84.9", "PWD_P37": "89.6", "PWD_P38": "94.5", "PWD_P39": "99.6", "PWD_P40": "105.0", "PWD_P41": "110.5", "PWD_P42": "116.4", "PWD_P43": "122.0", "PWD_P44": "127.9", "PWD_P45": "133.9", "PWD_P46": "140.0", "PWD_P47": "146.6", "PWD_P48": "153.8", "PWD_P49": "161.4", "PWD_P50": "169.8", "PWD_P51": "178.9", "PWD_P52": "189.0", "PWD_P53": "199.7", "PWD_P54": "210.8", "PWD_P55": "222.3", "PWD_P56": "235.1", "PWD_P57": "248.8", "PWD_P58": "263.0", "PWD_P59": "278.4", "PWD_P60": "294.1", "PWD_P61": "311.4", "PWD_P62": "330.7", "PWD_P63": "350.7", "PWD_P64": "371.6", "PWD_P65": "394.3", "PWD_P66": "421.3", "PWD_P67": "448.7", "PWD_P68": "478.5", "PWD_P69": "514.9", "PWD_P70": "557.4", "PWD_P71": "601.4", "PWD_P72": "645.3", "PWD_P73": "704.6", "PWD_P74": "767.6", "PWD_P75": "844.8", "PWD_P76": "957.4", "PWD_P77": "1091.1", "PWD_P78": "1327.7", "PWD_P79": "1906.6", "PWD_P80": "5024.2", "PWD_P81": "8381.5", "PWD_P82": "9756.8", "PWD_P83": "10421.3", "PWD_P84": "11017.9", "PWD_P85": "11422.3", "PWD_P86": "12063.7", "PWD_P87": "13062.2", "PWD_P88": "13810.1", "PWD_P89": "14500.2", "PWD_P90": "15000.3", "PWD_P91": "15488.1", "PWD_P92": "15919.8", "PWD_P93": "16449.2", "PWD_P94": "16956.3", "PWD_P95": "17509.7", "PWD_P96": "18236.9", "PWD_P97": "18895.6", "PWD_P98": "19624.1", "PWD_P99": "20160.7", "PWD_P100": "21220.6" }, "geometry": { "type": "Point", "coordinates": [ 73.696609497070312, 41.619922637939453 ] } },
{ "type": "Feature", "id": 113, "properties": { "lon": 103.78187561035156, "lat": 17.983104705810547, "year": "2005", "ISO": "LAO", "ISO_No": "418", "Name": "Laos", "PWC_Lat": "17.9831047058105", "PWC_Lon": "103.781875610352", "Pop": "5751674", "Density": "25.1", "Area": "228853.4", "PWD_A": "1388.8", "PWD_G": "193.1", "PWD_M": "210.4", "PWD_P1": "1.9", "PWD_P2": "3.0", "PWD_P3": "4.1", "PWD_P4": "5.1", "PWD_P5": "6.1", "PWD_P6": "7.2", "PWD_P7": "8.2", "PWD_P8": "9.3", "PWD_P9": "10.4", "PWD_P10": "11.6", "PWD_P11": "12.7", "PWD_P12": "14.0", "PWD_P13": "15.3", "PWD_P14": "16.6", "PWD_P15": "18.1", "PWD_P16": "19.6", "PWD_P17": "21.2", "PWD_P18": "22.9", "PWD_P19": "24.7", "PWD_P20": "26.6", "PWD_P21": "28.6", "PWD_P22": "30.9", "PWD_P23": "33.2", "PWD_P24": "35.7", "PWD_P25": "38.4", "PWD_P26": "41.3", "PWD_P27": "44.3", "PWD_P28": "47.6", "PWD_P29": "51.1", "PWD_P30": "54.8", "PWD_P31": "58.7", "PWD_P32": "62.9", "PWD_P33": "67.5", "PWD_P34": "72.5", "PWD_P35": "77.7", "PWD_P36": "83.3", "PWD_P37": "89.3", "PWD_P38": "95.6", "PWD_P39": "102.4", "PWD_P40": "109.7", "PWD_P41": "117.3", "PWD_P42": "125.5", "PWD_P43": "134.0", "PWD_P44": "143.1", "PWD_P45": "152.8", "PWD_P46": "162.9", "PWD_P47": "173.6", "PWD_P48": "185.0", "PWD_P49": "197.2", "PWD_P50": "210.4", "PWD_P51": "224.5", "PWD_P52": "239.4", "PWD_P53": "254.7", "PWD_P54": "270.8", "PWD_P55": "287.5", "PWD_P56": "305.0", "PWD_P57": "323.4", "PWD_P58": "342.7", "PWD_P59": "362.9", "PWD_P60": "383.8", "PWD_P61": "406.0", "PWD_P62": "429.4", "PWD_P63": "453.9", "PWD_P64": "479.7", "PWD_P65": "507.1", "PWD_P66": "536.0", "PWD_P67": "565.8", "PWD_P68": "598.5", "PWD_P69": "632.5", "PWD_P70": "669.2", "PWD_P71": "709.1", "PWD_P72": "752.6", "PWD_P73": "797.9", "PWD_P74": "847.6", "PWD_P75": "901.5", "PWD_P76": "958.9", "PWD_P77": "1021.6", "PWD_P78": "1088.3", "PWD_P79": "1162.7", "PWD_P80": "1247.7", "PWD_P81": "1341.9", "PWD_P82": "1447.8", "PWD_P83": "1568.6", "PWD_P84": "1710.0", "PWD_P85": "1867.0", "PWD_P86": "2040.0", "PWD_P87": "2244.5", "PWD_P88": "2468.6", "PWD_P89": "2734.2", "PWD_P90": "3036.2", "PWD_P91": "3398.7", "PWD_P92": "3845.9", "PWD_P93": "4316.2", "PWD_P94": "4972.6", "PWD_P95": "5816.0", "PWD_P96": "7036.9", "PWD_P97": "8904.5", "PWD_P98": "11901.3", "PWD_P99": "19914.7", "PWD_P100": "174202.5" }, "geometry": { "type": "Point", "coordinates": [ 103.781875610351562, 17.983104705810547 ] } },
{ "type": "Feature", "id": 114, "properties": { "lon": 35.657527923583984, "lat": 33.885948181152344, "year": "2005", "ISO": "LBN", "ISO_No": "422", "Name": "Lebanon", "PWC_Lat": "33.8859481811523", "PWC_Lon": "35.657527923584", "Pop": "4698761", "Density": "450.5", "Area": "10429.9", "PWD_A": "20778.4", "PWD_G": "4531.7", "PWD_M": "4274.8", "PWD_P1": "31.8", "PWD_P2": "55.2", "PWD_P3": "79.7", "PWD_P4": "105.9", "PWD_P5": "132.7", "PWD_P6": "161.0", "PWD_P7": "191.8", "PWD_P8": "224.5", "PWD_P9": "258.6", "PWD_P10": "294.3", "PWD_P11": "332.7", "PWD_P12": "372.9", "PWD_P13": "414.9", "PWD_P14": "457.8", "PWD_P15": "502.1", "PWD_P16": "548.7", "PWD_P17": "596.5", "PWD_P18": "645.5", "PWD_P19": "696.8", "PWD_P20": "749.0", "PWD_P21": "802.5", "PWD_P22": "857.1", "PWD_P23": "915.3", "PWD_P24": "975.3", "PWD_P25": "1035.4", "PWD_P26": "1093.9", "PWD_P27": "1155.0", "PWD_P28": "1221.0", "PWD_P29": "1290.5", "PWD_P30": "1360.5", "PWD_P31": "1434.4", "PWD_P32": "1512.3", "PWD_P33": "1592.8", "PWD_P34": "1677.1", "PWD_P35": "1765.1", "PWD_P36": "1860.4", "PWD_P37": "1955.0", "PWD_P38": "2057.7", "PWD_P39": "2173.1", "PWD_P40": "2292.0", "PWD_P41": "2415.3", "PWD_P42": "2547.3", "PWD_P43": "2689.4", "PWD_P44": "2846.1", "PWD_P45": "3027.3", "PWD_P46": "3237.7", "PWD_P47": "3464.9", "PWD_P48": "3720.1", "PWD_P49": "3984.8", "PWD_P50": "4274.8", "PWD_P51": "4595.6", "PWD_P52": "4998.4", "PWD_P53": "5459.5", "PWD_P54": "5961.1", "PWD_P55": "6526.5", "PWD_P56": "7070.1", "PWD_P57": "7669.3", "PWD_P58": "8261.5", "PWD_P59": "8916.4", "PWD_P60": "9656.5", "PWD_P61": "10462.7", "PWD_P62": "11419.6", "PWD_P63": "12544.1", "PWD_P64": "13973.6", "PWD_P65": "15443.1", "PWD_P66": "16779.2", "PWD_P67": "17935.2", "PWD_P68": "19579.9", "PWD_P69": "21522.7", "PWD_P70": "23301.2", "PWD_P71": "24986.2", "PWD_P72": "26633.9", "PWD_P73": "28151.9", "PWD_P74": "29586.7", "PWD_P75": "31331.9", "PWD_P76": "32922.9", "PWD_P77": "34368.2", "PWD_P78": "35941.6", "PWD_P79": "37365.9", "PWD_P80": "39146.3", "PWD_P81": "40873.3", "PWD_P82": "42563.1", "PWD_P83": "44334.6", "PWD_P84": "45876.8", "PWD_P85": "47235.2", "PWD_P86": "48539.8", "PWD_P87": "50037.0", "PWD_P88": "51146.4", "PWD_P89": "52337.9", "PWD_P90": "53662.1", "PWD_P91": "54893.7", "PWD_P92": "56580.9", "PWD_P93": "59202.9", "PWD_P94": "62268.5", "PWD_P95": "66030.0", "PWD_P96": "101358.7", "PWD_P97": "136488.7", "PWD_P98": "160680.6", "PWD_P99": "179207.7", "PWD_P100": "220045.8" }, "geometry": { "type": "Point", "coordinates": [ 35.657527923583984, 33.885948181152344 ] } },
{ "type": "Feature", "id": 115, "properties": { "lon": 27.940158843994141, "lat": -29.464584350585938, "year": "2005", "ISO": "LSO", "ISO_No": "426", "Name": "Lesotho", "PWC_Lat": "-29.4645843505859", "PWC_Lon": "27.9401588439941", "Pop": "1996115", "Density": "65.6", "Area": "30408.5", "PWD_A": "433.5", "PWD_G": "141.0", "PWD_M": "112.5", "PWD_P1": "13.2", "PWD_P2": "14.8", "PWD_P3": "15.9", "PWD_P4": "16.9", "PWD_P5": "17.9", "PWD_P6": "18.8", "PWD_P7": "19.8", "PWD_P8": "20.8", "PWD_P9": "21.9", "PWD_P10": "23.3", "PWD_P11": "24.7", "PWD_P12": "26.2", "PWD_P13": "27.8", "PWD_P14": "29.4", "PWD_P15": "31.0", "PWD_P16": "32.7", "PWD_P17": "34.6", "PWD_P18": "36.5", "PWD_P19": "38.7", "PWD_P20": "41.0", "PWD_P21": "43.4", "PWD_P22": "45.9", "PWD_P23": "48.3", "PWD_P24": "50.7", "PWD_P25": "53.1", "PWD_P26": "55.4", "PWD_P27": "57.6", "PWD_P28": "59.9", "PWD_P29": "62.1", "PWD_P30": "64.3", "PWD_P31": "66.4", "PWD_P32": "68.5", "PWD_P33": "70.6", "PWD_P34": "72.6", "PWD_P35": "74.8", "PWD_P36": "77.0", "PWD_P37": "79.2", "PWD_P38": "81.6", "PWD_P39": "83.9", "PWD_P40": "86.4", "PWD_P41": "88.9", "PWD_P42": "91.4", "PWD_P43": "93.8", "PWD_P44": "96.3", "PWD_P45": "98.8", "PWD_P46": "101.4", "PWD_P47": "104.1", "PWD_P48": "106.9", "PWD_P49": "109.6", "PWD_P50": "112.5", "PWD_P51": "115.4", "PWD_P52": "118.5", "PWD_P53": "121.8", "PWD_P54": "125.5", "PWD_P55": "129.2", "PWD_P56": "133.1", "PWD_P57": "137.3", "PWD_P58": "141.6", "PWD_P59": "146.4", "PWD_P60": "151.1", "PWD_P61": "156.0", "PWD_P62": "160.9", "PWD_P63": "166.3", "PWD_P64": "172.3", "PWD_P65": "178.8", "PWD_P66": "185.8", "PWD_P67": "193.4", "PWD_P68": "201.7", "PWD_P69": "210.7", "PWD_P70": "220.2", "PWD_P71": "230.4", "PWD_P72": "242.8", "PWD_P73": "259.6", "PWD_P74": "278.4", "PWD_P75": "298.3", "PWD_P76": "321.7", "PWD_P77": "350.6", "PWD_P78": "385.4", "PWD_P79": "429.8", "PWD_P80": "483.3", "PWD_P81": "541.2", "PWD_P82": "602.8", "PWD_P83": "672.4", "PWD_P84": "754.6", "PWD_P85": "855.5", "PWD_P86": "953.8", "PWD_P87": "1056.9", "PWD_P88": "1179.0", "PWD_P89": "1355.6", "PWD_P90": "1532.2", "PWD_P91": "1765.7", "PWD_P92": "1917.4", "PWD_P93": "2036.2", "PWD_P94": "2147.0", "PWD_P95": "2288.8", "PWD_P96": "2576.6", "PWD_P97": "2856.0", "PWD_P98": "3336.2", "PWD_P99": "3614.4", "PWD_P100": "4417.3" }, "geometry": { "type": "Point", "coordinates": [ 27.940158843994141, -29.464584350585938 ] } },
{ "type": "Feature", "id": 116, "properties": { "lon": 24.444915771484375, "lat": 56.835666656494141, "year": "2005", "ISO": "LVA", "ISO_No": "428", "Name": "Latvia", "PWC_Lat": "56.8356666564941", "PWC_Lon": "24.4449157714844", "Pop": "2251996", "Density": "35.4", "Area": "63542.7", "PWD_A": "1412.4", "PWD_G": "366.8", "PWD_M": "702.2", "PWD_P1": "3.2", "PWD_P2": "3.9", "PWD_P3": "4.5", "PWD_P4": "5.1", "PWD_P5": "5.7", "PWD_P6": "6.4", "PWD_P7": "7.1", "PWD_P8": "8.0", "PWD_P9": "8.9", "PWD_P10": "9.9", "PWD_P11": "11.1", "PWD_P12": "12.5", "PWD_P13": "14.3", "PWD_P14": "16.3", "PWD_P15": "18.7", "PWD_P16": "21.4", "PWD_P17": "24.5", "PWD_P18": "27.8", "PWD_P19": "31.4", "PWD_P20": "35.2", "PWD_P21": "39.3", "PWD_P22": "43.9", "PWD_P23": "49.1", "PWD_P24": "54.9", "PWD_P25": "61.6", "PWD_P26": "69.3", "PWD_P27": "77.9", "PWD_P28": "87.4", "PWD_P29": "97.8", "PWD_P30": "109.6", "PWD_P31": "121.9", "PWD_P32": "135.5", "PWD_P33": "149.6", "PWD_P34": "165.4", "PWD_P35": "183.2", "PWD_P36": "201.9", "PWD_P37": "221.3", "PWD_P38": "241.4", "PWD_P39": "265.2", "PWD_P40": "291.5", "PWD_P41": "318.8", "PWD_P42": "348.2", "PWD_P43": "378.8", "PWD_P44": "411.2", "PWD_P45": "448.0", "PWD_P46": "485.8", "PWD_P47": "525.9", "PWD_P48": "574.3", "PWD_P49": "638.6", "PWD_P50": "702.2", "PWD_P51": "787.9", "PWD_P52": "878.0", "PWD_P53": "969.1", "PWD_P54": "1062.7", "PWD_P55": "1146.7", "PWD_P56": "1239.5", "PWD_P57": "1349.8", "PWD_P58": "1457.8", "PWD_P59": "1557.5", "PWD_P60": "1620.6", "PWD_P61": "1696.1", "PWD_P62": "1770.9", "PWD_P63": "1827.6", "PWD_P64": "1921.2", "PWD_P65": "2000.2", "PWD_P66": "2085.3", "PWD_P67": "2192.3", "PWD_P68": "2319.7", "PWD_P69": "2401.0", "PWD_P70": "2464.7", "PWD_P71": "2530.9", "PWD_P72": "2585.4", "PWD_P73": "2629.7", "PWD_P74": "2668.7", "PWD_P75": "2705.0", "PWD_P76": "2746.3", "PWD_P77": "2801.5", "PWD_P78": "2882.6", "PWD_P79": "3015.0", "PWD_P80": "3104.9", "PWD_P81": "3203.4", "PWD_P82": "3312.4", "PWD_P83": "3419.6", "PWD_P84": "3445.2", "PWD_P85": "3467.1", "PWD_P86": "3494.5", "PWD_P87": "3541.0", "PWD_P88": "3587.6", "PWD_P89": "3638.7", "PWD_P90": "3702.9", "PWD_P91": "3797.6", "PWD_P92": "3871.8", "PWD_P93": "3944.0", "PWD_P94": "4006.4", "PWD_P95": "4040.8", "PWD_P96": "4071.0", "PWD_P97": "4094.1", "PWD_P98": "4116.7", "PWD_P99": "4153.9", "PWD_P100": "4403.8" }, "geometry": { "type": "Point", "coordinates": [ 24.444915771484375, 56.835666656494141 ] } },
{ "type": "Feature", "id": 117, "properties": { "lon": -9.825098991394043, "lat": 6.5179743766784668, "year": "2005", "ISO": "LBR", "ISO_No": "430", "Name": "Liberia", "PWC_Lat": "6.51797437667847", "PWC_Lon": "-9.82509899139404", "Pop": "3218113", "Density": "33.5", "Area": "96081.5", "PWD_A": "1331.1", "PWD_G": "150.7", "PWD_M": "67.5", "PWD_P1": "3.6", "PWD_P2": "5.0", "PWD_P3": "6.4", "PWD_P4": "7.6", "PWD_P5": "8.8", "PWD_P6": "10.0", "PWD_P7": "11.1", "PWD_P8": "12.1", "PWD_P9": "13.1", "PWD_P10": "14.1", "PWD_P11": "15.1", "PWD_P12": "16.0", "PWD_P13": "17.0", "PWD_P14": "18.1", "PWD_P15": "19.1", "PWD_P16": "20.1", "PWD_P17": "21.1", "PWD_P18": "22.1", "PWD_P19": "23.1", "PWD_P20": "24.2", "PWD_P21": "25.1", "PWD_P22": "26.2", "PWD_P23": "27.2", "PWD_P24": "28.3", "PWD_P25": "29.4", "PWD_P26": "30.4", "PWD_P27": "31.5", "PWD_P28": "32.6", "PWD_P29": "33.7", "PWD_P30": "34.9", "PWD_P31": "36.1", "PWD_P32": "37.3", "PWD_P33": "38.6", "PWD_P34": "39.8", "PWD_P35": "41.1", "PWD_P36": "42.5", "PWD_P37": "43.9", "PWD_P38": "45.3", "PWD_P39": "46.7", "PWD_P40": "48.2", "PWD_P41": "49.7", "PWD_P42": "51.3", "PWD_P43": "53.0", "PWD_P44": "54.8", "PWD_P45": "56.8", "PWD_P46": "58.8", "PWD_P47": "60.8", "PWD_P48": "62.9", "PWD_P49": "65.1", "PWD_P50": "67.5", "PWD_P51": "69.9", "PWD_P52": "72.6", "PWD_P53": "75.4", "PWD_P54": "78.3", "PWD_P55": "81.5", "PWD_P56": "85.1", "PWD_P57": "89.2", "PWD_P58": "93.6", "PWD_P59": "98.0", "PWD_P60": "103.2", "PWD_P61": "109.0", "PWD_P62": "115.4", "PWD_P63": "122.8", "PWD_P64": "132.4", "PWD_P65": "143.8", "PWD_P66": "158.5", "PWD_P67": "178.5", "PWD_P68": "206.0", "PWD_P69": "253.0", "PWD_P70": "331.8", "PWD_P71": "475.5", "PWD_P72": "888.0", "PWD_P73": "1432.0", "PWD_P74": "1809.1", "PWD_P75": "2160.8", "PWD_P76": "2447.0", "PWD_P77": "2744.2", "PWD_P78": "3015.8", "PWD_P79": "3271.3", "PWD_P80": "3493.8", "PWD_P81": "3673.3", "PWD_P82": "3901.5", "PWD_P83": "4085.3", "PWD_P84": "4292.8", "PWD_P85": "4523.3", "PWD_P86": "4789.7", "PWD_P87": "5000.1", "PWD_P88": "5157.0", "PWD_P89": "5323.7", "PWD_P90": "5490.7", "PWD_P91": "5651.0", "PWD_P92": "5844.6", "PWD_P93": "6088.4", "PWD_P94": "6252.5", "PWD_P95": "6431.3", "PWD_P96": "6570.1", "PWD_P97": "6662.1", "PWD_P98": "6813.4", "PWD_P99": "7036.3", "PWD_P100": "7536.7" }, "geometry": { "type": "Point", "coordinates": [ -9.825098991394043, 6.517974376678467 ] } },
{ "type": "Feature", "id": 118, "properties": { "lon": 15.728630065917969, "lat": 31.805009841918945, "year": "2005", "ISO": "LBY", "ISO_No": "434", "Name": "Libya", "PWC_Lat": "31.8050098419189", "PWC_Lon": "15.728630065918", "Pop": "5798614", "Density": "3.6", "Area": "1618544.8", "PWD_A": "901.7", "PWD_G": "175.1", "PWD_M": "278.9", "PWD_P1": "0.1", "PWD_P2": "0.2", "PWD_P3": "0.3", "PWD_P4": "0.5", "PWD_P5": "0.9", "PWD_P6": "1.4", "PWD_P7": "2.1", "PWD_P8": "2.9", "PWD_P9": "3.8", "PWD_P10": "5.2", "PWD_P11": "6.9", "PWD_P12": "8.8", "PWD_P13": "11.1", "PWD_P14": "13.7", "PWD_P15": "16.5", "PWD_P16": "19.4", "PWD_P17": "22.1", "PWD_P18": "24.7", "PWD_P19": "27.4", "PWD_P20": "30.3", "PWD_P21": "33.5", "PWD_P22": "37.1", "PWD_P23": "40.9", "PWD_P24": "44.7", "PWD_P25": "48.3", "PWD_P26": "52.2", "PWD_P27": "56.4", "PWD_P28": "60.9", "PWD_P29": "66.0", "PWD_P30": "71.5", "PWD_P31": "77.5", "PWD_P32": "83.8", "PWD_P33": "90.2", "PWD_P34": "96.7", "PWD_P35": "103.7", "PWD_P36": "111.0", "PWD_P37": "119.0", "PWD_P38": "127.7", "PWD_P39": "136.9", "PWD_P40": "146.3", "PWD_P41": "156.1", "PWD_P42": "166.5", "PWD_P43": "177.4", "PWD_P44": "189.1", "PWD_P45": "201.8", "PWD_P46": "215.4", "PWD_P47": "230.1", "PWD_P48": "245.6", "PWD_P49": "261.8", "PWD_P50": "278.9", "PWD_P51": "297.1", "PWD_P52": "315.8", "PWD_P53": "335.6", "PWD_P54": "355.9", "PWD_P55": "377.1", "PWD_P56": "399.4", "PWD_P57": "421.7", "PWD_P58": "444.6", "PWD_P59": "468.0", "PWD_P60": "491.8", "PWD_P61": "516.1", "PWD_P62": "541.8", "PWD_P63": "568.9", "PWD_P64": "597.9", "PWD_P65": "629.5", "PWD_P66": "665.0", "PWD_P67": "703.8", "PWD_P68": "747.7", "PWD_P69": "795.7", "PWD_P70": "847.2", "PWD_P71": "901.1", "PWD_P72": "954.2", "PWD_P73": "1008.8", "PWD_P74": "1067.5", "PWD_P75": "1126.8", "PWD_P76": "1190.8", "PWD_P77": "1258.5", "PWD_P78": "1333.9", "PWD_P79": "1416.3", "PWD_P80": "1499.6", "PWD_P81": "1588.1", "PWD_P82": "1678.9", "PWD_P83": "1776.4", "PWD_P84": "1890.4", "PWD_P85": "2025.9", "PWD_P86": "2196.9", "PWD_P87": "2388.8", "PWD_P88": "2582.2", "PWD_P89": "2762.8", "PWD_P90": "2937.7", "PWD_P91": "3139.9", "PWD_P92": "3275.1", "PWD_P93": "3521.3", "PWD_P94": "3785.0", "PWD_P95": "4166.7", "PWD_P96": "4744.6", "PWD_P97": "5204.4", "PWD_P98": "5489.5", "PWD_P99": "5791.4", "PWD_P100": "6253.9" }, "geometry": { "type": "Point", "coordinates": [ 15.728630065917969, 31.805009841918945 ] } },
{ "type": "Feature", "id": 119, "properties": { "lon": 9.5371160507202148, "lat": 47.158084869384766, "year": "2005", "ISO": "LIE", "ISO_No": "438", "Name": "Liechtenstein", "PWC_Lat": "47.1580848693848", "PWC_Lon": "9.53711605072021", "Pop": "34717", "Density": "215.2", "Area": "161.3", "PWD_A": "333.5", "PWD_G": "283.4", "PWD_M": "331.9", "PWD_P1": "40.2", "PWD_P2": "48.4", "PWD_P3": "57.5", "PWD_P4": "62.9", "PWD_P5": "67.3", "PWD_P6": "74.2", "PWD_P7": "79.8", "PWD_P8": "83.8", "PWD_P9": "89.7", "PWD_P10": "94.8", "PWD_P11": "101.9", "PWD_P12": "111.7", "PWD_P13": "118.6", "PWD_P14": "123.8", "PWD_P15": "131.4", "PWD_P16": "139.4", "PWD_P17": "146.8", "PWD_P18": "154.3", "PWD_P19": "161.7", "PWD_P20": "168.2", "PWD_P21": "174.1", "PWD_P22": "184.6", "PWD_P23": "205.1", "PWD_P24": "227.5", "PWD_P25": "245.1", "PWD_P26": "253.5", "PWD_P27": "256.9", "PWD_P28": "259.8", "PWD_P29": "262.8", "PWD_P30": "266.2", "PWD_P31": "269.9", "PWD_P32": "273.5", "PWD_P33": "277.2", "PWD_P34": "280.1", "PWD_P35": "282.5", "PWD_P36": "285.3", "PWD_P37": "289.6", "PWD_P38": "292.7", "PWD_P39": "294.8", "PWD_P40": "298.0", "PWD_P41": "300.8", "PWD_P42": "305.2", "PWD_P43": "309.5", "PWD_P44": "313.0", "PWD_P45": "316.5", "PWD_P46": "320.4", "PWD_P47": "323.2", "PWD_P48": "326.3", "PWD_P49": "328.6", "PWD_P50": "331.9", "PWD_P51": "337.0", "PWD_P52": "348.2", "PWD_P53": "363.5", "PWD_P54": "374.7", "PWD_P55": "383.4", "PWD_P56": "387.9", "PWD_P57": "393.3", "PWD_P58": "398.9", "PWD_P59": "404.1", "PWD_P60": "406.5", "PWD_P61": "411.1", "PWD_P62": "412.4", "PWD_P63": "416.1", "PWD_P64": "420.4", "PWD_P65": "426.5", "PWD_P66": "430.5", "PWD_P67": "434.6", "PWD_P68": "438.5", "PWD_P69": "441.2", "PWD_P70": "442.9", "PWD_P71": "444.3", "PWD_P72": "446.1", "PWD_P73": "447.3", "PWD_P74": "449.0", "PWD_P75": "450.7", "PWD_P76": "452.4", "PWD_P77": "454.2", "PWD_P78": "456.8", "PWD_P79": "459.8", "PWD_P80": "462.7", "PWD_P81": "465.1", "PWD_P82": "467.2", "PWD_P83": "469.8", "PWD_P84": "472.4", "PWD_P85": "475.0", "PWD_P86": "478.2", "PWD_P87": "481.6", "PWD_P88": "485.4", "PWD_P89": "490.1", "PWD_P90": "495.6", "PWD_P91": "551.5", "PWD_P92": "569.9", "PWD_P93": "578.5", "PWD_P94": "582.4", "PWD_P95": "585.6", "PWD_P96": "589.4", "PWD_P97": "592.6", "PWD_P98": "596.7", "PWD_P99": "602.7", "PWD_P100": "622.8" }, "geometry": { "type": "Point", "coordinates": [ 9.537116050720215, 47.158084869384766 ] } },
{ "type": "Feature", "id": 120, "properties": { "lon": 23.882926940917969, "lat": 55.210407257080078, "year": "2005", "ISO": "LTU", "ISO_No": "440", "Name": "Lithuania", "PWC_Lat": "55.2104072570801", "PWC_Lon": "23.882926940918", "Pop": "3344259", "Density": "52.4", "Area": "63864.0", "PWD_A": "888.3", "PWD_G": "260.1", "PWD_M": "231.2", "PWD_P1": "5.7", "PWD_P2": "6.6", "PWD_P3": "7.4", "PWD_P4": "8.3", "PWD_P5": "9.2", "PWD_P6": "10.3", "PWD_P7": "11.6", "PWD_P8": "13.2", "PWD_P9": "15.0", "PWD_P10": "16.9", "PWD_P11": "18.8", "PWD_P12": "20.6", "PWD_P13": "22.5", "PWD_P14": "24.6", "PWD_P15": "26.9", "PWD_P16": "29.6", "PWD_P17": "32.6", "PWD_P18": "36.0", "PWD_P19": "39.9", "PWD_P20": "43.9", "PWD_P21": "47.9", "PWD_P22": "52.0", "PWD_P23": "56.0", "PWD_P24": "60.1", "PWD_P25": "64.1", "PWD_P26": "68.3", "PWD_P27": "72.6", "PWD_P28": "76.9", "PWD_P29": "81.3", "PWD_P30": "85.9", "PWD_P31": "90.6", "PWD_P32": "95.4", "PWD_P33": "100.2", "PWD_P34": "105.4", "PWD_P35": "110.7", "PWD_P36": "115.8", "PWD_P37": "120.9", "PWD_P38": "126.4", "PWD_P39": "132.2", "PWD_P40": "138.2", "PWD_P41": "144.4", "PWD_P42": "150.9", "PWD_P43": "157.9", "PWD_P44": "165.1", "PWD_P45": "173.1", "PWD_P46": "182.1", "PWD_P47": "192.6", "PWD_P48": "204.3", "PWD_P49": "217.0", "PWD_P50": "231.2", "PWD_P51": "246.8", "PWD_P52": "261.4", "PWD_P53": "276.6", "PWD_P54": "298.3", "PWD_P55": "334.0", "PWD_P56": "371.3", "PWD_P57": "414.2", "PWD_P58": "464.9", "PWD_P59": "512.3", "PWD_P60": "561.4", "PWD_P61": "696.9", "PWD_P62": "880.3", "PWD_P63": "1048.3", "PWD_P64": "1188.9", "PWD_P65": "1288.2", "PWD_P66": "1377.4", "PWD_P67": "1459.5", "PWD_P68": "1521.6", "PWD_P69": "1576.6", "PWD_P70": "1617.4", "PWD_P71": "1662.0", "PWD_P72": "1710.4", "PWD_P73": "1759.5", "PWD_P74": "1807.0", "PWD_P75": "1855.0", "PWD_P76": "1897.8", "PWD_P77": "1940.3", "PWD_P78": "1987.1", "PWD_P79": "2032.1", "PWD_P80": "2075.1", "PWD_P81": "2124.1", "PWD_P82": "2165.6", "PWD_P83": "2204.3", "PWD_P84": "2241.1", "PWD_P85": "2274.2", "PWD_P86": "2302.7", "PWD_P87": "2343.8", "PWD_P88": "2388.0", "PWD_P89": "2432.2", "PWD_P90": "2482.9", "PWD_P91": "2536.2", "PWD_P92": "2580.6", "PWD_P93": "2626.2", "PWD_P94": "2670.0", "PWD_P95": "2720.7", "PWD_P96": "2771.0", "PWD_P97": "2816.7", "PWD_P98": "2868.1", "PWD_P99": "2939.5", "PWD_P100": "4688.2" }, "geometry": { "type": "Point", "coordinates": [ 23.882926940917969, 55.210407257080078 ] } },
{ "type": "Feature", "id": 121, "properties": { "lon": 6.0857381820678711, "lat": 49.643962860107422, "year": "2005", "ISO": "LUX", "ISO_No": "442", "Name": "Luxembourg", "PWC_Lat": "49.6439628601074", "PWC_Lon": "6.08573818206787", "Pop": "457847", "Density": "179.3", "Area": "2553.2", "PWD_A": "1275.2", "PWD_G": "516.2", "PWD_M": "578.7", "PWD_P1": "20.0", "PWD_P2": "25.7", "PWD_P3": "31.2", "PWD_P4": "36.1", "PWD_P5": "40.6", "PWD_P6": "45.1", "PWD_P7": "49.8", "PWD_P8": "54.7", "PWD_P9": "59.7", "PWD_P10": "64.9", "PWD_P11": "70.2", "PWD_P12": "75.5", "PWD_P13": "80.9", "PWD_P14": "86.7", "PWD_P15": "92.8", "PWD_P16": "99.2", "PWD_P17": "105.7", "PWD_P18": "112.5", "PWD_P19": "119.8", "PWD_P20": "127.6", "PWD_P21": "135.7", "PWD_P22": "144.4", "PWD_P23": "153.6", "PWD_P24": "162.5", "PWD_P25": "171.4", "PWD_P26": "180.5", "PWD_P27": "190.4", "PWD_P28": "200.7", "PWD_P29": "211.2", "PWD_P30": "222.0", "PWD_P31": "233.0", "PWD_P32": "243.6", "PWD_P33": "255.0", "PWD_P34": "266.8", "PWD_P35": "279.1", "PWD_P36": "292.5", "PWD_P37": "307.1", "PWD_P38": "323.4", "PWD_P39": "340.7", "PWD_P40": "358.8", "PWD_P41": "377.0", "PWD_P42": "394.5", "PWD_P43": "412.1", "PWD_P44": "431.6", "PWD_P45": "451.8", "PWD_P46": "472.6", "PWD_P47": "495.9", "PWD_P48": "522.3", "PWD_P49": "550.4", "PWD_P50": "578.7", "PWD_P51": "608.0", "PWD_P52": "641.6", "PWD_P53": "678.1", "PWD_P54": "714.9", "PWD_P55": "751.8", "PWD_P56": "787.6", "PWD_P57": "821.2", "PWD_P58": "853.8", "PWD_P59": "885.7", "PWD_P60": "916.3", "PWD_P61": "952.3", "PWD_P62": "991.8", "PWD_P63": "1032.8", "PWD_P64": "1077.5", "PWD_P65": "1119.5", "PWD_P66": "1163.9", "PWD_P67": "1207.0", "PWD_P68": "1250.4", "PWD_P69": "1297.5", "PWD_P70": "1340.2", "PWD_P71": "1381.0", "PWD_P72": "1427.8", "PWD_P73": "1477.4", "PWD_P74": "1534.6", "PWD_P75": "1605.1", "PWD_P76": "1678.7", "PWD_P77": "1748.5", "PWD_P78": "1840.3", "PWD_P79": "1922.2", "PWD_P80": "1997.9", "PWD_P81": "2097.1", "PWD_P82": "2188.4", "PWD_P83": "2276.8", "PWD_P84": "2366.9", "PWD_P85": "2471.5", "PWD_P86": "2584.7", "PWD_P87": "2728.4", "PWD_P88": "2896.5", "PWD_P89": "3072.2", "PWD_P90": "3197.9", "PWD_P91": "3353.8", "PWD_P92": "3561.2", "PWD_P93": "4156.0", "PWD_P94": "5136.9", "PWD_P95": "6034.0", "PWD_P96": "6395.3", "PWD_P97": "6852.5", "PWD_P98": "7361.0", "PWD_P99": "7842.6", "PWD_P100": "10066.6" }, "geometry": { "type": "Point", "coordinates": [ 6.085738182067871, 49.643962860107422 ] } },
{ "type": "Feature", "id": 122, "properties": { "lon": 113.56118774414062, "lat": 22.196500778198242, "year": "2005", "ISO": "MAC", "ISO_No": "446", "Name": "Macao", "PWC_Lat": "22.1965007781982", "PWC_Lon": "113.561187744141", "Pop": "482863", "Density": "16310.7", "Area": "29.6", "PWD_A": "71372.5", "PWD_G": "51664.7", "PWD_M": "61076.6", "PWD_P1": "1855.0", "PWD_P2": "3026.7", "PWD_P3": "4348.8", "PWD_P4": "5498.4", "PWD_P5": "6842.5", "PWD_P6": "8212.0", "PWD_P7": "9394.7", "PWD_P8": "11102.2", "PWD_P9": "13041.5", "PWD_P10": "15151.2", "PWD_P11": "17059.7", "PWD_P12": "18557.9", "PWD_P13": "20640.9", "PWD_P14": "22275.0", "PWD_P15": "23126.8", "PWD_P16": "24346.8", "PWD_P17": "25929.7", "PWD_P18": "27303.3", "PWD_P19": "29513.5", "PWD_P20": "31011.2", "PWD_P21": "32340.3", "PWD_P22": "33847.3", "PWD_P23": "34373.0", "PWD_P24": "35121.8", "PWD_P25": "36227.2", "PWD_P26": "37300.4", "PWD_P27": "38518.8", "PWD_P28": "39382.7", "PWD_P29": "40168.7", "PWD_P30": "40620.4", "PWD_P31": "41578.0", "PWD_P32": "42720.5", "PWD_P33": "43520.7", "PWD_P34": "44562.0", "PWD_P35": "45564.1", "PWD_P36": "46492.8", "PWD_P37": "47295.4", "PWD_P38": "47843.8", "PWD_P39": "49118.2", "PWD_P40": "50194.3", "PWD_P41": "50903.8", "PWD_P42": "51941.1", "PWD_P43": "52960.8", "PWD_P44": "53772.3", "PWD_P45": "55352.7", "PWD_P46": "56291.9", "PWD_P47": "57119.8", "PWD_P48": "58753.3", "PWD_P49": "59704.9", "PWD_P50": "61076.6", "PWD_P51": "62683.6", "PWD_P52": "64664.3", "PWD_P53": "65430.0", "PWD_P54": "67285.2", "PWD_P55": "68458.8", "PWD_P56": "71299.7", "PWD_P57": "73476.6", "PWD_P58": "76792.0", "PWD_P59": "78677.3", "PWD_P60": "80483.5", "PWD_P61": "81800.8", "PWD_P62": "83154.3", "PWD_P63": "84592.4", "PWD_P64": "85841.8", "PWD_P65": "87470.6", "PWD_P66": "89266.5", "PWD_P67": "91062.6", "PWD_P68": "92650.6", "PWD_P69": "93390.7", "PWD_P70": "94588.0", "PWD_P71": "96228.0", "PWD_P72": "98187.8", "PWD_P73": "98818.7", "PWD_P74": "99669.1", "PWD_P75": "100894.8", "PWD_P76": "101710.5", "PWD_P77": "102404.1", "PWD_P78": "103118.4", "PWD_P79": "104598.3", "PWD_P80": "108958.9", "PWD_P81": "110671.1", "PWD_P82": "112819.5", "PWD_P83": "124141.0", "PWD_P84": "129366.6", "PWD_P85": "133837.9", "PWD_P86": "137349.1", "PWD_P87": "138015.5", "PWD_P88": "143469.4", "PWD_P89": "145557.4", "PWD_P90": "147194.5", "PWD_P91": "148668.2", "PWD_P92": "152747.7", "PWD_P93": "153805.7", "PWD_P94": "154584.1", "PWD_P95": "157658.3", "PWD_P96": "157949.4", "PWD_P97": "162258.9", "PWD_P98": "162879.5", "PWD_P99": "166431.2", "PWD_P100": "168659.2" }, "geometry": { "type": "Point", "coordinates": [ 113.561187744140625, 22.196500778198242 ] } },
{ "type": "Feature", "id": 123, "properties": { "lon": 47.383567810058594, "lat": -19.344594955444336, "year": "2005", "ISO": "MDG", "ISO_No": "450", "Name": "Madagascar", "PWC_Lat": "-19.3445949554443", "PWC_Lon": "47.3835678100586", "Pop": "18336722", "Density": "31.1", "Area": "589171.1", "PWD_A": "1017.9", "PWD_G": "111.3", "PWD_M": "86.7", "PWD_P1": "3.0", "PWD_P2": "4.2", "PWD_P3": "5.4", "PWD_P4": "6.5", "PWD_P5": "7.6", "PWD_P6": "8.6", "PWD_P7": "9.7", "PWD_P8": "10.9", "PWD_P9": "12.0", "PWD_P10": "13.1", "PWD_P11": "14.2", "PWD_P12": "15.4", "PWD_P13": "16.5", "PWD_P14": "17.7", "PWD_P15": "19.0", "PWD_P16": "20.2", "PWD_P17": "21.4", "PWD_P18": "22.7", "PWD_P19": "23.9", "PWD_P20": "25.2", "PWD_P21": "26.6", "PWD_P22": "27.9", "PWD_P23": "29.3", "PWD_P24": "30.7", "PWD_P25": "32.2", "PWD_P26": "33.7", "PWD_P27": "35.3", "PWD_P28": "37.0", "PWD_P29": "38.7", "PWD_P30": "40.5", "PWD_P31": "42.3", "PWD_P32": "44.1", "PWD_P33": "46.0", "PWD_P34": "48.0", "PWD_P35": "50.0", "PWD_P36": "52.0", "PWD_P37": "54.1", "PWD_P38": "56.2", "PWD_P39": "58.4", "PWD_P40": "60.6", "PWD_P41": "62.8", "PWD_P42": "65.1", "PWD_P43": "67.5", "PWD_P44": "70.0", "PWD_P45": "72.5", "PWD_P46": "75.1", "PWD_P47": "77.9", "PWD_P48": "80.7", "PWD_P49": "83.7", "PWD_P50": "86.7", "PWD_P51": "89.8", "PWD_P52": "92.9", "PWD_P53": "96.2", "PWD_P54": "99.5", "PWD_P55": "103.0", "PWD_P56": "106.6", "PWD_P57": "110.3", "PWD_P58": "114.3", "PWD_P59": "118.5", "PWD_P60": "123.0", "PWD_P61": "127.8", "PWD_P62": "132.9", "PWD_P63": "138.3", "PWD_P64": "143.9", "PWD_P65": "150.1", "PWD_P66": "156.7", "PWD_P67": "163.9", "PWD_P68": "171.8", "PWD_P69": "180.4", "PWD_P70": "189.7", "PWD_P71": "199.9", "PWD_P72": "210.9", "PWD_P73": "222.9", "PWD_P74": "236.7", "PWD_P75": "252.6", "PWD_P76": "270.4", "PWD_P77": "290.6", "PWD_P78": "315.9", "PWD_P79": "346.5", "PWD_P80": "382.6", "PWD_P81": "424.5", "PWD_P82": "475.8", "PWD_P83": "539.4", "PWD_P84": "612.5", "PWD_P85": "702.0", "PWD_P86": "812.6", "PWD_P87": "951.3", "PWD_P88": "1152.8", "PWD_P89": "1446.9", "PWD_P90": "1814.9", "PWD_P91": "2381.9", "PWD_P92": "3066.9", "PWD_P93": "4361.1", "PWD_P94": "6178.3", "PWD_P95": "7292.4", "PWD_P96": "8870.5", "PWD_P97": "10807.1", "PWD_P98": "13156.1", "PWD_P99": "17736.9", "PWD_P100": "30627.8" }, "geometry": { "type": "Point", "coordinates": [ 47.383567810058594, -19.344594955444336 ] } },
{ "type": "Feature", "id": 124, "properties": { "lon": 34.466670989990234, "lat": -14.263798713684082, "year": "2005", "ISO": "MWI", "ISO_No": "454", "Name": "Malawi", "PWC_Lat": "-14.2637987136841", "PWC_Lon": "34.4666709899902", "Pop": "12625950", "Density": "133.9", "Area": "94297.5", "PWD_A": "1993.2", "PWD_G": "394.5", "PWD_M": "296.8", "PWD_P1": "21.7", "PWD_P2": "32.3", "PWD_P3": "40.2", "PWD_P4": "47.2", "PWD_P5": "53.2", "PWD_P6": "58.9", "PWD_P7": "64.2", "PWD_P8": "69.2", "PWD_P9": "73.9", "PWD_P10": "78.4", "PWD_P11": "82.9", "PWD_P12": "87.2", "PWD_P13": "91.4", "PWD_P14": "95.6", "PWD_P15": "99.8", "PWD_P16": "104.1", "PWD_P17": "108.3", "PWD_P18": "112.6", "PWD_P19": "116.8", "PWD_P20": "121.0", "PWD_P21": "125.2", "PWD_P22": "129.5", "PWD_P23": "133.9", "PWD_P24": "138.4", "PWD_P25": "143.0", "PWD_P26": "147.8", "PWD_P27": "152.6", "PWD_P28": "157.5", "PWD_P29": "162.4", "PWD_P30": "167.5", "PWD_P31": "172.6", "PWD_P32": "177.7", "PWD_P33": "182.9", "PWD_P34": "188.2", "PWD_P35": "193.6", "PWD_P36": "199.3", "PWD_P37": "205.1", "PWD_P38": "211.1", "PWD_P39": "217.3", "PWD_P40": "223.5", "PWD_P41": "229.9", "PWD_P42": "236.4", "PWD_P43": "243.3", "PWD_P44": "250.3", "PWD_P45": "257.5", "PWD_P46": "264.9", "PWD_P47": "272.6", "PWD_P48": "280.5", "PWD_P49": "288.6", "PWD_P50": "296.8", "PWD_P51": "305.2", "PWD_P52": "313.7", "PWD_P53": "322.4", "PWD_P54": "331.6", "PWD_P55": "341.3", "PWD_P56": "351.7", "PWD_P57": "362.5", "PWD_P58": "374.0", "PWD_P59": "386.3", "PWD_P60": "399.4", "PWD_P61": "413.0", "PWD_P62": "427.3", "PWD_P63": "442.3", "PWD_P64": "458.4", "PWD_P65": "475.6", "PWD_P66": "494.2", "PWD_P67": "514.1", "PWD_P68": "535.4", "PWD_P69": "559.6", "PWD_P70": "586.2", "PWD_P71": "615.6", "PWD_P72": "648.8", "PWD_P73": "686.0", "PWD_P74": "729.2", "PWD_P75": "778.6", "PWD_P76": "832.8", "PWD_P77": "897.3", "PWD_P78": "967.0", "PWD_P79": "1048.1", "PWD_P80": "1142.7", "PWD_P81": "1249.5", "PWD_P82": "1374.5", "PWD_P83": "1522.8", "PWD_P84": "1694.6", "PWD_P85": "1904.7", "PWD_P86": "2154.1", "PWD_P87": "2454.1", "PWD_P88": "2838.4", "PWD_P89": "3341.9", "PWD_P90": "4003.3", "PWD_P91": "4782.9", "PWD_P92": "5738.9", "PWD_P93": "6958.3", "PWD_P94": "8308.3", "PWD_P95": "10246.5", "PWD_P96": "12675.5", "PWD_P97": "15770.2", "PWD_P98": "20465.0", "PWD_P99": "33374.2", "PWD_P100": "225215.5" }, "geometry": { "type": "Point", "coordinates": [ 34.466670989990234, -14.263798713684082 ] } },
{ "type": "Feature", "id": 125, "properties": { "lon": 104.41074371337891, "lat": 3.8514084815979004, "year": "2005", "ISO": "MYS", "ISO_No": "458", "Name": "Malaysia", "PWC_Lat": "3.8514084815979", "PWC_Lon": "104.410743713379", "Pop": "25690614", "Density": "77.9", "Area": "329946.9", "PWD_A": "2023.2", "PWD_G": "671.9", "PWD_M": "993.8", "PWD_P1": "4.9", "PWD_P2": "8.9", "PWD_P3": "12.4", "PWD_P4": "15.9", "PWD_P5": "19.7", "PWD_P6": "24.0", "PWD_P7": "28.9", "PWD_P8": "34.2", "PWD_P9": "39.9", "PWD_P10": "45.8", "PWD_P11": "52.0", "PWD_P12": "58.5", "PWD_P13": "65.4", "PWD_P14": "72.5", "PWD_P15": "80.2", "PWD_P16": "88.4", "PWD_P17": "97.2", "PWD_P18": "106.7", "PWD_P19": "116.7", "PWD_P20": "127.5", "PWD_P21": "139.0", "PWD_P22": "151.2", "PWD_P23": "164.3", "PWD_P24": "178.0", "PWD_P25": "192.5", "PWD_P26": "207.7", "PWD_P27": "223.7", "PWD_P28": "240.6", "PWD_P29": "258.4", "PWD_P30": "277.4", "PWD_P31": "297.6", "PWD_P32": "319.0", "PWD_P33": "341.8", "PWD_P34": "366.2", "PWD_P35": "392.2", "PWD_P36": "420.1", "PWD_P37": "449.9", "PWD_P38": "481.0", "PWD_P39": "513.9", "PWD_P40": "549.3", "PWD_P41": "586.5", "PWD_P42": "624.7", "PWD_P43": "664.2", "PWD_P44": "705.7", "PWD_P45": "748.8", "PWD_P46": "793.6", "PWD_P47": "840.4", "PWD_P48": "889.0", "PWD_P49": "939.8", "PWD_P50": "993.8", "PWD_P51": "1050.8", "PWD_P52": "1109.3", "PWD_P53": "1169.4", "PWD_P54": "1231.2", "PWD_P55": "1294.6", "PWD_P56": "1359.1", "PWD_P57": "1425.6", "PWD_P58": "1494.5", "PWD_P59": "1565.5", "PWD_P60": "1638.6", "PWD_P61": "1712.3", "PWD_P62": "1789.3", "PWD_P63": "1867.4", "PWD_P64": "1947.9", "PWD_P65": "2028.6", "PWD_P66": "2112.0", "PWD_P67": "2195.4", "PWD_P68": "2280.7", "PWD_P69": "2367.7", "PWD_P70": "2455.4", "PWD_P71": "2549.4", "PWD_P72": "2646.1", "PWD_P73": "2752.8", "PWD_P74": "2869.0", "PWD_P75": "2990.8", "PWD_P76": "3114.6", "PWD_P77": "3234.9", "PWD_P78": "3355.7", "PWD_P79": "3473.7", "PWD_P80": "3586.5", "PWD_P81": "3703.9", "PWD_P82": "3836.2", "PWD_P83": "3979.9", "PWD_P84": "4128.6", "PWD_P85": "4302.3", "PWD_P86": "4495.2", "PWD_P87": "4694.0", "PWD_P88": "4901.3", "PWD_P89": "5128.4", "PWD_P90": "5390.8", "PWD_P91": "5678.4", "PWD_P92": "6033.7", "PWD_P93": "6442.5", "PWD_P94": "6946.9", "PWD_P95": "7441.3", "PWD_P96": "7971.9", "PWD_P97": "8688.6", "PWD_P98": "10486.8", "PWD_P99": "11565.9", "PWD_P100": "18293.6" }, "geometry": { "type": "Point", "coordinates": [ 104.410743713378906, 3.8514084815979 ] } },
{ "type": "Feature", "id": 126, "properties": { "lon": 73.2957, "lat": 3.8505, "year": "2005", "ISO": "MDV", "ISO_No": "462", "Name": "Maldives", "PWC_Lat": "3.8505", "PWC_Lon": "73.2957", "Pop": "319603", "Density": "751.9", "Area": "425.1", "PWD_A": "13631.0", "PWD_G": "4256.9", "PWD_M": "3133.7", "PWD_P1": "141.1", "PWD_P2": "197.0", "PWD_P3": "234.2", "PWD_P4": "265.6", "PWD_P5": "298.2", "PWD_P6": "331.1", "PWD_P7": "370.2", "PWD_P8": "416.1", "PWD_P9": "464.4", "PWD_P10": "510.0", "PWD_P11": "557.0", "PWD_P12": "608.9", "PWD_P13": "661.8", "PWD_P14": "717.3", "PWD_P15": "771.2", "PWD_P16": "828.5", "PWD_P17": "881.4", "PWD_P18": "930.0", "PWD_P19": "977.0", "PWD_P20": "1018.0", "PWD_P21": "1060.7", "PWD_P22": "1107.2", "PWD_P23": "1148.0", "PWD_P24": "1189.8", "PWD_P25": "1239.6", "PWD_P26": "1287.4", "PWD_P27": "1339.3", "PWD_P28": "1388.8", "PWD_P29": "1440.7", "PWD_P30": "1491.5", "PWD_P31": "1553.4", "PWD_P32": "1632.5", "PWD_P33": "1698.3", "PWD_P34": "1773.5", "PWD_P35": "1844.8", "PWD_P36": "1927.0", "PWD_P37": "2002.8", "PWD_P38": "2078.2", "PWD_P39": "2140.6", "PWD_P40": "2226.9", "PWD_P41": "2302.6", "PWD_P42": "2372.6", "PWD_P43": "2441.8", "PWD_P44": "2533.5", "PWD_P45": "2627.0", "PWD_P46": "2711.3", "PWD_P47": "2801.0", "PWD_P48": "2894.3", "PWD_P49": "3003.4", "PWD_P50": "3133.7", "PWD_P51": "3260.0", "PWD_P52": "3364.4", "PWD_P53": "3490.2", "PWD_P54": "3610.7", "PWD_P55": "3762.0", "PWD_P56": "3920.6", "PWD_P57": "4110.0", "PWD_P58": "4336.8", "PWD_P59": "4520.7", "PWD_P60": "4785.8", "PWD_P61": "5076.7", "PWD_P62": "5403.7", "PWD_P63": "5734.0", "PWD_P64": "6428.0", "PWD_P65": "6899.3", "PWD_P66": "7806.3", "PWD_P67": "9926.8", "PWD_P68": "11830.5", "PWD_P69": "13368.6", "PWD_P70": "15017.7", "PWD_P71": "19250.3", "PWD_P72": "22761.7", "PWD_P73": "25021.6", "PWD_P74": "27604.8", "PWD_P75": "28684.3", "PWD_P76": "30863.2", "PWD_P77": "32956.3", "PWD_P78": "34822.8", "PWD_P79": "37304.5", "PWD_P80": "38403.1", "PWD_P81": "38616.8", "PWD_P82": "39760.4", "PWD_P83": "40067.1", "PWD_P84": "40975.1", "PWD_P85": "41417.4", "PWD_P86": "42622.3", "PWD_P87": "43125.6", "PWD_P88": "43478.0", "PWD_P89": "44395.9", "PWD_P90": "44787.6", "PWD_P91": "45347.6", "PWD_P92": "46180.4", "PWD_P93": "46542.3", "PWD_P94": "46869.0", "PWD_P95": "47078.8", "PWD_P96": "47391.4", "PWD_P97": "47862.2", "PWD_P98": "48274.8", "PWD_P99": "48855.9", "PWD_P100": "49812.0" }, "geometry": { "type": "Point", "coordinates": [ 73.2957, 3.8505 ] } },
{ "type": "Feature", "id": 127, "properties": { "lon": -6.3762, "lat": 13.4466, "year": "2005", "ISO": "MLI", "ISO_No": "466", "Name": "Mali", "PWC_Lat": "13.4466", "PWC_Lon": "-6.3762", "Pop": "12775508", "Density": "10.2", "Area": "1251658.8", "PWD_A": "1988.6", "PWD_G": "111.3", "PWD_M": "57.3", "PWD_P1": "1.0", "PWD_P2": "2.2", "PWD_P3": "3.3", "PWD_P4": "4.4", "PWD_P5": "5.3", "PWD_P6": "6.3", "PWD_P7": "7.3", "PWD_P8": "8.2", "PWD_P9": "9.1", "PWD_P10": "9.9", "PWD_P11": "10.7", "PWD_P12": "11.5", "PWD_P13": "12.3", "PWD_P14": "13.0", "PWD_P15": "13.7", "PWD_P16": "14.4", "PWD_P17": "15.1", "PWD_P18": "15.8", "PWD_P19": "16.6", "PWD_P20": "17.3", "PWD_P21": "18.0", "PWD_P22": "18.8", "PWD_P23": "19.5", "PWD_P24": "20.2", "PWD_P25": "21.0", "PWD_P26": "21.8", "PWD_P27": "22.5", "PWD_P28": "23.3", "PWD_P29": "24.2", "PWD_P30": "25.0", "PWD_P31": "26.0", "PWD_P32": "26.9", "PWD_P33": "28.0", "PWD_P34": "29.1", "PWD_P35": "30.2", "PWD_P36": "31.5", "PWD_P37": "32.8", "PWD_P38": "34.1", "PWD_P39": "35.6", "PWD_P40": "37.1", "PWD_P41": "38.7", "PWD_P42": "40.3", "PWD_P43": "42.0", "PWD_P44": "43.8", "PWD_P45": "45.7", "PWD_P46": "47.8", "PWD_P47": "50.0", "PWD_P48": "52.2", "PWD_P49": "54.7", "PWD_P50": "57.3", "PWD_P51": "60.2", "PWD_P52": "63.4", "PWD_P53": "66.9", "PWD_P54": "70.8", "PWD_P55": "74.8", "PWD_P56": "79.2", "PWD_P57": "83.7", "PWD_P58": "88.6", "PWD_P59": "93.7", "PWD_P60": "99.3", "PWD_P61": "105.5", "PWD_P62": "112.3", "PWD_P63": "119.4", "PWD_P64": "126.9", "PWD_P65": "135.2", "PWD_P66": "144.6", "PWD_P67": "155.2", "PWD_P68": "167.2", "PWD_P69": "180.6", "PWD_P70": "197.3", "PWD_P71": "218.2", "PWD_P72": "244.0", "PWD_P73": "272.2", "PWD_P74": "309.4", "PWD_P75": "360.6", "PWD_P76": "424.5", "PWD_P77": "514.3", "PWD_P78": "642.6", "PWD_P79": "808.1", "PWD_P80": "1078.1", "PWD_P81": "1468.1", "PWD_P82": "1976.2", "PWD_P83": "2455.2", "PWD_P84": "3144.4", "PWD_P85": "3762.4", "PWD_P86": "4405.2", "PWD_P87": "5188.9", "PWD_P88": "5956.4", "PWD_P89": "6793.2", "PWD_P90": "7722.0", "PWD_P91": "8535.7", "PWD_P92": "9506.4", "PWD_P93": "10785.8", "PWD_P94": "12144.9", "PWD_P95": "13731.3", "PWD_P96": "15245.1", "PWD_P97": "16931.2", "PWD_P98": "18871.4", "PWD_P99": "22209.1", "PWD_P100": "85640.5" }, "geometry": { "type": "Point", "coordinates": [ -6.3762, 13.4466 ] } },
{ "type": "Feature", "id": 128, "properties": { "lon": 14.458413124084473, "lat": 35.899421691894531, "year": "2005", "ISO": "MLT", "ISO_No": "470", "Name": "Malta", "PWC_Lat": "35.8994216918945", "PWC_Lon": "14.4584131240845", "Pop": "404659", "Density": "1205.7", "Area": "335.6", "PWD_A": "3864.5", "PWD_G": "2398.6", "PWD_M": "2765.0", "PWD_P1": "155.3", "PWD_P2": "198.6", "PWD_P3": "236.1", "PWD_P4": "269.0", "PWD_P5": "296.4", "PWD_P6": "328.6", "PWD_P7": "364.7", "PWD_P8": "400.8", "PWD_P9": "437.2", "PWD_P10": "476.6", "PWD_P11": "515.6", "PWD_P12": "554.7", "PWD_P13": "594.3", "PWD_P14": "635.9", "PWD_P15": "680.5", "PWD_P16": "726.2", "PWD_P17": "770.3", "PWD_P18": "815.2", "PWD_P19": "863.4", "PWD_P20": "914.5", "PWD_P21": "963.4", "PWD_P22": "1007.3", "PWD_P23": "1048.8", "PWD_P24": "1091.1", "PWD_P25": "1136.3", "PWD_P26": "1178.7", "PWD_P27": "1225.6", "PWD_P28": "1280.2", "PWD_P29": "1329.6", "PWD_P30": "1383.1", "PWD_P31": "1437.3", "PWD_P32": "1483.2", "PWD_P33": "1536.9", "PWD_P34": "1591.1", "PWD_P35": "1648.2", "PWD_P36": "1712.9", "PWD_P37": "1784.0", "PWD_P38": "1864.2", "PWD_P39": "1936.7", "PWD_P40": "2011.0", "PWD_P41": "2088.9", "PWD_P42": "2166.9", "PWD_P43": "2237.9", "PWD_P44": "2305.3", "PWD_P45": "2374.1", "PWD_P46": "2440.6", "PWD_P47": "2511.1", "PWD_P48": "2588.8", "PWD_P49": "2674.6", "PWD_P50": "2765.0", "PWD_P51": "2874.3", "PWD_P52": "2978.3", "PWD_P53": "3081.5", "PWD_P54": "3191.4", "PWD_P55": "3331.3", "PWD_P56": "3463.2", "PWD_P57": "3596.2", "PWD_P58": "3745.0", "PWD_P59": "3889.2", "PWD_P60": "4037.4", "PWD_P61": "4152.9", "PWD_P62": "4263.6", "PWD_P63": "4368.5", "PWD_P64": "4483.9", "PWD_P65": "4602.9", "PWD_P66": "4737.6", "PWD_P67": "4880.3", "PWD_P68": "5033.0", "PWD_P69": "5185.1", "PWD_P70": "5325.8", "PWD_P71": "5486.5", "PWD_P72": "5608.8", "PWD_P73": "5779.1", "PWD_P74": "5970.8", "PWD_P75": "6147.3", "PWD_P76": "6339.8", "PWD_P77": "6489.9", "PWD_P78": "6636.1", "PWD_P79": "6759.1", "PWD_P80": "6864.8", "PWD_P81": "7026.9", "PWD_P82": "7170.7", "PWD_P83": "7307.9", "PWD_P84": "7480.5", "PWD_P85": "7650.8", "PWD_P86": "7890.9", "PWD_P87": "8096.3", "PWD_P88": "8337.3", "PWD_P89": "8575.6", "PWD_P90": "8766.6", "PWD_P91": "8950.3", "PWD_P92": "9111.8", "PWD_P93": "9352.1", "PWD_P94": "9603.2", "PWD_P95": "9866.2", "PWD_P96": "10188.8", "PWD_P97": "10984.9", "PWD_P98": "11668.4", "PWD_P99": "12890.9", "PWD_P100": "22138.1" }, "geometry": { "type": "Point", "coordinates": [ 14.458413124084473, 35.899421691894531 ] } },
{ "type": "Feature", "id": 129, "properties": { "lon": -61.012092590332031, "lat": 14.634611129760742, "year": "2005", "ISO": "MTQ", "ISO_No": "474", "Name": "Martinique", "PWC_Lat": "14.6346111297607", "PWC_Lon": "-61.012092590332", "Pop": "397190", "Density": "361.6", "Area": "1098.4", "PWD_A": "921.4", "PWD_G": "564.8", "PWD_M": "479.6", "PWD_P1": "71.3", "PWD_P2": "87.9", "PWD_P3": "100.2", "PWD_P4": "112.7", "PWD_P5": "122.0", "PWD_P6": "131.8", "PWD_P7": "141.9", "PWD_P8": "151.3", "PWD_P9": "161.6", "PWD_P10": "171.4", "PWD_P11": "181.2", "PWD_P12": "190.4", "PWD_P13": "199.1", "PWD_P14": "208.1", "PWD_P15": "217.8", "PWD_P16": "227.8", "PWD_P17": "237.3", "PWD_P18": "246.6", "PWD_P19": "254.6", "PWD_P20": "262.3", "PWD_P21": "270.3", "PWD_P22": "279.5", "PWD_P23": "287.9", "PWD_P24": "295.3", "PWD_P25": "303.1", "PWD_P26": "310.7", "PWD_P27": "318.6", "PWD_P28": "325.6", "PWD_P29": "332.4", "PWD_P30": "340.2", "PWD_P31": "348.4", "PWD_P32": "356.3", "PWD_P33": "363.0", "PWD_P34": "370.0", "PWD_P35": "376.4", "PWD_P36": "382.2", "PWD_P37": "388.2", "PWD_P38": "395.1", "PWD_P39": "402.2", "PWD_P40": "409.3", "PWD_P41": "416.6", "PWD_P42": "423.3", "PWD_P43": "430.3", "PWD_P44": "436.6", "PWD_P45": "443.3", "PWD_P46": "449.6", "PWD_P47": "456.2", "PWD_P48": "464.3", "PWD_P49": "471.6", "PWD_P50": "479.6", "PWD_P51": "486.9", "PWD_P52": "493.8", "PWD_P53": "502.6", "PWD_P54": "510.5", "PWD_P55": "519.4", "PWD_P56": "528.3", "PWD_P57": "536.7", "PWD_P58": "548.4", "PWD_P59": "559.6", "PWD_P60": "572.3", "PWD_P61": "586.2", "PWD_P62": "602.3", "PWD_P63": "614.6", "PWD_P64": "624.8", "PWD_P65": "636.4", "PWD_P66": "651.5", "PWD_P67": "670.0", "PWD_P68": "697.0", "PWD_P69": "724.2", "PWD_P70": "742.1", "PWD_P71": "755.2", "PWD_P72": "781.0", "PWD_P73": "813.1", "PWD_P74": "1011.6", "PWD_P75": "1179.5", "PWD_P76": "1265.9", "PWD_P77": "1374.8", "PWD_P78": "1516.5", "PWD_P79": "1823.2", "PWD_P80": "2044.8", "PWD_P81": "2236.6", "PWD_P82": "2280.7", "PWD_P83": "2320.5", "PWD_P84": "2350.2", "PWD_P85": "2396.6", "PWD_P86": "2429.9", "PWD_P87": "2462.4", "PWD_P88": "2507.0", "PWD_P89": "2559.1", "PWD_P90": "2636.2", "PWD_P91": "2778.3", "PWD_P92": "2861.8", "PWD_P93": "2908.8", "PWD_P94": "2957.4", "PWD_P95": "2994.5", "PWD_P96": "3038.7", "PWD_P97": "3113.9", "PWD_P98": "3183.0", "PWD_P99": "3264.6", "PWD_P100": "3409.9" }, "geometry": { "type": "Point", "coordinates": [ -61.012092590332031, 14.634611129760742 ] } },
{ "type": "Feature", "id": 130, "properties": { "lon": -13.006044387817383, "lat": 17.14527702331543, "year": "2005", "ISO": "MRT", "ISO_No": "478", "Name": "Mauritania", "PWC_Lat": "17.1452770233154", "PWC_Lon": "-13.0060443878174", "Pop": "3024198", "Density": "2.9", "Area": "1043611.8", "PWD_A": "2454.3", "PWD_G": "91.7", "PWD_M": "43.7", "PWD_P1": "0.3", "PWD_P2": "0.6", "PWD_P3": "1.1", "PWD_P4": "1.5", "PWD_P5": "2.1", "PWD_P6": "2.6", "PWD_P7": "3.0", "PWD_P8": "3.3", "PWD_P9": "3.7", "PWD_P10": "4.0", "PWD_P11": "4.3", "PWD_P12": "4.7", "PWD_P13": "5.0", "PWD_P14": "5.3", "PWD_P15": "5.7", "PWD_P16": "6.0", "PWD_P17": "6.4", "PWD_P18": "6.9", "PWD_P19": "7.4", "PWD_P20": "7.9", "PWD_P21": "8.4", "PWD_P22": "9.0", "PWD_P23": "9.6", "PWD_P24": "10.2", "PWD_P25": "10.9", "PWD_P26": "11.6", "PWD_P27": "12.4", "PWD_P28": "13.1", "PWD_P29": "13.9", "PWD_P30": "14.6", "PWD_P31": "15.5", "PWD_P32": "16.3", "PWD_P33": "17.2", "PWD_P34": "18.2", "PWD_P35": "19.1", "PWD_P36": "20.1", "PWD_P37": "21.1", "PWD_P38": "22.2", "PWD_P39": "23.3", "PWD_P40": "24.5", "PWD_P41": "25.8", "PWD_P42": "27.1", "PWD_P43": "28.6", "PWD_P44": "30.1", "PWD_P45": "31.8", "PWD_P46": "33.7", "PWD_P47": "35.8", "PWD_P48": "38.2", "PWD_P49": "40.8", "PWD_P50": "43.7", "PWD_P51": "47.0", "PWD_P52": "50.6", "PWD_P53": "54.4", "PWD_P54": "58.7", "PWD_P55": "63.6", "PWD_P56": "69.4", "PWD_P57": "76.4", "PWD_P58": "84.7", "PWD_P59": "94.1", "PWD_P60": "105.0", "PWD_P61": "116.3", "PWD_P62": "129.7", "PWD_P63": "148.6", "PWD_P64": "175.2", "PWD_P65": "206.6", "PWD_P66": "240.7", "PWD_P67": "279.5", "PWD_P68": "321.3", "PWD_P69": "380.9", "PWD_P70": "447.1", "PWD_P71": "524.4", "PWD_P72": "619.1", "PWD_P73": "734.0", "PWD_P74": "878.0", "PWD_P75": "1051.1", "PWD_P76": "1265.9", "PWD_P77": "1470.2", "PWD_P78": "1682.8", "PWD_P79": "1886.7", "PWD_P80": "2096.6", "PWD_P81": "2332.5", "PWD_P82": "2610.5", "PWD_P83": "2930.9", "PWD_P84": "3327.4", "PWD_P85": "3656.3", "PWD_P86": "4080.2", "PWD_P87": "4824.4", "PWD_P88": "5310.4", "PWD_P89": "5693.3", "PWD_P90": "6139.3", "PWD_P91": "6974.3", "PWD_P92": "7733.9", "PWD_P93": "10779.1", "PWD_P94": "15847.9", "PWD_P95": "18836.1", "PWD_P96": "20361.1", "PWD_P97": "24973.3", "PWD_P98": "31354.2", "PWD_P99": "33224.8", "PWD_P100": "39895.3" }, "geometry": { "type": "Point", "coordinates": [ -13.006044387817383, 17.14527702331543 ] } },
{ "type": "Feature", "id": 131, "properties": { "lon": 57.739707946777344, "lat": -20.220584869384766, "year": "2005", "ISO": "MUS", "ISO_No": "480", "Name": "Mauritius", "PWC_Lat": "-20.2205848693848", "PWC_Lon": "57.7397079467773", "Pop": "1222009", "Density": "596.4", "Area": "2049.0", "PWD_A": "3033.9", "PWD_G": "1698.2", "PWD_M": "2048.4", "PWD_P1": "48.6", "PWD_P2": "79.6", "PWD_P3": "109.7", "PWD_P4": "139.9", "PWD_P5": "167.9", "PWD_P6": "197.0", "PWD_P7": "228.3", "PWD_P8": "259.7", "PWD_P9": "291.9", "PWD_P10": "322.8", "PWD_P11": "352.3", "PWD_P12": "382.3", "PWD_P13": "411.7", "PWD_P14": "440.5", "PWD_P15": "469.7", "PWD_P16": "498.8", "PWD_P17": "527.9", "PWD_P18": "556.9", "PWD_P19": "585.7", "PWD_P20": "616.0", "PWD_P21": "644.9", "PWD_P22": "674.1", "PWD_P23": "703.9", "PWD_P24": "735.0", "PWD_P25": "769.7", "PWD_P26": "804.2", "PWD_P27": "841.9", "PWD_P28": "879.0", "PWD_P29": "918.1", "PWD_P30": "957.5", "PWD_P31": "999.9", "PWD_P32": "1042.0", "PWD_P33": "1085.3", "PWD_P34": "1131.1", "PWD_P35": "1173.6", "PWD_P36": "1221.1", "PWD_P37": "1266.9", "PWD_P38": "1316.4", "PWD_P39": "1366.8", "PWD_P40": "1418.4", "PWD_P41": "1476.4", "PWD_P42": "1534.1", "PWD_P43": "1592.5", "PWD_P44": "1652.0", "PWD_P45": "1716.3", "PWD_P46": "1778.1", "PWD_P47": "1844.0", "PWD_P48": "1910.6", "PWD_P49": "1974.8", "PWD_P50": "2048.4", "PWD_P51": "2128.1", "PWD_P52": "2196.6", "PWD_P53": "2267.7", "PWD_P54": "2337.5", "PWD_P55": "2414.5", "PWD_P56": "2494.8", "PWD_P57": "2574.7", "PWD_P58": "2650.4", "PWD_P59": "2737.4", "PWD_P60": "2829.7", "PWD_P61": "2906.1", "PWD_P62": "2996.3", "PWD_P63": "3090.8", "PWD_P64": "3184.6", "PWD_P65": "3277.1", "PWD_P66": "3373.7", "PWD_P67": "3476.1", "PWD_P68": "3583.2", "PWD_P69": "3699.4", "PWD_P70": "3797.5", "PWD_P71": "3910.4", "PWD_P72": "4033.1", "PWD_P73": "4142.1", "PWD_P74": "4253.5", "PWD_P75": "4383.4", "PWD_P76": "4517.5", "PWD_P77": "4659.5", "PWD_P78": "4798.9", "PWD_P79": "4941.3", "PWD_P80": "5115.3", "PWD_P81": "5295.2", "PWD_P82": "5454.6", "PWD_P83": "5651.2", "PWD_P84": "5860.7", "PWD_P85": "6043.9", "PWD_P86": "6274.1", "PWD_P87": "6552.5", "PWD_P88": "6777.1", "PWD_P89": "7051.6", "PWD_P90": "7350.7", "PWD_P91": "7641.1", "PWD_P92": "8053.0", "PWD_P93": "8380.3", "PWD_P94": "8735.5", "PWD_P95": "9173.2", "PWD_P96": "9611.6", "PWD_P97": "10268.9", "PWD_P98": "11054.5", "PWD_P99": "12879.6", "PWD_P100": "17420.5" }, "geometry": { "type": "Point", "coordinates": [ 57.739707946777344, -20.220584869384766 ] } },
{ "type": "Feature", "id": 132, "properties": { "lon": -100.155, "lat": 21.1946, "year": "2005", "ISO": "MEX", "ISO_No": "484", "Name": "Mexico", "PWC_Lat": "21.1946", "PWC_Lon": "-100.155", "Pop": "106005199", "Density": "54.6", "Area": "1941066.7", "PWD_A": "7888.8", "PWD_G": "2942.7", "PWD_M": "5442.1", "PWD_P1": "5.3", "PWD_P2": "12.7", "PWD_P3": "23.3", "PWD_P4": "37.1", "PWD_P5": "52.8", "PWD_P6": "70.0", "PWD_P7": "88.5", "PWD_P8": "109.0", "PWD_P9": "132.0", "PWD_P10": "158.1", "PWD_P11": "187.4", "PWD_P12": "220.3", "PWD_P13": "257.3", "PWD_P14": "298.2", "PWD_P15": "345.2", "PWD_P16": "396.9", "PWD_P17": "454.3", "PWD_P18": "517.2", "PWD_P19": "588.1", "PWD_P20": "669.8", "PWD_P21": "762.8", "PWD_P22": "863.5", "PWD_P23": "977.9", "PWD_P24": "1104.5", "PWD_P25": "1242.0", "PWD_P26": "1386.2", "PWD_P27": "1538.1", "PWD_P28": "1695.5", "PWD_P29": "1855.7", "PWD_P30": "2017.8", "PWD_P31": "2182.4", "PWD_P32": "2348.8", "PWD_P33": "2516.8", "PWD_P34": "2686.5", "PWD_P35": "2853.9", "PWD_P36": "3018.1", "PWD_P37": "3183.7", "PWD_P38": "3351.8", "PWD_P39": "3520.2", "PWD_P40": "3687.8", "PWD_P41": "3857.4", "PWD_P42": "4027.4", "PWD_P43": "4195.0", "PWD_P44": "4367.9", "PWD_P45": "4544.9", "PWD_P46": "4722.8", "PWD_P47": "4898.2", "PWD_P48": "5076.2", "PWD_P49": "5258.7", "PWD_P50": "5442.1", "PWD_P51": "5627.1", "PWD_P52": "5811.4", "PWD_P53": "5999.6", "PWD_P54": "6190.6", "PWD_P55": "6382.0", "PWD_P56": "6579.0", "PWD_P57": "6777.4", "PWD_P58": "6978.4", "PWD_P59": "7185.2", "PWD_P60": "7399.6", "PWD_P61": "7617.5", "PWD_P62": "7840.3", "PWD_P63": "8066.0", "PWD_P64": "8302.6", "PWD_P65": "8544.2", "PWD_P66": "8793.9", "PWD_P67": "9054.6", "PWD_P68": "9323.4", "PWD_P69": "9590.7", "PWD_P70": "9869.8", "PWD_P71": "10158.4", "PWD_P72": "10464.7", "PWD_P73": "10770.9", "PWD_P74": "11085.7", "PWD_P75": "11425.4", "PWD_P76": "11784.5", "PWD_P77": "12158.1", "PWD_P78": "12544.2", "PWD_P79": "12957.3", "PWD_P80": "13405.8", "PWD_P81": "13870.0", "PWD_P82": "14360.0", "PWD_P83": "14871.5", "PWD_P84": "15404.8", "PWD_P85": "15967.4", "PWD_P86": "16568.7", "PWD_P87": "17211.1", "PWD_P88": "17924.8", "PWD_P89": "18713.7", "PWD_P90": "19555.7", "PWD_P91": "20436.6", "PWD_P92": "21424.6", "PWD_P93": "22506.1", "PWD_P94": "23722.3", "PWD_P95": "25101.5", "PWD_P96": "26748.3", "PWD_P97": "28782.2", "PWD_P98": "31336.1", "PWD_P99": "36620.9", "PWD_P100": "159930.4" }, "geometry": { "type": "Point", "coordinates": [ -100.155, 21.1946 ] } },
{ "type": "Feature", "id": 133, "properties": { "lon": 7.4235, "lat": 43.7379, "year": "2005", "ISO": "MCO", "ISO_No": "492", "Name": "Monaco", "PWC_Lat": "43.7379", "PWC_Lon": "7.4235", "Pop": "33841", "Density": "13272.2", "Area": "2.5", "PWD_A": "21966.4", "PWD_G": "17852.6", "PWD_M": "19546.9", "PWD_P1": "2649.8", "PWD_P2": "3026.3", "PWD_P3": "3570.8", "PWD_P4": "3824.7", "PWD_P5": "4207.9", "PWD_P6": "4609.6", "PWD_P7": "5039.3", "PWD_P8": "5352.3", "PWD_P9": "5649.7", "PWD_P10": "5884.0", "PWD_P11": "6339.1", "PWD_P12": "6870.8", "PWD_P13": "7121.2", "PWD_P14": "7669.7", "PWD_P15": "8226.1", "PWD_P16": "8517.1", "PWD_P17": "9450.1", "PWD_P18": "10039.8", "PWD_P19": "10292.5", "PWD_P20": "10556.0", "PWD_P21": "10761.5", "PWD_P22": "11226.6", "PWD_P23": "11834.2", "PWD_P24": "12770.4", "PWD_P25": "13139.9", "PWD_P26": "13249.6", "PWD_P27": "13267.5", "PWD_P28": "13366.2", "PWD_P29": "13906.5", "PWD_P30": "14647.7", "PWD_P31": "15139.8", "PWD_P32": "15446.2", "PWD_P33": "15565.4", "PWD_P34": "15687.3", "PWD_P35": "15942.5", "PWD_P36": "16027.8", "PWD_P37": "16260.6", "PWD_P38": "16341.8", "PWD_P39": "16467.2", "PWD_P40": "16783.9", "PWD_P41": "16859.4", "PWD_P42": "16938.3", "PWD_P43": "17186.0", "PWD_P44": "17755.9", "PWD_P45": "18375.8", "PWD_P46": "18570.4", "PWD_P47": "19120.5", "PWD_P48": "19311.8", "PWD_P49": "19506.3", "PWD_P50": "19546.9", "PWD_P51": "19616.2", "PWD_P52": "19746.2", "PWD_P53": "20045.1", "PWD_P54": "20203.1", "PWD_P55": "20600.0", "PWD_P56": "21119.0", "PWD_P57": "21346.9", "PWD_P58": "21941.9", "PWD_P59": "22157.3", "PWD_P60": "23068.3", "PWD_P61": "23262.0", "PWD_P62": "23360.9", "PWD_P63": "24176.9", "PWD_P64": "25181.0", "PWD_P65": "25732.1", "PWD_P66": "27003.0", "PWD_P67": "28158.8", "PWD_P68": "28885.0", "PWD_P69": "28964.5", "PWD_P70": "29027.6", "PWD_P71": "29045.9", "PWD_P72": "29102.2", "PWD_P73": "29779.1", "PWD_P74": "30086.6", "PWD_P75": "30561.7", "PWD_P76": "31623.2", "PWD_P77": "31806.7", "PWD_P78": "33602.5", "PWD_P79": "33954.1", "PWD_P80": "34013.2", "PWD_P81": "34206.0", "PWD_P82": "34871.8", "PWD_P83": "35881.3", "PWD_P84": "36120.8", "PWD_P85": "36284.5", "PWD_P86": "36637.6", "PWD_P87": "37173.5", "PWD_P88": "37287.2", "PWD_P89": "37362.4", "PWD_P90": "37790.0", "PWD_P91": "38148.5", "PWD_P92": "38148.5", "PWD_P93": "39146.9", "PWD_P94": "39347.3", "PWD_P95": "45502.8", "PWD_P96": "48575.5", "PWD_P97": "51530.2", "PWD_P98": "57481.7", "PWD_P99": "57839.1", "PWD_P100": "57839.1" }, "geometry": { "type": "Point", "coordinates": [ 7.4235, 43.7379 ] } },
{ "type": "Feature", "id": 134, "properties": { "lon": 104.0904, "lat": 47.8324, "year": "2005", "ISO": "MNG", "ISO_No": "496", "Name": "Mongolia", "PWC_Lat": "47.8324", "PWC_Lon": "104.0904", "Pop": "2526429", "Density": "1.6", "Area": "1547871.4", "PWD_A": "838.6", "PWD_G": "70.7", "PWD_M": "305.7", "PWD_P1": "0.1", "PWD_P2": "0.2", "PWD_P3": "0.2", "PWD_P4": "0.3", "PWD_P5": "0.3", "PWD_P6": "0.4", "PWD_P7": "0.4", "PWD_P8": "0.4", "PWD_P9": "0.5", "PWD_P10": "0.5", "PWD_P11": "0.6", "PWD_P12": "0.6", "PWD_P13": "0.7", "PWD_P14": "0.8", "PWD_P15": "0.9", "PWD_P16": "0.9", "PWD_P17": "1.0", "PWD_P18": "1.1", "PWD_P19": "1.2", "PWD_P20": "1.3", "PWD_P21": "1.5", "PWD_P22": "1.6", "PWD_P23": "1.8", "PWD_P24": "2.0", "PWD_P25": "2.3", "PWD_P26": "2.6", "PWD_P27": "2.9", "PWD_P28": "3.4", "PWD_P29": "3.8", "PWD_P30": "4.4", "PWD_P31": "5.1", "PWD_P32": "6.0", "PWD_P33": "7.2", "PWD_P34": "9.0", "PWD_P35": "11.8", "PWD_P36": "16.3", "PWD_P37": "24.1", "PWD_P38": "40.2", "PWD_P39": "59.7", "PWD_P40": "83.6", "PWD_P41": "106.9", "PWD_P42": "126.5", "PWD_P43": "147.2", "PWD_P44": "167.1", "PWD_P45": "187.5", "PWD_P46": "212.1", "PWD_P47": "237.4", "PWD_P48": "261.0", "PWD_P49": "283.8", "PWD_P50": "305.7", "PWD_P51": "325.4", "PWD_P52": "345.0", "PWD_P53": "363.8", "PWD_P54": "383.4", "PWD_P55": "404.1", "PWD_P56": "424.0", "PWD_P57": "445.5", "PWD_P58": "469.7", "PWD_P59": "495.3", "PWD_P60": "524.7", "PWD_P61": "553.8", "PWD_P62": "582.2", "PWD_P63": "611.0", "PWD_P64": "637.7", "PWD_P65": "666.5", "PWD_P66": "694.8", "PWD_P67": "722.7", "PWD_P68": "755.1", "PWD_P69": "790.3", "PWD_P70": "828.6", "PWD_P71": "873.8", "PWD_P72": "927.2", "PWD_P73": "982.8", "PWD_P74": "1036.5", "PWD_P75": "1092.9", "PWD_P76": "1157.0", "PWD_P77": "1220.8", "PWD_P78": "1289.3", "PWD_P79": "1357.9", "PWD_P80": "1425.6", "PWD_P81": "1519.5", "PWD_P82": "1615.1", "PWD_P83": "1693.6", "PWD_P84": "1765.9", "PWD_P85": "1841.7", "PWD_P86": "1936.8", "PWD_P87": "2078.1", "PWD_P88": "2185.1", "PWD_P89": "2271.5", "PWD_P90": "2398.5", "PWD_P91": "2624.2", "PWD_P92": "2937.3", "PWD_P93": "3242.5", "PWD_P94": "3695.9", "PWD_P95": "4352.1", "PWD_P96": "4745.5", "PWD_P97": "5006.0", "PWD_P98": "5192.2", "PWD_P99": "5306.6", "PWD_P100": "5554.6" }, "geometry": { "type": "Point", "coordinates": [ 104.0904, 47.8324 ] } },
{ "type": "Feature", "id": 135, "properties": { "lon": 28.595182418823242, "lat": 47.173923492431641, "year": "2005", "ISO": "MDA", "ISO_No": "498", "Name": "Moldova", "PWC_Lat": "47.1739234924316", "PWC_Lon": "28.5951824188232", "Pop": "4159295", "Density": "124.3", "Area": "33472.2", "PWD_A": "732.6", "PWD_G": "267.8", "PWD_M": "215.4", "PWD_P1": "26.4", "PWD_P2": "28.6", "PWD_P3": "30.7", "PWD_P4": "32.5", "PWD_P5": "33.9", "PWD_P6": "35.5", "PWD_P7": "37.2", "PWD_P8": "39.0", "PWD_P9": "40.9", "PWD_P10": "42.7", "PWD_P11": "44.8", "PWD_P12": "47.0", "PWD_P13": "49.5", "PWD_P14": "52.5", "PWD_P15": "55.6", "PWD_P16": "59.0", "PWD_P17": "62.7", "PWD_P18": "66.5", "PWD_P19": "70.8", "PWD_P20": "75.3", "PWD_P21": "80.0", "PWD_P22": "85.0", "PWD_P23": "90.2", "PWD_P24": "95.2", "PWD_P25": "100.3", "PWD_P26": "105.2", "PWD_P27": "110.1", "PWD_P28": "114.9", "PWD_P29": "119.8", "PWD_P30": "124.6", "PWD_P31": "129.3", "PWD_P32": "133.9", "PWD_P33": "138.2", "PWD_P34": "142.6", "PWD_P35": "147.2", "PWD_P36": "151.6", "PWD_P37": "156.3", "PWD_P38": "160.9", "PWD_P39": "165.5", "PWD_P40": "170.0", "PWD_P41": "174.6", "PWD_P42": "179.2", "PWD_P43": "183.6", "PWD_P44": "188.0", "PWD_P45": "192.5", "PWD_P46": "196.8", "PWD_P47": "201.3", "PWD_P48": "206.0", "PWD_P49": "210.6", "PWD_P50": "215.4", "PWD_P51": "220.3", "PWD_P52": "225.0", "PWD_P53": "229.4", "PWD_P54": "234.2", "PWD_P55": "239.2", "PWD_P56": "244.4", "PWD_P57": "250.2", "PWD_P58": "256.2", "PWD_P59": "262.6", "PWD_P60": "269.4", "PWD_P61": "276.2", "PWD_P62": "283.3", "PWD_P63": "291.0", "PWD_P64": "298.6", "PWD_P65": "306.9", "PWD_P66": "316.1", "PWD_P67": "326.4", "PWD_P68": "339.5", "PWD_P69": "361.0", "PWD_P70": "388.0", "PWD_P71": "423.9", "PWD_P72": "473.0", "PWD_P73": "544.2", "PWD_P74": "696.3", "PWD_P75": "882.3", "PWD_P76": "1034.8", "PWD_P77": "1168.9", "PWD_P78": "1283.8", "PWD_P79": "1391.0", "PWD_P80": "1508.2", "PWD_P81": "1603.0", "PWD_P82": "1692.8", "PWD_P83": "1793.1", "PWD_P84": "1883.5", "PWD_P85": "1971.8", "PWD_P86": "2045.3", "PWD_P87": "2119.5", "PWD_P88": "2176.7", "PWD_P89": "2210.3", "PWD_P90": "2244.3", "PWD_P91": "2285.9", "PWD_P92": "2355.6", "PWD_P93": "2414.4", "PWD_P94": "2479.8", "PWD_P95": "2582.5", "PWD_P96": "2667.6", "PWD_P97": "3893.9", "PWD_P98": "5431.9", "PWD_P99": "5938.4", "PWD_P100": "6521.9" }, "geometry": { "type": "Point", "coordinates": [ 28.595182418823242, 47.173923492431641 ] } },
{ "type": "Feature", "id": 136, "properties": { "lon": 19.25853157043457, "lat": 42.607666015625, "year": "2005", "ISO": "MNE", "ISO_No": "499", "Name": "Montenegro", "PWC_Lat": "42.607666015625", "PWC_Lon": "19.2585315704346", "Pop": "616388", "Density": "47.1", "Area": "13082.6", "PWD_A": "347.0", "PWD_G": "165.9", "PWD_M": "196.4", "PWD_P1": "3.9", "PWD_P2": "5.4", "PWD_P3": "6.5", "PWD_P4": "7.7", "PWD_P5": "8.9", "PWD_P6": "10.5", "PWD_P7": "12.6", "PWD_P8": "14.8", "PWD_P9": "17.0", "PWD_P10": "19.2", "PWD_P11": "21.4", "PWD_P12": "23.9", "PWD_P13": "26.4", "PWD_P14": "29.0", "PWD_P15": "32.1", "PWD_P16": "35.6", "PWD_P17": "39.5", "PWD_P18": "43.4", "PWD_P19": "47.5", "PWD_P20": "51.4", "PWD_P21": "55.5", "PWD_P22": "59.5", "PWD_P23": "63.9", "PWD_P24": "68.1", "PWD_P25": "72.3", "PWD_P26": "76.5", "PWD_P27": "80.4", "PWD_P28": "84.4", "PWD_P29": "88.3", "PWD_P30": "92.5", "PWD_P31": "96.7", "PWD_P32": "100.7", "PWD_P33": "104.8", "PWD_P34": "108.8", "PWD_P35": "113.0", "PWD_P36": "117.3", "PWD_P37": "121.8", "PWD_P38": "126.2", "PWD_P39": "130.5", "PWD_P40": "134.6", "PWD_P41": "139.0", "PWD_P42": "143.9", "PWD_P43": "149.2", "PWD_P44": "154.8", "PWD_P45": "160.4", "PWD_P46": "166.8", "PWD_P47": "173.3", "PWD_P48": "180.4", "PWD_P49": "188.1", "PWD_P50": "196.4", "PWD_P51": "205.5", "PWD_P52": "214.2", "PWD_P53": "222.8", "PWD_P54": "232.4", "PWD_P55": "240.8", "PWD_P56": "250.9", "PWD_P57": "262.0", "PWD_P58": "273.1", "PWD_P59": "284.3", "PWD_P60": "295.3", "PWD_P61": "307.8", "PWD_P62": "322.7", "PWD_P63": "338.6", "PWD_P64": "356.1", "PWD_P65": "374.9", "PWD_P66": "395.7", "PWD_P67": "416.5", "PWD_P68": "434.4", "PWD_P69": "453.2", "PWD_P70": "472.6", "PWD_P71": "494.8", "PWD_P72": "517.0", "PWD_P73": "539.2", "PWD_P74": "560.3", "PWD_P75": "581.5", "PWD_P76": "603.8", "PWD_P77": "627.4", "PWD_P78": "652.0", "PWD_P79": "675.8", "PWD_P80": "700.7", "PWD_P81": "722.9", "PWD_P82": "742.2", "PWD_P83": "764.1", "PWD_P84": "785.3", "PWD_P85": "806.8", "PWD_P86": "830.6", "PWD_P87": "857.1", "PWD_P88": "887.7", "PWD_P89": "909.2", "PWD_P90": "939.0", "PWD_P91": "963.3", "PWD_P92": "990.8", "PWD_P93": "1012.1", "PWD_P94": "1033.2", "PWD_P95": "1053.8", "PWD_P96": "1076.6", "PWD_P97": "1098.8", "PWD_P98": "1126.1", "PWD_P99": "1154.7", "PWD_P100": "1452.2" }, "geometry": { "type": "Point", "coordinates": [ 19.25853157043457, 42.607666015625 ] } },
{ "type": "Feature", "id": 137, "properties": { "lon": -62.20489501953125, "lat": 16.779243469238281, "year": "2005", "ISO": "MSR", "ISO_No": "500", "Name": "Montserrat", "PWC_Lat": "16.7792434692383", "PWC_Lon": "-62.2048950195312", "Pop": "4841", "Density": "46.8", "Area": "103.6", "PWD_A": "434.4", "PWD_G": "313.9", "PWD_M": "362.9", "PWD_P1": "15.1", "PWD_P2": "33.3", "PWD_P3": "49.1", "PWD_P4": "57.3", "PWD_P5": "67.1", "PWD_P6": "81.1", "PWD_P7": "84.4", "PWD_P8": "88.4", "PWD_P9": "94.2", "PWD_P10": "99.2", "PWD_P11": "104.5", "PWD_P12": "110.7", "PWD_P13": "115.8", "PWD_P14": "125.3", "PWD_P15": "132.2", "PWD_P16": "138.1", "PWD_P17": "143.5", "PWD_P18": "150.0", "PWD_P19": "155.1", "PWD_P20": "159.6", "PWD_P21": "165.6", "PWD_P22": "171.6", "PWD_P23": "175.6", "PWD_P24": "178.9", "PWD_P25": "183.1", "PWD_P26": "186.4", "PWD_P27": "190.6", "PWD_P28": "196.1", "PWD_P29": "202.5", "PWD_P30": "207.8", "PWD_P31": "213.8", "PWD_P32": "224.2", "PWD_P33": "228.1", "PWD_P34": "236.5", "PWD_P35": "248.4", "PWD_P36": "258.4", "PWD_P37": "271.8", "PWD_P38": "279.9", "PWD_P39": "288.5", "PWD_P40": "295.0", "PWD_P41": "299.7", "PWD_P42": "306.5", "PWD_P43": "315.9", "PWD_P44": "328.2", "PWD_P45": "337.3", "PWD_P46": "344.1", "PWD_P47": "347.5", "PWD_P48": "354.4", "PWD_P49": "358.0", "PWD_P50": "362.9", "PWD_P51": "369.4", "PWD_P52": "372.3", "PWD_P53": "376.8", "PWD_P54": "382.4", "PWD_P55": "386.6", "PWD_P56": "392.8", "PWD_P57": "397.9", "PWD_P58": "402.6", "PWD_P59": "406.0", "PWD_P60": "412.6", "PWD_P61": "417.4", "PWD_P62": "421.3", "PWD_P63": "427.0", "PWD_P64": "435.5", "PWD_P65": "444.5", "PWD_P66": "452.0", "PWD_P67": "463.4", "PWD_P68": "488.6", "PWD_P69": "517.4", "PWD_P70": "548.2", "PWD_P71": "560.9", "PWD_P72": "575.7", "PWD_P73": "585.4", "PWD_P74": "596.2", "PWD_P75": "610.6", "PWD_P76": "625.6", "PWD_P77": "631.3", "PWD_P78": "640.0", "PWD_P79": "651.1", "PWD_P80": "669.4", "PWD_P81": "679.1", "PWD_P82": "694.8", "PWD_P83": "742.4", "PWD_P84": "767.4", "PWD_P85": "774.0", "PWD_P86": "796.8", "PWD_P87": "806.6", "PWD_P88": "818.2", "PWD_P89": "827.6", "PWD_P90": "852.2", "PWD_P91": "874.6", "PWD_P92": "888.8", "PWD_P93": "898.5", "PWD_P94": "918.6", "PWD_P95": "986.4", "PWD_P96": "1416.7", "PWD_P97": "1455.1", "PWD_P98": "1478.6", "PWD_P99": "1579.6", "PWD_P100": "1766.4" }, "geometry": { "type": "Point", "coordinates": [ -62.20489501953125, 16.779243469238281 ] } },
{ "type": "Feature", "id": 138, "properties": { "lon": -6.5978288650512695, "lat": 33.164932250976562, "year": "2005", "ISO": "MAR", "ISO_No": "504", "Name": "Morocco", "PWC_Lat": "33.1649322509766", "PWC_Lon": "-6.59782886505127", "Pop": "30455562", "Density": "73.7", "Area": "413403.6", "PWD_A": "6462.6", "PWD_G": "1188.0", "PWD_M": "2101.1", "PWD_P1": "5.7", "PWD_P2": "10.2", "PWD_P3": "14.7", "PWD_P4": "19.0", "PWD_P5": "23.4", "PWD_P6": "27.9", "PWD_P7": "32.6", "PWD_P8": "37.3", "PWD_P9": "42.3", "PWD_P10": "47.5", "PWD_P11": "53.1", "PWD_P12": "59.0", "PWD_P13": "65.4", "PWD_P14": "72.2", "PWD_P15": "79.4", "PWD_P16": "86.9", "PWD_P17": "94.8", "PWD_P18": "103.2", "PWD_P19": "112.2", "PWD_P20": "122.0", "PWD_P21": "132.4", "PWD_P22": "143.6", "PWD_P23": "155.4", "PWD_P24": "167.9", "PWD_P25": "181.2", "PWD_P26": "195.4", "PWD_P27": "210.7", "PWD_P28": "227.2", "PWD_P29": "244.9", "PWD_P30": "264.5", "PWD_P31": "286.5", "PWD_P32": "310.1", "PWD_P33": "335.9", "PWD_P34": "364.6", "PWD_P35": "396.9", "PWD_P36": "434.3", "PWD_P37": "477.0", "PWD_P38": "526.0", "PWD_P39": "581.5", "PWD_P40": "644.4", "PWD_P41": "720.1", "PWD_P42": "808.5", "PWD_P43": "911.6", "PWD_P44": "1033.5", "PWD_P45": "1173.8", "PWD_P46": "1331.8", "PWD_P47": "1507.9", "PWD_P48": "1696.9", "PWD_P49": "1897.2", "PWD_P50": "2101.1", "PWD_P51": "2311.7", "PWD_P52": "2522.2", "PWD_P53": "2730.6", "PWD_P54": "2934.9", "PWD_P55": "3140.5", "PWD_P56": "3344.9", "PWD_P57": "3551.0", "PWD_P58": "3759.3", "PWD_P59": "3976.0", "PWD_P60": "4191.4", "PWD_P61": "4409.7", "PWD_P62": "4629.7", "PWD_P63": "4862.6", "PWD_P64": "5088.7", "PWD_P65": "5315.1", "PWD_P66": "5537.0", "PWD_P67": "5760.3", "PWD_P68": "5994.3", "PWD_P69": "6226.5", "PWD_P70": "6471.3", "PWD_P71": "6734.7", "PWD_P72": "7009.1", "PWD_P73": "7280.3", "PWD_P74": "7547.0", "PWD_P75": "7819.3", "PWD_P76": "8096.1", "PWD_P77": "8378.1", "PWD_P78": "8664.8", "PWD_P79": "8967.9", "PWD_P80": "9296.7", "PWD_P81": "9653.4", "PWD_P82": "10012.4", "PWD_P83": "10428.3", "PWD_P84": "10899.4", "PWD_P85": "11466.9", "PWD_P86": "12127.0", "PWD_P87": "12852.4", "PWD_P88": "13682.3", "PWD_P89": "14694.8", "PWD_P90": "16009.7", "PWD_P91": "17496.4", "PWD_P92": "19608.2", "PWD_P93": "22042.8", "PWD_P94": "25282.8", "PWD_P95": "29932.7", "PWD_P96": "34734.3", "PWD_P97": "40638.2", "PWD_P98": "48364.1", "PWD_P99": "59801.5", "PWD_P100": "95622.4" }, "geometry": { "type": "Point", "coordinates": [ -6.59782886505127, 33.164932250976562 ] } },
{ "type": "Feature", "id": 139, "properties": { "lon": 36.044452667236328, "lat": -18.161684036254883, "year": "2005", "ISO": "MOZ", "ISO_No": "508", "Name": "Mozambique", "PWC_Lat": "-18.1616840362549", "PWC_Lon": "36.0444526672363", "Pop": "20493926", "Density": "26.4", "Area": "775586.4", "PWD_A": "1189.2", "PWD_G": "129.7", "PWD_M": "80.2", "PWD_P1": "2.4", "PWD_P2": "3.9", "PWD_P3": "5.1", "PWD_P4": "6.2", "PWD_P5": "7.4", "PWD_P6": "8.4", "PWD_P7": "9.5", "PWD_P8": "10.5", "PWD_P9": "11.6", "PWD_P10": "12.7", "PWD_P11": "13.7", "PWD_P12": "14.8", "PWD_P13": "15.9", "PWD_P14": "17.0", "PWD_P15": "18.2", "PWD_P16": "19.3", "PWD_P17": "20.5", "PWD_P18": "21.7", "PWD_P19": "22.9", "PWD_P20": "24.2", "PWD_P21": "25.5", "PWD_P22": "26.8", "PWD_P23": "28.2", "PWD_P24": "29.6", "PWD_P25": "31.0", "PWD_P26": "32.5", "PWD_P27": "34.0", "PWD_P28": "35.5", "PWD_P29": "37.1", "PWD_P30": "38.8", "PWD_P31": "40.4", "PWD_P32": "42.1", "PWD_P33": "43.8", "PWD_P34": "45.6", "PWD_P35": "47.3", "PWD_P36": "49.0", "PWD_P37": "50.8", "PWD_P38": "52.6", "PWD_P39": "54.5", "PWD_P40": "56.5", "PWD_P41": "58.5", "PWD_P42": "60.7", "PWD_P43": "62.9", "PWD_P44": "65.1", "PWD_P45": "67.4", "PWD_P46": "69.8", "PWD_P47": "72.2", "PWD_P48": "74.8", "PWD_P49": "77.4", "PWD_P50": "80.2", "PWD_P51": "83.2", "PWD_P52": "86.4", "PWD_P53": "90.0", "PWD_P54": "93.8", "PWD_P55": "97.8", "PWD_P56": "102.0", "PWD_P57": "106.5", "PWD_P58": "111.5", "PWD_P59": "117.1", "PWD_P60": "123.5", "PWD_P61": "130.8", "PWD_P62": "138.8", "PWD_P63": "147.8", "PWD_P64": "157.9", "PWD_P65": "169.4", "PWD_P66": "182.6", "PWD_P67": "197.2", "PWD_P68": "214.2", "PWD_P69": "234.0", "PWD_P70": "256.9", "PWD_P71": "282.5", "PWD_P72": "311.7", "PWD_P73": "348.1", "PWD_P74": "394.3", "PWD_P75": "453.0", "PWD_P76": "526.2", "PWD_P77": "612.4", "PWD_P78": "719.1", "PWD_P79": "843.7", "PWD_P80": "979.8", "PWD_P81": "1147.3", "PWD_P82": "1340.6", "PWD_P83": "1532.4", "PWD_P84": "1743.2", "PWD_P85": "2015.6", "PWD_P86": "2334.3", "PWD_P87": "2735.3", "PWD_P88": "3206.5", "PWD_P89": "3783.9", "PWD_P90": "4334.0", "PWD_P91": "4868.7", "PWD_P92": "5357.5", "PWD_P93": "5863.0", "PWD_P94": "6406.1", "PWD_P95": "6953.7", "PWD_P96": "7488.3", "PWD_P97": "8172.5", "PWD_P98": "10513.5", "PWD_P99": "15339.2", "PWD_P100": "29332.5" }, "geometry": { "type": "Point", "coordinates": [ 36.044452667236328, -18.161684036254883 ] } },
{ "type": "Feature", "id": 140, "properties": { "lon": 57.416942596435547, "lat": 22.835382461547852, "year": "2005", "ISO": "OMN", "ISO_No": "512", "Name": "Oman", "PWC_Lat": "22.8353824615479", "PWC_Lon": "57.4169425964355", "Pop": "2511253", "Density": "8.1", "Area": "310188.1", "PWD_A": "390.3", "PWD_G": "125.9", "PWD_M": "201.0", "PWD_P1": "0.4", "PWD_P2": "1.0", "PWD_P3": "1.7", "PWD_P4": "2.7", "PWD_P5": "3.8", "PWD_P6": "4.9", "PWD_P7": "5.9", "PWD_P8": "7.1", "PWD_P9": "8.2", "PWD_P10": "9.2", "PWD_P11": "10.3", "PWD_P12": "11.5", "PWD_P13": "12.7", "PWD_P14": "14.1", "PWD_P15": "15.4", "PWD_P16": "17.0", "PWD_P17": "18.5", "PWD_P18": "20.2", "PWD_P19": "21.9", "PWD_P20": "23.7", "PWD_P21": "25.7", "PWD_P22": "27.7", "PWD_P23": "29.9", "PWD_P24": "32.3", "PWD_P25": "35.1", "PWD_P26": "38.0", "PWD_P27": "41.0", "PWD_P28": "44.6", "PWD_P29": "48.6", "PWD_P30": "52.7", "PWD_P31": "56.9", "PWD_P32": "61.8", "PWD_P33": "67.1", "PWD_P34": "72.8", "PWD_P35": "79.0", "PWD_P36": "85.5", "PWD_P37": "92.7", "PWD_P38": "100.5", "PWD_P39": "108.3", "PWD_P40": "116.4", "PWD_P41": "124.4", "PWD_P42": "132.2", "PWD_P43": "139.8", "PWD_P44": "147.9", "PWD_P45": "156.9", "PWD_P46": "165.7", "PWD_P47": "174.5", "PWD_P48": "183.7", "PWD_P49": "192.5", "PWD_P50": "201.0", "PWD_P51": "210.3", "PWD_P52": "219.6", "PWD_P53": "228.0", "PWD_P54": "238.8", "PWD_P55": "249.6", "PWD_P56": "259.4", "PWD_P57": "268.7", "PWD_P58": "278.3", "PWD_P59": "287.9", "PWD_P60": "298.6", "PWD_P61": "310.7", "PWD_P62": "323.6", "PWD_P63": "336.8", "PWD_P64": "349.2", "PWD_P65": "362.0", "PWD_P66": "376.5", "PWD_P67": "390.5", "PWD_P68": "402.6", "PWD_P69": "415.7", "PWD_P70": "428.2", "PWD_P71": "442.8", "PWD_P72": "455.6", "PWD_P73": "467.5", "PWD_P74": "476.3", "PWD_P75": "487.5", "PWD_P76": "501.0", "PWD_P77": "521.8", "PWD_P78": "552.9", "PWD_P79": "597.8", "PWD_P80": "632.4", "PWD_P81": "685.8", "PWD_P82": "726.3", "PWD_P83": "750.1", "PWD_P84": "775.1", "PWD_P85": "811.5", "PWD_P86": "842.7", "PWD_P87": "885.9", "PWD_P88": "920.6", "PWD_P89": "1013.9", "PWD_P90": "1044.5", "PWD_P91": "1083.9", "PWD_P92": "1170.3", "PWD_P93": "1311.1", "PWD_P94": "1655.1", "PWD_P95": "1855.3", "PWD_P96": "1945.4", "PWD_P97": "1969.2", "PWD_P98": "2000.9", "PWD_P99": "2066.6", "PWD_P100": "2277.8" }, "geometry": { "type": "Point", "coordinates": [ 57.416942596435547, 22.835382461547852 ] } },
{ "type": "Feature", "id": 141, "properties": { "lon": 17.081737518310547, "lat": -19.7861328125, "year": "2005", "ISO": "NAM", "ISO_No": "516", "Name": "Namibia", "PWC_Lat": "-19.7861328125", "PWC_Lon": "17.0817375183105", "Pop": "1938316", "Density": "2.4", "Area": "821229.5", "PWD_A": "2537.8", "PWD_G": "185.4", "PWD_M": "112.0", "PWD_P1": "0.2", "PWD_P2": "0.4", "PWD_P3": "0.6", "PWD_P4": "0.8", "PWD_P5": "1.2", "PWD_P6": "1.6", "PWD_P7": "2.2", "PWD_P8": "2.9", "PWD_P9": "3.7", "PWD_P10": "4.6", "PWD_P11": "5.7", "PWD_P12": "6.9", "PWD_P13": "8.3", "PWD_P14": "9.7", "PWD_P15": "11.4", "PWD_P16": "13.0", "PWD_P17": "14.7", "PWD_P18": "16.4", "PWD_P19": "18.2", "PWD_P20": "19.9", "PWD_P21": "21.5", "PWD_P22": "23.2", "PWD_P23": "24.8", "PWD_P24": "26.5", "PWD_P25": "28.4", "PWD_P26": "30.2", "PWD_P27": "32.1", "PWD_P28": "34.0", "PWD_P29": "36.0", "PWD_P30": "38.1", "PWD_P31": "40.3", "PWD_P32": "42.6", "PWD_P33": "44.9", "PWD_P34": "47.3", "PWD_P35": "49.9", "PWD_P36": "52.5", "PWD_P37": "55.3", "PWD_P38": "58.1", "PWD_P39": "60.8", "PWD_P40": "63.8", "PWD_P41": "66.9", "PWD_P42": "70.0", "PWD_P43": "73.3", "PWD_P44": "77.0", "PWD_P45": "81.2", "PWD_P46": "85.8", "PWD_P47": "90.9", "PWD_P48": "96.7", "PWD_P49": "103.7", "PWD_P50": "112.0", "PWD_P51": "121.6", "PWD_P52": "133.0", "PWD_P53": "146.8", "PWD_P54": "162.8", "PWD_P55": "183.1", "PWD_P56": "207.8", "PWD_P57": "239.8", "PWD_P58": "285.0", "PWD_P59": "341.3", "PWD_P60": "415.0", "PWD_P61": "498.3", "PWD_P62": "598.7", "PWD_P63": "708.3", "PWD_P64": "828.8", "PWD_P65": "953.4", "PWD_P66": "1100.6", "PWD_P67": "1262.9", "PWD_P68": "1428.9", "PWD_P69": "1600.1", "PWD_P70": "1782.2", "PWD_P71": "1968.6", "PWD_P72": "2163.1", "PWD_P73": "2370.1", "PWD_P74": "2573.0", "PWD_P75": "2802.9", "PWD_P76": "3059.4", "PWD_P77": "3337.2", "PWD_P78": "3642.3", "PWD_P79": "3965.4", "PWD_P80": "4286.3", "PWD_P81": "4606.0", "PWD_P82": "4948.0", "PWD_P83": "5311.6", "PWD_P84": "5683.3", "PWD_P85": "6056.3", "PWD_P86": "6536.6", "PWD_P87": "7027.5", "PWD_P88": "7556.1", "PWD_P89": "8083.2", "PWD_P90": "8674.9", "PWD_P91": "9334.6", "PWD_P92": "9990.7", "PWD_P93": "10702.5", "PWD_P94": "11668.4", "PWD_P95": "12831.3", "PWD_P96": "14314.2", "PWD_P97": "16092.0", "PWD_P98": "18475.4", "PWD_P99": "23023.3", "PWD_P100": "55273.7" }, "geometry": { "type": "Point", "coordinates": [ 17.081737518310547, -19.7861328125 ] } },
{ "type": "Feature", "id": 142, "properties": { "lon": 166.90333557128906, "lat": -0.52921503782272339, "year": "2005", "ISO": "NRU", "ISO_No": "520", "Name": "Nauru", "PWC_Lat": "-0.529215037822723", "PWC_Lon": "166.903335571289", "Pop": "9847", "Density": "423.6", "Area": "23.2", "PWD_A": "1019.4", "PWD_G": "667.2", "PWD_M": "581.3", "PWD_P1": "69.2", "PWD_P2": "97.4", "PWD_P3": "136.6", "PWD_P4": "159.7", "PWD_P5": "185.4", "PWD_P6": "193.3", "PWD_P7": "203.0", "PWD_P8": "211.2", "PWD_P9": "223.6", "PWD_P10": "226.4", "PWD_P11": "227.9", "PWD_P12": "229.7", "PWD_P13": "231.3", "PWD_P14": "233.8", "PWD_P15": "234.2", "PWD_P16": "235.8", "PWD_P17": "237.2", "PWD_P18": "237.9", "PWD_P19": "239.9", "PWD_P20": "244.1", "PWD_P21": "249.6", "PWD_P22": "265.3", "PWD_P23": "282.2", "PWD_P24": "293.6", "PWD_P25": "311.4", "PWD_P26": "321.4", "PWD_P27": "333.0", "PWD_P28": "343.8", "PWD_P29": "361.5", "PWD_P30": "378.4", "PWD_P31": "387.6", "PWD_P32": "399.3", "PWD_P33": "409.0", "PWD_P34": "421.5", "PWD_P35": "443.4", "PWD_P36": "464.2", "PWD_P37": "472.5", "PWD_P38": "477.7", "PWD_P39": "487.8", "PWD_P40": "497.6", "PWD_P41": "507.5", "PWD_P42": "517.4", "PWD_P43": "522.2", "PWD_P44": "530.1", "PWD_P45": "546.6", "PWD_P46": "555.5", "PWD_P47": "568.2", "PWD_P48": "573.6", "PWD_P49": "577.5", "PWD_P50": "581.3", "PWD_P51": "587.9", "PWD_P52": "591.3", "PWD_P53": "600.7", "PWD_P54": "608.3", "PWD_P55": "635.4", "PWD_P56": "675.7", "PWD_P57": "738.2", "PWD_P58": "768.9", "PWD_P59": "800.0", "PWD_P60": "829.1", "PWD_P61": "940.1", "PWD_P62": "972.1", "PWD_P63": "1009.0", "PWD_P64": "1090.0", "PWD_P65": "1119.5", "PWD_P66": "1142.6", "PWD_P67": "1161.3", "PWD_P68": "1171.4", "PWD_P69": "1178.8", "PWD_P70": "1192.5", "PWD_P71": "1203.9", "PWD_P72": "1218.8", "PWD_P73": "1240.5", "PWD_P74": "1273.0", "PWD_P75": "1486.8", "PWD_P76": "1544.3", "PWD_P77": "1590.3", "PWD_P78": "1644.7", "PWD_P79": "1751.3", "PWD_P80": "1824.8", "PWD_P81": "1860.2", "PWD_P82": "1979.9", "PWD_P83": "2163.5", "PWD_P84": "2286.0", "PWD_P85": "2405.2", "PWD_P86": "2498.0", "PWD_P87": "2620.9", "PWD_P88": "2661.8", "PWD_P89": "2719.0", "PWD_P90": "2802.2", "PWD_P91": "2846.0", "PWD_P92": "2852.9", "PWD_P93": "2866.1", "PWD_P94": "2919.2", "PWD_P95": "2936.0", "PWD_P96": "2980.2", "PWD_P97": "3014.5", "PWD_P98": "3054.3", "PWD_P99": "3089.4", "PWD_P100": "3184.7" }, "geometry": { "type": "Point", "coordinates": [ 166.903335571289062, -0.529215037822723 ] } },
{ "type": "Feature", "id": 143, "properties": { "lon": 84.54412841796875, "lat": 27.670516967773438, "year": "2005", "ISO": "NPL", "ISO_No": "524", "Name": "Nepal", "PWC_Lat": "27.6705169677734", "PWC_Lon": "84.5441284179688", "Pop": "25744500", "Density": "174.4", "Area": "147641.2", "PWD_A": "1343.1", "PWD_G": "486.2", "PWD_M": "448.1", "PWD_P1": "23.1", "PWD_P2": "38.6", "PWD_P3": "51.8", "PWD_P4": "62.6", "PWD_P5": "72.3", "PWD_P6": "81.0", "PWD_P7": "89.1", "PWD_P8": "96.6", "PWD_P9": "103.7", "PWD_P10": "110.3", "PWD_P11": "116.7", "PWD_P12": "123.1", "PWD_P13": "129.5", "PWD_P14": "135.8", "PWD_P15": "142.0", "PWD_P16": "148.2", "PWD_P17": "154.4", "PWD_P18": "160.6", "PWD_P19": "166.9", "PWD_P20": "173.3", "PWD_P21": "179.6", "PWD_P22": "185.9", "PWD_P23": "192.3", "PWD_P24": "198.8", "PWD_P25": "205.5", "PWD_P26": "212.2", "PWD_P27": "219.1", "PWD_P28": "226.2", "PWD_P29": "233.5", "PWD_P30": "241.1", "PWD_P31": "248.8", "PWD_P32": "256.8", "PWD_P33": "265.0", "PWD_P34": "273.5", "PWD_P35": "282.3", "PWD_P36": "291.4", "PWD_P37": "300.9", "PWD_P38": "310.5", "PWD_P39": "320.5", "PWD_P40": "330.7", "PWD_P41": "341.2", "PWD_P42": "352.1", "PWD_P43": "363.3", "PWD_P44": "374.6", "PWD_P45": "386.2", "PWD_P46": "398.0", "PWD_P47": "410.0", "PWD_P48": "422.3", "PWD_P49": "435.0", "PWD_P50": "448.1", "PWD_P51": "461.8", "PWD_P52": "475.5", "PWD_P53": "489.3", "PWD_P54": "503.4", "PWD_P55": "517.7", "PWD_P56": "532.4", "PWD_P57": "547.7", "PWD_P58": "563.7", "PWD_P59": "580.0", "PWD_P60": "596.9", "PWD_P61": "614.6", "PWD_P62": "633.0", "PWD_P63": "652.3", "PWD_P64": "672.3", "PWD_P65": "693.2", "PWD_P66": "714.3", "PWD_P67": "736.4", "PWD_P68": "759.4", "PWD_P69": "783.8", "PWD_P70": "809.5", "PWD_P71": "836.8", "PWD_P72": "866.1", "PWD_P73": "897.3", "PWD_P74": "930.6", "PWD_P75": "966.6", "PWD_P76": "1004.8", "PWD_P77": "1047.9", "PWD_P78": "1095.2", "PWD_P79": "1146.6", "PWD_P80": "1201.2", "PWD_P81": "1262.6", "PWD_P82": "1331.5", "PWD_P83": "1408.6", "PWD_P84": "1494.0", "PWD_P85": "1595.6", "PWD_P86": "1724.5", "PWD_P87": "1882.1", "PWD_P88": "2094.5", "PWD_P89": "2380.8", "PWD_P90": "2745.5", "PWD_P91": "3202.2", "PWD_P92": "3842.6", "PWD_P93": "4606.9", "PWD_P94": "5595.7", "PWD_P95": "6949.0", "PWD_P96": "9270.5", "PWD_P97": "11149.4", "PWD_P98": "12200.0", "PWD_P99": "16408.5", "PWD_P100": "30187.3" }, "geometry": { "type": "Point", "coordinates": [ 84.54412841796875, 27.670516967773438 ] } },
{ "type": "Feature", "id": 144, "properties": { "lon": 5.3021764755249023, "lat": 52.086841583251953, "year": "2005", "ISO": "NLD", "ISO_No": "528", "Name": "Netherlands", "PWC_Lat": "52.086841583252", "PWC_Lon": "5.3021764755249", "Pop": "16367152", "Density": "474.1", "Area": "34525.3", "PWD_A": "2104.5", "PWD_G": "1158.5", "PWD_M": "1464.6", "PWD_P1": "51.9", "PWD_P2": "66.7", "PWD_P3": "80.7", "PWD_P4": "94.7", "PWD_P5": "108.8", "PWD_P6": "123.0", "PWD_P7": "137.5", "PWD_P8": "152.3", "PWD_P9": "167.3", "PWD_P10": "182.7", "PWD_P11": "198.6", "PWD_P12": "215.0", "PWD_P13": "231.9", "PWD_P14": "249.6", "PWD_P15": "267.9", "PWD_P16": "287.0", "PWD_P17": "306.7", "PWD_P18": "326.8", "PWD_P19": "347.5", "PWD_P20": "369.0", "PWD_P21": "391.1", "PWD_P22": "413.6", "PWD_P23": "436.3", "PWD_P24": "459.6", "PWD_P25": "483.5", "PWD_P26": "508.1", "PWD_P27": "533.5", "PWD_P28": "559.8", "PWD_P29": "587.2", "PWD_P30": "615.5", "PWD_P31": "645.2", "PWD_P32": "675.9", "PWD_P33": "707.9", "PWD_P34": "741.2", "PWD_P35": "775.5", "PWD_P36": "811.6", "PWD_P37": "848.9", "PWD_P38": "887.4", "PWD_P39": "926.9", "PWD_P40": "967.6", "PWD_P41": "1010.6", "PWD_P42": "1054.7", "PWD_P43": "1100.6", "PWD_P44": "1147.8", "PWD_P45": "1195.9", "PWD_P46": "1245.3", "PWD_P47": "1297.0", "PWD_P48": "1351.9", "PWD_P49": "1407.9", "PWD_P50": "1464.6", "PWD_P51": "1521.4", "PWD_P52": "1579.4", "PWD_P53": "1639.4", "PWD_P54": "1699.4", "PWD_P55": "1760.4", "PWD_P56": "1821.5", "PWD_P57": "1882.8", "PWD_P58": "1944.5", "PWD_P59": "2007.9", "PWD_P60": "2072.6", "PWD_P61": "2137.6", "PWD_P62": "2202.6", "PWD_P63": "2268.1", "PWD_P64": "2332.5", "PWD_P65": "2398.3", "PWD_P66": "2465.7", "PWD_P67": "2534.9", "PWD_P68": "2610.9", "PWD_P69": "2691.8", "PWD_P70": "2776.3", "PWD_P71": "2859.1", "PWD_P72": "2944.2", "PWD_P73": "3030.0", "PWD_P74": "3118.9", "PWD_P75": "3211.3", "PWD_P76": "3307.2", "PWD_P77": "3401.3", "PWD_P78": "3497.6", "PWD_P79": "3593.6", "PWD_P80": "3692.4", "PWD_P81": "3794.0", "PWD_P82": "3910.6", "PWD_P83": "4025.8", "PWD_P84": "4134.4", "PWD_P85": "4250.0", "PWD_P86": "4379.2", "PWD_P87": "4520.4", "PWD_P88": "4660.4", "PWD_P89": "4804.7", "PWD_P90": "4946.8", "PWD_P91": "5107.3", "PWD_P92": "5368.1", "PWD_P93": "5652.5", "PWD_P94": "6019.3", "PWD_P95": "6473.3", "PWD_P96": "6973.7", "PWD_P97": "7306.5", "PWD_P98": "7596.3", "PWD_P99": "8000.4", "PWD_P100": "8960.5" }, "geometry": { "type": "Point", "coordinates": [ 5.302176475524902, 52.086841583251953 ] } },
{ "type": "Feature", "id": 145, "properties": { "lon": -68.9251, "lat": 12.1466, "year": "2005", "ISO": "CUW", "ISO_No": "531", "Name": "Curacao", "PWC_Lat": "12.1466", "PWC_Lon": "-68.9251", "Pop": "130135", "Density": "289.1", "Area": "450.1", "PWD_A": "1272.5", "PWD_G": "901.0", "PWD_M": "1126.4", "PWD_P1": "24.1", "PWD_P2": "47.5", "PWD_P3": "73.0", "PWD_P4": "100.0", "PWD_P5": "122.3", "PWD_P6": "144.0", "PWD_P7": "168.9", "PWD_P8": "190.8", "PWD_P9": "214.3", "PWD_P10": "235.0", "PWD_P11": "256.8", "PWD_P12": "280.6", "PWD_P13": "306.0", "PWD_P14": "334.3", "PWD_P15": "364.0", "PWD_P16": "392.3", "PWD_P17": "426.5", "PWD_P18": "459.1", "PWD_P19": "486.5", "PWD_P20": "517.2", "PWD_P21": "548.4", "PWD_P22": "580.7", "PWD_P23": "611.8", "PWD_P24": "639.8", "PWD_P25": "666.6", "PWD_P26": "693.7", "PWD_P27": "719.7", "PWD_P28": "743.9", "PWD_P29": "764.6", "PWD_P30": "786.0", "PWD_P31": "808.5", "PWD_P32": "827.7", "PWD_P33": "845.1", "PWD_P34": "864.3", "PWD_P35": "879.3", "PWD_P36": "899.1", "PWD_P37": "914.5", "PWD_P38": "930.3", "PWD_P39": "946.6", "PWD_P40": "963.8", "PWD_P41": "980.5", "PWD_P42": "997.7", "PWD_P43": "1016.0", "PWD_P44": "1030.5", "PWD_P45": "1047.5", "PWD_P46": "1065.1", "PWD_P47": "1079.7", "PWD_P48": "1094.5", "PWD_P49": "1111.4", "PWD_P50": "1126.4", "PWD_P51": "1142.4", "PWD_P52": "1160.1", "PWD_P53": "1179.5", "PWD_P54": "1199.4", "PWD_P55": "1219.1", "PWD_P56": "1239.6", "PWD_P57": "1258.0", "PWD_P58": "1275.2", "PWD_P59": "1296.6", "PWD_P60": "1313.6", "PWD_P61": "1332.6", "PWD_P62": "1351.3", "PWD_P63": "1368.9", "PWD_P64": "1386.3", "PWD_P65": "1407.7", "PWD_P66": "1427.2", "PWD_P67": "1449.5", "PWD_P68": "1472.0", "PWD_P69": "1496.1", "PWD_P70": "1517.1", "PWD_P71": "1540.3", "PWD_P72": "1567.2", "PWD_P73": "1594.8", "PWD_P74": "1623.5", "PWD_P75": "1649.8", "PWD_P76": "1673.8", "PWD_P77": "1707.7", "PWD_P78": "1745.6", "PWD_P79": "1784.6", "PWD_P80": "1817.3", "PWD_P81": "1851.7", "PWD_P82": "1892.0", "PWD_P83": "1937.3", "PWD_P84": "1981.0", "PWD_P85": "2042.7", "PWD_P86": "2101.8", "PWD_P87": "2150.8", "PWD_P88": "2196.2", "PWD_P89": "2236.5", "PWD_P90": "2286.2", "PWD_P91": "2322.5", "PWD_P92": "2380.0", "PWD_P93": "2450.3", "PWD_P94": "2542.2", "PWD_P95": "2652.6", "PWD_P96": "2851.6", "PWD_P97": "3500.0", "PWD_P98": "4755.1", "PWD_P99": "5478.9", "PWD_P100": "6131.1" }, "geometry": { "type": "Point", "coordinates": [ -68.9251, 12.1466 ] } },
{ "type": "Feature", "id": 146, "properties": { "lon": -69.9898, "lat": 12.5091, "year": "2005", "ISO": "ABW", "ISO_No": "533", "Name": "Aruba", "PWC_Lat": "12.5091", "PWC_Lon": "-69.9898", "Pop": "100028", "Density": "534.3", "Area": "187.2", "PWD_A": "1743.3", "PWD_G": "1220.1", "PWD_M": "1353.0", "PWD_P1": "124.7", "PWD_P2": "178.1", "PWD_P3": "216.6", "PWD_P4": "247.8", "PWD_P5": "270.5", "PWD_P6": "289.1", "PWD_P7": "307.9", "PWD_P8": "326.5", "PWD_P9": "347.8", "PWD_P10": "372.1", "PWD_P11": "391.9", "PWD_P12": "416.1", "PWD_P13": "440.8", "PWD_P14": "466.8", "PWD_P15": "498.2", "PWD_P16": "524.0", "PWD_P17": "549.4", "PWD_P18": "570.4", "PWD_P19": "591.2", "PWD_P20": "611.3", "PWD_P21": "630.0", "PWD_P22": "650.8", "PWD_P23": "671.7", "PWD_P24": "689.5", "PWD_P25": "710.6", "PWD_P26": "729.8", "PWD_P27": "746.3", "PWD_P28": "765.6", "PWD_P29": "783.6", "PWD_P30": "802.9", "PWD_P31": "822.4", "PWD_P32": "843.2", "PWD_P33": "863.9", "PWD_P34": "885.5", "PWD_P35": "906.9", "PWD_P36": "931.1", "PWD_P37": "957.1", "PWD_P38": "983.4", "PWD_P39": "1016.8", "PWD_P40": "1046.6", "PWD_P41": "1076.3", "PWD_P42": "1109.9", "PWD_P43": "1152.0", "PWD_P44": "1188.2", "PWD_P45": "1221.2", "PWD_P46": "1244.8", "PWD_P47": "1273.7", "PWD_P48": "1298.8", "PWD_P49": "1328.9", "PWD_P50": "1353.0", "PWD_P51": "1373.1", "PWD_P52": "1394.3", "PWD_P53": "1416.8", "PWD_P54": "1432.7", "PWD_P55": "1457.4", "PWD_P56": "1482.3", "PWD_P57": "1500.4", "PWD_P58": "1521.6", "PWD_P59": "1542.7", "PWD_P60": "1566.6", "PWD_P61": "1586.4", "PWD_P62": "1612.4", "PWD_P63": "1645.7", "PWD_P64": "1679.3", "PWD_P65": "1702.5", "PWD_P66": "1725.9", "PWD_P67": "1755.6", "PWD_P68": "1786.2", "PWD_P69": "1811.7", "PWD_P70": "1847.8", "PWD_P71": "1879.5", "PWD_P72": "1917.2", "PWD_P73": "1961.8", "PWD_P74": "2023.2", "PWD_P75": "2076.4", "PWD_P76": "2167.8", "PWD_P77": "2282.5", "PWD_P78": "2369.0", "PWD_P79": "2451.3", "PWD_P80": "2545.7", "PWD_P81": "2640.8", "PWD_P82": "2753.0", "PWD_P83": "2846.6", "PWD_P84": "2917.9", "PWD_P85": "3014.3", "PWD_P86": "3144.1", "PWD_P87": "3244.8", "PWD_P88": "3440.8", "PWD_P89": "3557.8", "PWD_P90": "3658.3", "PWD_P91": "3818.6", "PWD_P92": "4097.2", "PWD_P93": "4300.9", "PWD_P94": "4620.6", "PWD_P95": "4903.9", "PWD_P96": "5163.8", "PWD_P97": "5525.9", "PWD_P98": "7257.9", "PWD_P99": "8020.5", "PWD_P100": "11284.2" }, "geometry": { "type": "Point", "coordinates": [ -69.9898, 12.5091 ] } },
{ "type": "Feature", "id": 147, "properties": { "lon": -63.0594, "lat": 18.0407, "year": "2005", "ISO": "SXM", "ISO_No": "534", "Name": "Sint Maarten (Dutch part)", "PWC_Lat": "18.0407", "PWC_Lon": "-63.0594", "Pop": "33436", "Density": "901.3", "Area": "37.1", "PWD_A": "1305.6", "PWD_G": "1132.0", "PWD_M": "1332.1", "PWD_P1": "158.5", "PWD_P2": "242.8", "PWD_P3": "300.7", "PWD_P4": "333.3", "PWD_P5": "363.1", "PWD_P6": "387.5", "PWD_P7": "405.6", "PWD_P8": "422.5", "PWD_P9": "436.1", "PWD_P10": "446.3", "PWD_P11": "459.9", "PWD_P12": "475.8", "PWD_P13": "497.5", "PWD_P14": "523.1", "PWD_P15": "544.7", "PWD_P16": "561.9", "PWD_P17": "577.1", "PWD_P18": "594.9", "PWD_P19": "618.6", "PWD_P20": "636.6", "PWD_P21": "671.1", "PWD_P22": "710.2", "PWD_P23": "763.0", "PWD_P24": "815.9", "PWD_P25": "849.1", "PWD_P26": "887.9", "PWD_P27": "942.3", "PWD_P28": "979.3", "PWD_P29": "1005.2", "PWD_P30": "1032.3", "PWD_P31": "1049.9", "PWD_P32": "1072.4", "PWD_P33": "1096.9", "PWD_P34": "1125.8", "PWD_P35": "1148.5", "PWD_P36": "1170.9", "PWD_P37": "1195.5", "PWD_P38": "1212.6", "PWD_P39": "1226.2", "PWD_P40": "1240.2", "PWD_P41": "1252.2", "PWD_P42": "1260.8", "PWD_P43": "1269.3", "PWD_P44": "1278.3", "PWD_P45": "1287.3", "PWD_P46": "1296.9", "PWD_P47": "1307.0", "PWD_P48": "1314.2", "PWD_P49": "1325.3", "PWD_P50": "1332.1", "PWD_P51": "1346.1", "PWD_P52": "1360.0", "PWD_P53": "1377.4", "PWD_P54": "1404.3", "PWD_P55": "1427.8", "PWD_P56": "1454.3", "PWD_P57": "1470.9", "PWD_P58": "1485.6", "PWD_P59": "1502.9", "PWD_P60": "1513.6", "PWD_P61": "1526.0", "PWD_P62": "1537.5", "PWD_P63": "1554.1", "PWD_P64": "1564.3", "PWD_P65": "1573.9", "PWD_P66": "1586.5", "PWD_P67": "1601.8", "PWD_P68": "1620.4", "PWD_P69": "1638.1", "PWD_P70": "1656.6", "PWD_P71": "1675.2", "PWD_P72": "1689.8", "PWD_P73": "1712.0", "PWD_P74": "1737.6", "PWD_P75": "1754.5", "PWD_P76": "1769.5", "PWD_P77": "1779.9", "PWD_P78": "1788.4", "PWD_P79": "1804.8", "PWD_P80": "1815.8", "PWD_P81": "1827.3", "PWD_P82": "1839.9", "PWD_P83": "1851.4", "PWD_P84": "1869.0", "PWD_P85": "1890.6", "PWD_P86": "1907.4", "PWD_P87": "1932.7", "PWD_P88": "1951.0", "PWD_P89": "1970.7", "PWD_P90": "1992.5", "PWD_P91": "2019.8", "PWD_P92": "2039.9", "PWD_P93": "2090.6", "PWD_P94": "2148.1", "PWD_P95": "2231.4", "PWD_P96": "2280.6", "PWD_P97": "2351.4", "PWD_P98": "2401.1", "PWD_P99": "2564.3", "PWD_P100": "3105.0" }, "geometry": { "type": "Point", "coordinates": [ -63.0594, 18.0407 ] } },
{ "type": "Feature", "id": 148, "properties": { "lon": -66.954551696777344, "lat": 13.539652824401855, "year": "2005", "ISO": "BES", "ISO_No": "535", "Name": "Bonaire, Sint Eustatius and Saba", "PWC_Lat": "13.5396528244019", "PWC_Lon": "-66.9545516967773", "Pop": "14398", "Density": "43.5", "Area": "331.2", "PWD_A": "141.1", "PWD_G": "89.6", "PWD_M": "114.1", "PWD_P1": "5.0", "PWD_P2": "5.7", "PWD_P3": "6.7", "PWD_P4": "8.6", "PWD_P5": "9.9", "PWD_P6": "12.2", "PWD_P7": "13.6", "PWD_P8": "15.7", "PWD_P9": "17.4", "PWD_P10": "18.7", "PWD_P11": "19.9", "PWD_P12": "21.4", "PWD_P13": "22.6", "PWD_P14": "24.2", "PWD_P15": "25.9", "PWD_P16": "27.2", "PWD_P17": "28.6", "PWD_P18": "30.4", "PWD_P19": "32.5", "PWD_P20": "34.5", "PWD_P21": "36.2", "PWD_P22": "38.1", "PWD_P23": "39.9", "PWD_P24": "41.7", "PWD_P25": "43.3", "PWD_P26": "45.1", "PWD_P27": "46.8", "PWD_P28": "48.8", "PWD_P29": "50.6", "PWD_P30": "52.9", "PWD_P31": "55.3", "PWD_P32": "57.9", "PWD_P33": "60.7", "PWD_P34": "63.8", "PWD_P35": "66.9", "PWD_P36": "70.2", "PWD_P37": "73.1", "PWD_P38": "76.1", "PWD_P39": "78.7", "PWD_P40": "81.4", "PWD_P41": "83.8", "PWD_P42": "86.2", "PWD_P43": "89.5", "PWD_P44": "93.2", "PWD_P45": "96.3", "PWD_P46": "99.4", "PWD_P47": "102.6", "PWD_P48": "106.4", "PWD_P49": "110.1", "PWD_P50": "114.1", "PWD_P51": "117.7", "PWD_P52": "121.8", "PWD_P53": "126.6", "PWD_P54": "130.5", "PWD_P55": "133.7", "PWD_P56": "137.2", "PWD_P57": "140.9", "PWD_P58": "144.3", "PWD_P59": "147.2", "PWD_P60": "151.8", "PWD_P61": "155.6", "PWD_P62": "160.7", "PWD_P63": "164.0", "PWD_P64": "167.9", "PWD_P65": "171.7", "PWD_P66": "176.7", "PWD_P67": "181.3", "PWD_P68": "185.1", "PWD_P69": "188.6", "PWD_P70": "192.1", "PWD_P71": "196.3", "PWD_P72": "200.3", "PWD_P73": "204.6", "PWD_P74": "209.5", "PWD_P75": "214.5", "PWD_P76": "220.8", "PWD_P77": "226.5", "PWD_P78": "232.2", "PWD_P79": "237.2", "PWD_P80": "241.4", "PWD_P81": "247.0", "PWD_P82": "251.8", "PWD_P83": "260.2", "PWD_P84": "266.0", "PWD_P85": "274.0", "PWD_P86": "283.4", "PWD_P87": "291.3", "PWD_P88": "299.9", "PWD_P89": "310.6", "PWD_P90": "321.4", "PWD_P91": "330.4", "PWD_P92": "341.1", "PWD_P93": "351.2", "PWD_P94": "359.8", "PWD_P95": "370.6", "PWD_P96": "380.3", "PWD_P97": "386.4", "PWD_P98": "396.7", "PWD_P99": "407.0", "PWD_P100": "425.1" }, "geometry": { "type": "Point", "coordinates": [ -66.954551696777344, 13.539652824401855 ] } },
{ "type": "Feature", "id": 149, "properties": { "lon": 166.25486755371094, "lat": -21.849758148193359, "year": "2005", "ISO": "NCL", "ISO_No": "540", "Name": "New Caledonia", "PWC_Lat": "-21.8497581481934", "PWC_Lon": "166.254867553711", "Pop": "236440", "Density": "12.4", "Area": "19016.5", "PWD_A": "844.4", "PWD_G": "131.7", "PWD_M": "138.0", "PWD_P1": "1.1", "PWD_P2": "1.6", "PWD_P3": "2.0", "PWD_P4": "2.3", "PWD_P5": "2.6", "PWD_P6": "3.0", "PWD_P7": "3.3", "PWD_P8": "3.8", "PWD_P9": "4.2", "PWD_P10": "4.5", "PWD_P11": "4.9", "PWD_P12": "5.2", "PWD_P13": "5.6", "PWD_P14": "6.0", "PWD_P15": "6.5", "PWD_P16": "7.0", "PWD_P17": "7.4", "PWD_P18": "7.9", "PWD_P19": "8.5", "PWD_P20": "9.0", "PWD_P21": "9.6", "PWD_P22": "10.2", "PWD_P23": "10.9", "PWD_P24": "11.7", "PWD_P25": "12.5", "PWD_P26": "13.4", "PWD_P27": "14.4", "PWD_P28": "15.5", "PWD_P29": "16.7", "PWD_P30": "18.0", "PWD_P31": "19.3", "PWD_P32": "20.8", "PWD_P33": "22.4", "PWD_P34": "24.1", "PWD_P35": "25.9", "PWD_P36": "27.8", "PWD_P37": "29.8", "PWD_P38": "32.1", "PWD_P39": "34.6", "PWD_P40": "37.5", "PWD_P41": "41.2", "PWD_P42": "46.0", "PWD_P43": "52.5", "PWD_P44": "61.3", "PWD_P45": "71.8", "PWD_P46": "83.2", "PWD_P47": "94.8", "PWD_P48": "106.8", "PWD_P49": "120.5", "PWD_P50": "138.0", "PWD_P51": "168.1", "PWD_P52": "209.1", "PWD_P53": "257.1", "PWD_P54": "325.2", "PWD_P55": "399.3", "PWD_P56": "459.1", "PWD_P57": "511.4", "PWD_P58": "561.3", "PWD_P59": "618.1", "PWD_P60": "680.1", "PWD_P61": "745.6", "PWD_P62": "828.4", "PWD_P63": "951.0", "PWD_P64": "1152.0", "PWD_P65": "1373.9", "PWD_P66": "1557.0", "PWD_P67": "1642.1", "PWD_P68": "1701.1", "PWD_P69": "1742.8", "PWD_P70": "1775.9", "PWD_P71": "1810.0", "PWD_P72": "1836.0", "PWD_P73": "1860.5", "PWD_P74": "1880.9", "PWD_P75": "1901.2", "PWD_P76": "1918.5", "PWD_P77": "1938.1", "PWD_P78": "1956.6", "PWD_P79": "1975.7", "PWD_P80": "1993.3", "PWD_P81": "2015.1", "PWD_P82": "2034.4", "PWD_P83": "2054.8", "PWD_P84": "2077.7", "PWD_P85": "2099.7", "PWD_P86": "2126.6", "PWD_P87": "2154.5", "PWD_P88": "2183.7", "PWD_P89": "2212.9", "PWD_P90": "2252.1", "PWD_P91": "2289.2", "PWD_P92": "2337.8", "PWD_P93": "2399.5", "PWD_P94": "2463.1", "PWD_P95": "2534.3", "PWD_P96": "2640.3", "PWD_P97": "2754.9", "PWD_P98": "2909.6", "PWD_P99": "3106.3", "PWD_P100": "4305.7" }, "geometry": { "type": "Point", "coordinates": [ 166.254867553710938, -21.849758148193359 ] } },
{ "type": "Feature", "id": 150, "properties": { "lon": 168.04302978515625, "lat": -16.790369033813477, "year": "2005", "ISO": "VUT", "ISO_No": "548", "Name": "Vanuatu", "PWC_Lat": "-16.7903690338135", "PWC_Lon": "168.043029785156", "Pop": "209282", "Density": "16.7", "Area": "12552.5", "PWD_A": "864.2", "PWD_G": "116.4", "PWD_M": "94.0", "PWD_P1": "1.2", "PWD_P2": "2.0", "PWD_P3": "2.6", "PWD_P4": "3.3", "PWD_P5": "4.0", "PWD_P6": "4.7", "PWD_P7": "5.5", "PWD_P8": "6.3", "PWD_P9": "7.1", "PWD_P10": "8.0", "PWD_P11": "8.9", "PWD_P12": "9.8", "PWD_P13": "10.8", "PWD_P14": "11.8", "PWD_P15": "12.9", "PWD_P16": "14.1", "PWD_P17": "15.3", "PWD_P18": "16.5", "PWD_P19": "17.7", "PWD_P20": "19.1", "PWD_P21": "20.5", "PWD_P22": "22.0", "PWD_P23": "23.6", "PWD_P24": "25.3", "PWD_P25": "27.1", "PWD_P26": "28.8", "PWD_P27": "30.6", "PWD_P28": "32.5", "PWD_P29": "34.4", "PWD_P30": "36.4", "PWD_P31": "38.5", "PWD_P32": "40.6", "PWD_P33": "42.8", "PWD_P34": "45.0", "PWD_P35": "47.4", "PWD_P36": "49.7", "PWD_P37": "52.0", "PWD_P38": "54.4", "PWD_P39": "56.9", "PWD_P40": "59.4", "PWD_P41": "62.2", "PWD_P42": "65.1", "PWD_P43": "68.0", "PWD_P44": "71.1", "PWD_P45": "74.4", "PWD_P46": "77.9", "PWD_P47": "81.5", "PWD_P48": "85.3", "PWD_P49": "89.5", "PWD_P50": "94.0", "PWD_P51": "98.6", "PWD_P52": "103.3", "PWD_P53": "108.0", "PWD_P54": "113.1", "PWD_P55": "118.5", "PWD_P56": "124.5", "PWD_P57": "130.7", "PWD_P58": "137.1", "PWD_P59": "144.7", "PWD_P60": "153.0", "PWD_P61": "162.9", "PWD_P62": "174.2", "PWD_P63": "185.5", "PWD_P64": "196.9", "PWD_P65": "211.1", "PWD_P66": "225.4", "PWD_P67": "241.2", "PWD_P68": "259.4", "PWD_P69": "279.7", "PWD_P70": "304.8", "PWD_P71": "338.1", "PWD_P72": "374.6", "PWD_P73": "418.8", "PWD_P74": "466.3", "PWD_P75": "526.2", "PWD_P76": "587.1", "PWD_P77": "653.3", "PWD_P78": "720.1", "PWD_P79": "806.1", "PWD_P80": "894.2", "PWD_P81": "999.3", "PWD_P82": "1121.6", "PWD_P83": "1277.4", "PWD_P84": "1445.9", "PWD_P85": "1626.9", "PWD_P86": "1827.4", "PWD_P87": "2086.5", "PWD_P88": "2373.2", "PWD_P89": "2684.6", "PWD_P90": "3057.3", "PWD_P91": "3395.1", "PWD_P92": "3699.8", "PWD_P93": "4053.0", "PWD_P94": "4382.1", "PWD_P95": "4835.6", "PWD_P96": "5225.0", "PWD_P97": "5940.7", "PWD_P98": "7266.7", "PWD_P99": "9303.0", "PWD_P100": "22396.3" }, "geometry": { "type": "Point", "coordinates": [ 168.04302978515625, -16.790369033813477 ] } },
{ "type": "Feature", "id": 151, "properties": { "lon": 174.2688, "lat": -39.5204, "year": "2005", "ISO": "NZL", "ISO_No": "554", "Name": "New Zealand", "PWC_Lat": "-39.5204", "PWC_Lon": "174.2688", "Pop": "4135353", "Density": "15.2", "Area": "272569.0", "PWD_A": "2820.4", "PWD_G": "1201.8", "PWD_M": "2395.1", "PWD_P1": "1.2", "PWD_P2": "2.7", "PWD_P3": "4.9", "PWD_P4": "7.9", "PWD_P5": "12.1", "PWD_P6": "17.9", "PWD_P7": "25.6", "PWD_P8": "35.9", "PWD_P9": "49.2", "PWD_P10": "66.8", "PWD_P11": "89.5", "PWD_P12": "117.8", "PWD_P13": "152.2", "PWD_P14": "193.9", "PWD_P15": "243.0", "PWD_P16": "297.3", "PWD_P17": "356.3", "PWD_P18": "418.9", "PWD_P19": "484.9", "PWD_P20": "553.8", "PWD_P21": "624.0", "PWD_P22": "696.9", "PWD_P23": "770.7", "PWD_P24": "843.8", "PWD_P25": "918.1", "PWD_P26": "990.7", "PWD_P27": "1065.8", "PWD_P28": "1140.5", "PWD_P29": "1213.2", "PWD_P30": "1285.5", "PWD_P31": "1357.0", "PWD_P32": "1423.9", "PWD_P33": "1488.2", "PWD_P34": "1553.0", "PWD_P35": "1615.1", "PWD_P36": "1674.8", "PWD_P37": "1733.5", "PWD_P38": "1791.0", "PWD_P39": "1846.0", "PWD_P40": "1899.8", "PWD_P41": "1952.4", "PWD_P42": "2004.5", "PWD_P43": "2055.1", "PWD_P44": "2105.5", "PWD_P45": "2156.2", "PWD_P46": "2206.4", "PWD_P47": "2254.8", "PWD_P48": "2301.7", "PWD_P49": "2349.0", "PWD_P50": "2395.1", "PWD_P51": "2442.6", "PWD_P52": "2490.5", "PWD_P53": "2538.2", "PWD_P54": "2583.8", "PWD_P55": "2632.9", "PWD_P56": "2681.3", "PWD_P57": "2728.9", "PWD_P58": "2776.3", "PWD_P59": "2824.4", "PWD_P60": "2868.4", "PWD_P61": "2912.8", "PWD_P62": "2960.2", "PWD_P63": "3008.9", "PWD_P64": "3057.0", "PWD_P65": "3104.9", "PWD_P66": "3154.5", "PWD_P67": "3204.3", "PWD_P68": "3257.0", "PWD_P69": "3305.6", "PWD_P70": "3358.3", "PWD_P71": "3409.6", "PWD_P72": "3461.4", "PWD_P73": "3513.9", "PWD_P74": "3572.7", "PWD_P75": "3628.8", "PWD_P76": "3688.6", "PWD_P77": "3746.2", "PWD_P78": "3808.0", "PWD_P79": "3873.4", "PWD_P80": "3940.2", "PWD_P81": "4012.8", "PWD_P82": "4087.0", "PWD_P83": "4165.7", "PWD_P84": "4255.3", "PWD_P85": "4347.3", "PWD_P86": "4456.4", "PWD_P87": "4565.7", "PWD_P88": "4691.9", "PWD_P89": "4821.1", "PWD_P90": "4974.0", "PWD_P91": "5151.7", "PWD_P92": "5352.8", "PWD_P93": "5594.5", "PWD_P94": "5885.3", "PWD_P95": "6282.7", "PWD_P96": "6814.8", "PWD_P97": "7666.0", "PWD_P98": "9378.5", "PWD_P99": "14334.2", "PWD_P100": "119923.2" }, "geometry": { "type": "Point", "coordinates": [ 174.2688, -39.5204 ] } },
{ "type": "Feature", "id": 152, "properties": { "lon": -85.949165344238281, "lat": 12.553177833557129, "year": "2005", "ISO": "NIC", "ISO_No": "558", "Name": "Nicaragua", "PWC_Lat": "12.5531778335571", "PWC_Lon": "-85.9491653442383", "Pop": "5438691", "Density": "45.7", "Area": "119136.3", "PWD_A": "1104.8", "PWD_G": "230.8", "PWD_M": "209.0", "PWD_P1": "4.5", "PWD_P2": "6.4", "PWD_P3": "7.9", "PWD_P4": "9.4", "PWD_P5": "10.8", "PWD_P6": "12.2", "PWD_P7": "13.5", "PWD_P8": "14.7", "PWD_P9": "15.9", "PWD_P10": "17.2", "PWD_P11": "18.5", "PWD_P12": "19.9", "PWD_P13": "21.3", "PWD_P14": "22.8", "PWD_P15": "24.3", "PWD_P16": "25.9", "PWD_P17": "27.6", "PWD_P18": "29.4", "PWD_P19": "31.2", "PWD_P20": "33.1", "PWD_P21": "35.1", "PWD_P22": "37.2", "PWD_P23": "39.3", "PWD_P24": "41.4", "PWD_P25": "43.6", "PWD_P26": "45.7", "PWD_P27": "48.0", "PWD_P28": "50.5", "PWD_P29": "53.1", "PWD_P30": "56.0", "PWD_P31": "59.0", "PWD_P32": "62.2", "PWD_P33": "65.5", "PWD_P34": "69.0", "PWD_P35": "73.2", "PWD_P36": "77.6", "PWD_P37": "82.9", "PWD_P38": "88.8", "PWD_P39": "95.3", "PWD_P40": "102.5", "PWD_P41": "110.9", "PWD_P42": "119.8", "PWD_P43": "128.8", "PWD_P44": "138.2", "PWD_P45": "148.3", "PWD_P46": "159.4", "PWD_P47": "170.2", "PWD_P48": "181.7", "PWD_P49": "194.7", "PWD_P50": "209.0", "PWD_P51": "223.9", "PWD_P52": "241.1", "PWD_P53": "259.2", "PWD_P54": "279.0", "PWD_P55": "298.5", "PWD_P56": "320.9", "PWD_P57": "344.5", "PWD_P58": "369.7", "PWD_P59": "396.3", "PWD_P60": "425.8", "PWD_P61": "456.6", "PWD_P62": "491.2", "PWD_P63": "524.7", "PWD_P64": "563.4", "PWD_P65": "604.8", "PWD_P66": "646.5", "PWD_P67": "688.9", "PWD_P68": "747.1", "PWD_P69": "808.6", "PWD_P70": "875.4", "PWD_P71": "946.1", "PWD_P72": "1034.4", "PWD_P73": "1101.8", "PWD_P74": "1190.7", "PWD_P75": "1305.7", "PWD_P76": "1433.6", "PWD_P77": "1602.2", "PWD_P78": "1700.4", "PWD_P79": "1832.3", "PWD_P80": "1968.1", "PWD_P81": "2298.7", "PWD_P82": "2572.1", "PWD_P83": "2687.4", "PWD_P84": "3102.7", "PWD_P85": "3658.4", "PWD_P86": "3982.7", "PWD_P87": "4253.8", "PWD_P88": "4431.7", "PWD_P89": "4579.3", "PWD_P90": "4702.5", "PWD_P91": "4767.8", "PWD_P92": "4820.1", "PWD_P93": "4862.2", "PWD_P94": "4905.3", "PWD_P95": "4944.3", "PWD_P96": "4988.1", "PWD_P97": "5034.0", "PWD_P98": "5104.5", "PWD_P99": "5234.6", "PWD_P100": "5872.9" }, "geometry": { "type": "Point", "coordinates": [ -85.949165344238281, 12.553177833557129 ] } },
{ "type": "Feature", "id": 153, "properties": { "lon": 5.8317408561706543, "lat": 13.933345794677734, "year": "2005", "ISO": "NER", "ISO_No": "562", "Name": "Niger", "PWC_Lat": "13.9333457946777", "PWC_Lon": "5.83174085617065", "Pop": "13624473", "Density": "11.5", "Area": "1187186.1", "PWD_A": "406.5", "PWD_G": "87.7", "PWD_M": "78.4", "PWD_P1": "1.0", "PWD_P2": "2.9", "PWD_P3": "4.5", "PWD_P4": "6.0", "PWD_P5": "7.3", "PWD_P6": "8.5", "PWD_P7": "9.7", "PWD_P8": "10.9", "PWD_P9": "12.2", "PWD_P10": "13.5", "PWD_P11": "14.7", "PWD_P12": "16.1", "PWD_P13": "17.4", "PWD_P14": "18.8", "PWD_P15": "20.1", "PWD_P16": "21.4", "PWD_P17": "22.6", "PWD_P18": "23.9", "PWD_P19": "25.1", "PWD_P20": "26.5", "PWD_P21": "27.8", "PWD_P22": "29.0", "PWD_P23": "30.3", "PWD_P24": "31.5", "PWD_P25": "32.9", "PWD_P26": "34.3", "PWD_P27": "35.9", "PWD_P28": "37.4", "PWD_P29": "38.9", "PWD_P30": "40.3", "PWD_P31": "41.7", "PWD_P32": "43.1", "PWD_P33": "44.6", "PWD_P34": "46.1", "PWD_P35": "47.7", "PWD_P36": "49.4", "PWD_P37": "51.1", "PWD_P38": "52.8", "PWD_P39": "54.7", "PWD_P40": "56.6", "PWD_P41": "58.5", "PWD_P42": "60.5", "PWD_P43": "62.5", "PWD_P44": "64.6", "PWD_P45": "66.6", "PWD_P46": "68.7", "PWD_P47": "71.0", "PWD_P48": "73.5", "PWD_P49": "75.9", "PWD_P50": "78.4", "PWD_P51": "81.2", "PWD_P52": "84.1", "PWD_P53": "87.3", "PWD_P54": "90.4", "PWD_P55": "93.5", "PWD_P56": "96.6", "PWD_P57": "99.9", "PWD_P58": "103.1", "PWD_P59": "106.3", "PWD_P60": "109.7", "PWD_P61": "113.4", "PWD_P62": "117.3", "PWD_P63": "121.6", "PWD_P64": "126.2", "PWD_P65": "131.0", "PWD_P66": "136.2", "PWD_P67": "141.6", "PWD_P68": "146.9", "PWD_P69": "152.3", "PWD_P70": "157.8", "PWD_P71": "163.9", "PWD_P72": "170.5", "PWD_P73": "177.4", "PWD_P74": "184.1", "PWD_P75": "191.3", "PWD_P76": "200.2", "PWD_P77": "211.3", "PWD_P78": "223.7", "PWD_P79": "237.3", "PWD_P80": "251.7", "PWD_P81": "266.8", "PWD_P82": "285.8", "PWD_P83": "310.3", "PWD_P84": "337.7", "PWD_P85": "368.2", "PWD_P86": "410.9", "PWD_P87": "484.1", "PWD_P88": "563.2", "PWD_P89": "691.6", "PWD_P90": "895.4", "PWD_P91": "1328.6", "PWD_P92": "1854.4", "PWD_P93": "2374.8", "PWD_P94": "2841.8", "PWD_P95": "3223.3", "PWD_P96": "3497.8", "PWD_P97": "3583.0", "PWD_P98": "3674.3", "PWD_P99": "4643.4", "PWD_P100": "6178.2" }, "geometry": { "type": "Point", "coordinates": [ 5.831740856170654, 13.933345794677734 ] } },
{ "type": "Feature", "id": 154, "properties": { "lon": 7.2218203544616699, "lat": 8.6398782730102539, "year": "2005", "ISO": "NGA", "ISO_No": "566", "Name": "Nigeria", "PWC_Lat": "8.63987827301025", "PWC_Lon": "7.22182035446167", "Pop": "138865014", "Density": "153.3", "Area": "905669.4", "PWD_A": "2630.7", "PWD_G": "547.0", "PWD_M": "483.8", "PWD_P1": "16.1", "PWD_P2": "21.5", "PWD_P3": "26.6", "PWD_P4": "31.3", "PWD_P5": "36.0", "PWD_P6": "40.8", "PWD_P7": "45.4", "PWD_P8": "50.0", "PWD_P9": "54.7", "PWD_P10": "59.4", "PWD_P11": "64.3", "PWD_P12": "69.3", "PWD_P13": "74.3", "PWD_P14": "79.5", "PWD_P15": "84.7", "PWD_P16": "90.1", "PWD_P17": "95.6", "PWD_P18": "101.2", "PWD_P19": "107.0", "PWD_P20": "112.9", "PWD_P21": "119.0", "PWD_P22": "125.3", "PWD_P23": "131.9", "PWD_P24": "138.8", "PWD_P25": "145.9", "PWD_P26": "153.2", "PWD_P27": "160.9", "PWD_P28": "168.8", "PWD_P29": "177.0", "PWD_P30": "185.6", "PWD_P31": "194.7", "PWD_P32": "204.1", "PWD_P33": "214.1", "PWD_P34": "224.5", "PWD_P35": "235.4", "PWD_P36": "246.9", "PWD_P37": "258.9", "PWD_P38": "271.5", "PWD_P39": "284.6", "PWD_P40": "298.4", "PWD_P41": "312.8", "PWD_P42": "328.0", "PWD_P43": "343.8", "PWD_P44": "360.5", "PWD_P45": "378.1", "PWD_P46": "396.9", "PWD_P47": "416.8", "PWD_P48": "437.8", "PWD_P49": "460.1", "PWD_P50": "483.8", "PWD_P51": "509.1", "PWD_P52": "536.2", "PWD_P53": "565.2", "PWD_P54": "596.1", "PWD_P55": "629.0", "PWD_P56": "663.5", "PWD_P57": "700.5", "PWD_P58": "739.8", "PWD_P59": "781.2", "PWD_P60": "825.2", "PWD_P61": "871.8", "PWD_P62": "921.4", "PWD_P63": "974.1", "PWD_P64": "1028.8", "PWD_P65": "1086.0", "PWD_P66": "1147.3", "PWD_P67": "1212.3", "PWD_P68": "1280.6", "PWD_P69": "1352.2", "PWD_P70": "1428.0", "PWD_P71": "1508.0", "PWD_P72": "1594.5", "PWD_P73": "1686.6", "PWD_P74": "1785.8", "PWD_P75": "1891.0", "PWD_P76": "2000.1", "PWD_P77": "2117.1", "PWD_P78": "2248.2", "PWD_P79": "2389.1", "PWD_P80": "2538.7", "PWD_P81": "2697.5", "PWD_P82": "2871.8", "PWD_P83": "3071.6", "PWD_P84": "3290.2", "PWD_P85": "3535.7", "PWD_P86": "3832.1", "PWD_P87": "4188.3", "PWD_P88": "4617.7", "PWD_P89": "5166.4", "PWD_P90": "5850.9", "PWD_P91": "6738.7", "PWD_P92": "7949.3", "PWD_P93": "9399.7", "PWD_P94": "11241.0", "PWD_P95": "13546.1", "PWD_P96": "16310.0", "PWD_P97": "19709.5", "PWD_P98": "25423.9", "PWD_P99": "34687.3", "PWD_P100": "79385.5" }, "geometry": { "type": "Point", "coordinates": [ 7.22182035446167, 8.639878273010254 ] } },
{ "type": "Feature", "id": 155, "properties": { "lon": -169.8861, "lat": -19.0606, "year": "2005", "ISO": "NIU", "ISO_No": "570", "Name": "Niue", "PWC_Lat": "-19.0606", "PWC_Lon": "-169.8861", "Pop": "1688", "Density": "6.2", "Area": "271.4", "PWD_A": "23.3", "PWD_G": "10.8", "PWD_M": "9.9", "PWD_P1": "1.2", "PWD_P2": "1.5", "PWD_P3": "1.8", "PWD_P4": "2.1", "PWD_P5": "2.3", "PWD_P6": "2.4", "PWD_P7": "2.5", "PWD_P8": "2.6", "PWD_P9": "2.7", "PWD_P10": "2.9", "PWD_P11": "3.0", "PWD_P12": "3.1", "PWD_P13": "3.2", "PWD_P14": "3.2", "PWD_P15": "3.3", "PWD_P16": "3.4", "PWD_P17": "3.5", "PWD_P18": "3.6", "PWD_P19": "3.7", "PWD_P20": "3.8", "PWD_P21": "3.8", "PWD_P22": "3.9", "PWD_P23": "4.0", "PWD_P24": "4.1", "PWD_P25": "4.2", "PWD_P26": "4.3", "PWD_P27": "4.5", "PWD_P28": "4.6", "PWD_P29": "4.8", "PWD_P30": "4.9", "PWD_P31": "5.1", "PWD_P32": "5.2", "PWD_P33": "5.4", "PWD_P34": "5.6", "PWD_P35": "5.8", "PWD_P36": "6.1", "PWD_P37": "6.4", "PWD_P38": "6.8", "PWD_P39": "7.1", "PWD_P40": "7.4", "PWD_P41": "7.6", "PWD_P42": "7.9", "PWD_P43": "8.2", "PWD_P44": "8.4", "PWD_P45": "8.6", "PWD_P46": "8.8", "PWD_P47": "9.1", "PWD_P48": "9.3", "PWD_P49": "9.6", "PWD_P50": "9.9", "PWD_P51": "10.2", "PWD_P52": "10.5", "PWD_P53": "10.9", "PWD_P54": "11.1", "PWD_P55": "11.4", "PWD_P56": "11.7", "PWD_P57": "11.9", "PWD_P58": "12.2", "PWD_P59": "12.5", "PWD_P60": "12.7", "PWD_P61": "12.9", "PWD_P62": "13.2", "PWD_P63": "13.4", "PWD_P64": "13.6", "PWD_P65": "13.9", "PWD_P66": "14.2", "PWD_P67": "14.6", "PWD_P68": "14.9", "PWD_P69": "15.3", "PWD_P70": "15.6", "PWD_P71": "16.1", "PWD_P72": "16.6", "PWD_P73": "17.1", "PWD_P74": "17.7", "PWD_P75": "18.5", "PWD_P76": "19.3", "PWD_P77": "20.6", "PWD_P78": "21.8", "PWD_P79": "24.1", "PWD_P80": "27.4", "PWD_P81": "30.8", "PWD_P82": "33.4", "PWD_P83": "36.7", "PWD_P84": "40.5", "PWD_P85": "45.7", "PWD_P86": "51.3", "PWD_P87": "54.2", "PWD_P88": "58.9", "PWD_P89": "64.2", "PWD_P90": "69.1", "PWD_P91": "74.6", "PWD_P92": "80.3", "PWD_P93": "85.9", "PWD_P94": "92.1", "PWD_P95": "101.8", "PWD_P96": "113.1", "PWD_P97": "126.2", "PWD_P98": "137.1", "PWD_P99": "203.9", "PWD_P100": "251.8" }, "geometry": { "type": "Point", "coordinates": [ -169.8861, -19.0606 ] } },
{ "type": "Feature", "id": 156, "properties": { "lon": 9.9306249618530273, "lat": 61.122673034667969, "year": "2005", "ISO": "NOR", "ISO_No": "578", "Name": "Norway", "PWC_Lat": "61.122673034668", "PWC_Lon": "9.93062496185303", "Pop": "4632359", "Density": "14.8", "Area": "313631.3", "PWD_A": "535.1", "PWD_G": "142.7", "PWD_M": "184.2", "PWD_P1": "0.8", "PWD_P2": "1.3", "PWD_P3": "2.1", "PWD_P4": "2.9", "PWD_P5": "3.7", "PWD_P6": "4.7", "PWD_P7": "5.8", "PWD_P8": "6.9", "PWD_P9": "8.2", "PWD_P10": "9.4", "PWD_P11": "10.7", "PWD_P12": "12.1", "PWD_P13": "13.5", "PWD_P14": "15.0", "PWD_P15": "16.5", "PWD_P16": "18.1", "PWD_P17": "19.7", "PWD_P18": "21.5", "PWD_P19": "23.2", "PWD_P20": "25.1", "PWD_P21": "27.0", "PWD_P22": "29.0", "PWD_P23": "31.2", "PWD_P24": "33.4", "PWD_P25": "35.9", "PWD_P26": "38.5", "PWD_P27": "41.2", "PWD_P28": "44.3", "PWD_P29": "47.5", "PWD_P30": "51.1", "PWD_P31": "54.8", "PWD_P32": "58.8", "PWD_P33": "63.2", "PWD_P34": "68.1", "PWD_P35": "73.4", "PWD_P36": "78.9", "PWD_P37": "84.6", "PWD_P38": "90.6", "PWD_P39": "96.9", "PWD_P40": "103.4", "PWD_P41": "110.1", "PWD_P42": "116.9", "PWD_P43": "124.1", "PWD_P44": "131.6", "PWD_P45": "139.4", "PWD_P46": "147.3", "PWD_P47": "155.6", "PWD_P48": "164.5", "PWD_P49": "174.0", "PWD_P50": "184.2", "PWD_P51": "195.2", "PWD_P52": "206.3", "PWD_P53": "218.1", "PWD_P54": "230.7", "PWD_P55": "243.9", "PWD_P56": "257.9", "PWD_P57": "272.2", "PWD_P58": "287.1", "PWD_P59": "302.6", "PWD_P60": "319.5", "PWD_P61": "337.4", "PWD_P62": "355.2", "PWD_P63": "373.8", "PWD_P64": "392.4", "PWD_P65": "412.1", "PWD_P66": "433.9", "PWD_P67": "457.1", "PWD_P68": "481.0", "PWD_P69": "506.6", "PWD_P70": "533.8", "PWD_P71": "561.9", "PWD_P72": "591.7", "PWD_P73": "622.7", "PWD_P74": "656.5", "PWD_P75": "690.8", "PWD_P76": "723.7", "PWD_P77": "759.6", "PWD_P78": "794.7", "PWD_P79": "829.4", "PWD_P80": "868.8", "PWD_P81": "910.4", "PWD_P82": "953.8", "PWD_P83": "1000.9", "PWD_P84": "1043.3", "PWD_P85": "1080.2", "PWD_P86": "1120.2", "PWD_P87": "1180.2", "PWD_P88": "1316.7", "PWD_P89": "1608.0", "PWD_P90": "1875.4", "PWD_P91": "2061.2", "PWD_P92": "2202.0", "PWD_P93": "2320.9", "PWD_P94": "2506.1", "PWD_P95": "2646.1", "PWD_P96": "2741.7", "PWD_P97": "2811.1", "PWD_P98": "2877.8", "PWD_P99": "2962.9", "PWD_P100": "3320.0" }, "geometry": { "type": "Point", "coordinates": [ 9.930624961853027, 61.122673034667969 ] } },
{ "type": "Feature", "id": 157, "properties": { "lon": 145.71722412109375, "lat": 15.111196517944336, "year": "2005", "ISO": "MNP", "ISO_No": "580", "Name": "Northern Mariana Islands", "PWC_Lat": "15.1111965179443", "PWC_Lon": "145.717224121094", "Pop": "56547", "Density": "107.0", "Area": "528.6", "PWD_A": "1652.3", "PWD_G": "1017.5", "PWD_M": "1242.8", "PWD_P1": "24.1", "PWD_P2": "47.0", "PWD_P3": "70.5", "PWD_P4": "96.8", "PWD_P5": "119.3", "PWD_P6": "140.3", "PWD_P7": "160.4", "PWD_P8": "179.6", "PWD_P9": "203.4", "PWD_P10": "228.5", "PWD_P11": "253.2", "PWD_P12": "276.6", "PWD_P13": "297.9", "PWD_P14": "318.2", "PWD_P15": "341.1", "PWD_P16": "363.0", "PWD_P17": "386.1", "PWD_P18": "410.8", "PWD_P19": "433.3", "PWD_P20": "457.7", "PWD_P21": "480.8", "PWD_P22": "505.8", "PWD_P23": "530.4", "PWD_P24": "556.4", "PWD_P25": "582.1", "PWD_P26": "603.2", "PWD_P27": "624.9", "PWD_P28": "648.8", "PWD_P29": "677.9", "PWD_P30": "702.2", "PWD_P31": "725.0", "PWD_P32": "745.3", "PWD_P33": "773.0", "PWD_P34": "796.1", "PWD_P35": "827.6", "PWD_P36": "851.5", "PWD_P37": "873.5", "PWD_P38": "905.5", "PWD_P39": "931.7", "PWD_P40": "960.9", "PWD_P41": "985.7", "PWD_P42": "1015.9", "PWD_P43": "1038.1", "PWD_P44": "1067.6", "PWD_P45": "1097.5", "PWD_P46": "1127.0", "PWD_P47": "1154.7", "PWD_P48": "1186.5", "PWD_P49": "1212.0", "PWD_P50": "1242.8", "PWD_P51": "1278.2", "PWD_P52": "1310.3", "PWD_P53": "1342.7", "PWD_P54": "1371.9", "PWD_P55": "1402.8", "PWD_P56": "1442.8", "PWD_P57": "1477.4", "PWD_P58": "1513.6", "PWD_P59": "1549.2", "PWD_P60": "1579.1", "PWD_P61": "1613.0", "PWD_P62": "1640.4", "PWD_P63": "1680.3", "PWD_P64": "1719.3", "PWD_P65": "1771.0", "PWD_P66": "1806.1", "PWD_P67": "1841.0", "PWD_P68": "1876.0", "PWD_P69": "1912.1", "PWD_P70": "1966.6", "PWD_P71": "2024.7", "PWD_P72": "2081.9", "PWD_P73": "2136.0", "PWD_P74": "2187.1", "PWD_P75": "2243.8", "PWD_P76": "2304.5", "PWD_P77": "2357.9", "PWD_P78": "2413.6", "PWD_P79": "2490.0", "PWD_P80": "2581.5", "PWD_P81": "2679.4", "PWD_P82": "2797.7", "PWD_P83": "2853.5", "PWD_P84": "2920.1", "PWD_P85": "2999.5", "PWD_P86": "3066.4", "PWD_P87": "3170.2", "PWD_P88": "3237.2", "PWD_P89": "3335.8", "PWD_P90": "3455.2", "PWD_P91": "3586.9", "PWD_P92": "3693.9", "PWD_P93": "3783.5", "PWD_P94": "3877.2", "PWD_P95": "4124.0", "PWD_P96": "4330.6", "PWD_P97": "4633.9", "PWD_P98": "5796.0", "PWD_P99": "9649.2", "PWD_P100": "13283.6" }, "geometry": { "type": "Point", "coordinates": [ 145.71722412109375, 15.111196517944336 ] } },
{ "type": "Feature", "id": 158, "properties": { "lon": 153.44853210449219, "lat": 7.1737556457519531, "year": "2005", "ISO": "FSM", "ISO_No": "583", "Name": "Micronesia", "PWC_Lat": "7.17375564575195", "PWC_Lon": "153.448532104492", "Pop": "106134", "Density": "123.9", "Area": "856.9", "PWD_A": "865.9", "PWD_G": "330.6", "PWD_M": "329.5", "PWD_P1": "13.8", "PWD_P2": "19.8", "PWD_P3": "24.4", "PWD_P4": "28.6", "PWD_P5": "32.9", "PWD_P6": "36.8", "PWD_P7": "40.9", "PWD_P8": "45.2", "PWD_P9": "48.9", "PWD_P10": "53.0", "PWD_P11": "57.4", "PWD_P12": "62.3", "PWD_P13": "67.4", "PWD_P14": "72.2", "PWD_P15": "77.5", "PWD_P16": "82.7", "PWD_P17": "87.6", "PWD_P18": "92.7", "PWD_P19": "98.1", "PWD_P20": "104.2", "PWD_P21": "110.5", "PWD_P22": "116.6", "PWD_P23": "123.3", "PWD_P24": "129.5", "PWD_P25": "136.0", "PWD_P26": "143.0", "PWD_P27": "149.5", "PWD_P28": "155.7", "PWD_P29": "162.1", "PWD_P30": "168.3", "PWD_P31": "175.0", "PWD_P32": "182.3", "PWD_P33": "189.7", "PWD_P34": "197.0", "PWD_P35": "203.6", "PWD_P36": "209.8", "PWD_P37": "216.6", "PWD_P38": "223.4", "PWD_P39": "231.6", "PWD_P40": "240.2", "PWD_P41": "248.5", "PWD_P42": "257.1", "PWD_P43": "265.1", "PWD_P44": "273.3", "PWD_P45": "281.2", "PWD_P46": "290.5", "PWD_P47": "300.8", "PWD_P48": "310.2", "PWD_P49": "319.5", "PWD_P50": "329.5", "PWD_P51": "339.5", "PWD_P52": "350.2", "PWD_P53": "362.0", "PWD_P54": "375.0", "PWD_P55": "387.5", "PWD_P56": "399.6", "PWD_P57": "411.6", "PWD_P58": "422.4", "PWD_P59": "435.7", "PWD_P60": "447.5", "PWD_P61": "460.1", "PWD_P62": "472.0", "PWD_P63": "488.8", "PWD_P64": "506.1", "PWD_P65": "523.2", "PWD_P66": "543.9", "PWD_P67": "565.1", "PWD_P68": "587.3", "PWD_P69": "612.1", "PWD_P70": "636.6", "PWD_P71": "664.9", "PWD_P72": "688.6", "PWD_P73": "718.4", "PWD_P74": "750.6", "PWD_P75": "783.2", "PWD_P76": "818.2", "PWD_P77": "854.1", "PWD_P78": "893.0", "PWD_P79": "934.5", "PWD_P80": "982.2", "PWD_P81": "1038.9", "PWD_P82": "1106.7", "PWD_P83": "1188.4", "PWD_P84": "1290.3", "PWD_P85": "1394.6", "PWD_P86": "1479.5", "PWD_P87": "1602.7", "PWD_P88": "1752.1", "PWD_P89": "1909.6", "PWD_P90": "2088.8", "PWD_P91": "2376.0", "PWD_P92": "2711.9", "PWD_P93": "3061.9", "PWD_P94": "3431.4", "PWD_P95": "3763.8", "PWD_P96": "4217.4", "PWD_P97": "4987.2", "PWD_P98": "6587.4", "PWD_P99": "8363.1", "PWD_P100": "15758.4" }, "geometry": { "type": "Point", "coordinates": [ 153.448532104492188, 7.173755645751953 ] } },
{ "type": "Feature", "id": 159, "properties": { "lon": 169.878, "lat": 7.7077, "year": "2005", "ISO": "MHL", "ISO_No": "584", "Name": "Marshall Islands", "PWC_Lat": "7.7077", "PWC_Lon": "169.878", "Pop": "55256", "Density": "123.5", "Area": "447.3", "PWD_A": "1138.3", "PWD_G": "419.4", "PWD_M": "468.1", "PWD_P1": "20.2", "PWD_P2": "25.8", "PWD_P3": "31.6", "PWD_P4": "37.4", "PWD_P5": "39.8", "PWD_P6": "42.2", "PWD_P7": "44.7", "PWD_P8": "47.7", "PWD_P9": "50.0", "PWD_P10": "52.4", "PWD_P11": "55.8", "PWD_P12": "58.9", "PWD_P13": "61.5", "PWD_P14": "63.6", "PWD_P15": "67.2", "PWD_P16": "69.8", "PWD_P17": "73.0", "PWD_P18": "76.8", "PWD_P19": "79.8", "PWD_P20": "83.5", "PWD_P21": "87.3", "PWD_P22": "90.5", "PWD_P23": "95.7", "PWD_P24": "101.6", "PWD_P25": "111.4", "PWD_P26": "131.2", "PWD_P27": "143.1", "PWD_P28": "146.9", "PWD_P29": "162.5", "PWD_P30": "171.9", "PWD_P31": "176.8", "PWD_P32": "185.2", "PWD_P33": "195.2", "PWD_P34": "201.1", "PWD_P35": "207.1", "PWD_P36": "214.9", "PWD_P37": "225.5", "PWD_P38": "238.7", "PWD_P39": "263.6", "PWD_P40": "318.5", "PWD_P41": "339.0", "PWD_P42": "348.8", "PWD_P43": "365.5", "PWD_P44": "382.9", "PWD_P45": "394.1", "PWD_P46": "407.9", "PWD_P47": "422.5", "PWD_P48": "437.2", "PWD_P49": "452.1", "PWD_P50": "468.1", "PWD_P51": "476.0", "PWD_P52": "487.9", "PWD_P53": "497.1", "PWD_P54": "506.3", "PWD_P55": "518.6", "PWD_P56": "531.4", "PWD_P57": "543.5", "PWD_P58": "558.8", "PWD_P59": "568.9", "PWD_P60": "582.8", "PWD_P61": "596.3", "PWD_P62": "615.2", "PWD_P63": "641.6", "PWD_P64": "673.8", "PWD_P65": "711.9", "PWD_P66": "753.2", "PWD_P67": "800.5", "PWD_P68": "837.4", "PWD_P69": "892.6", "PWD_P70": "955.8", "PWD_P71": "1022.3", "PWD_P72": "1081.6", "PWD_P73": "1115.9", "PWD_P74": "1223.7", "PWD_P75": "1317.3", "PWD_P76": "1417.3", "PWD_P77": "1513.7", "PWD_P78": "1721.5", "PWD_P79": "1901.4", "PWD_P80": "2428.8", "PWD_P81": "2636.3", "PWD_P82": "2758.0", "PWD_P83": "2960.6", "PWD_P84": "3442.6", "PWD_P85": "3528.4", "PWD_P86": "3581.8", "PWD_P87": "3623.3", "PWD_P88": "3657.9", "PWD_P89": "3713.7", "PWD_P90": "3758.9", "PWD_P91": "3861.4", "PWD_P92": "3891.9", "PWD_P93": "3944.1", "PWD_P94": "3991.0", "PWD_P95": "5003.0", "PWD_P96": "5189.7", "PWD_P97": "5238.5", "PWD_P98": "5271.7", "PWD_P99": "5317.4", "PWD_P100": "5520.7" }, "geometry": { "type": "Point", "coordinates": [ 169.878, 7.7077 ] } },
{ "type": "Feature", "id": 160, "properties": { "lon": 134.45518493652344, "lat": 7.3217172622680664, "year": "2005", "ISO": "PLW", "ISO_No": "585", "Name": "Palau", "PWC_Lat": "7.32171726226807", "PWC_Lon": "134.455184936523", "Pop": "19783", "Density": "37.5", "Area": "527.2", "PWD_A": "281.2", "PWD_G": "101.0", "PWD_M": "85.0", "PWD_P1": "4.1", "PWD_P2": "4.6", "PWD_P3": "5.6", "PWD_P4": "6.7", "PWD_P5": "8.2", "PWD_P6": "10.3", "PWD_P7": "11.5", "PWD_P8": "12.6", "PWD_P9": "13.9", "PWD_P10": "15.5", "PWD_P11": "16.8", "PWD_P12": "17.7", "PWD_P13": "18.6", "PWD_P14": "19.4", "PWD_P15": "20.6", "PWD_P16": "22.1", "PWD_P17": "23.9", "PWD_P18": "26.1", "PWD_P19": "28.1", "PWD_P20": "30.5", "PWD_P21": "33.4", "PWD_P22": "36.4", "PWD_P23": "39.6", "PWD_P24": "41.9", "PWD_P25": "43.7", "PWD_P26": "45.9", "PWD_P27": "46.9", "PWD_P28": "47.6", "PWD_P29": "48.4", "PWD_P30": "49.4", "PWD_P31": "50.4", "PWD_P32": "51.9", "PWD_P33": "54.5", "PWD_P34": "59.8", "PWD_P35": "67.4", "PWD_P36": "72.7", "PWD_P37": "75.0", "PWD_P38": "76.7", "PWD_P39": "77.9", "PWD_P40": "78.8", "PWD_P41": "79.6", "PWD_P42": "80.4", "PWD_P43": "81.0", "PWD_P44": "81.6", "PWD_P45": "82.0", "PWD_P46": "82.6", "PWD_P47": "83.2", "PWD_P48": "83.8", "PWD_P49": "84.3", "PWD_P50": "85.0", "PWD_P51": "85.6", "PWD_P52": "86.4", "PWD_P53": "87.2", "PWD_P54": "88.0", "PWD_P55": "89.1", "PWD_P56": "91.5", "PWD_P57": "99.1", "PWD_P58": "106.7", "PWD_P59": "113.5", "PWD_P60": "119.8", "PWD_P61": "130.0", "PWD_P62": "138.5", "PWD_P63": "154.8", "PWD_P64": "164.3", "PWD_P65": "177.6", "PWD_P66": "189.9", "PWD_P67": "201.0", "PWD_P68": "211.9", "PWD_P69": "217.6", "PWD_P70": "223.4", "PWD_P71": "229.2", "PWD_P72": "234.6", "PWD_P73": "242.1", "PWD_P74": "249.6", "PWD_P75": "257.4", "PWD_P76": "265.9", "PWD_P77": "276.0", "PWD_P78": "287.1", "PWD_P79": "300.2", "PWD_P80": "313.0", "PWD_P81": "321.7", "PWD_P82": "330.1", "PWD_P83": "337.1", "PWD_P84": "346.8", "PWD_P85": "361.9", "PWD_P86": "390.1", "PWD_P87": "554.6", "PWD_P88": "752.0", "PWD_P89": "1122.5", "PWD_P90": "1214.9", "PWD_P91": "1254.7", "PWD_P92": "1303.8", "PWD_P93": "1333.7", "PWD_P94": "1400.2", "PWD_P95": "1490.9", "PWD_P96": "1554.2", "PWD_P97": "1642.4", "PWD_P98": "1680.5", "PWD_P99": "1766.5", "PWD_P100": "2383.7" }, "geometry": { "type": "Point", "coordinates": [ 134.455184936523438, 7.321717262268066 ] } },
{ "type": "Feature", "id": 161, "properties": { "lon": 71.39404296875, "lat": 30.460975646972656, "year": "2005", "ISO": "PAK", "ISO_No": "586", "Name": "Pakistan", "PWC_Lat": "30.4609756469727", "PWC_Lon": "71.39404296875", "Pop": "160304006", "Density": "184.1", "Area": "870982.2", "PWD_A": "4377.7", "PWD_G": "961.4", "PWD_M": "720.7", "PWD_P1": "11.2", "PWD_P2": "20.9", "PWD_P3": "33.1", "PWD_P4": "47.5", "PWD_P5": "63.1", "PWD_P6": "80.4", "PWD_P7": "97.7", "PWD_P8": "113.9", "PWD_P9": "128.8", "PWD_P10": "143.2", "PWD_P11": "156.5", "PWD_P12": "169.3", "PWD_P13": "181.1", "PWD_P14": "192.4", "PWD_P15": "203.1", "PWD_P16": "213.3", "PWD_P17": "223.2", "PWD_P18": "232.6", "PWD_P19": "241.8", "PWD_P20": "251.0", "PWD_P21": "260.3", "PWD_P22": "269.5", "PWD_P23": "278.6", "PWD_P24": "287.9", "PWD_P25": "297.4", "PWD_P26": "307.2", "PWD_P27": "317.3", "PWD_P28": "327.6", "PWD_P29": "338.1", "PWD_P30": "349.1", "PWD_P31": "360.4", "PWD_P32": "372.1", "PWD_P33": "384.1", "PWD_P34": "396.7", "PWD_P35": "409.7", "PWD_P36": "423.4", "PWD_P37": "437.6", "PWD_P38": "452.4", "PWD_P39": "468.0", "PWD_P40": "484.7", "PWD_P41": "502.1", "PWD_P42": "520.5", "PWD_P43": "540.3", "PWD_P44": "561.4", "PWD_P45": "583.9", "PWD_P46": "607.8", "PWD_P47": "633.1", "PWD_P48": "660.3", "PWD_P49": "689.5", "PWD_P50": "720.7", "PWD_P51": "754.4", "PWD_P52": "791.0", "PWD_P53": "830.7", "PWD_P54": "874.0", "PWD_P55": "921.4", "PWD_P56": "972.6", "PWD_P57": "1029.1", "PWD_P58": "1092.1", "PWD_P59": "1162.3", "PWD_P60": "1238.5", "PWD_P61": "1322.5", "PWD_P62": "1416.3", "PWD_P63": "1517.9", "PWD_P64": "1627.3", "PWD_P65": "1746.0", "PWD_P66": "1873.0", "PWD_P67": "2009.8", "PWD_P68": "2157.5", "PWD_P69": "2317.5", "PWD_P70": "2490.0", "PWD_P71": "2675.4", "PWD_P72": "2874.3", "PWD_P73": "3089.2", "PWD_P74": "3310.3", "PWD_P75": "3542.2", "PWD_P76": "3820.7", "PWD_P77": "4125.6", "PWD_P78": "4443.5", "PWD_P79": "4788.1", "PWD_P80": "5156.1", "PWD_P81": "5564.1", "PWD_P82": "6014.2", "PWD_P83": "6498.4", "PWD_P84": "6987.2", "PWD_P85": "7488.2", "PWD_P86": "8064.4", "PWD_P87": "8711.1", "PWD_P88": "9440.6", "PWD_P89": "10226.2", "PWD_P90": "11046.5", "PWD_P91": "11864.5", "PWD_P92": "12755.2", "PWD_P93": "13800.6", "PWD_P94": "16011.0", "PWD_P95": "19123.1", "PWD_P96": "23366.5", "PWD_P97": "30519.2", "PWD_P98": "46279.8", "PWD_P99": "63923.8", "PWD_P100": "86418.0" }, "geometry": { "type": "Point", "coordinates": [ 71.39404296875, 30.460975646972656 ] } },
{ "type": "Feature", "id": 162, "properties": { "lon": -80.314918518066406, "lat": 8.7762994766235352, "year": "2005", "ISO": "PAN", "ISO_No": "591", "Name": "Panama", "PWC_Lat": "8.77629947662354", "PWC_Lon": "-80.3149185180664", "Pop": "3330221", "Density": "44.0", "Area": "75668.1", "PWD_A": "2879.5", "PWD_G": "496.3", "PWD_M": "896.8", "PWD_P1": "3.3", "PWD_P2": "5.5", "PWD_P3": "7.2", "PWD_P4": "8.7", "PWD_P5": "10.0", "PWD_P6": "11.4", "PWD_P7": "13.0", "PWD_P8": "14.6", "PWD_P9": "16.1", "PWD_P10": "17.7", "PWD_P11": "19.3", "PWD_P12": "20.9", "PWD_P13": "22.5", "PWD_P14": "24.2", "PWD_P15": "26.1", "PWD_P16": "28.2", "PWD_P17": "30.5", "PWD_P18": "33.2", "PWD_P19": "36.3", "PWD_P20": "39.6", "PWD_P21": "43.4", "PWD_P22": "47.5", "PWD_P23": "52.2", "PWD_P24": "57.6", "PWD_P25": "63.5", "PWD_P26": "70.3", "PWD_P27": "77.8", "PWD_P28": "85.7", "PWD_P29": "93.6", "PWD_P30": "102.3", "PWD_P31": "112.7", "PWD_P32": "124.6", "PWD_P33": "137.7", "PWD_P34": "153.6", "PWD_P35": "171.7", "PWD_P36": "193.0", "PWD_P37": "217.7", "PWD_P38": "245.7", "PWD_P39": "275.6", "PWD_P40": "308.8", "PWD_P41": "346.3", "PWD_P42": "388.7", "PWD_P43": "437.5", "PWD_P44": "491.4", "PWD_P45": "551.1", "PWD_P46": "612.1", "PWD_P47": "677.4", "PWD_P48": "749.2", "PWD_P49": "821.8", "PWD_P50": "896.8", "PWD_P51": "971.9", "PWD_P52": "1047.7", "PWD_P53": "1125.6", "PWD_P54": "1203.9", "PWD_P55": "1287.8", "PWD_P56": "1384.9", "PWD_P57": "1482.6", "PWD_P58": "1585.8", "PWD_P59": "1683.2", "PWD_P60": "1781.6", "PWD_P61": "1887.3", "PWD_P62": "1990.3", "PWD_P63": "2087.2", "PWD_P64": "2190.4", "PWD_P65": "2298.1", "PWD_P66": "2414.9", "PWD_P67": "2534.5", "PWD_P68": "2646.6", "PWD_P69": "2751.3", "PWD_P70": "2843.6", "PWD_P71": "2943.4", "PWD_P72": "3047.6", "PWD_P73": "3160.5", "PWD_P74": "3275.4", "PWD_P75": "3399.4", "PWD_P76": "3545.7", "PWD_P77": "3699.2", "PWD_P78": "3874.5", "PWD_P79": "4058.7", "PWD_P80": "4245.5", "PWD_P81": "4433.8", "PWD_P82": "4618.8", "PWD_P83": "4808.2", "PWD_P84": "4998.8", "PWD_P85": "5238.6", "PWD_P86": "5496.9", "PWD_P87": "5798.4", "PWD_P88": "6236.7", "PWD_P89": "6716.5", "PWD_P90": "7176.1", "PWD_P91": "7698.4", "PWD_P92": "8389.0", "PWD_P93": "9162.6", "PWD_P94": "9943.8", "PWD_P95": "10763.2", "PWD_P96": "11752.2", "PWD_P97": "13203.4", "PWD_P98": "15641.8", "PWD_P99": "29777.0", "PWD_P100": "95737.8" }, "geometry": { "type": "Point", "coordinates": [ -80.314918518066406, 8.776299476623535 ] } },
{ "type": "Feature", "id": 163, "properties": { "lon": 146.115966796875, "lat": -6.1882004737854004, "year": "2005", "ISO": "PNG", "ISO_No": "598", "Name": "Papua New Guinea", "PWC_Lat": "-6.1882004737854", "PWC_Lon": "146.115966796875", "Pop": "6494902", "Density": "14.1", "Area": "461986.1", "PWD_A": "141.9", "PWD_G": "40.3", "PWD_M": "37.5", "PWD_P1": "1.3", "PWD_P2": "2.0", "PWD_P3": "2.5", "PWD_P4": "3.0", "PWD_P5": "3.5", "PWD_P6": "4.0", "PWD_P7": "4.5", "PWD_P8": "5.0", "PWD_P9": "5.5", "PWD_P10": "6.0", "PWD_P11": "6.5", "PWD_P12": "7.0", "PWD_P13": "7.5", "PWD_P14": "8.0", "PWD_P15": "8.5", "PWD_P16": "9.1", "PWD_P17": "9.6", "PWD_P18": "10.1", "PWD_P19": "10.6", "PWD_P20": "11.2", "PWD_P21": "11.7", "PWD_P22": "12.3", "PWD_P23": "12.9", "PWD_P24": "13.5", "PWD_P25": "14.1", "PWD_P26": "14.8", "PWD_P27": "15.4", "PWD_P28": "16.1", "PWD_P29": "16.7", "PWD_P30": "17.4", "PWD_P31": "18.2", "PWD_P32": "18.9", "PWD_P33": "19.7", "PWD_P34": "20.5", "PWD_P35": "21.3", "PWD_P36": "22.2", "PWD_P37": "23.0", "PWD_P38": "23.9", "PWD_P39": "24.9", "PWD_P40": "25.8", "PWD_P41": "26.8", "PWD_P42": "27.9", "PWD_P43": "29.0", "PWD_P44": "30.1", "PWD_P45": "31.3", "PWD_P46": "32.5", "PWD_P47": "33.7", "PWD_P48": "35.0", "PWD_P49": "36.2", "PWD_P50": "37.5", "PWD_P51": "38.9", "PWD_P52": "40.3", "PWD_P53": "41.8", "PWD_P54": "43.5", "PWD_P55": "45.2", "PWD_P56": "46.9", "PWD_P57": "48.7", "PWD_P58": "50.6", "PWD_P59": "52.6", "PWD_P60": "54.6", "PWD_P61": "56.6", "PWD_P62": "58.7", "PWD_P63": "60.8", "PWD_P64": "63.2", "PWD_P65": "65.8", "PWD_P66": "68.4", "PWD_P67": "71.1", "PWD_P68": "74.0", "PWD_P69": "77.1", "PWD_P70": "80.5", "PWD_P71": "83.9", "PWD_P72": "87.4", "PWD_P73": "91.1", "PWD_P74": "95.0", "PWD_P75": "99.2", "PWD_P76": "103.7", "PWD_P77": "108.9", "PWD_P78": "114.4", "PWD_P79": "120.6", "PWD_P80": "127.0", "PWD_P81": "133.7", "PWD_P82": "141.4", "PWD_P83": "150.1", "PWD_P84": "159.7", "PWD_P85": "172.4", "PWD_P86": "186.8", "PWD_P87": "206.3", "PWD_P88": "234.8", "PWD_P89": "281.8", "PWD_P90": "346.5", "PWD_P91": "428.8", "PWD_P92": "514.6", "PWD_P93": "595.5", "PWD_P94": "856.7", "PWD_P95": "1067.0", "PWD_P96": "1162.0", "PWD_P97": "1240.3", "PWD_P98": "1289.4", "PWD_P99": "1342.6", "PWD_P100": "1455.9" }, "geometry": { "type": "Point", "coordinates": [ 146.115966796875, -6.1882004737854 ] } },
{ "type": "Feature", "id": 164, "properties": { "lon": -56.673648834228516, "lat": -25.315528869628906, "year": "2005", "ISO": "PRY", "ISO_No": "600", "Name": "Paraguay", "PWC_Lat": "-25.3155288696289", "PWC_Lon": "-56.6736488342285", "Pop": "5824095", "Density": "14.7", "Area": "397261.7", "PWD_A": "1578.5", "PWD_G": "295.1", "PWD_M": "429.0", "PWD_P1": "0.8", "PWD_P2": "2.6", "PWD_P3": "4.1", "PWD_P4": "5.3", "PWD_P5": "6.4", "PWD_P6": "7.4", "PWD_P7": "8.4", "PWD_P8": "9.4", "PWD_P9": "10.4", "PWD_P10": "11.5", "PWD_P11": "12.6", "PWD_P12": "13.8", "PWD_P13": "15.0", "PWD_P14": "16.3", "PWD_P15": "17.6", "PWD_P16": "19.0", "PWD_P17": "20.4", "PWD_P18": "21.8", "PWD_P19": "23.4", "PWD_P20": "25.0", "PWD_P21": "26.7", "PWD_P22": "28.5", "PWD_P23": "30.5", "PWD_P24": "32.7", "PWD_P25": "35.2", "PWD_P26": "38.0", "PWD_P27": "41.6", "PWD_P28": "45.9", "PWD_P29": "51.2", "PWD_P30": "57.5", "PWD_P31": "64.2", "PWD_P32": "71.4", "PWD_P33": "79.0", "PWD_P34": "87.4", "PWD_P35": "96.4", "PWD_P36": "106.0", "PWD_P37": "116.5", "PWD_P38": "128.4", "PWD_P39": "141.4", "PWD_P40": "156.0", "PWD_P41": "172.7", "PWD_P42": "190.8", "PWD_P43": "210.5", "PWD_P44": "232.6", "PWD_P45": "257.9", "PWD_P46": "286.0", "PWD_P47": "317.3", "PWD_P48": "350.5", "PWD_P49": "387.9", "PWD_P50": "429.0", "PWD_P51": "472.5", "PWD_P52": "519.4", "PWD_P53": "570.5", "PWD_P54": "626.0", "PWD_P55": "686.1", "PWD_P56": "752.8", "PWD_P57": "826.4", "PWD_P58": "903.4", "PWD_P59": "981.3", "PWD_P60": "1065.6", "PWD_P61": "1153.7", "PWD_P62": "1247.1", "PWD_P63": "1349.9", "PWD_P64": "1455.7", "PWD_P65": "1560.3", "PWD_P66": "1670.4", "PWD_P67": "1778.4", "PWD_P68": "1886.8", "PWD_P69": "1996.9", "PWD_P70": "2111.5", "PWD_P71": "2239.6", "PWD_P72": "2374.7", "PWD_P73": "2509.1", "PWD_P74": "2637.0", "PWD_P75": "2772.3", "PWD_P76": "2930.6", "PWD_P77": "3073.0", "PWD_P78": "3217.5", "PWD_P79": "3363.4", "PWD_P80": "3499.0", "PWD_P81": "3639.4", "PWD_P82": "3774.2", "PWD_P83": "3909.4", "PWD_P84": "4041.0", "PWD_P85": "4167.7", "PWD_P86": "4316.5", "PWD_P87": "4476.9", "PWD_P88": "4640.5", "PWD_P89": "4803.3", "PWD_P90": "4977.0", "PWD_P91": "5187.2", "PWD_P92": "5425.3", "PWD_P93": "5676.9", "PWD_P94": "5933.0", "PWD_P95": "6146.4", "PWD_P96": "6350.7", "PWD_P97": "6542.6", "PWD_P98": "6669.1", "PWD_P99": "6843.2", "PWD_P100": "7396.7" }, "geometry": { "type": "Point", "coordinates": [ -56.673648834228516, -25.315528869628906 ] } },
{ "type": "Feature", "id": 165, "properties": { "lon": -76.2609, "lat": -10.674, "year": "2005", "ISO": "PER", "ISO_No": "604", "Name": "Peru", "PWC_Lat": "-10.674", "PWC_Lon": "-76.2609", "Pop": "27866140", "Density": "21.7", "Area": "1285689.9", "PWD_A": "5569.1", "PWD_G": "700.3", "PWD_M": "1193.7", "PWD_P1": "1.3", "PWD_P2": "2.3", "PWD_P3": "3.5", "PWD_P4": "4.8", "PWD_P5": "6.1", "PWD_P6": "7.6", "PWD_P7": "9.2", "PWD_P8": "10.8", "PWD_P9": "12.5", "PWD_P10": "14.3", "PWD_P11": "16.1", "PWD_P12": "18.1", "PWD_P13": "20.3", "PWD_P14": "22.6", "PWD_P15": "25.1", "PWD_P16": "27.8", "PWD_P17": "30.6", "PWD_P18": "33.6", "PWD_P19": "36.7", "PWD_P20": "40.1", "PWD_P21": "43.8", "PWD_P22": "47.9", "PWD_P23": "52.5", "PWD_P24": "57.5", "PWD_P25": "63.2", "PWD_P26": "69.8", "PWD_P27": "77.2", "PWD_P28": "85.1", "PWD_P29": "94.1", "PWD_P30": "104.2", "PWD_P31": "115.2", "PWD_P32": "127.7", "PWD_P33": "141.8", "PWD_P34": "157.8", "PWD_P35": "176.3", "PWD_P36": "197.9", "PWD_P37": "222.3", "PWD_P38": "250.9", "PWD_P39": "283.7", "PWD_P40": "322.9", "PWD_P41": "368.4", "PWD_P42": "420.1", "PWD_P43": "478.5", "PWD_P44": "546.2", "PWD_P45": "623.7", "PWD_P46": "712.4", "PWD_P47": "814.0", "PWD_P48": "928.9", "PWD_P49": "1053.0", "PWD_P50": "1193.7", "PWD_P51": "1340.9", "PWD_P52": "1507.2", "PWD_P53": "1710.9", "PWD_P54": "1930.0", "PWD_P55": "2162.0", "PWD_P56": "2397.3", "PWD_P57": "2650.1", "PWD_P58": "2926.0", "PWD_P59": "3222.4", "PWD_P60": "3549.0", "PWD_P61": "3887.2", "PWD_P62": "4213.3", "PWD_P63": "4590.9", "PWD_P64": "4943.3", "PWD_P65": "5310.8", "PWD_P66": "5719.2", "PWD_P67": "6121.0", "PWD_P68": "6468.5", "PWD_P69": "6859.1", "PWD_P70": "7272.7", "PWD_P71": "7662.1", "PWD_P72": "8051.6", "PWD_P73": "8447.5", "PWD_P74": "8819.0", "PWD_P75": "9195.4", "PWD_P76": "9673.7", "PWD_P77": "10200.5", "PWD_P78": "10739.4", "PWD_P79": "11288.2", "PWD_P80": "11810.5", "PWD_P81": "12426.0", "PWD_P82": "13113.4", "PWD_P83": "13833.8", "PWD_P84": "14431.5", "PWD_P85": "14940.5", "PWD_P86": "15484.7", "PWD_P87": "15993.9", "PWD_P88": "16496.2", "PWD_P89": "17094.5", "PWD_P90": "17683.6", "PWD_P91": "18110.3", "PWD_P92": "18550.6", "PWD_P93": "19035.1", "PWD_P94": "19686.4", "PWD_P95": "20463.9", "PWD_P96": "21203.4", "PWD_P97": "21952.4", "PWD_P98": "23919.6", "PWD_P99": "30887.9", "PWD_P100": "59189.1" }, "geometry": { "type": "Point", "coordinates": [ -76.2609, -10.674 ] } },
{ "type": "Feature", "id": 166, "properties": { "lon": 122.44749450683594, "lat": 12.171245574951172, "year": "2005", "ISO": "PHL", "ISO_No": "608", "Name": "Philippines", "PWC_Lat": "12.1712455749512", "PWC_Lon": "122.447494506836", "Pop": "86326250", "Density": "291.4", "Area": "296205.1", "PWD_A": "12828.7", "PWD_G": "2022.0", "PWD_M": "2028.7", "PWD_P1": "22.5", "PWD_P2": "37.7", "PWD_P3": "51.8", "PWD_P4": "65.0", "PWD_P5": "77.7", "PWD_P6": "90.4", "PWD_P7": "103.1", "PWD_P8": "116.1", "PWD_P9": "129.5", "PWD_P10": "143.1", "PWD_P11": "157.2", "PWD_P12": "171.7", "PWD_P13": "186.8", "PWD_P14": "202.3", "PWD_P15": "218.5", "PWD_P16": "235.4", "PWD_P17": "253.1", "PWD_P18": "271.5", "PWD_P19": "291.0", "PWD_P20": "311.6", "PWD_P21": "332.9", "PWD_P22": "355.3", "PWD_P23": "379.3", "PWD_P24": "404.4", "PWD_P25": "430.8", "PWD_P26": "458.9", "PWD_P27": "488.8", "PWD_P28": "520.5", "PWD_P29": "554.4", "PWD_P30": "590.3", "PWD_P31": "628.2", "PWD_P32": "668.1", "PWD_P33": "710.7", "PWD_P34": "756.4", "PWD_P35": "804.9", "PWD_P36": "856.2", "PWD_P37": "910.9", "PWD_P38": "969.0", "PWD_P39": "1032.0", "PWD_P40": "1098.8", "PWD_P41": "1169.3", "PWD_P42": "1244.7", "PWD_P43": "1324.0", "PWD_P44": "1408.2", "PWD_P45": "1497.3", "PWD_P46": "1592.3", "PWD_P47": "1693.0", "PWD_P48": "1799.1", "PWD_P49": "1911.8", "PWD_P50": "2028.7", "PWD_P51": "2150.8", "PWD_P52": "2280.7", "PWD_P53": "2419.3", "PWD_P54": "2564.6", "PWD_P55": "2717.8", "PWD_P56": "2879.9", "PWD_P57": "3052.2", "PWD_P58": "3236.3", "PWD_P59": "3434.4", "PWD_P60": "3641.5", "PWD_P61": "3859.9", "PWD_P62": "4093.3", "PWD_P63": "4343.5", "PWD_P64": "4609.7", "PWD_P65": "4898.1", "PWD_P66": "5209.0", "PWD_P67": "5540.1", "PWD_P68": "5892.3", "PWD_P69": "6268.9", "PWD_P70": "6680.9", "PWD_P71": "7117.2", "PWD_P72": "7597.3", "PWD_P73": "8117.9", "PWD_P74": "8684.0", "PWD_P75": "9297.1", "PWD_P76": "9965.4", "PWD_P77": "10699.2", "PWD_P78": "11514.4", "PWD_P79": "12391.3", "PWD_P80": "13315.6", "PWD_P81": "14353.2", "PWD_P82": "15498.8", "PWD_P83": "16752.6", "PWD_P84": "18141.2", "PWD_P85": "19665.2", "PWD_P86": "21320.1", "PWD_P87": "23213.5", "PWD_P88": "25306.1", "PWD_P89": "27736.2", "PWD_P90": "30381.9", "PWD_P91": "33484.7", "PWD_P92": "37197.0", "PWD_P93": "42302.8", "PWD_P94": "49084.4", "PWD_P95": "57050.1", "PWD_P96": "67903.3", "PWD_P97": "83506.4", "PWD_P98": "106222.7", "PWD_P99": "154018.9", "PWD_P100": "1612840.7" }, "geometry": { "type": "Point", "coordinates": [ 122.447494506835938, 12.171245574951172 ] } },
{ "type": "Feature", "id": 167, "properties": { "lon": 19.317686080932617, "lat": 51.710758209228516, "year": "2005", "ISO": "POL", "ISO_No": "616", "Name": "Poland", "PWC_Lat": "51.7107582092285", "PWC_Lon": "19.3176860809326", "Pop": "38368957", "Density": "124.9", "Area": "307116.6", "PWD_A": "1819.7", "PWD_G": "587.1", "PWD_M": "750.8", "PWD_P1": "13.1", "PWD_P2": "17.2", "PWD_P3": "20.3", "PWD_P4": "22.9", "PWD_P5": "25.3", "PWD_P6": "27.7", "PWD_P7": "30.1", "PWD_P8": "32.6", "PWD_P9": "35.4", "PWD_P10": "38.5", "PWD_P11": "41.8", "PWD_P12": "45.5", "PWD_P13": "49.5", "PWD_P14": "54.1", "PWD_P15": "59.3", "PWD_P16": "65.0", "PWD_P17": "71.4", "PWD_P18": "78.3", "PWD_P19": "85.9", "PWD_P20": "94.3", "PWD_P21": "103.6", "PWD_P22": "113.6", "PWD_P23": "124.6", "PWD_P24": "136.4", "PWD_P25": "149.2", "PWD_P26": "162.9", "PWD_P27": "177.4", "PWD_P28": "192.6", "PWD_P29": "208.5", "PWD_P30": "225.0", "PWD_P31": "242.1", "PWD_P32": "259.9", "PWD_P33": "278.1", "PWD_P34": "296.9", "PWD_P35": "316.5", "PWD_P36": "336.7", "PWD_P37": "357.9", "PWD_P38": "380.1", "PWD_P39": "403.1", "PWD_P40": "427.3", "PWD_P41": "452.7", "PWD_P42": "479.4", "PWD_P43": "507.5", "PWD_P44": "536.9", "PWD_P45": "568.2", "PWD_P46": "600.7", "PWD_P47": "635.1", "PWD_P48": "671.6", "PWD_P49": "710.2", "PWD_P50": "750.8", "PWD_P51": "793.4", "PWD_P52": "838.4", "PWD_P53": "886.6", "PWD_P54": "937.4", "PWD_P55": "991.5", "PWD_P56": "1047.9", "PWD_P57": "1107.4", "PWD_P58": "1169.4", "PWD_P59": "1235.3", "PWD_P60": "1304.6", "PWD_P61": "1376.4", "PWD_P62": "1450.9", "PWD_P63": "1528.3", "PWD_P64": "1609.1", "PWD_P65": "1693.1", "PWD_P66": "1780.4", "PWD_P67": "1868.9", "PWD_P68": "1960.2", "PWD_P69": "2053.4", "PWD_P70": "2150.1", "PWD_P71": "2249.2", "PWD_P72": "2351.3", "PWD_P73": "2456.4", "PWD_P74": "2566.6", "PWD_P75": "2678.1", "PWD_P76": "2794.6", "PWD_P77": "2917.4", "PWD_P78": "3045.0", "PWD_P79": "3178.9", "PWD_P80": "3316.5", "PWD_P81": "3461.2", "PWD_P82": "3609.5", "PWD_P83": "3765.4", "PWD_P84": "3929.5", "PWD_P85": "4101.5", "PWD_P86": "4285.5", "PWD_P87": "4485.1", "PWD_P88": "4701.9", "PWD_P89": "4936.3", "PWD_P90": "5194.0", "PWD_P91": "5473.9", "PWD_P92": "5788.0", "PWD_P93": "6144.4", "PWD_P94": "6588.7", "PWD_P95": "7042.4", "PWD_P96": "7533.9", "PWD_P97": "8085.8", "PWD_P98": "8911.6", "PWD_P99": "10655.2", "PWD_P100": "13957.8" }, "geometry": { "type": "Point", "coordinates": [ 19.317686080932617, 51.710758209228516 ] } },
{ "type": "Feature", "id": 168, "properties": { "lon": -9.1986885070800781, "lat": 39.713283538818359, "year": "2005", "ISO": "PRT", "ISO_No": "620", "Name": "Portugal", "PWC_Lat": "39.7132835388184", "PWC_Lon": "-9.19868850708008", "Pop": "10508494", "Density": "114.9", "Area": "91423.6", "PWD_A": "8994.7", "PWD_G": "2974.1", "PWD_M": "3364.0", "PWD_P1": "23.4", "PWD_P2": "55.7", "PWD_P3": "87.8", "PWD_P4": "120.0", "PWD_P5": "152.1", "PWD_P6": "184.6", "PWD_P7": "217.5", "PWD_P8": "250.9", "PWD_P9": "284.4", "PWD_P10": "318.3", "PWD_P11": "352.5", "PWD_P12": "387.4", "PWD_P13": "423.2", "PWD_P14": "459.6", "PWD_P15": "497.1", "PWD_P16": "535.6", "PWD_P17": "575.1", "PWD_P18": "615.4", "PWD_P19": "656.8", "PWD_P20": "699.5", "PWD_P21": "744.2", "PWD_P22": "789.6", "PWD_P23": "836.6", "PWD_P24": "885.2", "PWD_P25": "936.3", "PWD_P26": "987.5", "PWD_P27": "1041.9", "PWD_P28": "1098.7", "PWD_P29": "1156.3", "PWD_P30": "1216.6", "PWD_P31": "1280.1", "PWD_P32": "1347.2", "PWD_P33": "1417.8", "PWD_P34": "1490.8", "PWD_P35": "1568.0", "PWD_P36": "1651.1", "PWD_P37": "1737.1", "PWD_P38": "1829.6", "PWD_P39": "1924.5", "PWD_P40": "2024.6", "PWD_P41": "2128.4", "PWD_P42": "2239.1", "PWD_P43": "2356.2", "PWD_P44": "2483.3", "PWD_P45": "2611.1", "PWD_P46": "2744.2", "PWD_P47": "2885.1", "PWD_P48": "3034.8", "PWD_P49": "3194.0", "PWD_P50": "3364.0", "PWD_P51": "3540.5", "PWD_P52": "3716.4", "PWD_P53": "3909.7", "PWD_P54": "4119.6", "PWD_P55": "4333.7", "PWD_P56": "4560.3", "PWD_P57": "4794.4", "PWD_P58": "5046.1", "PWD_P59": "5301.0", "PWD_P60": "5568.4", "PWD_P61": "5854.5", "PWD_P62": "6158.3", "PWD_P63": "6485.1", "PWD_P64": "6802.2", "PWD_P65": "7150.5", "PWD_P66": "7527.2", "PWD_P67": "7929.4", "PWD_P68": "8347.0", "PWD_P69": "8801.6", "PWD_P70": "9232.0", "PWD_P71": "9696.9", "PWD_P72": "10197.4", "PWD_P73": "10712.2", "PWD_P74": "11251.0", "PWD_P75": "11809.3", "PWD_P76": "12406.1", "PWD_P77": "13043.9", "PWD_P78": "13712.7", "PWD_P79": "14408.5", "PWD_P80": "15109.6", "PWD_P81": "15933.9", "PWD_P82": "16779.9", "PWD_P83": "17713.6", "PWD_P84": "18654.7", "PWD_P85": "19645.0", "PWD_P86": "20720.4", "PWD_P87": "21897.2", "PWD_P88": "23167.1", "PWD_P89": "24499.1", "PWD_P90": "25933.1", "PWD_P91": "27429.8", "PWD_P92": "29210.7", "PWD_P93": "31109.0", "PWD_P94": "33408.3", "PWD_P95": "35949.0", "PWD_P96": "39166.4", "PWD_P97": "43085.3", "PWD_P98": "49587.1", "PWD_P99": "59611.7", "PWD_P100": "158068.1" }, "geometry": { "type": "Point", "coordinates": [ -9.198688507080078, 39.713283538818359 ] } },
{ "type": "Feature", "id": 169, "properties": { "lon": -15.252632141113281, "lat": 12.02358341217041, "year": "2005", "ISO": "GNB", "ISO_No": "624", "Name": "Guinea-Bissau", "PWC_Lat": "12.0235834121704", "PWC_Lon": "-15.2526321411133", "Pop": "1344931", "Density": "40.0", "Area": "33636.4", "PWD_A": "1161.7", "PWD_G": "131.5", "PWD_M": "57.5", "PWD_P1": "7.7", "PWD_P2": "10.0", "PWD_P3": "11.3", "PWD_P4": "12.3", "PWD_P5": "13.2", "PWD_P6": "14.1", "PWD_P7": "15.1", "PWD_P8": "16.1", "PWD_P9": "16.9", "PWD_P10": "17.6", "PWD_P11": "18.3", "PWD_P12": "18.9", "PWD_P13": "19.5", "PWD_P14": "20.1", "PWD_P15": "20.7", "PWD_P16": "21.4", "PWD_P17": "22.0", "PWD_P18": "22.6", "PWD_P19": "23.2", "PWD_P20": "23.9", "PWD_P21": "24.6", "PWD_P22": "25.3", "PWD_P23": "26.1", "PWD_P24": "27.0", "PWD_P25": "27.8", "PWD_P26": "28.6", "PWD_P27": "29.5", "PWD_P28": "30.4", "PWD_P29": "31.3", "PWD_P30": "32.2", "PWD_P31": "33.1", "PWD_P32": "34.0", "PWD_P33": "34.9", "PWD_P34": "36.0", "PWD_P35": "37.1", "PWD_P36": "38.3", "PWD_P37": "39.4", "PWD_P38": "40.6", "PWD_P39": "42.0", "PWD_P40": "43.4", "PWD_P41": "44.8", "PWD_P42": "46.3", "PWD_P43": "47.7", "PWD_P44": "49.1", "PWD_P45": "50.5", "PWD_P46": "51.8", "PWD_P47": "53.2", "PWD_P48": "54.6", "PWD_P49": "56.0", "PWD_P50": "57.5", "PWD_P51": "59.1", "PWD_P52": "60.8", "PWD_P53": "62.7", "PWD_P54": "64.8", "PWD_P55": "67.0", "PWD_P56": "69.7", "PWD_P57": "72.7", "PWD_P58": "75.8", "PWD_P59": "79.0", "PWD_P60": "82.4", "PWD_P61": "86.4", "PWD_P62": "90.9", "PWD_P63": "96.3", "PWD_P64": "102.2", "PWD_P65": "108.8", "PWD_P66": "116.9", "PWD_P67": "126.8", "PWD_P68": "138.4", "PWD_P69": "151.0", "PWD_P70": "169.2", "PWD_P71": "187.5", "PWD_P72": "207.7", "PWD_P73": "258.2", "PWD_P74": "327.2", "PWD_P75": "439.1", "PWD_P76": "757.8", "PWD_P77": "1453.5", "PWD_P78": "2123.5", "PWD_P79": "3075.3", "PWD_P80": "3457.7", "PWD_P81": "3675.3", "PWD_P82": "3886.2", "PWD_P83": "4652.8", "PWD_P84": "4798.3", "PWD_P85": "4910.3", "PWD_P86": "5003.7", "PWD_P87": "5077.2", "PWD_P88": "5146.9", "PWD_P89": "5219.7", "PWD_P90": "5284.3", "PWD_P91": "5330.7", "PWD_P92": "5365.7", "PWD_P93": "5407.5", "PWD_P94": "5463.8", "PWD_P95": "5531.9", "PWD_P96": "5598.9", "PWD_P97": "5673.1", "PWD_P98": "5757.9", "PWD_P99": "5844.8", "PWD_P100": "6017.4" }, "geometry": { "type": "Point", "coordinates": [ -15.252632141113281, 12.02358341217041 ] } },
{ "type": "Feature", "id": 170, "properties": { "lon": 125.67743682861328, "lat": -8.7801170349121094, "year": "2005", "ISO": "TLS", "ISO_No": "626", "Name": "East Timor", "PWC_Lat": "-8.78011703491211", "PWC_Lon": "125.677436828613", "Pop": "995129", "Density": "66.5", "Area": "14966.9", "PWD_A": "908.5", "PWD_G": "187.7", "PWD_M": "136.4", "PWD_P1": "9.2", "PWD_P2": "12.2", "PWD_P3": "14.4", "PWD_P4": "16.4", "PWD_P5": "18.3", "PWD_P6": "20.0", "PWD_P7": "21.7", "PWD_P8": "23.4", "PWD_P9": "25.1", "PWD_P10": "26.8", "PWD_P11": "28.5", "PWD_P12": "30.5", "PWD_P13": "32.4", "PWD_P14": "34.2", "PWD_P15": "36.0", "PWD_P16": "37.7", "PWD_P17": "39.4", "PWD_P18": "41.2", "PWD_P19": "43.0", "PWD_P20": "44.8", "PWD_P21": "46.7", "PWD_P22": "48.6", "PWD_P23": "50.5", "PWD_P24": "52.4", "PWD_P25": "54.3", "PWD_P26": "56.3", "PWD_P27": "58.6", "PWD_P28": "60.8", "PWD_P29": "63.1", "PWD_P30": "65.4", "PWD_P31": "67.8", "PWD_P32": "70.3", "PWD_P33": "73.0", "PWD_P34": "75.7", "PWD_P35": "78.6", "PWD_P36": "81.5", "PWD_P37": "84.4", "PWD_P38": "87.6", "PWD_P39": "91.0", "PWD_P40": "94.6", "PWD_P41": "98.3", "PWD_P42": "102.3", "PWD_P43": "106.6", "PWD_P44": "110.7", "PWD_P45": "114.8", "PWD_P46": "118.8", "PWD_P47": "123.0", "PWD_P48": "127.3", "PWD_P49": "131.8", "PWD_P50": "136.4", "PWD_P51": "141.2", "PWD_P52": "146.5", "PWD_P53": "152.1", "PWD_P54": "157.7", "PWD_P55": "163.5", "PWD_P56": "169.8", "PWD_P57": "176.2", "PWD_P58": "183.0", "PWD_P59": "189.9", "PWD_P60": "197.2", "PWD_P61": "205.0", "PWD_P62": "213.9", "PWD_P63": "223.4", "PWD_P64": "233.9", "PWD_P65": "246.1", "PWD_P66": "258.7", "PWD_P67": "272.6", "PWD_P68": "288.1", "PWD_P69": "304.2", "PWD_P70": "322.4", "PWD_P71": "343.0", "PWD_P72": "366.6", "PWD_P73": "393.9", "PWD_P74": "423.1", "PWD_P75": "453.4", "PWD_P76": "494.0", "PWD_P77": "543.5", "PWD_P78": "608.3", "PWD_P79": "682.0", "PWD_P80": "771.7", "PWD_P81": "908.9", "PWD_P82": "1129.9", "PWD_P83": "1323.8", "PWD_P84": "1563.3", "PWD_P85": "1849.2", "PWD_P86": "2122.2", "PWD_P87": "2425.1", "PWD_P88": "2784.8", "PWD_P89": "3203.7", "PWD_P90": "3576.7", "PWD_P91": "3915.7", "PWD_P92": "4267.2", "PWD_P93": "4595.7", "PWD_P94": "4898.8", "PWD_P95": "5563.1", "PWD_P96": "6227.8", "PWD_P97": "6812.9", "PWD_P98": "7589.7", "PWD_P99": "8511.4", "PWD_P100": "11112.7" }, "geometry": { "type": "Point", "coordinates": [ 125.677436828613281, -8.780117034912109 ] } },
{ "type": "Feature", "id": 171, "properties": { "lon": -66.348541259765625, "lat": 18.280519485473633, "year": "2005", "ISO": "PRI", "ISO_No": "630", "Name": "Puerto Rico", "PWC_Lat": "18.2805194854736", "PWC_Lon": "-66.3485412597656", "Pop": "3631884", "Density": "402.7", "Area": "9018.3", "PWD_A": "4524.2", "PWD_G": "2090.7", "PWD_M": "2677.3", "PWD_P1": "35.9", "PWD_P2": "58.8", "PWD_P3": "81.5", "PWD_P4": "104.3", "PWD_P5": "128.9", "PWD_P6": "156.7", "PWD_P7": "186.5", "PWD_P8": "217.9", "PWD_P9": "251.3", "PWD_P10": "286.5", "PWD_P11": "323.3", "PWD_P12": "359.9", "PWD_P13": "398.6", "PWD_P14": "438.5", "PWD_P15": "476.4", "PWD_P16": "515.0", "PWD_P17": "554.5", "PWD_P18": "593.9", "PWD_P19": "634.3", "PWD_P20": "676.9", "PWD_P21": "719.1", "PWD_P22": "763.4", "PWD_P23": "808.0", "PWD_P24": "852.8", "PWD_P25": "899.1", "PWD_P26": "947.7", "PWD_P27": "998.2", "PWD_P28": "1050.4", "PWD_P29": "1104.5", "PWD_P30": "1159.3", "PWD_P31": "1213.2", "PWD_P32": "1268.0", "PWD_P33": "1327.4", "PWD_P34": "1388.1", "PWD_P35": "1449.7", "PWD_P36": "1514.8", "PWD_P37": "1578.1", "PWD_P38": "1648.2", "PWD_P39": "1720.8", "PWD_P40": "1795.7", "PWD_P41": "1873.1", "PWD_P42": "1953.3", "PWD_P43": "2031.8", "PWD_P44": "2114.8", "PWD_P45": "2202.2", "PWD_P46": "2287.2", "PWD_P47": "2379.8", "PWD_P48": "2478.3", "PWD_P49": "2577.2", "PWD_P50": "2677.3", "PWD_P51": "2772.7", "PWD_P52": "2869.0", "PWD_P53": "2969.7", "PWD_P54": "3070.4", "PWD_P55": "3178.2", "PWD_P56": "3290.9", "PWD_P57": "3405.1", "PWD_P58": "3522.3", "PWD_P59": "3640.6", "PWD_P60": "3752.3", "PWD_P61": "3875.3", "PWD_P62": "3990.1", "PWD_P63": "4106.6", "PWD_P64": "4226.4", "PWD_P65": "4354.4", "PWD_P66": "4482.2", "PWD_P67": "4600.1", "PWD_P68": "4738.1", "PWD_P69": "4882.4", "PWD_P70": "5032.5", "PWD_P71": "5186.8", "PWD_P72": "5350.1", "PWD_P73": "5513.0", "PWD_P74": "5685.6", "PWD_P75": "5859.9", "PWD_P76": "6060.5", "PWD_P77": "6264.3", "PWD_P78": "6470.1", "PWD_P79": "6701.3", "PWD_P80": "6941.6", "PWD_P81": "7200.3", "PWD_P82": "7472.1", "PWD_P83": "7742.9", "PWD_P84": "8065.2", "PWD_P85": "8402.4", "PWD_P86": "8754.9", "PWD_P87": "9130.2", "PWD_P88": "9503.3", "PWD_P89": "9976.6", "PWD_P90": "10511.6", "PWD_P91": "11145.6", "PWD_P92": "11807.3", "PWD_P93": "12530.9", "PWD_P94": "13508.2", "PWD_P95": "14546.2", "PWD_P96": "16039.6", "PWD_P97": "18079.3", "PWD_P98": "21306.2", "PWD_P99": "29185.4", "PWD_P100": "119892.9" }, "geometry": { "type": "Point", "coordinates": [ -66.348541259765625, 18.280519485473633 ] } },
{ "type": "Feature", "id": 172, "properties": { "lon": 51.460006713867188, "lat": 25.324625015258789, "year": "2005", "ISO": "QAT", "ISO_No": "634", "Name": "Qatar", "PWC_Lat": "25.3246250152588", "PWC_Lon": "51.4600067138672", "Pop": "865409", "Density": "76.5", "Area": "11305.1", "PWD_A": "3441.8", "PWD_G": "1126.0", "PWD_M": "1765.4", "PWD_P1": "7.1", "PWD_P2": "15.5", "PWD_P3": "25.6", "PWD_P4": "34.8", "PWD_P5": "43.8", "PWD_P6": "54.0", "PWD_P7": "64.7", "PWD_P8": "74.9", "PWD_P9": "84.3", "PWD_P10": "93.1", "PWD_P11": "101.4", "PWD_P12": "109.9", "PWD_P13": "118.0", "PWD_P14": "126.3", "PWD_P15": "134.5", "PWD_P16": "143.4", "PWD_P17": "152.5", "PWD_P18": "162.1", "PWD_P19": "172.2", "PWD_P20": "183.0", "PWD_P21": "194.9", "PWD_P22": "208.6", "PWD_P23": "222.9", "PWD_P24": "238.4", "PWD_P25": "257.8", "PWD_P26": "279.2", "PWD_P27": "302.7", "PWD_P28": "329.2", "PWD_P29": "358.8", "PWD_P30": "389.6", "PWD_P31": "425.8", "PWD_P32": "463.9", "PWD_P33": "501.8", "PWD_P34": "543.2", "PWD_P35": "584.7", "PWD_P36": "634.6", "PWD_P37": "694.1", "PWD_P38": "760.2", "PWD_P39": "831.8", "PWD_P40": "895.7", "PWD_P41": "975.2", "PWD_P42": "1053.2", "PWD_P43": "1125.2", "PWD_P44": "1208.6", "PWD_P45": "1298.9", "PWD_P46": "1385.3", "PWD_P47": "1487.1", "PWD_P48": "1579.9", "PWD_P49": "1671.8", "PWD_P50": "1765.4", "PWD_P51": "1862.5", "PWD_P52": "1953.6", "PWD_P53": "2045.0", "PWD_P54": "2135.4", "PWD_P55": "2239.4", "PWD_P56": "2345.5", "PWD_P57": "2444.8", "PWD_P58": "2548.7", "PWD_P59": "2661.4", "PWD_P60": "2761.3", "PWD_P61": "2877.3", "PWD_P62": "3001.6", "PWD_P63": "3115.9", "PWD_P64": "3240.2", "PWD_P65": "3374.1", "PWD_P66": "3508.8", "PWD_P67": "3670.2", "PWD_P68": "3844.4", "PWD_P69": "4010.8", "PWD_P70": "4212.2", "PWD_P71": "4431.9", "PWD_P72": "4688.9", "PWD_P73": "4913.9", "PWD_P74": "5156.9", "PWD_P75": "5368.8", "PWD_P76": "5558.7", "PWD_P77": "5814.4", "PWD_P78": "6074.8", "PWD_P79": "6291.1", "PWD_P80": "6513.4", "PWD_P81": "6746.1", "PWD_P82": "6980.1", "PWD_P83": "7199.9", "PWD_P84": "7412.0", "PWD_P85": "7647.7", "PWD_P86": "7871.1", "PWD_P87": "8199.4", "PWD_P88": "8558.4", "PWD_P89": "8890.6", "PWD_P90": "9240.6", "PWD_P91": "9492.2", "PWD_P92": "9903.1", "PWD_P93": "10590.6", "PWD_P94": "11228.3", "PWD_P95": "11996.1", "PWD_P96": "12640.5", "PWD_P97": "13946.1", "PWD_P98": "15852.6", "PWD_P99": "19983.1", "PWD_P100": "27577.1" }, "geometry": { "type": "Point", "coordinates": [ 51.460006713867188, 25.324625015258789 ] } },
{ "type": "Feature", "id": 173, "properties": { "lon": 55.470867156982422, "lat": -21.089443206787109, "year": "2005", "ISO": "REU", "ISO_No": "638", "Name": "Reunion", "PWC_Lat": "-21.0894432067871", "PWC_Lon": "55.4708671569824", "Pop": "791597", "Density": "315.5", "Area": "2509.3", "PWD_A": "774.3", "PWD_G": "536.5", "PWD_M": "606.2", "PWD_P1": "40.6", "PWD_P2": "53.6", "PWD_P3": "65.8", "PWD_P4": "77.2", "PWD_P5": "89.4", "PWD_P6": "103.1", "PWD_P7": "116.2", "PWD_P8": "130.0", "PWD_P9": "143.7", "PWD_P10": "155.5", "PWD_P11": "166.9", "PWD_P12": "177.8", "PWD_P13": "188.6", "PWD_P14": "199.3", "PWD_P15": "210.4", "PWD_P16": "219.7", "PWD_P17": "227.9", "PWD_P18": "237.0", "PWD_P19": "245.7", "PWD_P20": "253.7", "PWD_P21": "262.0", "PWD_P22": "271.0", "PWD_P23": "281.3", "PWD_P24": "292.1", "PWD_P25": "302.9", "PWD_P26": "314.7", "PWD_P27": "326.0", "PWD_P28": "337.9", "PWD_P29": "349.5", "PWD_P30": "360.8", "PWD_P31": "371.6", "PWD_P32": "382.5", "PWD_P33": "394.0", "PWD_P34": "406.3", "PWD_P35": "417.8", "PWD_P36": "430.3", "PWD_P37": "442.9", "PWD_P38": "455.7", "PWD_P39": "468.0", "PWD_P40": "479.9", "PWD_P41": "492.2", "PWD_P42": "504.9", "PWD_P43": "518.0", "PWD_P44": "531.9", "PWD_P45": "544.6", "PWD_P46": "556.8", "PWD_P47": "569.1", "PWD_P48": "581.0", "PWD_P49": "593.4", "PWD_P50": "606.2", "PWD_P51": "618.7", "PWD_P52": "630.2", "PWD_P53": "642.0", "PWD_P54": "653.1", "PWD_P55": "665.6", "PWD_P56": "678.5", "PWD_P57": "692.4", "PWD_P58": "707.4", "PWD_P59": "721.7", "PWD_P60": "736.2", "PWD_P61": "751.8", "PWD_P62": "767.2", "PWD_P63": "783.1", "PWD_P64": "796.4", "PWD_P65": "808.4", "PWD_P66": "820.4", "PWD_P67": "834.1", "PWD_P68": "850.1", "PWD_P69": "872.1", "PWD_P70": "894.3", "PWD_P71": "916.7", "PWD_P72": "938.0", "PWD_P73": "956.9", "PWD_P74": "972.9", "PWD_P75": "988.6", "PWD_P76": "1007.6", "PWD_P77": "1027.9", "PWD_P78": "1057.3", "PWD_P79": "1097.8", "PWD_P80": "1139.1", "PWD_P81": "1186.5", "PWD_P82": "1251.2", "PWD_P83": "1328.5", "PWD_P84": "1403.4", "PWD_P85": "1492.0", "PWD_P86": "1584.7", "PWD_P87": "1642.4", "PWD_P88": "1691.8", "PWD_P89": "1739.2", "PWD_P90": "1776.5", "PWD_P91": "1810.7", "PWD_P92": "1852.9", "PWD_P93": "1902.9", "PWD_P94": "1961.7", "PWD_P95": "2128.9", "PWD_P96": "2374.9", "PWD_P97": "2481.3", "PWD_P98": "2595.6", "PWD_P99": "2772.4", "PWD_P100": "3133.5" }, "geometry": { "type": "Point", "coordinates": [ 55.470867156982422, -21.089443206787109 ] } },
{ "type": "Feature", "id": 174, "properties": { "lon": 25.229921340942383, "lat": 45.707374572753906, "year": "2005", "ISO": "ROU", "ISO_No": "642", "Name": "Romania", "PWC_Lat": "45.7073745727539", "PWC_Lon": "25.2299213409424", "Pop": "21417287", "Density": "91.2", "Area": "234887.1", "PWD_A": "2810.0", "PWD_G": "555.0", "PWD_M": "524.8", "PWD_P1": "8.4", "PWD_P2": "12.4", "PWD_P3": "15.7", "PWD_P4": "18.8", "PWD_P5": "21.7", "PWD_P6": "24.5", "PWD_P7": "27.1", "PWD_P8": "29.7", "PWD_P9": "32.2", "PWD_P10": "34.8", "PWD_P11": "37.4", "PWD_P12": "40.0", "PWD_P13": "42.6", "PWD_P14": "45.5", "PWD_P15": "48.4", "PWD_P16": "51.5", "PWD_P17": "54.7", "PWD_P18": "58.1", "PWD_P19": "61.7", "PWD_P20": "65.6", "PWD_P21": "69.8", "PWD_P22": "74.3", "PWD_P23": "79.1", "PWD_P24": "84.3", "PWD_P25": "89.9", "PWD_P26": "95.9", "PWD_P27": "102.3", "PWD_P28": "109.2", "PWD_P29": "116.7", "PWD_P30": "124.8", "PWD_P31": "133.5", "PWD_P32": "142.9", "PWD_P33": "153.1", "PWD_P34": "163.9", "PWD_P35": "175.7", "PWD_P36": "188.3", "PWD_P37": "202.0", "PWD_P38": "216.8", "PWD_P39": "232.9", "PWD_P40": "250.1", "PWD_P41": "268.7", "PWD_P42": "288.9", "PWD_P43": "310.8", "PWD_P44": "334.6", "PWD_P45": "360.4", "PWD_P46": "388.3", "PWD_P47": "418.8", "PWD_P48": "451.9", "PWD_P49": "487.0", "PWD_P50": "524.8", "PWD_P51": "566.1", "PWD_P52": "611.8", "PWD_P53": "662.3", "PWD_P54": "718.2", "PWD_P55": "780.0", "PWD_P56": "849.1", "PWD_P57": "926.6", "PWD_P58": "1012.4", "PWD_P59": "1105.9", "PWD_P60": "1208.5", "PWD_P61": "1322.5", "PWD_P62": "1444.9", "PWD_P63": "1581.8", "PWD_P64": "1728.4", "PWD_P65": "1880.2", "PWD_P66": "2047.9", "PWD_P67": "2227.7", "PWD_P68": "2416.0", "PWD_P69": "2615.7", "PWD_P70": "2826.3", "PWD_P71": "3044.7", "PWD_P72": "3274.0", "PWD_P73": "3510.5", "PWD_P74": "3753.7", "PWD_P75": "4024.0", "PWD_P76": "4317.3", "PWD_P77": "4590.9", "PWD_P78": "4880.9", "PWD_P79": "5205.7", "PWD_P80": "5513.7", "PWD_P81": "5795.7", "PWD_P82": "6114.1", "PWD_P83": "6472.2", "PWD_P84": "6862.0", "PWD_P85": "7196.4", "PWD_P86": "7495.1", "PWD_P87": "7758.6", "PWD_P88": "8006.2", "PWD_P89": "8267.0", "PWD_P90": "8574.5", "PWD_P91": "9020.8", "PWD_P92": "9695.3", "PWD_P93": "10712.2", "PWD_P94": "12257.3", "PWD_P95": "13958.7", "PWD_P96": "15239.1", "PWD_P97": "16036.8", "PWD_P98": "16622.6", "PWD_P99": "17502.6", "PWD_P100": "19642.8" }, "geometry": { "type": "Point", "coordinates": [ 25.229921340942383, 45.707374572753906 ] } },
{ "type": "Feature", "id": 175, "properties": { "lon": 29.832269668579102, "lat": -1.9983930587768555, "year": "2005", "ISO": "RWA", "ISO_No": "646", "Name": "Rwanda", "PWC_Lat": "-1.99839305877686", "PWC_Lon": "29.8322696685791", "Pop": "8840220", "Density": "370.2", "Area": "23880.7", "PWD_A": "1047.3", "PWD_G": "555.4", "PWD_M": "467.2", "PWD_P1": "85.4", "PWD_P2": "131.5", "PWD_P3": "165.3", "PWD_P4": "187.1", "PWD_P5": "202.7", "PWD_P6": "215.1", "PWD_P7": "226.3", "PWD_P8": "236.5", "PWD_P9": "245.4", "PWD_P10": "253.2", "PWD_P11": "260.2", "PWD_P12": "266.9", "PWD_P13": "273.2", "PWD_P14": "279.0", "PWD_P15": "284.2", "PWD_P16": "289.2", "PWD_P17": "293.7", "PWD_P18": "298.3", "PWD_P19": "302.9", "PWD_P20": "307.4", "PWD_P21": "312.0", "PWD_P22": "316.7", "PWD_P23": "321.4", "PWD_P24": "326.1", "PWD_P25": "330.8", "PWD_P26": "335.4", "PWD_P27": "340.2", "PWD_P28": "344.9", "PWD_P29": "349.8", "PWD_P30": "354.7", "PWD_P31": "359.9", "PWD_P32": "364.8", "PWD_P33": "369.8", "PWD_P34": "374.8", "PWD_P35": "380.0", "PWD_P36": "385.3", "PWD_P37": "390.5", "PWD_P38": "395.8", "PWD_P39": "401.1", "PWD_P40": "406.5", "PWD_P41": "412.0", "PWD_P42": "417.4", "PWD_P43": "423.1", "PWD_P44": "428.9", "PWD_P45": "434.8", "PWD_P46": "440.9", "PWD_P47": "447.2", "PWD_P48": "453.8", "PWD_P49": "460.4", "PWD_P50": "467.2", "PWD_P51": "474.2", "PWD_P52": "481.3", "PWD_P53": "488.4", "PWD_P54": "495.8", "PWD_P55": "503.4", "PWD_P56": "511.1", "PWD_P57": "519.1", "PWD_P58": "527.4", "PWD_P59": "535.8", "PWD_P60": "544.7", "PWD_P61": "553.9", "PWD_P62": "563.8", "PWD_P63": "574.0", "PWD_P64": "584.6", "PWD_P65": "595.8", "PWD_P66": "607.5", "PWD_P67": "619.6", "PWD_P68": "632.0", "PWD_P69": "644.7", "PWD_P70": "658.2", "PWD_P71": "671.9", "PWD_P72": "686.8", "PWD_P73": "701.9", "PWD_P74": "717.8", "PWD_P75": "735.2", "PWD_P76": "754.1", "PWD_P77": "774.5", "PWD_P78": "796.9", "PWD_P79": "822.3", "PWD_P80": "848.5", "PWD_P81": "877.7", "PWD_P82": "910.5", "PWD_P83": "947.1", "PWD_P84": "990.0", "PWD_P85": "1041.4", "PWD_P86": "1104.2", "PWD_P87": "1179.8", "PWD_P88": "1273.0", "PWD_P89": "1407.8", "PWD_P90": "1613.4", "PWD_P91": "1881.7", "PWD_P92": "2209.9", "PWD_P93": "2695.0", "PWD_P94": "3274.2", "PWD_P95": "3953.7", "PWD_P96": "4775.4", "PWD_P97": "5874.0", "PWD_P98": "7529.8", "PWD_P99": "14505.3", "PWD_P100": "28985.3" }, "geometry": { "type": "Point", "coordinates": [ 29.832269668579102, -1.998393058776855 ] } },
{ "type": "Feature", "id": 176, "properties": { "lon": -62.8307, "lat": 17.9037, "year": "2005", "ISO": "BLM", "ISO_No": "652", "Name": "Saint Barthelemy", "PWC_Lat": "17.9037", "PWC_Lon": "-62.8307", "Pop": "8555", "Density": "300.5", "Area": "28.5", "PWD_A": "397.7", "PWD_G": "366.7", "PWD_M": "416.2", "PWD_P1": "62.2", "PWD_P2": "85.3", "PWD_P3": "114.0", "PWD_P4": "146.5", "PWD_P5": "163.5", "PWD_P6": "178.2", "PWD_P7": "190.1", "PWD_P8": "199.3", "PWD_P9": "207.1", "PWD_P10": "217.0", "PWD_P11": "224.0", "PWD_P12": "233.4", "PWD_P13": "240.4", "PWD_P14": "249.4", "PWD_P15": "257.0", "PWD_P16": "264.8", "PWD_P17": "270.7", "PWD_P18": "275.6", "PWD_P19": "280.8", "PWD_P20": "285.8", "PWD_P21": "290.2", "PWD_P22": "294.2", "PWD_P23": "299.4", "PWD_P24": "305.2", "PWD_P25": "308.4", "PWD_P26": "311.9", "PWD_P27": "315.2", "PWD_P28": "318.7", "PWD_P29": "322.7", "PWD_P30": "328.5", "PWD_P31": "333.3", "PWD_P32": "339.1", "PWD_P33": "343.0", "PWD_P34": "346.5", "PWD_P35": "350.5", "PWD_P36": "354.9", "PWD_P37": "357.6", "PWD_P38": "362.1", "PWD_P39": "367.1", "PWD_P40": "371.7", "PWD_P41": "374.5", "PWD_P42": "379.6", "PWD_P43": "383.2", "PWD_P44": "386.8", "PWD_P45": "390.9", "PWD_P46": "395.8", "PWD_P47": "401.0", "PWD_P48": "407.0", "PWD_P49": "411.4", "PWD_P50": "416.2", "PWD_P51": "419.5", "PWD_P52": "423.8", "PWD_P53": "428.3", "PWD_P54": "431.0", "PWD_P55": "434.5", "PWD_P56": "437.3", "PWD_P57": "439.4", "PWD_P58": "443.1", "PWD_P59": "447.5", "PWD_P60": "450.4", "PWD_P61": "452.9", "PWD_P62": "455.9", "PWD_P63": "458.1", "PWD_P64": "461.3", "PWD_P65": "463.9", "PWD_P66": "466.7", "PWD_P67": "469.3", "PWD_P68": "472.9", "PWD_P69": "474.8", "PWD_P70": "477.4", "PWD_P71": "480.0", "PWD_P72": "483.8", "PWD_P73": "487.4", "PWD_P74": "492.2", "PWD_P75": "497.6", "PWD_P76": "500.5", "PWD_P77": "506.2", "PWD_P78": "511.5", "PWD_P79": "517.2", "PWD_P80": "522.0", "PWD_P81": "528.2", "PWD_P82": "535.2", "PWD_P83": "539.9", "PWD_P84": "544.4", "PWD_P85": "548.4", "PWD_P86": "551.2", "PWD_P87": "554.6", "PWD_P88": "556.6", "PWD_P89": "559.1", "PWD_P90": "561.9", "PWD_P91": "564.5", "PWD_P92": "569.1", "PWD_P93": "573.9", "PWD_P94": "578.1", "PWD_P95": "582.6", "PWD_P96": "586.6", "PWD_P97": "590.0", "PWD_P98": "596.5", "PWD_P99": "607.9", "PWD_P100": "637.5" }, "geometry": { "type": "Point", "coordinates": [ -62.8307, 17.9037 ] } },
{ "type": "Feature", "id": 177, "properties": { "lon": -7.2539, "lat": -16.0028, "year": "2005", "ISO": "SHN", "ISO_No": "654", "Name": "Saint Helena", "PWC_Lat": "-16.0028", "PWC_Lon": "-7.2539", "Pop": "5353", "Density": "17.1", "Area": "312.7", "PWD_A": "323.1", "PWD_G": "172.7", "PWD_M": "410.4", "PWD_P1": "2.6", "PWD_P2": "2.7", "PWD_P3": "2.8", "PWD_P4": "2.8", "PWD_P5": "2.8", "PWD_P6": "2.8", "PWD_P7": "5.9", "PWD_P8": "7.0", "PWD_P9": "7.7", "PWD_P10": "8.2", "PWD_P11": "8.6", "PWD_P12": "8.9", "PWD_P13": "9.7", "PWD_P14": "10.5", "PWD_P15": "11.0", "PWD_P16": "11.5", "PWD_P17": "12.0", "PWD_P18": "13.1", "PWD_P19": "43.4", "PWD_P20": "53.9", "PWD_P21": "64.3", "PWD_P22": "69.3", "PWD_P23": "287.0", "PWD_P24": "351.6", "PWD_P25": "356.2", "PWD_P26": "360.3", "PWD_P27": "362.8", "PWD_P28": "364.8", "PWD_P29": "365.6", "PWD_P30": "366.8", "PWD_P31": "367.4", "PWD_P32": "368.1", "PWD_P33": "368.3", "PWD_P34": "369.6", "PWD_P35": "370.9", "PWD_P36": "372.2", "PWD_P37": "373.3", "PWD_P38": "375.5", "PWD_P39": "379.3", "PWD_P40": "383.6", "PWD_P41": "385.9", "PWD_P42": "389.8", "PWD_P43": "392.4", "PWD_P44": "397.6", "PWD_P45": "400.5", "PWD_P46": "404.2", "PWD_P47": "406.3", "PWD_P48": "408.2", "PWD_P49": "409.7", "PWD_P50": "410.4", "PWD_P51": "411.1", "PWD_P52": "412.3", "PWD_P53": "413.3", "PWD_P54": "414.3", "PWD_P55": "414.7", "PWD_P56": "415.4", "PWD_P57": "416.6", "PWD_P58": "418.0", "PWD_P59": "419.0", "PWD_P60": "420.0", "PWD_P61": "421.7", "PWD_P62": "422.9", "PWD_P63": "424.0", "PWD_P64": "425.1", "PWD_P65": "426.2", "PWD_P66": "426.5", "PWD_P67": "427.1", "PWD_P68": "428.0", "PWD_P69": "429.1", "PWD_P70": "429.7", "PWD_P71": "430.5", "PWD_P72": "430.9", "PWD_P73": "431.4", "PWD_P74": "432.4", "PWD_P75": "433.3", "PWD_P76": "434.4", "PWD_P77": "434.8", "PWD_P78": "435.2", "PWD_P79": "436.3", "PWD_P80": "437.5", "PWD_P81": "438.3", "PWD_P82": "439.0", "PWD_P83": "439.5", "PWD_P84": "440.4", "PWD_P85": "441.1", "PWD_P86": "441.8", "PWD_P87": "443.4", "PWD_P88": "444.5", "PWD_P89": "445.1", "PWD_P90": "446.4", "PWD_P91": "447.0", "PWD_P92": "448.6", "PWD_P93": "449.6", "PWD_P94": "450.7", "PWD_P95": "452.6", "PWD_P96": "453.3", "PWD_P97": "454.9", "PWD_P98": "455.7", "PWD_P99": "457.0", "PWD_P100": "458.2" }, "geometry": { "type": "Point", "coordinates": [ -7.2539, -16.0028 ] } },
{ "type": "Feature", "id": 178, "properties": { "lon": -62.715465545654297, "lat": 17.285816192626953, "year": "2005", "ISO": "KNA", "ISO_No": "659", "Name": "Saint Kitts and Nevis", "PWC_Lat": "17.285816192627", "PWC_Lon": "-62.7154655456543", "Pop": "46852", "Density": "170.8", "Area": "274.3", "PWD_A": "398.8", "PWD_G": "265.9", "PWD_M": "253.1", "PWD_P1": "30.6", "PWD_P2": "38.9", "PWD_P3": "46.7", "PWD_P4": "51.5", "PWD_P5": "55.8", "PWD_P6": "60.2", "PWD_P7": "65.0", "PWD_P8": "69.4", "PWD_P9": "73.4", "PWD_P10": "78.3", "PWD_P11": "81.6", "PWD_P12": "84.4", "PWD_P13": "87.7", "PWD_P14": "90.8", "PWD_P15": "94.0", "PWD_P16": "97.3", "PWD_P17": "100.5", "PWD_P18": "103.9", "PWD_P19": "107.3", "PWD_P20": "111.0", "PWD_P21": "115.0", "PWD_P22": "118.6", "PWD_P23": "122.5", "PWD_P24": "126.6", "PWD_P25": "131.3", "PWD_P26": "136.6", "PWD_P27": "141.6", "PWD_P28": "145.7", "PWD_P29": "150.6", "PWD_P30": "155.2", "PWD_P31": "160.1", "PWD_P32": "164.7", "PWD_P33": "170.5", "PWD_P34": "176.4", "PWD_P35": "183.3", "PWD_P36": "189.5", "PWD_P37": "194.4", "PWD_P38": "199.6", "PWD_P39": "204.1", "PWD_P40": "208.6", "PWD_P41": "213.3", "PWD_P42": "217.8", "PWD_P43": "222.2", "PWD_P44": "226.9", "PWD_P45": "230.7", "PWD_P46": "235.3", "PWD_P47": "239.7", "PWD_P48": "244.1", "PWD_P49": "248.7", "PWD_P50": "253.1", "PWD_P51": "257.7", "PWD_P52": "263.1", "PWD_P53": "268.5", "PWD_P54": "274.4", "PWD_P55": "280.1", "PWD_P56": "286.4", "PWD_P57": "293.8", "PWD_P58": "302.4", "PWD_P59": "312.4", "PWD_P60": "321.6", "PWD_P61": "331.8", "PWD_P62": "342.3", "PWD_P63": "356.5", "PWD_P64": "368.3", "PWD_P65": "386.0", "PWD_P66": "401.3", "PWD_P67": "416.6", "PWD_P68": "433.1", "PWD_P69": "453.2", "PWD_P70": "474.0", "PWD_P71": "498.2", "PWD_P72": "521.3", "PWD_P73": "542.8", "PWD_P74": "583.2", "PWD_P75": "622.4", "PWD_P76": "659.7", "PWD_P77": "698.1", "PWD_P78": "732.9", "PWD_P79": "765.0", "PWD_P80": "789.1", "PWD_P81": "817.7", "PWD_P82": "843.2", "PWD_P83": "864.4", "PWD_P84": "887.2", "PWD_P85": "907.8", "PWD_P86": "928.3", "PWD_P87": "946.6", "PWD_P88": "964.1", "PWD_P89": "984.4", "PWD_P90": "999.2", "PWD_P91": "1017.6", "PWD_P92": "1031.3", "PWD_P93": "1052.1", "PWD_P94": "1067.7", "PWD_P95": "1088.5", "PWD_P96": "1107.5", "PWD_P97": "1130.9", "PWD_P98": "1151.9", "PWD_P99": "1176.1", "PWD_P100": "1236.2" }, "geometry": { "type": "Point", "coordinates": [ -62.715465545654297, 17.285816192626953 ] } },
{ "type": "Feature", "id": 179, "properties": { "lon": -63.0566, "lat": 18.2154, "year": "2005", "ISO": "AIA", "ISO_No": "660", "Name": "Anguilla", "PWC_Lat": "18.2154", "PWC_Lon": "-63.0566", "Pop": "12442", "Density": "139.3", "Area": "89.3", "PWD_A": "249.0", "PWD_G": "196.2", "PWD_M": "175.0", "PWD_P1": "35.8", "PWD_P2": "54.1", "PWD_P3": "62.4", "PWD_P4": "66.6", "PWD_P5": "70.7", "PWD_P6": "75.0", "PWD_P7": "80.4", "PWD_P8": "83.7", "PWD_P9": "86.3", "PWD_P10": "89.2", "PWD_P11": "91.8", "PWD_P12": "94.0", "PWD_P13": "96.0", "PWD_P14": "97.8", "PWD_P15": "99.8", "PWD_P16": "101.7", "PWD_P17": "103.8", "PWD_P18": "106.1", "PWD_P19": "108.3", "PWD_P20": "110.2", "PWD_P21": "112.6", "PWD_P22": "114.7", "PWD_P23": "116.7", "PWD_P24": "118.6", "PWD_P25": "120.7", "PWD_P26": "122.9", "PWD_P27": "124.7", "PWD_P28": "126.6", "PWD_P29": "128.5", "PWD_P30": "130.0", "PWD_P31": "132.0", "PWD_P32": "133.6", "PWD_P33": "135.1", "PWD_P34": "136.7", "PWD_P35": "138.8", "PWD_P36": "140.8", "PWD_P37": "142.9", "PWD_P38": "145.0", "PWD_P39": "147.3", "PWD_P40": "149.7", "PWD_P41": "152.1", "PWD_P42": "155.1", "PWD_P43": "157.7", "PWD_P44": "160.0", "PWD_P45": "162.5", "PWD_P46": "164.7", "PWD_P47": "167.1", "PWD_P48": "169.9", "PWD_P49": "172.3", "PWD_P50": "175.0", "PWD_P51": "179.3", "PWD_P52": "182.9", "PWD_P53": "186.9", "PWD_P54": "191.5", "PWD_P55": "197.1", "PWD_P56": "204.5", "PWD_P57": "211.0", "PWD_P58": "217.0", "PWD_P59": "223.6", "PWD_P60": "230.1", "PWD_P61": "237.8", "PWD_P62": "244.0", "PWD_P63": "251.2", "PWD_P64": "259.0", "PWD_P65": "267.8", "PWD_P66": "273.1", "PWD_P67": "278.0", "PWD_P68": "284.8", "PWD_P69": "290.1", "PWD_P70": "296.1", "PWD_P71": "302.4", "PWD_P72": "308.6", "PWD_P73": "316.4", "PWD_P74": "327.4", "PWD_P75": "341.4", "PWD_P76": "353.5", "PWD_P77": "365.0", "PWD_P78": "378.6", "PWD_P79": "393.1", "PWD_P80": "419.6", "PWD_P81": "433.8", "PWD_P82": "448.0", "PWD_P83": "457.8", "PWD_P84": "469.4", "PWD_P85": "477.7", "PWD_P86": "489.0", "PWD_P87": "497.8", "PWD_P88": "510.1", "PWD_P89": "536.5", "PWD_P90": "551.2", "PWD_P91": "570.8", "PWD_P92": "586.2", "PWD_P93": "598.3", "PWD_P94": "607.2", "PWD_P95": "614.8", "PWD_P96": "628.4", "PWD_P97": "636.0", "PWD_P98": "640.3", "PWD_P99": "646.2", "PWD_P100": "658.5" }, "geometry": { "type": "Point", "coordinates": [ -63.0566, 18.2154 ] } },
{ "type": "Feature", "id": 180, "properties": { "lon": -60.972160339355469, "lat": 13.928554534912109, "year": "2005", "ISO": "LCA", "ISO_No": "662", "Name": "Saint Lucia", "PWC_Lat": "13.9285545349121", "PWC_Lon": "-60.9721603393555", "Pop": "163407", "Density": "260.7", "Area": "626.8", "PWD_A": "919.5", "PWD_G": "518.8", "PWD_M": "559.4", "PWD_P1": "42.2", "PWD_P2": "53.3", "PWD_P3": "64.4", "PWD_P4": "72.4", "PWD_P5": "80.2", "PWD_P6": "88.0", "PWD_P7": "95.4", "PWD_P8": "102.1", "PWD_P9": "110.2", "PWD_P10": "118.2", "PWD_P11": "126.1", "PWD_P12": "132.4", "PWD_P13": "138.8", "PWD_P14": "145.6", "PWD_P15": "152.1", "PWD_P16": "159.2", "PWD_P17": "166.8", "PWD_P18": "174.0", "PWD_P19": "181.3", "PWD_P20": "189.2", "PWD_P21": "197.6", "PWD_P22": "206.7", "PWD_P23": "215.7", "PWD_P24": "224.0", "PWD_P25": "231.7", "PWD_P26": "239.0", "PWD_P27": "246.9", "PWD_P28": "255.9", "PWD_P29": "265.5", "PWD_P30": "275.5", "PWD_P31": "285.4", "PWD_P32": "296.7", "PWD_P33": "307.9", "PWD_P34": "319.3", "PWD_P35": "331.1", "PWD_P36": "342.0", "PWD_P37": "354.2", "PWD_P38": "366.0", "PWD_P39": "378.0", "PWD_P40": "390.7", "PWD_P41": "404.4", "PWD_P42": "418.2", "PWD_P43": "432.4", "PWD_P44": "447.0", "PWD_P45": "462.9", "PWD_P46": "479.7", "PWD_P47": "498.5", "PWD_P48": "517.6", "PWD_P49": "537.1", "PWD_P50": "559.4", "PWD_P51": "580.2", "PWD_P52": "601.3", "PWD_P53": "618.2", "PWD_P54": "635.8", "PWD_P55": "653.8", "PWD_P56": "669.0", "PWD_P57": "685.2", "PWD_P58": "702.3", "PWD_P59": "717.9", "PWD_P60": "734.7", "PWD_P61": "753.4", "PWD_P62": "770.4", "PWD_P63": "786.2", "PWD_P64": "805.7", "PWD_P65": "825.7", "PWD_P66": "846.2", "PWD_P67": "864.0", "PWD_P68": "887.1", "PWD_P69": "911.3", "PWD_P70": "935.7", "PWD_P71": "960.0", "PWD_P72": "989.0", "PWD_P73": "1012.9", "PWD_P74": "1045.1", "PWD_P75": "1082.0", "PWD_P76": "1121.6", "PWD_P77": "1151.7", "PWD_P78": "1184.3", "PWD_P79": "1226.3", "PWD_P80": "1277.5", "PWD_P81": "1344.9", "PWD_P82": "1439.5", "PWD_P83": "1562.2", "PWD_P84": "1710.8", "PWD_P85": "1828.2", "PWD_P86": "1922.6", "PWD_P87": "2037.5", "PWD_P88": "2166.2", "PWD_P89": "2314.3", "PWD_P90": "2428.6", "PWD_P91": "2508.1", "PWD_P92": "2578.5", "PWD_P93": "2682.0", "PWD_P94": "2909.8", "PWD_P95": "3730.7", "PWD_P96": "4101.9", "PWD_P97": "4262.8", "PWD_P98": "4451.0", "PWD_P99": "4616.6", "PWD_P100": "4815.8" }, "geometry": { "type": "Point", "coordinates": [ -60.972160339355469, 13.928554534912109 ] } },
{ "type": "Feature", "id": 181, "properties": { "lon": -63.0617, "lat": 18.0767, "year": "2005", "ISO": "MAF", "ISO_No": "663", "Name": "Saint Martin (French part)", "PWC_Lat": "18.0767", "PWC_Lon": "-63.0617", "Pop": "34251", "Density": "631.2", "Area": "54.3", "PWD_A": "854.0", "PWD_G": "750.8", "PWD_M": "723.8", "PWD_P1": "178.2", "PWD_P2": "221.9", "PWD_P3": "247.3", "PWD_P4": "272.6", "PWD_P5": "300.2", "PWD_P6": "316.8", "PWD_P7": "331.8", "PWD_P8": "348.7", "PWD_P9": "372.2", "PWD_P10": "390.8", "PWD_P11": "405.0", "PWD_P12": "420.1", "PWD_P13": "434.7", "PWD_P14": "451.4", "PWD_P15": "464.1", "PWD_P16": "479.1", "PWD_P17": "489.3", "PWD_P18": "498.1", "PWD_P19": "509.1", "PWD_P20": "517.0", "PWD_P21": "523.7", "PWD_P22": "530.7", "PWD_P23": "536.9", "PWD_P24": "542.4", "PWD_P25": "549.2", "PWD_P26": "554.9", "PWD_P27": "560.1", "PWD_P28": "567.6", "PWD_P29": "573.5", "PWD_P30": "578.9", "PWD_P31": "584.3", "PWD_P32": "590.8", "PWD_P33": "597.5", "PWD_P34": "603.2", "PWD_P35": "609.0", "PWD_P36": "616.1", "PWD_P37": "622.0", "PWD_P38": "628.6", "PWD_P39": "636.8", "PWD_P40": "644.6", "PWD_P41": "650.3", "PWD_P42": "656.0", "PWD_P43": "661.9", "PWD_P44": "669.0", "PWD_P45": "677.6", "PWD_P46": "686.5", "PWD_P47": "695.3", "PWD_P48": "704.0", "PWD_P49": "713.2", "PWD_P50": "723.8", "PWD_P51": "736.3", "PWD_P52": "747.9", "PWD_P53": "762.0", "PWD_P54": "773.7", "PWD_P55": "788.8", "PWD_P56": "803.9", "PWD_P57": "823.4", "PWD_P58": "838.6", "PWD_P59": "857.9", "PWD_P60": "873.7", "PWD_P61": "889.5", "PWD_P62": "915.7", "PWD_P63": "943.6", "PWD_P64": "965.4", "PWD_P65": "992.8", "PWD_P66": "1008.1", "PWD_P67": "1029.3", "PWD_P68": "1052.9", "PWD_P69": "1066.0", "PWD_P70": "1086.0", "PWD_P71": "1105.1", "PWD_P72": "1124.5", "PWD_P73": "1144.8", "PWD_P74": "1163.1", "PWD_P75": "1179.8", "PWD_P76": "1193.1", "PWD_P77": "1204.0", "PWD_P78": "1218.7", "PWD_P79": "1232.7", "PWD_P80": "1247.7", "PWD_P81": "1261.5", "PWD_P82": "1275.8", "PWD_P83": "1296.3", "PWD_P84": "1319.8", "PWD_P85": "1350.9", "PWD_P86": "1374.7", "PWD_P87": "1403.7", "PWD_P88": "1454.7", "PWD_P89": "1487.1", "PWD_P90": "1519.1", "PWD_P91": "1548.4", "PWD_P92": "1579.1", "PWD_P93": "1600.6", "PWD_P94": "1620.1", "PWD_P95": "1648.3", "PWD_P96": "1663.9", "PWD_P97": "1681.9", "PWD_P98": "1706.3", "PWD_P99": "1750.3", "PWD_P100": "1811.8" }, "geometry": { "type": "Point", "coordinates": [ -63.0617, 18.0767 ] } },
{ "type": "Feature", "id": 182, "properties": { "lon": -56.202907562255859, "lat": 46.803764343261719, "year": "2005", "ISO": "SPM", "ISO_No": "666", "Name": "Saint Pierre and Miquelon", "PWC_Lat": "46.8037643432617", "PWC_Lon": "-56.2029075622559", "Pop": "6112", "Density": "26.4", "Area": "231.2", "PWD_A": "266.5", "PWD_G": "169.5", "PWD_M": "269.6", "PWD_P1": "1.2", "PWD_P2": "1.4", "PWD_P3": "1.9", "PWD_P4": "2.9", "PWD_P5": "5.6", "PWD_P6": "11.4", "PWD_P7": "20.1", "PWD_P8": "35.5", "PWD_P9": "42.5", "PWD_P10": "45.5", "PWD_P11": "47.8", "PWD_P12": "50.2", "PWD_P13": "52.6", "PWD_P14": "56.1", "PWD_P15": "59.4", "PWD_P16": "64.2", "PWD_P17": "67.4", "PWD_P18": "72.1", "PWD_P19": "77.4", "PWD_P20": "85.5", "PWD_P21": "93.8", "PWD_P22": "101.0", "PWD_P23": "106.4", "PWD_P24": "110.9", "PWD_P25": "115.9", "PWD_P26": "121.3", "PWD_P27": "126.8", "PWD_P28": "132.4", "PWD_P29": "137.4", "PWD_P30": "141.8", "PWD_P31": "148.0", "PWD_P32": "153.3", "PWD_P33": "159.4", "PWD_P34": "163.3", "PWD_P35": "168.5", "PWD_P36": "175.5", "PWD_P37": "184.4", "PWD_P38": "190.9", "PWD_P39": "196.6", "PWD_P40": "203.5", "PWD_P41": "210.8", "PWD_P42": "216.8", "PWD_P43": "222.9", "PWD_P44": "227.5", "PWD_P45": "232.8", "PWD_P46": "239.1", "PWD_P47": "244.3", "PWD_P48": "254.7", "PWD_P49": "262.4", "PWD_P50": "269.6", "PWD_P51": "275.2", "PWD_P52": "281.2", "PWD_P53": "288.1", "PWD_P54": "295.1", "PWD_P55": "302.3", "PWD_P56": "307.9", "PWD_P57": "315.9", "PWD_P58": "324.0", "PWD_P59": "329.9", "PWD_P60": "338.7", "PWD_P61": "345.4", "PWD_P62": "352.3", "PWD_P63": "359.7", "PWD_P64": "369.1", "PWD_P65": "375.6", "PWD_P66": "381.9", "PWD_P67": "387.6", "PWD_P68": "391.5", "PWD_P69": "395.1", "PWD_P70": "397.9", "PWD_P71": "401.6", "PWD_P72": "406.8", "PWD_P73": "409.8", "PWD_P74": "413.3", "PWD_P75": "416.9", "PWD_P76": "420.0", "PWD_P77": "423.2", "PWD_P78": "426.8", "PWD_P79": "429.0", "PWD_P80": "431.4", "PWD_P81": "435.0", "PWD_P82": "439.3", "PWD_P83": "444.7", "PWD_P84": "450.9", "PWD_P85": "460.9", "PWD_P86": "466.0", "PWD_P87": "472.2", "PWD_P88": "478.0", "PWD_P89": "482.6", "PWD_P90": "487.6", "PWD_P91": "495.4", "PWD_P92": "500.2", "PWD_P93": "506.3", "PWD_P94": "511.6", "PWD_P95": "515.7", "PWD_P96": "520.6", "PWD_P97": "525.8", "PWD_P98": "531.8", "PWD_P99": "540.3", "PWD_P100": "547.2" }, "geometry": { "type": "Point", "coordinates": [ -56.202907562255859, 46.803764343261719 ] } },
{ "type": "Feature", "id": 183, "properties": { "lon": -61.204116821289062, "lat": 13.170856475830078, "year": "2005", "ISO": "VCT", "ISO_No": "670", "Name": "Saint Vincent and the Grenadines", "PWC_Lat": "13.1708564758301", "PWC_Lon": "-61.2041168212891", "Pop": "108616", "Density": "261.6", "Area": "415.1", "PWD_A": "799.9", "PWD_G": "487.9", "PWD_M": "522.7", "PWD_P1": "42.1", "PWD_P2": "50.2", "PWD_P3": "54.3", "PWD_P4": "59.7", "PWD_P5": "64.4", "PWD_P6": "68.7", "PWD_P7": "75.1", "PWD_P8": "83.5", "PWD_P9": "91.1", "PWD_P10": "99.4", "PWD_P11": "109.2", "PWD_P12": "117.2", "PWD_P13": "129.7", "PWD_P14": "139.4", "PWD_P15": "148.7", "PWD_P16": "157.6", "PWD_P17": "167.2", "PWD_P18": "176.2", "PWD_P19": "186.6", "PWD_P20": "196.2", "PWD_P21": "205.9", "PWD_P22": "214.6", "PWD_P23": "222.8", "PWD_P24": "231.2", "PWD_P25": "240.5", "PWD_P26": "250.2", "PWD_P27": "259.2", "PWD_P28": "267.6", "PWD_P29": "276.1", "PWD_P30": "284.8", "PWD_P31": "294.3", "PWD_P32": "302.6", "PWD_P33": "311.7", "PWD_P34": "321.0", "PWD_P35": "331.1", "PWD_P36": "342.1", "PWD_P37": "355.1", "PWD_P38": "369.0", "PWD_P39": "383.5", "PWD_P40": "398.1", "PWD_P41": "413.5", "PWD_P42": "426.5", "PWD_P43": "438.6", "PWD_P44": "452.0", "PWD_P45": "464.5", "PWD_P46": "475.3", "PWD_P47": "488.1", "PWD_P48": "499.3", "PWD_P49": "510.8", "PWD_P50": "522.7", "PWD_P51": "533.2", "PWD_P52": "544.9", "PWD_P53": "556.6", "PWD_P54": "568.6", "PWD_P55": "582.8", "PWD_P56": "594.8", "PWD_P57": "606.6", "PWD_P58": "618.4", "PWD_P59": "633.0", "PWD_P60": "647.5", "PWD_P61": "660.9", "PWD_P62": "675.5", "PWD_P63": "692.1", "PWD_P64": "708.2", "PWD_P65": "733.5", "PWD_P66": "762.3", "PWD_P67": "796.7", "PWD_P68": "840.5", "PWD_P69": "901.1", "PWD_P70": "970.0", "PWD_P71": "1039.9", "PWD_P72": "1097.1", "PWD_P73": "1162.2", "PWD_P74": "1227.1", "PWD_P75": "1286.2", "PWD_P76": "1341.3", "PWD_P77": "1387.4", "PWD_P78": "1437.8", "PWD_P79": "1492.3", "PWD_P80": "1532.3", "PWD_P81": "1582.4", "PWD_P82": "1632.3", "PWD_P83": "1677.1", "PWD_P84": "1725.8", "PWD_P85": "1770.8", "PWD_P86": "1816.6", "PWD_P87": "1871.1", "PWD_P88": "1914.8", "PWD_P89": "1955.7", "PWD_P90": "1995.2", "PWD_P91": "2032.0", "PWD_P92": "2082.8", "PWD_P93": "2165.6", "PWD_P94": "2241.0", "PWD_P95": "2346.0", "PWD_P96": "2454.7", "PWD_P97": "2543.2", "PWD_P98": "2650.4", "PWD_P99": "2723.1", "PWD_P100": "2841.6" }, "geometry": { "type": "Point", "coordinates": [ -61.204116821289062, 13.170856475830078 ] } },
{ "type": "Feature", "id": 184, "properties": { "lon": 12.463713645935059, "lat": 43.945064544677734, "year": "2005", "ISO": "SMR", "ISO_No": "674", "Name": "San Marino", "PWC_Lat": "43.9450645446777", "PWC_Lon": "12.4637136459351", "Pop": "29324", "Density": "513.6", "Area": "57.1", "PWD_A": "1411.0", "PWD_G": "1065.2", "PWD_M": "1366.5", "PWD_P1": "33.3", "PWD_P2": "73.3", "PWD_P3": "110.4", "PWD_P4": "149.3", "PWD_P5": "191.1", "PWD_P6": "228.1", "PWD_P7": "272.2", "PWD_P8": "309.2", "PWD_P9": "327.5", "PWD_P10": "349.1", "PWD_P11": "368.7", "PWD_P12": "396.6", "PWD_P13": "415.9", "PWD_P14": "434.1", "PWD_P15": "451.6", "PWD_P16": "469.1", "PWD_P17": "491.2", "PWD_P18": "510.1", "PWD_P19": "528.9", "PWD_P20": "544.1", "PWD_P21": "564.3", "PWD_P22": "585.8", "PWD_P23": "607.0", "PWD_P24": "631.9", "PWD_P25": "652.6", "PWD_P26": "673.0", "PWD_P27": "698.7", "PWD_P28": "720.3", "PWD_P29": "744.7", "PWD_P30": "767.7", "PWD_P31": "801.8", "PWD_P32": "830.4", "PWD_P33": "865.7", "PWD_P34": "902.7", "PWD_P35": "925.4", "PWD_P36": "954.0", "PWD_P37": "976.7", "PWD_P38": "1010.5", "PWD_P39": "1052.2", "PWD_P40": "1077.8", "PWD_P41": "1108.3", "PWD_P42": "1139.8", "PWD_P43": "1167.2", "PWD_P44": "1196.5", "PWD_P45": "1229.0", "PWD_P46": "1264.1", "PWD_P47": "1282.8", "PWD_P48": "1303.7", "PWD_P49": "1332.3", "PWD_P50": "1366.5", "PWD_P51": "1393.3", "PWD_P52": "1421.1", "PWD_P53": "1464.0", "PWD_P54": "1507.7", "PWD_P55": "1542.1", "PWD_P56": "1584.1", "PWD_P57": "1612.8", "PWD_P58": "1640.2", "PWD_P59": "1672.4", "PWD_P60": "1708.7", "PWD_P61": "1752.4", "PWD_P62": "1813.6", "PWD_P63": "1834.2", "PWD_P64": "1870.8", "PWD_P65": "1913.7", "PWD_P66": "1945.1", "PWD_P67": "1990.3", "PWD_P68": "2022.4", "PWD_P69": "2049.1", "PWD_P70": "2076.9", "PWD_P71": "2098.8", "PWD_P72": "2118.3", "PWD_P73": "2136.1", "PWD_P74": "2154.3", "PWD_P75": "2168.3", "PWD_P76": "2187.2", "PWD_P77": "2200.4", "PWD_P78": "2219.2", "PWD_P79": "2235.2", "PWD_P80": "2248.1", "PWD_P81": "2271.2", "PWD_P82": "2296.3", "PWD_P83": "2320.4", "PWD_P84": "2343.4", "PWD_P85": "2366.7", "PWD_P86": "2390.3", "PWD_P87": "2420.2", "PWD_P88": "2442.9", "PWD_P89": "2464.5", "PWD_P90": "2490.5", "PWD_P91": "2521.6", "PWD_P92": "2556.6", "PWD_P93": "2588.5", "PWD_P94": "2626.6", "PWD_P95": "2660.7", "PWD_P96": "2695.9", "PWD_P97": "2726.8", "PWD_P98": "2761.9", "PWD_P99": "2898.7", "PWD_P100": "3142.9" }, "geometry": { "type": "Point", "coordinates": [ 12.463713645935059, 43.945064544677734 ] } },
{ "type": "Feature", "id": 185, "properties": { "lon": 6.7115077972412109, "lat": 0.36635881662368774, "year": "2005", "ISO": "STP", "ISO_No": "678", "Name": "Sao Tome and Principe", "PWC_Lat": "0.366358816623688", "PWC_Lon": "6.71150779724121", "Pop": "157472", "Density": "153.9", "Area": "1023.2", "PWD_A": "2447.6", "PWD_G": "630.8", "PWD_M": "366.3", "PWD_P1": "17.1", "PWD_P2": "21.9", "PWD_P3": "26.9", "PWD_P4": "31.1", "PWD_P5": "35.5", "PWD_P6": "39.7", "PWD_P7": "43.0", "PWD_P8": "46.0", "PWD_P9": "49.8", "PWD_P10": "52.9", "PWD_P11": "56.4", "PWD_P12": "59.5", "PWD_P13": "63.5", "PWD_P14": "68.4", "PWD_P15": "74.0", "PWD_P16": "81.6", "PWD_P17": "87.2", "PWD_P18": "92.7", "PWD_P19": "101.6", "PWD_P20": "114.4", "PWD_P21": "127.2", "PWD_P22": "137.2", "PWD_P23": "146.8", "PWD_P24": "157.5", "PWD_P25": "165.3", "PWD_P26": "171.1", "PWD_P27": "177.7", "PWD_P28": "183.0", "PWD_P29": "187.8", "PWD_P30": "197.4", "PWD_P31": "206.4", "PWD_P32": "211.4", "PWD_P33": "217.2", "PWD_P34": "224.3", "PWD_P35": "229.3", "PWD_P36": "234.8", "PWD_P37": "242.2", "PWD_P38": "247.3", "PWD_P39": "253.9", "PWD_P40": "260.5", "PWD_P41": "271.0", "PWD_P42": "282.7", "PWD_P43": "290.2", "PWD_P44": "300.8", "PWD_P45": "306.1", "PWD_P46": "311.4", "PWD_P47": "319.3", "PWD_P48": "332.0", "PWD_P49": "352.4", "PWD_P50": "366.3", "PWD_P51": "382.6", "PWD_P52": "394.4", "PWD_P53": "407.5", "PWD_P54": "429.3", "PWD_P55": "438.8", "PWD_P56": "445.8", "PWD_P57": "456.7", "PWD_P58": "545.7", "PWD_P59": "565.3", "PWD_P60": "595.7", "PWD_P61": "762.7", "PWD_P62": "2920.5", "PWD_P63": "3511.5", "PWD_P64": "3696.6", "PWD_P65": "3753.5", "PWD_P66": "4314.2", "PWD_P67": "4438.4", "PWD_P68": "4446.8", "PWD_P69": "4561.9", "PWD_P70": "4619.3", "PWD_P71": "4704.0", "PWD_P72": "4904.1", "PWD_P73": "5534.8", "PWD_P74": "5540.1", "PWD_P75": "5638.3", "PWD_P76": "5682.1", "PWD_P77": "5694.2", "PWD_P78": "5706.7", "PWD_P79": "5725.6", "PWD_P80": "5780.3", "PWD_P81": "5886.4", "PWD_P82": "7214.6", "PWD_P83": "7230.0", "PWD_P84": "7239.7", "PWD_P85": "7262.6", "PWD_P86": "7269.9", "PWD_P87": "7269.9", "PWD_P88": "7269.9", "PWD_P89": "7269.9", "PWD_P90": "7270.6", "PWD_P91": "7281.3", "PWD_P92": "7288.0", "PWD_P93": "7292.1", "PWD_P94": "7295.4", "PWD_P95": "7295.4", "PWD_P96": "7298.2", "PWD_P97": "7324.6", "PWD_P98": "7324.6", "PWD_P99": "7332.3", "PWD_P100": "7349.3" }, "geometry": { "type": "Point", "coordinates": [ 6.711507797241211, 0.366358816623688 ] } },
{ "type": "Feature", "id": 186, "properties": { "lon": 43.4149, "lat": 23.3585, "year": "2005", "ISO": "SAU", "ISO_No": "682", "Name": "Saudi Arabia", "PWC_Lat": "23.3585", "PWC_Lon": "43.4149", "Pop": "23816175", "Density": "12.4", "Area": "1912957.9", "PWD_A": "506.0", "PWD_G": "138.7", "PWD_M": "204.8", "PWD_P1": "0.8", "PWD_P2": "1.1", "PWD_P3": "1.4", "PWD_P4": "1.7", "PWD_P5": "2.2", "PWD_P6": "2.7", "PWD_P7": "3.2", "PWD_P8": "3.8", "PWD_P9": "4.4", "PWD_P10": "5.2", "PWD_P11": "6.1", "PWD_P12": "7.1", "PWD_P13": "8.1", "PWD_P14": "9.3", "PWD_P15": "10.6", "PWD_P16": "11.9", "PWD_P17": "13.5", "PWD_P18": "15.3", "PWD_P19": "17.2", "PWD_P20": "19.4", "PWD_P21": "21.7", "PWD_P22": "24.4", "PWD_P23": "27.4", "PWD_P24": "30.4", "PWD_P25": "33.5", "PWD_P26": "36.9", "PWD_P27": "40.6", "PWD_P28": "44.4", "PWD_P29": "48.3", "PWD_P30": "52.7", "PWD_P31": "57.6", "PWD_P32": "63.3", "PWD_P33": "68.9", "PWD_P34": "75.2", "PWD_P35": "81.6", "PWD_P36": "88.4", "PWD_P37": "95.2", "PWD_P38": "102.1", "PWD_P39": "108.7", "PWD_P40": "115.5", "PWD_P41": "122.2", "PWD_P42": "129.0", "PWD_P43": "135.4", "PWD_P44": "141.9", "PWD_P45": "149.4", "PWD_P46": "156.3", "PWD_P47": "167.2", "PWD_P48": "180.6", "PWD_P49": "193.4", "PWD_P50": "204.8", "PWD_P51": "218.5", "PWD_P52": "234.9", "PWD_P53": "254.1", "PWD_P54": "270.2", "PWD_P55": "282.7", "PWD_P56": "299.9", "PWD_P57": "319.4", "PWD_P58": "347.6", "PWD_P59": "384.5", "PWD_P60": "421.7", "PWD_P61": "448.6", "PWD_P62": "468.8", "PWD_P63": "499.7", "PWD_P64": "529.2", "PWD_P65": "556.4", "PWD_P66": "592.2", "PWD_P67": "636.4", "PWD_P68": "675.0", "PWD_P69": "722.6", "PWD_P70": "757.4", "PWD_P71": "791.8", "PWD_P72": "822.8", "PWD_P73": "870.4", "PWD_P74": "918.4", "PWD_P75": "952.1", "PWD_P76": "975.8", "PWD_P77": "992.7", "PWD_P78": "1009.5", "PWD_P79": "1029.7", "PWD_P80": "1058.6", "PWD_P81": "1113.3", "PWD_P82": "1167.0", "PWD_P83": "1208.2", "PWD_P84": "1236.7", "PWD_P85": "1252.9", "PWD_P86": "1265.5", "PWD_P87": "1279.9", "PWD_P88": "1294.8", "PWD_P89": "1308.3", "PWD_P90": "1331.5", "PWD_P91": "1378.3", "PWD_P92": "1457.3", "PWD_P93": "1559.0", "PWD_P94": "1697.2", "PWD_P95": "1804.3", "PWD_P96": "1861.6", "PWD_P97": "1922.2", "PWD_P98": "1990.3", "PWD_P99": "2071.3", "PWD_P100": "2352.1" }, "geometry": { "type": "Point", "coordinates": [ 43.4149, 23.3585 ] } },
{ "type": "Feature", "id": 187, "properties": { "lon": -16.039987564086914, "lat": 14.515236854553223, "year": "2005", "ISO": "SEN", "ISO_No": "686", "Name": "Senegal", "PWC_Lat": "14.5152368545532", "PWC_Lon": "-16.0399875640869", "Pop": "11090122", "Density": "56.9", "Area": "194837.4", "PWD_A": "3092.6", "PWD_G": "334.1", "PWD_M": "188.5", "PWD_P1": "5.2", "PWD_P2": "7.1", "PWD_P3": "8.8", "PWD_P4": "10.6", "PWD_P5": "12.5", "PWD_P6": "14.6", "PWD_P7": "17.2", "PWD_P8": "19.9", "PWD_P9": "22.5", "PWD_P10": "24.8", "PWD_P11": "27.0", "PWD_P12": "29.2", "PWD_P13": "31.3", "PWD_P14": "33.4", "PWD_P15": "35.6", "PWD_P16": "37.7", "PWD_P17": "39.9", "PWD_P18": "42.2", "PWD_P19": "44.6", "PWD_P20": "47.0", "PWD_P21": "49.5", "PWD_P22": "52.0", "PWD_P23": "54.6", "PWD_P24": "57.2", "PWD_P25": "60.0", "PWD_P26": "62.8", "PWD_P27": "65.8", "PWD_P28": "68.9", "PWD_P29": "72.2", "PWD_P30": "75.8", "PWD_P31": "79.5", "PWD_P32": "83.2", "PWD_P33": "87.3", "PWD_P34": "91.8", "PWD_P35": "96.5", "PWD_P36": "101.0", "PWD_P37": "105.8", "PWD_P38": "110.5", "PWD_P39": "115.3", "PWD_P40": "120.4", "PWD_P41": "125.7", "PWD_P42": "131.0", "PWD_P43": "136.5", "PWD_P44": "142.3", "PWD_P45": "148.5", "PWD_P46": "155.3", "PWD_P47": "162.6", "PWD_P48": "170.7", "PWD_P49": "179.5", "PWD_P50": "188.5", "PWD_P51": "199.2", "PWD_P52": "211.6", "PWD_P53": "226.1", "PWD_P54": "242.7", "PWD_P55": "260.4", "PWD_P56": "282.2", "PWD_P57": "307.2", "PWD_P58": "334.0", "PWD_P59": "364.2", "PWD_P60": "399.6", "PWD_P61": "437.3", "PWD_P62": "477.0", "PWD_P63": "517.9", "PWD_P64": "563.1", "PWD_P65": "612.9", "PWD_P66": "663.3", "PWD_P67": "720.9", "PWD_P68": "786.3", "PWD_P69": "853.4", "PWD_P70": "934.0", "PWD_P71": "1027.1", "PWD_P72": "1139.3", "PWD_P73": "1287.3", "PWD_P74": "1436.1", "PWD_P75": "1589.2", "PWD_P76": "1917.7", "PWD_P77": "2252.1", "PWD_P78": "2513.1", "PWD_P79": "3304.2", "PWD_P80": "4666.4", "PWD_P81": "9400.0", "PWD_P82": "10232.4", "PWD_P83": "10575.6", "PWD_P84": "10898.6", "PWD_P85": "11182.0", "PWD_P86": "11459.4", "PWD_P87": "11767.8", "PWD_P88": "12146.7", "PWD_P89": "12414.4", "PWD_P90": "12673.6", "PWD_P91": "13040.9", "PWD_P92": "13828.6", "PWD_P93": "14981.5", "PWD_P94": "15790.7", "PWD_P95": "16832.2", "PWD_P96": "17887.1", "PWD_P97": "18880.6", "PWD_P98": "19751.0", "PWD_P99": "20318.9", "PWD_P100": "22827.8" }, "geometry": { "type": "Point", "coordinates": [ -16.039987564086914, 14.515236854553223 ] } },
{ "type": "Feature", "id": 188, "properties": { "lon": 20.612567901611328, "lat": 44.435802459716797, "year": "2005", "ISO": "SRB", "ISO_No": "688", "Name": "Serbia", "PWC_Lat": "44.4358024597168", "PWC_Lon": "20.6125679016113", "Pop": "9193818", "Density": "121.2", "Area": "75842.4", "PWD_A": "3449.1", "PWD_G": "914.6", "PWD_M": "1373.3", "PWD_P1": "9.1", "PWD_P2": "14.5", "PWD_P3": "19.3", "PWD_P4": "23.5", "PWD_P5": "27.4", "PWD_P6": "31.3", "PWD_P7": "35.1", "PWD_P8": "38.8", "PWD_P9": "42.7", "PWD_P10": "46.8", "PWD_P11": "51.1", "PWD_P12": "55.8", "PWD_P13": "61.0", "PWD_P14": "66.7", "PWD_P15": "73.0", "PWD_P16": "80.2", "PWD_P17": "88.2", "PWD_P18": "97.2", "PWD_P19": "107.4", "PWD_P20": "118.8", "PWD_P21": "131.4", "PWD_P22": "144.7", "PWD_P23": "158.9", "PWD_P24": "173.8", "PWD_P25": "189.8", "PWD_P26": "206.8", "PWD_P27": "224.8", "PWD_P28": "243.8", "PWD_P29": "264.1", "PWD_P30": "285.7", "PWD_P31": "308.5", "PWD_P32": "332.7", "PWD_P33": "359.0", "PWD_P34": "387.4", "PWD_P35": "418.3", "PWD_P36": "451.6", "PWD_P37": "487.9", "PWD_P38": "528.8", "PWD_P39": "572.7", "PWD_P40": "622.1", "PWD_P41": "674.9", "PWD_P42": "732.4", "PWD_P43": "795.6", "PWD_P44": "863.4", "PWD_P45": "937.6", "PWD_P46": "1015.4", "PWD_P47": "1099.3", "PWD_P48": "1187.3", "PWD_P49": "1278.5", "PWD_P50": "1373.3", "PWD_P51": "1472.5", "PWD_P52": "1575.2", "PWD_P53": "1681.0", "PWD_P54": "1787.9", "PWD_P55": "1898.2", "PWD_P56": "2006.1", "PWD_P57": "2120.3", "PWD_P58": "2238.6", "PWD_P59": "2359.8", "PWD_P60": "2481.0", "PWD_P61": "2606.8", "PWD_P62": "2737.8", "PWD_P63": "2867.8", "PWD_P64": "3007.4", "PWD_P65": "3148.1", "PWD_P66": "3293.3", "PWD_P67": "3447.8", "PWD_P68": "3606.0", "PWD_P69": "3777.9", "PWD_P70": "3960.1", "PWD_P71": "4141.1", "PWD_P72": "4333.0", "PWD_P73": "4529.5", "PWD_P74": "4730.2", "PWD_P75": "4951.1", "PWD_P76": "5177.6", "PWD_P77": "5417.0", "PWD_P78": "5665.7", "PWD_P79": "5942.0", "PWD_P80": "6226.9", "PWD_P81": "6513.2", "PWD_P82": "6841.4", "PWD_P83": "7182.4", "PWD_P84": "7555.0", "PWD_P85": "7992.6", "PWD_P86": "8431.4", "PWD_P87": "8893.6", "PWD_P88": "9334.1", "PWD_P89": "9787.6", "PWD_P90": "10244.4", "PWD_P91": "10730.6", "PWD_P92": "11179.7", "PWD_P93": "11674.2", "PWD_P94": "12348.9", "PWD_P95": "13351.0", "PWD_P96": "14202.8", "PWD_P97": "15559.8", "PWD_P98": "17198.4", "PWD_P99": "20818.3", "PWD_P100": "28269.9" }, "geometry": { "type": "Point", "coordinates": [ 20.612567901611328, 44.435802459716797 ] } },
{ "type": "Feature", "id": 189, "properties": { "lon": 55.452449798583984, "lat": -4.6517829895019531, "year": "2005", "ISO": "SYC", "ISO_No": "690", "Name": "Seychelles", "PWC_Lat": "-4.65178298950195", "PWC_Lon": "55.452449798584", "Pop": "88652", "Density": "164.8", "Area": "538.1", "PWD_A": "847.0", "PWD_G": "533.9", "PWD_M": "526.8", "PWD_P1": "14.8", "PWD_P2": "68.4", "PWD_P3": "91.7", "PWD_P4": "104.5", "PWD_P5": "114.1", "PWD_P6": "124.5", "PWD_P7": "132.2", "PWD_P8": "140.0", "PWD_P9": "147.8", "PWD_P10": "158.2", "PWD_P11": "166.9", "PWD_P12": "173.6", "PWD_P13": "182.9", "PWD_P14": "192.3", "PWD_P15": "201.5", "PWD_P16": "209.2", "PWD_P17": "216.0", "PWD_P18": "222.8", "PWD_P19": "229.5", "PWD_P20": "236.5", "PWD_P21": "243.1", "PWD_P22": "250.5", "PWD_P23": "257.6", "PWD_P24": "264.7", "PWD_P25": "272.0", "PWD_P26": "279.8", "PWD_P27": "288.1", "PWD_P28": "297.1", "PWD_P29": "305.9", "PWD_P30": "316.2", "PWD_P31": "326.5", "PWD_P32": "337.5", "PWD_P33": "349.2", "PWD_P34": "362.8", "PWD_P35": "374.0", "PWD_P36": "383.0", "PWD_P37": "391.7", "PWD_P38": "399.8", "PWD_P39": "407.1", "PWD_P40": "415.0", "PWD_P41": "425.6", "PWD_P42": "434.4", "PWD_P43": "444.7", "PWD_P44": "456.1", "PWD_P45": "469.0", "PWD_P46": "482.7", "PWD_P47": "495.0", "PWD_P48": "505.6", "PWD_P49": "515.8", "PWD_P50": "526.8", "PWD_P51": "537.8", "PWD_P52": "550.1", "PWD_P53": "564.3", "PWD_P54": "578.1", "PWD_P55": "591.9", "PWD_P56": "607.0", "PWD_P57": "624.0", "PWD_P58": "641.6", "PWD_P59": "662.7", "PWD_P60": "686.9", "PWD_P61": "706.5", "PWD_P62": "733.4", "PWD_P63": "775.0", "PWD_P64": "806.8", "PWD_P65": "837.9", "PWD_P66": "866.7", "PWD_P67": "896.8", "PWD_P68": "927.8", "PWD_P69": "955.8", "PWD_P70": "986.7", "PWD_P71": "1016.3", "PWD_P72": "1049.5", "PWD_P73": "1088.4", "PWD_P74": "1136.6", "PWD_P75": "1185.4", "PWD_P76": "1232.4", "PWD_P77": "1270.7", "PWD_P78": "1322.4", "PWD_P79": "1375.3", "PWD_P80": "1418.7", "PWD_P81": "1496.7", "PWD_P82": "1545.5", "PWD_P83": "1594.5", "PWD_P84": "1636.5", "PWD_P85": "1681.3", "PWD_P86": "1770.1", "PWD_P87": "1838.1", "PWD_P88": "1895.7", "PWD_P89": "1986.6", "PWD_P90": "2038.5", "PWD_P91": "2103.5", "PWD_P92": "2191.2", "PWD_P93": "2301.0", "PWD_P94": "2418.1", "PWD_P95": "2550.6", "PWD_P96": "2724.8", "PWD_P97": "2868.5", "PWD_P98": "3135.0", "PWD_P99": "3632.7", "PWD_P100": "4434.5" }, "geometry": { "type": "Point", "coordinates": [ 55.452449798583984, -4.651782989501953 ] } },
{ "type": "Feature", "id": 190, "properties": { "lon": -12.062176704406738, "lat": 8.4206256866455078, "year": "2005", "ISO": "SLE", "ISO_No": "694", "Name": "Sierra Leone", "PWC_Lat": "8.42062568664551", "PWC_Lon": "-12.0621767044067", "Pop": "5645628", "Density": "77.7", "Area": "72645.8", "PWD_A": "2841.9", "PWD_G": "351.8", "PWD_M": "199.9", "PWD_P1": "12.8", "PWD_P2": "15.4", "PWD_P3": "17.4", "PWD_P4": "19.1", "PWD_P5": "20.7", "PWD_P6": "22.2", "PWD_P7": "23.7", "PWD_P8": "25.1", "PWD_P9": "26.5", "PWD_P10": "28.0", "PWD_P11": "29.5", "PWD_P12": "30.9", "PWD_P13": "32.4", "PWD_P14": "33.8", "PWD_P15": "35.2", "PWD_P16": "36.7", "PWD_P17": "38.2", "PWD_P18": "39.8", "PWD_P19": "41.4", "PWD_P20": "43.1", "PWD_P21": "44.9", "PWD_P22": "46.8", "PWD_P23": "48.6", "PWD_P24": "50.6", "PWD_P25": "52.6", "PWD_P26": "54.7", "PWD_P27": "57.0", "PWD_P28": "59.4", "PWD_P29": "61.9", "PWD_P30": "64.5", "PWD_P31": "67.3", "PWD_P32": "70.3", "PWD_P33": "73.4", "PWD_P34": "76.7", "PWD_P35": "80.2", "PWD_P36": "84.0", "PWD_P37": "88.0", "PWD_P38": "92.2", "PWD_P39": "97.0", "PWD_P40": "102.6", "PWD_P41": "108.7", "PWD_P42": "115.4", "PWD_P43": "122.6", "PWD_P44": "130.9", "PWD_P45": "140.0", "PWD_P46": "149.8", "PWD_P47": "160.9", "PWD_P48": "173.2", "PWD_P49": "186.2", "PWD_P50": "199.9", "PWD_P51": "214.0", "PWD_P52": "229.9", "PWD_P53": "246.6", "PWD_P54": "264.1", "PWD_P55": "284.6", "PWD_P56": "306.9", "PWD_P57": "329.1", "PWD_P58": "352.7", "PWD_P59": "379.7", "PWD_P60": "411.1", "PWD_P61": "448.5", "PWD_P62": "490.7", "PWD_P63": "542.4", "PWD_P64": "604.6", "PWD_P65": "678.9", "PWD_P66": "785.5", "PWD_P67": "887.6", "PWD_P68": "997.0", "PWD_P69": "1119.4", "PWD_P70": "1233.9", "PWD_P71": "1365.1", "PWD_P72": "1518.9", "PWD_P73": "1759.1", "PWD_P74": "2020.0", "PWD_P75": "2308.3", "PWD_P76": "2784.3", "PWD_P77": "4895.8", "PWD_P78": "5626.8", "PWD_P79": "6251.7", "PWD_P80": "6880.2", "PWD_P81": "7318.5", "PWD_P82": "7558.8", "PWD_P83": "7790.7", "PWD_P84": "8129.8", "PWD_P85": "8331.4", "PWD_P86": "8637.7", "PWD_P87": "10677.1", "PWD_P88": "11623.4", "PWD_P89": "12356.3", "PWD_P90": "12910.7", "PWD_P91": "13232.0", "PWD_P92": "13489.0", "PWD_P93": "13880.2", "PWD_P94": "14362.1", "PWD_P95": "14626.0", "PWD_P96": "14874.8", "PWD_P97": "15126.6", "PWD_P98": "15444.7", "PWD_P99": "15803.2", "PWD_P100": "16525.3" }, "geometry": { "type": "Point", "coordinates": [ -12.062176704406738, 8.420625686645508 ] } },
{ "type": "Feature", "id": 191, "properties": { "lon": 103.83683776855469, "lat": 1.3547438383102417, "year": "2005", "ISO": "SGP", "ISO_No": "702", "Name": "Singapore", "PWC_Lat": "1.35474383831024", "PWC_Lon": "103.836837768555", "Pop": "4265692", "Density": "6193.5", "Area": "688.7", "PWD_A": "16766.5", "PWD_G": "14797.3", "PWD_M": "16861.0", "PWD_P1": "2342.3", "PWD_P2": "3218.0", "PWD_P3": "3878.1", "PWD_P4": "4437.1", "PWD_P5": "4913.4", "PWD_P6": "5361.6", "PWD_P7": "5753.5", "PWD_P8": "6101.3", "PWD_P9": "6451.7", "PWD_P10": "6775.0", "PWD_P11": "7110.4", "PWD_P12": "7452.5", "PWD_P13": "7794.9", "PWD_P14": "8184.2", "PWD_P15": "8565.4", "PWD_P16": "8967.9", "PWD_P17": "9348.2", "PWD_P18": "9705.6", "PWD_P19": "10101.7", "PWD_P20": "10451.1", "PWD_P21": "10820.5", "PWD_P22": "11109.1", "PWD_P23": "11410.8", "PWD_P24": "11715.3", "PWD_P25": "12025.2", "PWD_P26": "12296.5", "PWD_P27": "12528.2", "PWD_P28": "12752.3", "PWD_P29": "12984.2", "PWD_P30": "13211.3", "PWD_P31": "13431.4", "PWD_P32": "13640.4", "PWD_P33": "13841.4", "PWD_P34": "14053.1", "PWD_P35": "14240.6", "PWD_P36": "14431.4", "PWD_P37": "14618.7", "PWD_P38": "14817.8", "PWD_P39": "14999.2", "PWD_P40": "15189.1", "PWD_P41": "15370.7", "PWD_P42": "15542.3", "PWD_P43": "15700.3", "PWD_P44": "15862.2", "PWD_P45": "16039.9", "PWD_P46": "16209.1", "PWD_P47": "16373.1", "PWD_P48": "16535.0", "PWD_P49": "16691.3", "PWD_P50": "16861.0", "PWD_P51": "17021.9", "PWD_P52": "17182.0", "PWD_P53": "17323.7", "PWD_P54": "17504.4", "PWD_P55": "17646.0", "PWD_P56": "17823.1", "PWD_P57": "17989.0", "PWD_P58": "18163.3", "PWD_P59": "18332.2", "PWD_P60": "18510.4", "PWD_P61": "18692.0", "PWD_P62": "18865.5", "PWD_P63": "19030.7", "PWD_P64": "19183.8", "PWD_P65": "19351.8", "PWD_P66": "19528.6", "PWD_P67": "19711.3", "PWD_P68": "19887.7", "PWD_P69": "20064.2", "PWD_P70": "20258.1", "PWD_P71": "20455.6", "PWD_P72": "20642.9", "PWD_P73": "20855.1", "PWD_P74": "21054.1", "PWD_P75": "21257.4", "PWD_P76": "21462.1", "PWD_P77": "21681.5", "PWD_P78": "21930.8", "PWD_P79": "22162.1", "PWD_P80": "22397.0", "PWD_P81": "22642.8", "PWD_P82": "22914.7", "PWD_P83": "23171.5", "PWD_P84": "23427.0", "PWD_P85": "23699.2", "PWD_P86": "23946.8", "PWD_P87": "24247.7", "PWD_P88": "24585.5", "PWD_P89": "24902.5", "PWD_P90": "25324.0", "PWD_P91": "25803.6", "PWD_P92": "26345.4", "PWD_P93": "26985.2", "PWD_P94": "27599.3", "PWD_P95": "28494.6", "PWD_P96": "29665.3", "PWD_P97": "31383.6", "PWD_P98": "33493.5", "PWD_P99": "37415.4", "PWD_P100": "47567.0" }, "geometry": { "type": "Point", "coordinates": [ 103.836837768554688, 1.354743838310242 ] } },
{ "type": "Feature", "id": 192, "properties": { "lon": 19.169876098632812, "lat": 48.660572052001953, "year": "2005", "ISO": "SVK", "ISO_No": "703", "Name": "Slovakia", "PWC_Lat": "48.660572052002", "PWC_Lon": "19.1698760986328", "Pop": "5398962", "Density": "111.0", "Area": "48621.9", "PWD_A": "1335.4", "PWD_G": "427.9", "PWD_M": "436.8", "PWD_P1": "10.5", "PWD_P2": "16.0", "PWD_P3": "20.9", "PWD_P4": "25.0", "PWD_P5": "28.6", "PWD_P6": "31.9", "PWD_P7": "35.0", "PWD_P8": "38.1", "PWD_P9": "41.2", "PWD_P10": "44.3", "PWD_P11": "47.4", "PWD_P12": "50.6", "PWD_P13": "53.9", "PWD_P14": "57.3", "PWD_P15": "60.9", "PWD_P16": "64.6", "PWD_P17": "68.5", "PWD_P18": "72.6", "PWD_P19": "77.0", "PWD_P20": "81.6", "PWD_P21": "86.5", "PWD_P22": "91.7", "PWD_P23": "97.1", "PWD_P24": "102.9", "PWD_P25": "108.9", "PWD_P26": "115.4", "PWD_P27": "122.4", "PWD_P28": "129.9", "PWD_P29": "137.9", "PWD_P30": "146.5", "PWD_P31": "155.7", "PWD_P32": "165.7", "PWD_P33": "176.5", "PWD_P34": "188.1", "PWD_P35": "200.2", "PWD_P36": "213.0", "PWD_P37": "226.3", "PWD_P38": "240.3", "PWD_P39": "254.7", "PWD_P40": "269.6", "PWD_P41": "284.8", "PWD_P42": "300.0", "PWD_P43": "315.5", "PWD_P44": "331.4", "PWD_P45": "347.9", "PWD_P46": "364.6", "PWD_P47": "381.6", "PWD_P48": "399.1", "PWD_P49": "417.3", "PWD_P50": "436.8", "PWD_P51": "457.5", "PWD_P52": "479.4", "PWD_P53": "503.8", "PWD_P54": "530.6", "PWD_P55": "560.0", "PWD_P56": "592.6", "PWD_P57": "628.2", "PWD_P58": "669.6", "PWD_P59": "714.5", "PWD_P60": "764.0", "PWD_P61": "822.3", "PWD_P62": "884.5", "PWD_P63": "952.5", "PWD_P64": "1026.3", "PWD_P65": "1106.5", "PWD_P66": "1190.2", "PWD_P67": "1276.2", "PWD_P68": "1360.8", "PWD_P69": "1446.9", "PWD_P70": "1530.7", "PWD_P71": "1619.4", "PWD_P72": "1706.9", "PWD_P73": "1792.6", "PWD_P74": "1876.4", "PWD_P75": "1960.0", "PWD_P76": "2042.0", "PWD_P77": "2126.6", "PWD_P78": "2209.2", "PWD_P79": "2291.3", "PWD_P80": "2370.6", "PWD_P81": "2446.3", "PWD_P82": "2520.7", "PWD_P83": "2592.3", "PWD_P84": "2669.1", "PWD_P85": "2755.4", "PWD_P86": "2853.4", "PWD_P87": "2970.3", "PWD_P88": "3092.7", "PWD_P89": "3220.7", "PWD_P90": "3364.0", "PWD_P91": "3531.2", "PWD_P92": "3758.0", "PWD_P93": "4117.5", "PWD_P94": "4662.7", "PWD_P95": "5252.4", "PWD_P96": "5873.1", "PWD_P97": "6960.5", "PWD_P98": "7765.3", "PWD_P99": "9050.8", "PWD_P100": "22818.4" }, "geometry": { "type": "Point", "coordinates": [ 19.169876098632812, 48.660572052001953 ] } },
{ "type": "Feature", "id": 193, "properties": { "lon": 106.38075256347656, "lat": 15.826576232910156, "year": "2005", "ISO": "VNM", "ISO_No": "704", "Name": "Vietnam", "PWC_Lat": "15.8265762329102", "PWC_Lon": "106.380752563477", "Pop": "83832661", "Density": "257.3", "Area": "325815.5", "PWD_A": "3574.8", "PWD_G": "914.3", "PWD_M": "871.0", "PWD_P1": "21.7", "PWD_P2": "30.7", "PWD_P3": "39.0", "PWD_P4": "47.4", "PWD_P5": "56.0", "PWD_P6": "65.4", "PWD_P7": "75.6", "PWD_P8": "86.8", "PWD_P9": "99.0", "PWD_P10": "111.9", "PWD_P11": "125.4", "PWD_P12": "139.4", "PWD_P13": "153.7", "PWD_P14": "168.8", "PWD_P15": "184.1", "PWD_P16": "199.4", "PWD_P17": "214.5", "PWD_P18": "229.7", "PWD_P19": "245.5", "PWD_P20": "261.8", "PWD_P21": "278.4", "PWD_P22": "295.2", "PWD_P23": "312.5", "PWD_P24": "330.2", "PWD_P25": "348.2", "PWD_P26": "366.5", "PWD_P27": "385.0", "PWD_P28": "403.9", "PWD_P29": "422.8", "PWD_P30": "442.1", "PWD_P31": "461.6", "PWD_P32": "481.2", "PWD_P33": "501.1", "PWD_P34": "521.2", "PWD_P35": "541.7", "PWD_P36": "562.6", "PWD_P37": "583.4", "PWD_P38": "604.2", "PWD_P39": "624.9", "PWD_P40": "645.7", "PWD_P41": "666.4", "PWD_P42": "687.4", "PWD_P43": "708.7", "PWD_P44": "730.1", "PWD_P45": "752.0", "PWD_P46": "774.4", "PWD_P47": "797.6", "PWD_P48": "821.4", "PWD_P49": "845.8", "PWD_P50": "871.0", "PWD_P51": "897.4", "PWD_P52": "925.0", "PWD_P53": "953.8", "PWD_P54": "984.2", "PWD_P55": "1016.0", "PWD_P56": "1049.0", "PWD_P57": "1083.7", "PWD_P58": "1120.2", "PWD_P59": "1158.5", "PWD_P60": "1198.6", "PWD_P61": "1240.6", "PWD_P62": "1284.2", "PWD_P63": "1330.3", "PWD_P64": "1378.3", "PWD_P65": "1429.0", "PWD_P66": "1482.4", "PWD_P67": "1538.8", "PWD_P68": "1599.1", "PWD_P69": "1663.6", "PWD_P70": "1732.5", "PWD_P71": "1805.9", "PWD_P72": "1884.7", "PWD_P73": "1970.5", "PWD_P74": "2064.4", "PWD_P75": "2167.0", "PWD_P76": "2281.2", "PWD_P77": "2404.8", "PWD_P78": "2542.1", "PWD_P79": "2700.6", "PWD_P80": "2883.5", "PWD_P81": "3094.9", "PWD_P82": "3341.4", "PWD_P83": "3634.9", "PWD_P84": "4001.1", "PWD_P85": "4443.1", "PWD_P86": "4991.6", "PWD_P87": "5653.0", "PWD_P88": "6478.3", "PWD_P89": "7573.7", "PWD_P90": "9036.6", "PWD_P91": "10915.4", "PWD_P92": "13253.4", "PWD_P93": "15735.9", "PWD_P94": "19138.1", "PWD_P95": "23456.1", "PWD_P96": "27306.3", "PWD_P97": "30774.7", "PWD_P98": "35207.0", "PWD_P99": "39016.3", "PWD_P100": "55625.8" }, "geometry": { "type": "Point", "coordinates": [ 106.380752563476562, 15.826576232910156 ] } },
{ "type": "Feature", "id": 194, "properties": { "lon": 14.898290634155273, "lat": 46.171329498291016, "year": "2005", "ISO": "SVN", "ISO_No": "705", "Name": "Slovenia", "PWC_Lat": "46.171329498291", "PWC_Lon": "14.8982906341553", "Pop": "1994979", "Density": "100.8", "Area": "19795.9", "PWD_A": "1302.6", "PWD_G": "487.1", "PWD_M": "617.0", "PWD_P1": "9.4", "PWD_P2": "14.3", "PWD_P3": "18.5", "PWD_P4": "22.6", "PWD_P5": "26.6", "PWD_P6": "30.6", "PWD_P7": "34.5", "PWD_P8": "38.5", "PWD_P9": "42.6", "PWD_P10": "46.6", "PWD_P11": "50.7", "PWD_P12": "54.9", "PWD_P13": "59.2", "PWD_P14": "63.6", "PWD_P15": "68.2", "PWD_P16": "73.1", "PWD_P17": "78.4", "PWD_P18": "83.9", "PWD_P19": "89.6", "PWD_P20": "95.7", "PWD_P21": "102.0", "PWD_P22": "108.6", "PWD_P23": "115.7", "PWD_P24": "123.1", "PWD_P25": "131.0", "PWD_P26": "139.2", "PWD_P27": "148.1", "PWD_P28": "157.5", "PWD_P29": "167.4", "PWD_P30": "177.9", "PWD_P31": "189.3", "PWD_P32": "201.3", "PWD_P33": "214.5", "PWD_P34": "228.6", "PWD_P35": "243.5", "PWD_P36": "259.4", "PWD_P37": "276.8", "PWD_P38": "295.0", "PWD_P39": "314.5", "PWD_P40": "334.9", "PWD_P41": "356.4", "PWD_P42": "379.2", "PWD_P43": "403.4", "PWD_P44": "428.7", "PWD_P45": "454.8", "PWD_P46": "482.7", "PWD_P47": "513.1", "PWD_P48": "545.9", "PWD_P49": "580.3", "PWD_P50": "617.0", "PWD_P51": "654.3", "PWD_P52": "693.8", "PWD_P53": "736.1", "PWD_P54": "780.3", "PWD_P55": "827.3", "PWD_P56": "875.5", "PWD_P57": "926.5", "PWD_P58": "982.1", "PWD_P59": "1039.5", "PWD_P60": "1098.5", "PWD_P61": "1158.2", "PWD_P62": "1221.1", "PWD_P63": "1286.1", "PWD_P64": "1350.0", "PWD_P65": "1414.9", "PWD_P66": "1482.4", "PWD_P67": "1552.3", "PWD_P68": "1627.7", "PWD_P69": "1703.3", "PWD_P70": "1789.7", "PWD_P71": "1874.2", "PWD_P72": "1962.9", "PWD_P73": "2048.8", "PWD_P74": "2133.5", "PWD_P75": "2223.3", "PWD_P76": "2327.3", "PWD_P77": "2422.7", "PWD_P78": "2518.8", "PWD_P79": "2616.3", "PWD_P80": "2714.3", "PWD_P81": "2807.7", "PWD_P82": "2890.2", "PWD_P83": "2962.2", "PWD_P84": "3029.9", "PWD_P85": "3097.2", "PWD_P86": "3165.1", "PWD_P87": "3236.7", "PWD_P88": "3316.0", "PWD_P89": "3412.0", "PWD_P90": "3515.7", "PWD_P91": "3618.6", "PWD_P92": "3728.3", "PWD_P93": "3835.0", "PWD_P94": "3938.3", "PWD_P95": "4042.7", "PWD_P96": "4152.7", "PWD_P97": "4281.1", "PWD_P98": "4416.5", "PWD_P99": "4846.8", "PWD_P100": "18176.5" }, "geometry": { "type": "Point", "coordinates": [ 14.898290634155273, 46.171329498291016 ] } },
{ "type": "Feature", "id": 195, "properties": { "lon": 45.138877868652344, "lat": 4.9941835403442383, "year": "2005", "ISO": "SOM", "ISO_No": "706", "Name": "Somalia", "PWC_Lat": "4.99418354034424", "PWC_Lon": "45.1388778686523", "Pop": "10446855", "Density": "16.4", "Area": "635392.6", "PWD_A": "1072.3", "PWD_G": "55.4", "PWD_M": "32.7", "PWD_P1": "2.5", "PWD_P2": "3.2", "PWD_P3": "3.7", "PWD_P4": "4.2", "PWD_P5": "4.5", "PWD_P6": "4.9", "PWD_P7": "5.3", "PWD_P8": "5.6", "PWD_P9": "6.0", "PWD_P10": "6.4", "PWD_P11": "6.8", "PWD_P12": "7.1", "PWD_P13": "7.5", "PWD_P14": "7.8", "PWD_P15": "8.1", "PWD_P16": "8.5", "PWD_P17": "8.9", "PWD_P18": "9.2", "PWD_P19": "9.6", "PWD_P20": "10.1", "PWD_P21": "10.5", "PWD_P22": "11.0", "PWD_P23": "11.5", "PWD_P24": "12.0", "PWD_P25": "12.6", "PWD_P26": "13.2", "PWD_P27": "13.8", "PWD_P28": "14.5", "PWD_P29": "15.2", "PWD_P30": "15.9", "PWD_P31": "16.6", "PWD_P32": "17.3", "PWD_P33": "18.0", "PWD_P34": "18.7", "PWD_P35": "19.4", "PWD_P36": "20.1", "PWD_P37": "20.9", "PWD_P38": "21.6", "PWD_P39": "22.4", "PWD_P40": "23.3", "PWD_P41": "24.1", "PWD_P42": "24.9", "PWD_P43": "25.7", "PWD_P44": "26.6", "PWD_P45": "27.4", "PWD_P46": "28.4", "PWD_P47": "29.4", "PWD_P48": "30.4", "PWD_P49": "31.5", "PWD_P50": "32.7", "PWD_P51": "34.0", "PWD_P52": "35.2", "PWD_P53": "36.5", "PWD_P54": "37.7", "PWD_P55": "39.1", "PWD_P56": "40.6", "PWD_P57": "42.4", "PWD_P58": "44.2", "PWD_P59": "46.1", "PWD_P60": "48.3", "PWD_P61": "50.5", "PWD_P62": "52.8", "PWD_P63": "55.3", "PWD_P64": "58.2", "PWD_P65": "61.2", "PWD_P66": "64.5", "PWD_P67": "67.9", "PWD_P68": "71.9", "PWD_P69": "76.1", "PWD_P70": "81.1", "PWD_P71": "86.5", "PWD_P72": "92.5", "PWD_P73": "98.7", "PWD_P74": "105.8", "PWD_P75": "114.4", "PWD_P76": "123.4", "PWD_P77": "134.5", "PWD_P78": "146.0", "PWD_P79": "158.8", "PWD_P80": "172.3", "PWD_P81": "189.9", "PWD_P82": "216.1", "PWD_P83": "241.1", "PWD_P84": "276.9", "PWD_P85": "343.1", "PWD_P86": "450.3", "PWD_P87": "641.1", "PWD_P88": "1294.1", "PWD_P89": "2446.6", "PWD_P90": "3471.5", "PWD_P91": "4982.6", "PWD_P92": "6529.0", "PWD_P93": "7849.3", "PWD_P94": "8940.5", "PWD_P95": "9664.0", "PWD_P96": "10495.6", "PWD_P97": "11555.8", "PWD_P98": "12944.0", "PWD_P99": "13917.0", "PWD_P100": "15533.1" }, "geometry": { "type": "Point", "coordinates": [ 45.138877868652344, 4.994183540344238 ] } },
{ "type": "Feature", "id": 196, "properties": { "lon": 27.7323, "lat": -28.3039, "year": "2005", "ISO": "ZAF", "ISO_No": "710", "Name": "South Africa", "PWC_Lat": "-28.3039", "PWC_Lon": "27.7323", "Pop": "47880595", "Density": "39.4", "Area": "1216295.8", "PWD_A": "6338.0", "PWD_G": "2229.1", "PWD_M": "2954.3", "PWD_P1": "5.3", "PWD_P2": "15.5", "PWD_P3": "32.6", "PWD_P4": "55.7", "PWD_P5": "81.3", "PWD_P6": "108.2", "PWD_P7": "136.6", "PWD_P8": "166.1", "PWD_P9": "197.3", "PWD_P10": "229.6", "PWD_P11": "263.5", "PWD_P12": "298.5", "PWD_P13": "334.7", "PWD_P14": "372.2", "PWD_P15": "411.0", "PWD_P16": "450.9", "PWD_P17": "492.0", "PWD_P18": "534.6", "PWD_P19": "578.5", "PWD_P20": "623.3", "PWD_P21": "669.3", "PWD_P22": "717.0", "PWD_P23": "765.3", "PWD_P24": "814.8", "PWD_P25": "866.2", "PWD_P26": "919.7", "PWD_P27": "973.9", "PWD_P28": "1029.9", "PWD_P29": "1088.7", "PWD_P30": "1148.9", "PWD_P31": "1211.7", "PWD_P32": "1276.9", "PWD_P33": "1343.9", "PWD_P34": "1414.0", "PWD_P35": "1484.4", "PWD_P36": "1557.8", "PWD_P37": "1633.9", "PWD_P38": "1713.5", "PWD_P39": "1795.1", "PWD_P40": "1880.0", "PWD_P41": "1967.9", "PWD_P42": "2058.4", "PWD_P43": "2154.1", "PWD_P44": "2253.8", "PWD_P45": "2358.1", "PWD_P46": "2466.6", "PWD_P47": "2579.8", "PWD_P48": "2699.9", "PWD_P49": "2822.3", "PWD_P50": "2954.3", "PWD_P51": "3091.7", "PWD_P52": "3237.0", "PWD_P53": "3384.3", "PWD_P54": "3537.0", "PWD_P55": "3692.9", "PWD_P56": "3858.3", "PWD_P57": "4032.4", "PWD_P58": "4214.8", "PWD_P59": "4401.8", "PWD_P60": "4595.2", "PWD_P61": "4799.2", "PWD_P62": "5002.9", "PWD_P63": "5211.7", "PWD_P64": "5428.4", "PWD_P65": "5651.7", "PWD_P66": "5882.7", "PWD_P67": "6121.0", "PWD_P68": "6368.8", "PWD_P69": "6622.2", "PWD_P70": "6884.9", "PWD_P71": "7140.9", "PWD_P72": "7416.9", "PWD_P73": "7697.4", "PWD_P74": "7987.5", "PWD_P75": "8272.4", "PWD_P76": "8585.4", "PWD_P77": "8908.4", "PWD_P78": "9235.9", "PWD_P79": "9579.6", "PWD_P80": "9946.1", "PWD_P81": "10337.6", "PWD_P82": "10744.8", "PWD_P83": "11170.0", "PWD_P84": "11641.4", "PWD_P85": "12154.1", "PWD_P86": "12691.5", "PWD_P87": "13260.0", "PWD_P88": "13878.2", "PWD_P89": "14577.3", "PWD_P90": "15395.3", "PWD_P91": "16309.7", "PWD_P92": "17366.4", "PWD_P93": "18641.2", "PWD_P94": "20035.2", "PWD_P95": "21850.5", "PWD_P96": "24212.0", "PWD_P97": "27880.3", "PWD_P98": "33264.5", "PWD_P99": "45846.6", "PWD_P100": "270187.0" }, "geometry": { "type": "Point", "coordinates": [ 27.7323, -28.3039 ] } },
{ "type": "Feature", "id": 197, "properties": { "lon": 30.569347381591797, "lat": -18.721942901611328, "year": "2005", "ISO": "ZWE", "ISO_No": "716", "Name": "Zimbabwe", "PWC_Lat": "-18.7219429016113", "PWC_Lon": "30.5693473815918", "Pop": "12076696", "Density": "31.2", "Area": "387309.9", "PWD_A": "840.7", "PWD_G": "131.3", "PWD_M": "66.3", "PWD_P1": "4.4", "PWD_P2": "5.5", "PWD_P3": "6.5", "PWD_P4": "7.3", "PWD_P5": "8.2", "PWD_P6": "9.0", "PWD_P7": "9.8", "PWD_P8": "10.6", "PWD_P9": "11.5", "PWD_P10": "12.4", "PWD_P11": "13.2", "PWD_P12": "14.1", "PWD_P13": "14.9", "PWD_P14": "15.8", "PWD_P15": "16.6", "PWD_P16": "17.3", "PWD_P17": "18.1", "PWD_P18": "18.9", "PWD_P19": "19.7", "PWD_P20": "20.4", "PWD_P21": "21.2", "PWD_P22": "22.0", "PWD_P23": "22.8", "PWD_P24": "23.7", "PWD_P25": "24.5", "PWD_P26": "25.4", "PWD_P27": "26.3", "PWD_P28": "27.3", "PWD_P29": "28.2", "PWD_P30": "29.2", "PWD_P31": "30.3", "PWD_P32": "31.4", "PWD_P33": "32.6", "PWD_P34": "33.8", "PWD_P35": "35.1", "PWD_P36": "36.5", "PWD_P37": "37.9", "PWD_P38": "39.4", "PWD_P39": "41.0", "PWD_P40": "42.7", "PWD_P41": "44.6", "PWD_P42": "46.5", "PWD_P43": "48.5", "PWD_P44": "50.5", "PWD_P45": "52.6", "PWD_P46": "54.8", "PWD_P47": "57.2", "PWD_P48": "59.9", "PWD_P49": "62.9", "PWD_P50": "66.3", "PWD_P51": "70.0", "PWD_P52": "74.2", "PWD_P53": "78.6", "PWD_P54": "83.6", "PWD_P55": "89.3", "PWD_P56": "96.0", "PWD_P57": "103.7", "PWD_P58": "113.0", "PWD_P59": "124.3", "PWD_P60": "139.3", "PWD_P61": "159.3", "PWD_P62": "183.4", "PWD_P63": "211.6", "PWD_P64": "245.2", "PWD_P65": "286.4", "PWD_P66": "337.4", "PWD_P67": "397.3", "PWD_P68": "466.7", "PWD_P69": "550.9", "PWD_P70": "646.9", "PWD_P71": "752.2", "PWD_P72": "869.1", "PWD_P73": "998.9", "PWD_P74": "1111.1", "PWD_P75": "1219.9", "PWD_P76": "1334.1", "PWD_P77": "1442.0", "PWD_P78": "1550.9", "PWD_P79": "1668.5", "PWD_P80": "1787.1", "PWD_P81": "1900.0", "PWD_P82": "2007.3", "PWD_P83": "2117.3", "PWD_P84": "2216.9", "PWD_P85": "2306.8", "PWD_P86": "2376.0", "PWD_P87": "2439.7", "PWD_P88": "2499.6", "PWD_P89": "2557.4", "PWD_P90": "2616.5", "PWD_P91": "2681.4", "PWD_P92": "2756.0", "PWD_P93": "2835.9", "PWD_P94": "2930.6", "PWD_P95": "3065.7", "PWD_P96": "3270.4", "PWD_P97": "5431.1", "PWD_P98": "6845.7", "PWD_P99": "8153.5", "PWD_P100": "9532.8" }, "geometry": { "type": "Point", "coordinates": [ 30.569347381591797, -18.721942901611328 ] } },
{ "type": "Feature", "id": 198, "properties": { "lon": -3.2628366947174072, "lat": 39.717807769775391, "year": "2005", "ISO": "ESP", "ISO_No": "724", "Name": "Spain", "PWC_Lat": "39.7178077697754", "PWC_Lon": "-3.26283669471741", "Pop": "44019118", "Density": "87.4", "Area": "503714.5", "PWD_A": "4808.5", "PWD_G": "1370.1", "PWD_M": "2244.7", "PWD_P1": "4.4", "PWD_P2": "8.2", "PWD_P3": "12.0", "PWD_P4": "16.0", "PWD_P5": "20.5", "PWD_P6": "25.5", "PWD_P7": "31.2", "PWD_P8": "37.7", "PWD_P9": "45.4", "PWD_P10": "54.3", "PWD_P11": "64.7", "PWD_P12": "76.8", "PWD_P13": "90.5", "PWD_P14": "105.8", "PWD_P15": "122.4", "PWD_P16": "140.8", "PWD_P17": "161.1", "PWD_P18": "183.3", "PWD_P19": "207.0", "PWD_P20": "232.3", "PWD_P21": "259.2", "PWD_P22": "288.3", "PWD_P23": "318.8", "PWD_P24": "351.2", "PWD_P25": "385.4", "PWD_P26": "421.7", "PWD_P27": "459.7", "PWD_P28": "500.5", "PWD_P29": "543.9", "PWD_P30": "589.3", "PWD_P31": "637.1", "PWD_P32": "687.0", "PWD_P33": "740.2", "PWD_P34": "796.7", "PWD_P35": "856.4", "PWD_P36": "918.3", "PWD_P37": "984.7", "PWD_P38": "1054.6", "PWD_P39": "1127.9", "PWD_P40": "1205.5", "PWD_P41": "1284.9", "PWD_P42": "1367.9", "PWD_P43": "1456.6", "PWD_P44": "1551.1", "PWD_P45": "1652.5", "PWD_P46": "1759.1", "PWD_P47": "1871.7", "PWD_P48": "1986.9", "PWD_P49": "2111.7", "PWD_P50": "2244.7", "PWD_P51": "2382.6", "PWD_P52": "2524.7", "PWD_P53": "2674.1", "PWD_P54": "2827.7", "PWD_P55": "2987.3", "PWD_P56": "3154.6", "PWD_P57": "3322.7", "PWD_P58": "3496.3", "PWD_P59": "3669.7", "PWD_P60": "3849.8", "PWD_P61": "4042.0", "PWD_P62": "4244.8", "PWD_P63": "4461.9", "PWD_P64": "4674.7", "PWD_P65": "4882.8", "PWD_P66": "5103.6", "PWD_P67": "5344.8", "PWD_P68": "5600.3", "PWD_P69": "5864.4", "PWD_P70": "6124.6", "PWD_P71": "6404.1", "PWD_P72": "6675.2", "PWD_P73": "6957.8", "PWD_P74": "7265.8", "PWD_P75": "7578.9", "PWD_P76": "7889.4", "PWD_P77": "8207.4", "PWD_P78": "8539.8", "PWD_P79": "8862.2", "PWD_P80": "9174.9", "PWD_P81": "9510.6", "PWD_P82": "9863.2", "PWD_P83": "10228.8", "PWD_P84": "10604.7", "PWD_P85": "11065.3", "PWD_P86": "11685.2", "PWD_P87": "12230.2", "PWD_P88": "12779.6", "PWD_P89": "13283.3", "PWD_P90": "13792.1", "PWD_P91": "14331.8", "PWD_P92": "14836.4", "PWD_P93": "15399.5", "PWD_P94": "16092.3", "PWD_P95": "17131.4", "PWD_P96": "18662.7", "PWD_P97": "20454.2", "PWD_P98": "21685.4", "PWD_P99": "23005.4", "PWD_P100": "40812.6" }, "geometry": { "type": "Point", "coordinates": [ -3.262836694717407, 39.717807769775391 ] } },
{ "type": "Feature", "id": 199, "properties": { "lon": 30.399925231933594, "lat": 7.2776927947998047, "year": "2005", "ISO": "SSD", "ISO_No": "728", "Name": "South Sudan", "PWC_Lat": "7.2776927947998", "PWC_Lon": "30.3999252319336", "Pop": "7535931", "Density": "12.1", "Area": "623464.4", "PWD_A": "31.1", "PWD_G": "20.6", "PWD_M": "22.3", "PWD_P1": "1.9", "PWD_P2": "2.7", "PWD_P3": "3.2", "PWD_P4": "3.6", "PWD_P5": "3.9", "PWD_P6": "4.3", "PWD_P7": "4.8", "PWD_P8": "5.3", "PWD_P9": "5.7", "PWD_P10": "6.1", "PWD_P11": "6.4", "PWD_P12": "6.7", "PWD_P13": "7.0", "PWD_P14": "7.3", "PWD_P15": "7.5", "PWD_P16": "7.8", "PWD_P17": "8.0", "PWD_P18": "8.3", "PWD_P19": "8.5", "PWD_P20": "8.8", "PWD_P21": "9.1", "PWD_P22": "9.4", "PWD_P23": "9.7", "PWD_P24": "10.1", "PWD_P25": "10.4", "PWD_P26": "10.7", "PWD_P27": "11.1", "PWD_P28": "11.4", "PWD_P29": "11.8", "PWD_P30": "12.2", "PWD_P31": "12.6", "PWD_P32": "12.9", "PWD_P33": "13.3", "PWD_P34": "13.7", "PWD_P35": "14.1", "PWD_P36": "14.6", "PWD_P37": "15.0", "PWD_P38": "15.5", "PWD_P39": "16.0", "PWD_P40": "16.5", "PWD_P41": "17.0", "PWD_P42": "17.6", "PWD_P43": "18.1", "PWD_P44": "18.7", "PWD_P45": "19.2", "PWD_P46": "19.8", "PWD_P47": "20.5", "PWD_P48": "21.1", "PWD_P49": "21.7", "PWD_P50": "22.3", "PWD_P51": "22.9", "PWD_P52": "23.6", "PWD_P53": "24.2", "PWD_P54": "24.9", "PWD_P55": "25.7", "PWD_P56": "26.4", "PWD_P57": "27.1", "PWD_P58": "27.7", "PWD_P59": "28.5", "PWD_P60": "29.2", "PWD_P61": "30.0", "PWD_P62": "30.7", "PWD_P63": "31.4", "PWD_P64": "32.2", "PWD_P65": "33.1", "PWD_P66": "34.0", "PWD_P67": "34.8", "PWD_P68": "35.8", "PWD_P69": "36.8", "PWD_P70": "37.8", "PWD_P71": "38.8", "PWD_P72": "39.8", "PWD_P73": "40.9", "PWD_P74": "41.9", "PWD_P75": "43.1", "PWD_P76": "44.2", "PWD_P77": "45.3", "PWD_P78": "46.4", "PWD_P79": "47.6", "PWD_P80": "48.7", "PWD_P81": "50.0", "PWD_P82": "51.3", "PWD_P83": "52.6", "PWD_P84": "54.1", "PWD_P85": "55.8", "PWD_P86": "57.3", "PWD_P87": "58.6", "PWD_P88": "60.1", "PWD_P89": "61.8", "PWD_P90": "63.7", "PWD_P91": "65.8", "PWD_P92": "68.7", "PWD_P93": "72.6", "PWD_P94": "75.9", "PWD_P95": "79.3", "PWD_P96": "84.7", "PWD_P97": "95.8", "PWD_P98": "102.7", "PWD_P99": "195.6", "PWD_P100": "250.8" }, "geometry": { "type": "Point", "coordinates": [ 30.399925231933594, 7.277692794799805 ] } },
{ "type": "Feature", "id": 200, "properties": { "lon": 30.9523, "lat": 14.1797, "year": "2005", "ISO": "SDN", "ISO_No": "729", "Name": "Sudan", "PWC_Lat": "14.1797", "PWC_Lon": "30.9523", "Pop": "30949513", "Density": "16.6", "Area": "1859595.9", "PWD_A": "503.7", "PWD_G": "90.7", "PWD_M": "63.0", "PWD_P1": "1.5", "PWD_P2": "2.6", "PWD_P3": "3.6", "PWD_P4": "4.5", "PWD_P5": "5.3", "PWD_P6": "6.2", "PWD_P7": "7.0", "PWD_P8": "7.8", "PWD_P9": "8.5", "PWD_P10": "9.1", "PWD_P11": "9.8", "PWD_P12": "10.4", "PWD_P13": "11.0", "PWD_P14": "11.7", "PWD_P15": "12.4", "PWD_P16": "13.1", "PWD_P17": "13.8", "PWD_P18": "14.6", "PWD_P19": "15.3", "PWD_P20": "16.1", "PWD_P21": "16.9", "PWD_P22": "17.7", "PWD_P23": "18.6", "PWD_P24": "19.4", "PWD_P25": "20.4", "PWD_P26": "21.3", "PWD_P27": "22.3", "PWD_P28": "23.4", "PWD_P29": "24.5", "PWD_P30": "25.6", "PWD_P31": "26.7", "PWD_P32": "27.8", "PWD_P33": "29.1", "PWD_P34": "30.5", "PWD_P35": "32.0", "PWD_P36": "33.5", "PWD_P37": "35.0", "PWD_P38": "36.5", "PWD_P39": "38.0", "PWD_P40": "39.7", "PWD_P41": "41.4", "PWD_P42": "43.2", "PWD_P43": "45.1", "PWD_P44": "47.1", "PWD_P45": "49.2", "PWD_P46": "51.6", "PWD_P47": "54.2", "PWD_P48": "57.0", "PWD_P49": "59.9", "PWD_P50": "63.0", "PWD_P51": "66.0", "PWD_P52": "69.1", "PWD_P53": "72.6", "PWD_P54": "76.6", "PWD_P55": "81.3", "PWD_P56": "86.6", "PWD_P57": "92.6", "PWD_P58": "99.5", "PWD_P59": "107.3", "PWD_P60": "116.0", "PWD_P61": "126.1", "PWD_P62": "136.7", "PWD_P63": "149.0", "PWD_P64": "163.2", "PWD_P65": "180.2", "PWD_P66": "199.0", "PWD_P67": "220.0", "PWD_P68": "243.6", "PWD_P69": "271.6", "PWD_P70": "300.8", "PWD_P71": "332.9", "PWD_P72": "367.3", "PWD_P73": "404.8", "PWD_P74": "445.2", "PWD_P75": "488.1", "PWD_P76": "535.8", "PWD_P77": "592.9", "PWD_P78": "648.5", "PWD_P79": "703.1", "PWD_P80": "762.1", "PWD_P81": "826.1", "PWD_P82": "891.0", "PWD_P83": "957.8", "PWD_P84": "1025.6", "PWD_P85": "1098.3", "PWD_P86": "1175.1", "PWD_P87": "1259.6", "PWD_P88": "1369.5", "PWD_P89": "1497.1", "PWD_P90": "1617.8", "PWD_P91": "1753.7", "PWD_P92": "1931.9", "PWD_P93": "2131.0", "PWD_P94": "2330.0", "PWD_P95": "2615.8", "PWD_P96": "3248.4", "PWD_P97": "3692.7", "PWD_P98": "4116.2", "PWD_P99": "4714.8", "PWD_P100": "6599.5" }, "geometry": { "type": "Point", "coordinates": [ 30.9523, 14.1797 ] } },
{ "type": "Feature", "id": 201, "properties": { "lon": -13.674128532409668, "lat": 26.19035530090332, "year": "2005", "ISO": "ESH", "ISO_No": "732", "Name": "Western Sahara", "PWC_Lat": "26.1903553009033", "PWC_Lon": "-13.6741285324097", "Pop": "437516", "Density": "1.6", "Area": "267941.4", "PWD_A": "3000.6", "PWD_G": "947.7", "PWD_M": "1104.6", "PWD_P1": "0.2", "PWD_P2": "1.1", "PWD_P3": "3.3", "PWD_P4": "11.4", "PWD_P5": "30.5", "PWD_P6": "51.3", "PWD_P7": "101.6", "PWD_P8": "150.5", "PWD_P9": "163.3", "PWD_P10": "178.3", "PWD_P11": "194.7", "PWD_P12": "211.8", "PWD_P13": "225.5", "PWD_P14": "240.8", "PWD_P15": "256.1", "PWD_P16": "279.7", "PWD_P17": "323.2", "PWD_P18": "368.7", "PWD_P19": "416.4", "PWD_P20": "466.0", "PWD_P21": "518.8", "PWD_P22": "560.2", "PWD_P23": "590.9", "PWD_P24": "618.7", "PWD_P25": "649.9", "PWD_P26": "680.6", "PWD_P27": "722.6", "PWD_P28": "762.2", "PWD_P29": "784.1", "PWD_P30": "801.9", "PWD_P31": "816.4", "PWD_P32": "832.7", "PWD_P33": "848.8", "PWD_P34": "869.3", "PWD_P35": "887.8", "PWD_P36": "907.7", "PWD_P37": "924.8", "PWD_P38": "936.9", "PWD_P39": "949.7", "PWD_P40": "961.4", "PWD_P41": "974.6", "PWD_P42": "991.8", "PWD_P43": "1005.6", "PWD_P44": "1016.8", "PWD_P45": "1029.5", "PWD_P46": "1043.4", "PWD_P47": "1055.2", "PWD_P48": "1071.1", "PWD_P49": "1089.2", "PWD_P50": "1104.6", "PWD_P51": "1118.9", "PWD_P52": "1141.1", "PWD_P53": "1158.6", "PWD_P54": "1181.7", "PWD_P55": "1209.6", "PWD_P56": "1243.9", "PWD_P57": "1280.8", "PWD_P58": "1327.4", "PWD_P59": "1374.5", "PWD_P60": "1416.3", "PWD_P61": "1468.7", "PWD_P62": "1534.3", "PWD_P63": "1596.2", "PWD_P64": "1651.1", "PWD_P65": "1700.7", "PWD_P66": "1748.2", "PWD_P67": "1807.1", "PWD_P68": "1860.8", "PWD_P69": "1919.1", "PWD_P70": "1985.9", "PWD_P71": "2050.1", "PWD_P72": "2113.1", "PWD_P73": "2169.8", "PWD_P74": "2233.9", "PWD_P75": "2297.9", "PWD_P76": "2371.4", "PWD_P77": "2449.0", "PWD_P78": "2522.1", "PWD_P79": "2613.2", "PWD_P80": "2713.6", "PWD_P81": "2842.5", "PWD_P82": "3042.8", "PWD_P83": "3181.4", "PWD_P84": "3376.0", "PWD_P85": "3540.1", "PWD_P86": "3799.9", "PWD_P87": "4467.7", "PWD_P88": "5533.8", "PWD_P89": "6914.1", "PWD_P90": "7878.2", "PWD_P91": "9472.1", "PWD_P92": "11076.2", "PWD_P93": "13466.4", "PWD_P94": "15388.9", "PWD_P95": "17960.0", "PWD_P96": "20334.1", "PWD_P97": "23116.6", "PWD_P98": "24425.2", "PWD_P99": "24925.7", "PWD_P100": "26241.7" }, "geometry": { "type": "Point", "coordinates": [ -13.674128532409668, 26.19035530090332 ] } },
{ "type": "Feature", "id": 202, "properties": { "lon": -55.355762481689453, "lat": 5.6447443962097168, "year": "2005", "ISO": "SUR", "ISO_No": "740", "Name": "Suriname", "PWC_Lat": "5.64474439620972", "PWC_Lon": "-55.3557624816895", "Pop": "499460", "Density": "3.4", "Area": "145228.8", "PWD_A": "1314.2", "PWD_G": "249.3", "PWD_M": "420.7", "PWD_P1": "0.2", "PWD_P2": "0.3", "PWD_P3": "0.5", "PWD_P4": "0.7", "PWD_P5": "1.1", "PWD_P6": "1.4", "PWD_P7": "1.8", "PWD_P8": "2.6", "PWD_P9": "3.6", "PWD_P10": "4.7", "PWD_P11": "5.8", "PWD_P12": "7.3", "PWD_P13": "8.9", "PWD_P14": "10.7", "PWD_P15": "13.1", "PWD_P16": "16.3", "PWD_P17": "19.6", "PWD_P18": "23.3", "PWD_P19": "27.8", "PWD_P20": "32.6", "PWD_P21": "37.8", "PWD_P22": "43.7", "PWD_P23": "50.3", "PWD_P24": "57.4", "PWD_P25": "65.3", "PWD_P26": "73.6", "PWD_P27": "81.6", "PWD_P28": "89.4", "PWD_P29": "98.0", "PWD_P30": "107.4", "PWD_P31": "117.3", "PWD_P32": "128.0", "PWD_P33": "139.7", "PWD_P34": "152.0", "PWD_P35": "165.2", "PWD_P36": "179.8", "PWD_P37": "194.1", "PWD_P38": "209.5", "PWD_P39": "224.6", "PWD_P40": "239.9", "PWD_P41": "253.7", "PWD_P42": "267.9", "PWD_P43": "281.8", "PWD_P44": "297.7", "PWD_P45": "314.9", "PWD_P46": "331.9", "PWD_P47": "350.3", "PWD_P48": "372.8", "PWD_P49": "396.9", "PWD_P50": "420.7", "PWD_P51": "449.0", "PWD_P52": "480.4", "PWD_P53": "516.2", "PWD_P54": "553.8", "PWD_P55": "595.6", "PWD_P56": "635.9", "PWD_P57": "686.2", "PWD_P58": "735.6", "PWD_P59": "777.9", "PWD_P60": "817.6", "PWD_P61": "861.2", "PWD_P62": "916.9", "PWD_P63": "978.8", "PWD_P64": "1054.1", "PWD_P65": "1133.5", "PWD_P66": "1219.1", "PWD_P67": "1296.0", "PWD_P68": "1381.6", "PWD_P69": "1480.1", "PWD_P70": "1571.4", "PWD_P71": "1673.6", "PWD_P72": "1783.1", "PWD_P73": "1891.1", "PWD_P74": "1987.4", "PWD_P75": "2086.8", "PWD_P76": "2199.1", "PWD_P77": "2324.6", "PWD_P78": "2452.4", "PWD_P79": "2602.0", "PWD_P80": "2789.3", "PWD_P81": "2981.5", "PWD_P82": "3146.9", "PWD_P83": "3315.4", "PWD_P84": "3449.3", "PWD_P85": "3586.7", "PWD_P86": "3718.1", "PWD_P87": "3870.7", "PWD_P88": "4014.6", "PWD_P89": "4168.3", "PWD_P90": "4314.2", "PWD_P91": "4444.8", "PWD_P92": "4572.9", "PWD_P93": "4724.3", "PWD_P94": "4874.3", "PWD_P95": "5024.0", "PWD_P96": "5219.5", "PWD_P97": "5385.1", "PWD_P98": "5627.4", "PWD_P99": "5944.0", "PWD_P100": "6788.1" }, "geometry": { "type": "Point", "coordinates": [ -55.355762481689453, 5.644744396209717 ] } },
{ "type": "Feature", "id": 203, "properties": { "lon": 31.426549911499023, "lat": -26.538297653198242, "year": "2005", "ISO": "SWZ", "ISO_No": "748", "Name": "Swaziland", "PWC_Lat": "-26.5382976531982", "PWC_Lon": "31.426549911499", "Pop": "1030574", "Density": "59.8", "Area": "17247.3", "PWD_A": "283.5", "PWD_G": "108.5", "PWD_M": "82.7", "PWD_P1": "12.1", "PWD_P2": "15.1", "PWD_P3": "17.2", "PWD_P4": "19.0", "PWD_P5": "20.5", "PWD_P6": "21.8", "PWD_P7": "23.0", "PWD_P8": "24.3", "PWD_P9": "25.5", "PWD_P10": "26.8", "PWD_P11": "27.9", "PWD_P12": "29.0", "PWD_P13": "30.2", "PWD_P14": "31.3", "PWD_P15": "32.4", "PWD_P16": "33.6", "PWD_P17": "34.8", "PWD_P18": "35.9", "PWD_P19": "37.1", "PWD_P20": "38.3", "PWD_P21": "39.4", "PWD_P22": "40.6", "PWD_P23": "41.8", "PWD_P24": "43.1", "PWD_P25": "44.3", "PWD_P26": "45.6", "PWD_P27": "47.0", "PWD_P28": "48.3", "PWD_P29": "49.6", "PWD_P30": "50.9", "PWD_P31": "52.1", "PWD_P32": "53.3", "PWD_P33": "54.5", "PWD_P34": "55.8", "PWD_P35": "57.0", "PWD_P36": "58.4", "PWD_P37": "59.8", "PWD_P38": "61.3", "PWD_P39": "62.8", "PWD_P40": "64.3", "PWD_P41": "65.9", "PWD_P42": "67.5", "PWD_P43": "69.2", "PWD_P44": "70.9", "PWD_P45": "72.7", "PWD_P46": "74.7", "PWD_P47": "76.7", "PWD_P48": "78.6", "PWD_P49": "80.6", "PWD_P50": "82.7", "PWD_P51": "84.9", "PWD_P52": "87.0", "PWD_P53": "89.3", "PWD_P54": "91.5", "PWD_P55": "93.8", "PWD_P56": "96.3", "PWD_P57": "98.8", "PWD_P58": "101.4", "PWD_P59": "104.1", "PWD_P60": "107.0", "PWD_P61": "110.2", "PWD_P62": "113.5", "PWD_P63": "117.1", "PWD_P64": "120.7", "PWD_P65": "124.5", "PWD_P66": "128.2", "PWD_P67": "132.3", "PWD_P68": "136.7", "PWD_P69": "141.2", "PWD_P70": "146.1", "PWD_P71": "151.7", "PWD_P72": "158.2", "PWD_P73": "167.2", "PWD_P74": "176.8", "PWD_P75": "187.4", "PWD_P76": "198.4", "PWD_P77": "208.8", "PWD_P78": "224.3", "PWD_P79": "253.9", "PWD_P80": "299.7", "PWD_P81": "348.0", "PWD_P82": "393.8", "PWD_P83": "441.3", "PWD_P84": "482.2", "PWD_P85": "553.7", "PWD_P86": "669.2", "PWD_P87": "809.9", "PWD_P88": "923.9", "PWD_P89": "994.8", "PWD_P90": "1085.0", "PWD_P91": "1220.3", "PWD_P92": "1339.0", "PWD_P93": "1442.8", "PWD_P94": "1520.0", "PWD_P95": "1584.6", "PWD_P96": "1644.8", "PWD_P97": "1702.7", "PWD_P98": "1767.3", "PWD_P99": "1842.5", "PWD_P100": "2177.2" }, "geometry": { "type": "Point", "coordinates": [ 31.426549911499023, -26.538297653198242 ] } },
{ "type": "Feature", "id": 204, "properties": { "lon": 15.528715133666992, "lat": 58.89361572265625, "year": "2005", "ISO": "SWE", "ISO_No": "752", "Name": "Sweden", "PWC_Lat": "58.8936157226562", "PWC_Lon": "15.528715133667", "Pop": "9038626", "Density": "21.5", "Area": "421312.3", "PWD_A": "1776.3", "PWD_G": "425.2", "PWD_M": "704.7", "PWD_P1": "1.7", "PWD_P2": "3.1", "PWD_P3": "4.8", "PWD_P4": "6.4", "PWD_P5": "8.0", "PWD_P6": "9.6", "PWD_P7": "11.4", "PWD_P8": "13.3", "PWD_P9": "15.4", "PWD_P10": "17.8", "PWD_P11": "20.5", "PWD_P12": "23.6", "PWD_P13": "26.9", "PWD_P14": "30.6", "PWD_P15": "34.8", "PWD_P16": "39.5", "PWD_P17": "44.9", "PWD_P18": "50.9", "PWD_P19": "57.6", "PWD_P20": "64.9", "PWD_P21": "72.8", "PWD_P22": "81.3", "PWD_P23": "90.4", "PWD_P24": "100.2", "PWD_P25": "110.7", "PWD_P26": "122.0", "PWD_P27": "134.2", "PWD_P28": "147.4", "PWD_P29": "161.7", "PWD_P30": "177.4", "PWD_P31": "194.3", "PWD_P32": "212.6", "PWD_P33": "232.1", "PWD_P34": "253.0", "PWD_P35": "275.2", "PWD_P36": "298.3", "PWD_P37": "322.7", "PWD_P38": "348.0", "PWD_P39": "374.2", "PWD_P40": "401.0", "PWD_P41": "427.9", "PWD_P42": "455.9", "PWD_P43": "484.9", "PWD_P44": "514.1", "PWD_P45": "543.7", "PWD_P46": "574.8", "PWD_P47": "606.3", "PWD_P48": "638.2", "PWD_P49": "670.9", "PWD_P50": "704.7", "PWD_P51": "739.1", "PWD_P52": "774.2", "PWD_P53": "810.1", "PWD_P54": "847.0", "PWD_P55": "884.9", "PWD_P56": "923.6", "PWD_P57": "963.1", "PWD_P58": "1004.2", "PWD_P59": "1046.7", "PWD_P60": "1090.9", "PWD_P61": "1135.2", "PWD_P62": "1181.0", "PWD_P63": "1229.6", "PWD_P64": "1280.0", "PWD_P65": "1331.3", "PWD_P66": "1384.9", "PWD_P67": "1439.8", "PWD_P68": "1497.6", "PWD_P69": "1555.8", "PWD_P70": "1616.8", "PWD_P71": "1680.4", "PWD_P72": "1746.6", "PWD_P73": "1817.9", "PWD_P74": "1893.6", "PWD_P75": "1971.5", "PWD_P76": "2052.8", "PWD_P77": "2139.8", "PWD_P78": "2233.4", "PWD_P79": "2335.0", "PWD_P80": "2441.6", "PWD_P81": "2553.3", "PWD_P82": "2672.1", "PWD_P83": "2797.0", "PWD_P84": "2932.0", "PWD_P85": "3083.3", "PWD_P86": "3253.9", "PWD_P87": "3447.7", "PWD_P88": "3667.4", "PWD_P89": "3915.7", "PWD_P90": "4190.1", "PWD_P91": "4522.1", "PWD_P92": "4914.1", "PWD_P93": "5392.1", "PWD_P94": "5999.8", "PWD_P95": "6824.8", "PWD_P96": "8115.7", "PWD_P97": "10110.2", "PWD_P98": "13454.3", "PWD_P99": "18273.0", "PWD_P100": "40297.5" }, "geometry": { "type": "Point", "coordinates": [ 15.528715133666992, 58.89361572265625 ] } },
{ "type": "Feature", "id": 205, "properties": { "lon": 7.9611048698425293, "lat": 47.025798797607422, "year": "2005", "ISO": "CHE", "ISO_No": "756", "Name": "Switzerland", "PWC_Lat": "47.0257987976074", "PWC_Lon": "7.96110486984253", "Pop": "7386818", "Density": "185.8", "Area": "39764.2", "PWD_A": "2636.4", "PWD_G": "976.2", "PWD_M": "1128.0", "PWD_P1": "15.2", "PWD_P2": "26.8", "PWD_P3": "37.4", "PWD_P4": "46.8", "PWD_P5": "55.4", "PWD_P6": "63.8", "PWD_P7": "72.1", "PWD_P8": "80.8", "PWD_P9": "89.7", "PWD_P10": "98.9", "PWD_P11": "108.7", "PWD_P12": "119.0", "PWD_P13": "129.9", "PWD_P14": "141.3", "PWD_P15": "153.5", "PWD_P16": "166.3", "PWD_P17": "179.6", "PWD_P18": "193.9", "PWD_P19": "208.7", "PWD_P20": "224.3", "PWD_P21": "240.4", "PWD_P22": "257.1", "PWD_P23": "274.3", "PWD_P24": "291.9", "PWD_P25": "310.4", "PWD_P26": "329.5", "PWD_P27": "349.1", "PWD_P28": "369.2", "PWD_P29": "390.3", "PWD_P30": "411.9", "PWD_P31": "434.6", "PWD_P32": "458.3", "PWD_P33": "482.7", "PWD_P34": "508.2", "PWD_P35": "534.6", "PWD_P36": "561.9", "PWD_P37": "590.8", "PWD_P38": "621.0", "PWD_P39": "652.5", "PWD_P40": "685.6", "PWD_P41": "720.0", "PWD_P42": "756.3", "PWD_P43": "794.9", "PWD_P44": "834.9", "PWD_P45": "877.6", "PWD_P46": "922.0", "PWD_P47": "969.5", "PWD_P48": "1019.5", "PWD_P49": "1072.3", "PWD_P50": "1128.0", "PWD_P51": "1186.9", "PWD_P52": "1250.7", "PWD_P53": "1317.6", "PWD_P54": "1387.3", "PWD_P55": "1459.6", "PWD_P56": "1537.3", "PWD_P57": "1619.3", "PWD_P58": "1707.8", "PWD_P59": "1799.7", "PWD_P60": "1898.8", "PWD_P61": "2004.2", "PWD_P62": "2112.2", "PWD_P63": "2223.5", "PWD_P64": "2342.5", "PWD_P65": "2462.8", "PWD_P66": "2584.3", "PWD_P67": "2714.8", "PWD_P68": "2841.7", "PWD_P69": "2978.3", "PWD_P70": "3119.3", "PWD_P71": "3275.0", "PWD_P72": "3430.7", "PWD_P73": "3581.2", "PWD_P74": "3732.3", "PWD_P75": "3890.1", "PWD_P76": "4050.6", "PWD_P77": "4215.5", "PWD_P78": "4396.8", "PWD_P79": "4561.2", "PWD_P80": "4746.9", "PWD_P81": "4964.3", "PWD_P82": "5198.1", "PWD_P83": "5436.4", "PWD_P84": "5667.2", "PWD_P85": "5937.1", "PWD_P86": "6191.5", "PWD_P87": "6464.5", "PWD_P88": "6736.3", "PWD_P89": "6991.1", "PWD_P90": "7256.9", "PWD_P91": "7589.0", "PWD_P92": "7901.1", "PWD_P93": "8208.6", "PWD_P94": "8566.1", "PWD_P95": "9068.3", "PWD_P96": "9641.3", "PWD_P97": "10171.1", "PWD_P98": "12020.1", "PWD_P99": "18634.2", "PWD_P100": "22186.1" }, "geometry": { "type": "Point", "coordinates": [ 7.961104869842529, 47.025798797607422 ] } },
{ "type": "Feature", "id": 206, "properties": { "lon": 37.285579681396484, "lat": 35.067882537841797, "year": "2005", "ISO": "SYR", "ISO_No": "760", "Name": "Syria", "PWC_Lat": "35.0678825378418", "PWC_Lon": "37.2855796813965", "Pop": "18361178", "Density": "99.0", "Area": "185417.6", "PWD_A": "3828.3", "PWD_G": "996.7", "PWD_M": "1171.8", "PWD_P1": "5.9", "PWD_P2": "16.1", "PWD_P3": "24.7", "PWD_P4": "31.7", "PWD_P5": "37.4", "PWD_P6": "43.1", "PWD_P7": "49.0", "PWD_P8": "55.5", "PWD_P9": "62.1", "PWD_P10": "69.4", "PWD_P11": "77.1", "PWD_P12": "85.5", "PWD_P13": "94.4", "PWD_P14": "103.5", "PWD_P15": "113.0", "PWD_P16": "122.8", "PWD_P17": "132.9", "PWD_P18": "143.5", "PWD_P19": "154.5", "PWD_P20": "165.9", "PWD_P21": "177.9", "PWD_P22": "190.6", "PWD_P23": "204.1", "PWD_P24": "218.4", "PWD_P25": "234.0", "PWD_P26": "250.5", "PWD_P27": "268.1", "PWD_P28": "287.1", "PWD_P29": "307.7", "PWD_P30": "329.9", "PWD_P31": "353.5", "PWD_P32": "378.4", "PWD_P33": "405.1", "PWD_P34": "433.4", "PWD_P35": "463.3", "PWD_P36": "495.1", "PWD_P37": "529.0", "PWD_P38": "565.1", "PWD_P39": "603.3", "PWD_P40": "643.7", "PWD_P41": "685.9", "PWD_P42": "730.7", "PWD_P43": "777.8", "PWD_P44": "827.9", "PWD_P45": "879.8", "PWD_P46": "934.3", "PWD_P47": "989.4", "PWD_P48": "1046.7", "PWD_P49": "1107.5", "PWD_P50": "1171.8", "PWD_P51": "1238.7", "PWD_P52": "1306.3", "PWD_P53": "1378.1", "PWD_P54": "1451.1", "PWD_P55": "1529.0", "PWD_P56": "1614.3", "PWD_P57": "1707.0", "PWD_P58": "1806.2", "PWD_P59": "1912.2", "PWD_P60": "2027.9", "PWD_P61": "2158.4", "PWD_P62": "2287.4", "PWD_P63": "2424.0", "PWD_P64": "2570.4", "PWD_P65": "2727.1", "PWD_P66": "2885.4", "PWD_P67": "3044.6", "PWD_P68": "3206.0", "PWD_P69": "3398.0", "PWD_P70": "3615.8", "PWD_P71": "3846.4", "PWD_P72": "4064.6", "PWD_P73": "4320.4", "PWD_P74": "4614.7", "PWD_P75": "4912.3", "PWD_P76": "5231.1", "PWD_P77": "5702.1", "PWD_P78": "6228.1", "PWD_P79": "6801.9", "PWD_P80": "7282.6", "PWD_P81": "7613.0", "PWD_P82": "8011.0", "PWD_P83": "8646.5", "PWD_P84": "9133.5", "PWD_P85": "9692.4", "PWD_P86": "10148.2", "PWD_P87": "10425.4", "PWD_P88": "10652.4", "PWD_P89": "10866.9", "PWD_P90": "11094.3", "PWD_P91": "11552.4", "PWD_P92": "13713.9", "PWD_P93": "16323.9", "PWD_P94": "18024.6", "PWD_P95": "19111.8", "PWD_P96": "19655.0", "PWD_P97": "20042.7", "PWD_P98": "20434.7", "PWD_P99": "21149.7", "PWD_P100": "24198.3" }, "geometry": { "type": "Point", "coordinates": [ 37.285579681396484, 35.067882537841797 ] } },
{ "type": "Feature", "id": 207, "properties": { "lon": 69.241897583007812, "lat": 38.729801177978516, "year": "2005", "ISO": "TJK", "ISO_No": "762", "Name": "Tajikistan", "PWC_Lat": "38.7298011779785", "PWC_Lon": "69.2418975830078", "Pop": "6789318", "Density": "48.2", "Area": "140731.9", "PWD_A": "1873.1", "PWD_G": "359.1", "PWD_M": "348.5", "PWD_P1": "3.4", "PWD_P2": "6.8", "PWD_P3": "10.6", "PWD_P4": "13.6", "PWD_P5": "16.3", "PWD_P6": "18.9", "PWD_P7": "21.7", "PWD_P8": "24.7", "PWD_P9": "27.6", "PWD_P10": "30.8", "PWD_P11": "34.5", "PWD_P12": "38.5", "PWD_P13": "42.9", "PWD_P14": "47.8", "PWD_P15": "53.4", "PWD_P16": "59.6", "PWD_P17": "66.3", "PWD_P18": "73.4", "PWD_P19": "80.3", "PWD_P20": "87.3", "PWD_P21": "94.4", "PWD_P22": "101.4", "PWD_P23": "108.4", "PWD_P24": "115.5", "PWD_P25": "122.8", "PWD_P26": "130.2", "PWD_P27": "137.7", "PWD_P28": "145.2", "PWD_P29": "152.8", "PWD_P30": "160.3", "PWD_P31": "167.8", "PWD_P32": "175.5", "PWD_P33": "183.4", "PWD_P34": "191.2", "PWD_P35": "199.2", "PWD_P36": "207.5", "PWD_P37": "216.1", "PWD_P38": "224.7", "PWD_P39": "233.4", "PWD_P40": "242.5", "PWD_P41": "251.6", "PWD_P42": "260.9", "PWD_P43": "270.3", "PWD_P44": "280.2", "PWD_P45": "290.5", "PWD_P46": "300.8", "PWD_P47": "311.7", "PWD_P48": "323.5", "PWD_P49": "335.8", "PWD_P50": "348.5", "PWD_P51": "361.5", "PWD_P52": "374.9", "PWD_P53": "388.3", "PWD_P54": "401.5", "PWD_P55": "415.5", "PWD_P56": "431.5", "PWD_P57": "447.0", "PWD_P58": "464.1", "PWD_P59": "481.9", "PWD_P60": "500.6", "PWD_P61": "520.8", "PWD_P62": "541.7", "PWD_P63": "563.9", "PWD_P64": "587.4", "PWD_P65": "612.0", "PWD_P66": "639.0", "PWD_P67": "668.4", "PWD_P68": "700.0", "PWD_P69": "734.6", "PWD_P70": "772.3", "PWD_P71": "813.5", "PWD_P72": "860.6", "PWD_P73": "911.1", "PWD_P74": "964.1", "PWD_P75": "1019.4", "PWD_P76": "1082.6", "PWD_P77": "1152.7", "PWD_P78": "1226.0", "PWD_P79": "1311.4", "PWD_P80": "1410.5", "PWD_P81": "1516.9", "PWD_P82": "1633.6", "PWD_P83": "1769.4", "PWD_P84": "1941.6", "PWD_P85": "2163.3", "PWD_P86": "2448.9", "PWD_P87": "2747.5", "PWD_P88": "3079.0", "PWD_P89": "3530.0", "PWD_P90": "4840.7", "PWD_P91": "9389.1", "PWD_P92": "11223.3", "PWD_P93": "12702.8", "PWD_P94": "13885.5", "PWD_P95": "14527.3", "PWD_P96": "14995.4", "PWD_P97": "15405.9", "PWD_P98": "15790.7", "PWD_P99": "16287.1", "PWD_P100": "19280.2" }, "geometry": { "type": "Point", "coordinates": [ 69.241897583007812, 38.729801177978516 ] } },
{ "type": "Feature", "id": 208, "properties": { "lon": 101.23480224609375, "lat": 14.389598846435547, "year": "2005", "ISO": "THA", "ISO_No": "764", "Name": "Thailand", "PWC_Lat": "14.3895988464355", "PWC_Lon": "101.234802246094", "Pop": "65416188", "Density": "128.2", "Area": "510410.0", "PWD_A": "1661.6", "PWD_G": "375.2", "PWD_M": "283.0", "PWD_P1": "15.1", "PWD_P2": "20.8", "PWD_P3": "25.9", "PWD_P4": "30.7", "PWD_P5": "35.7", "PWD_P6": "40.5", "PWD_P7": "44.9", "PWD_P8": "49.1", "PWD_P9": "53.0", "PWD_P10": "56.7", "PWD_P11": "60.3", "PWD_P12": "63.8", "PWD_P13": "67.2", "PWD_P14": "70.6", "PWD_P15": "73.9", "PWD_P16": "77.2", "PWD_P17": "80.6", "PWD_P18": "83.8", "PWD_P19": "87.0", "PWD_P20": "90.3", "PWD_P21": "93.5", "PWD_P22": "96.7", "PWD_P23": "100.1", "PWD_P24": "103.5", "PWD_P25": "107.0", "PWD_P26": "110.6", "PWD_P27": "114.3", "PWD_P28": "118.3", "PWD_P29": "122.5", "PWD_P30": "127.0", "PWD_P31": "132.0", "PWD_P32": "137.4", "PWD_P33": "143.1", "PWD_P34": "149.3", "PWD_P35": "155.9", "PWD_P36": "162.8", "PWD_P37": "170.0", "PWD_P38": "177.6", "PWD_P39": "185.6", "PWD_P40": "193.8", "PWD_P41": "202.0", "PWD_P42": "210.3", "PWD_P43": "218.7", "PWD_P44": "227.4", "PWD_P45": "236.1", "PWD_P46": "245.0", "PWD_P47": "254.0", "PWD_P48": "263.2", "PWD_P49": "272.9", "PWD_P50": "283.0", "PWD_P51": "293.6", "PWD_P52": "305.0", "PWD_P53": "317.0", "PWD_P54": "329.7", "PWD_P55": "343.1", "PWD_P56": "357.2", "PWD_P57": "372.3", "PWD_P58": "388.2", "PWD_P59": "405.3", "PWD_P60": "423.4", "PWD_P61": "442.8", "PWD_P62": "463.8", "PWD_P63": "486.3", "PWD_P64": "510.6", "PWD_P65": "536.7", "PWD_P66": "565.2", "PWD_P67": "596.2", "PWD_P68": "630.1", "PWD_P69": "667.9", "PWD_P70": "710.4", "PWD_P71": "758.4", "PWD_P72": "813.7", "PWD_P73": "878.7", "PWD_P74": "955.1", "PWD_P75": "1046.1", "PWD_P76": "1149.7", "PWD_P77": "1272.7", "PWD_P78": "1416.2", "PWD_P79": "1579.1", "PWD_P80": "1767.6", "PWD_P81": "1980.0", "PWD_P82": "2212.7", "PWD_P83": "2478.4", "PWD_P84": "2764.8", "PWD_P85": "3086.1", "PWD_P86": "3420.9", "PWD_P87": "3816.9", "PWD_P88": "4267.4", "PWD_P89": "4770.6", "PWD_P90": "5364.1", "PWD_P91": "6098.8", "PWD_P92": "6953.1", "PWD_P93": "7965.3", "PWD_P94": "9022.9", "PWD_P95": "10036.1", "PWD_P96": "11269.2", "PWD_P97": "12609.3", "PWD_P98": "14218.2", "PWD_P99": "16646.1", "PWD_P100": "23730.2" }, "geometry": { "type": "Point", "coordinates": [ 101.23480224609375, 14.389598846435547 ] } },
{ "type": "Feature", "id": 209, "properties": { "lon": 1.0643172264099121, "lat": 7.7735915184020996, "year": "2005", "ISO": "TGO", "ISO_No": "768", "Name": "Togo", "PWC_Lat": "7.7735915184021", "PWC_Lon": "1.06431722640991", "Pop": "5611642", "Density": "98.4", "Area": "57055.9", "PWD_A": "1488.2", "PWD_G": "329.6", "PWD_M": "252.3", "PWD_P1": "12.2", "PWD_P2": "16.3", "PWD_P3": "19.7", "PWD_P4": "22.6", "PWD_P5": "25.1", "PWD_P6": "27.6", "PWD_P7": "30.0", "PWD_P8": "32.2", "PWD_P9": "34.3", "PWD_P10": "36.3", "PWD_P11": "38.3", "PWD_P12": "40.3", "PWD_P13": "42.4", "PWD_P14": "44.4", "PWD_P15": "46.4", "PWD_P16": "48.6", "PWD_P17": "50.8", "PWD_P18": "53.1", "PWD_P19": "55.8", "PWD_P20": "58.8", "PWD_P21": "62.2", "PWD_P22": "65.7", "PWD_P23": "69.3", "PWD_P24": "73.0", "PWD_P25": "76.7", "PWD_P26": "80.6", "PWD_P27": "84.8", "PWD_P28": "89.5", "PWD_P29": "94.4", "PWD_P30": "99.7", "PWD_P31": "104.7", "PWD_P32": "109.3", "PWD_P33": "114.2", "PWD_P34": "119.5", "PWD_P35": "125.0", "PWD_P36": "131.0", "PWD_P37": "136.9", "PWD_P38": "142.9", "PWD_P39": "149.5", "PWD_P40": "156.6", "PWD_P41": "163.5", "PWD_P42": "171.5", "PWD_P43": "180.3", "PWD_P44": "189.8", "PWD_P45": "199.1", "PWD_P46": "208.6", "PWD_P47": "219.7", "PWD_P48": "230.8", "PWD_P49": "241.5", "PWD_P50": "252.3", "PWD_P51": "262.4", "PWD_P52": "276.4", "PWD_P53": "290.1", "PWD_P54": "304.1", "PWD_P55": "317.8", "PWD_P56": "331.7", "PWD_P57": "347.0", "PWD_P58": "364.1", "PWD_P59": "384.4", "PWD_P60": "409.2", "PWD_P61": "434.0", "PWD_P62": "460.9", "PWD_P63": "487.5", "PWD_P64": "518.1", "PWD_P65": "549.2", "PWD_P66": "583.1", "PWD_P67": "621.9", "PWD_P68": "665.6", "PWD_P69": "720.5", "PWD_P70": "781.1", "PWD_P71": "853.2", "PWD_P72": "945.6", "PWD_P73": "1050.9", "PWD_P74": "1147.0", "PWD_P75": "1263.5", "PWD_P76": "1474.1", "PWD_P77": "1715.6", "PWD_P78": "2087.4", "PWD_P79": "2354.9", "PWD_P80": "2590.4", "PWD_P81": "2868.6", "PWD_P82": "3099.6", "PWD_P83": "3303.1", "PWD_P84": "3503.7", "PWD_P85": "3806.3", "PWD_P86": "4257.2", "PWD_P87": "4925.6", "PWD_P88": "5733.4", "PWD_P89": "6105.0", "PWD_P90": "6362.3", "PWD_P91": "6567.7", "PWD_P92": "6755.7", "PWD_P93": "6928.3", "PWD_P94": "7121.4", "PWD_P95": "7326.9", "PWD_P96": "7580.1", "PWD_P97": "8263.7", "PWD_P98": "9066.1", "PWD_P99": "10103.9", "PWD_P100": "12259.6" }, "geometry": { "type": "Point", "coordinates": [ 1.064317226409912, 7.7735915184021 ] } },
{ "type": "Feature", "id": 210, "properties": { "lon": -171.83828735351562, "lat": -9.0322599411010742, "year": "2005", "ISO": "TKL", "ISO_No": "772", "Name": "Tokelau", "PWC_Lat": "-9.03225994110107", "PWC_Lon": "-171.838287353516", "Pop": "1213", "Density": "51.2", "Area": "23.7", "PWD_A": "53.9", "PWD_G": "52.5", "PWD_M": "53.4", "PWD_P1": "29.0", "PWD_P2": "30.3", "PWD_P3": "34.7", "PWD_P4": "35.9", "PWD_P5": "36.8", "PWD_P6": "37.5", "PWD_P7": "37.9", "PWD_P8": "38.5", "PWD_P9": "38.9", "PWD_P10": "39.3", "PWD_P11": "39.5", "PWD_P12": "39.7", "PWD_P13": "40.0", "PWD_P14": "40.2", "PWD_P15": "40.6", "PWD_P16": "41.9", "PWD_P17": "43.0", "PWD_P18": "43.1", "PWD_P19": "43.2", "PWD_P20": "43.4", "PWD_P21": "44.2", "PWD_P22": "44.5", "PWD_P23": "44.8", "PWD_P24": "44.8", "PWD_P25": "44.9", "PWD_P26": "45.0", "PWD_P27": "45.1", "PWD_P28": "45.2", "PWD_P29": "45.3", "PWD_P30": "45.8", "PWD_P31": "45.9", "PWD_P32": "46.0", "PWD_P33": "46.4", "PWD_P34": "46.6", "PWD_P35": "46.6", "PWD_P36": "46.7", "PWD_P37": "47.2", "PWD_P38": "47.6", "PWD_P39": "48.2", "PWD_P40": "48.7", "PWD_P41": "49.3", "PWD_P42": "49.8", "PWD_P43": "50.3", "PWD_P44": "50.8", "PWD_P45": "51.4", "PWD_P46": "51.7", "PWD_P47": "52.3", "PWD_P48": "52.9", "PWD_P49": "53.2", "PWD_P50": "53.4", "PWD_P51": "53.8", "PWD_P52": "54.3", "PWD_P53": "54.7", "PWD_P54": "55.0", "PWD_P55": "55.3", "PWD_P56": "55.4", "PWD_P57": "55.5", "PWD_P58": "56.0", "PWD_P59": "56.5", "PWD_P60": "56.9", "PWD_P61": "57.2", "PWD_P62": "57.4", "PWD_P63": "57.9", "PWD_P64": "58.6", "PWD_P65": "58.9", "PWD_P66": "59.2", "PWD_P67": "59.2", "PWD_P68": "59.9", "PWD_P69": "60.2", "PWD_P70": "60.7", "PWD_P71": "61.2", "PWD_P72": "61.5", "PWD_P73": "61.9", "PWD_P74": "62.3", "PWD_P75": "62.5", "PWD_P76": "62.8", "PWD_P77": "63.2", "PWD_P78": "63.4", "PWD_P79": "63.7", "PWD_P80": "64.6", "PWD_P81": "68.5", "PWD_P82": "69.1", "PWD_P83": "69.3", "PWD_P84": "69.7", "PWD_P85": "70.6", "PWD_P86": "70.8", "PWD_P87": "71.1", "PWD_P88": "71.3", "PWD_P89": "71.4", "PWD_P90": "71.5", "PWD_P91": "71.6", "PWD_P92": "71.7", "PWD_P93": "71.8", "PWD_P94": "71.9", "PWD_P95": "72.1", "PWD_P96": "72.8", "PWD_P97": "73.2", "PWD_P98": "74.1", "PWD_P99": "74.5", "PWD_P100": "75.9" }, "geometry": { "type": "Point", "coordinates": [ -171.838287353515625, -9.032259941101074 ] } },
{ "type": "Feature", "id": 211, "properties": { "lon": -174.95748901367188, "lat": -20.555057525634766, "year": "2005", "ISO": "TON", "ISO_No": "776", "Name": "Tonga", "PWC_Lat": "-20.5550575256348", "PWC_Lon": "-174.957489013672", "Pop": "100908", "Density": "128.6", "Area": "784.7", "PWD_A": "508.7", "PWD_G": "263.7", "PWD_M": "245.9", "PWD_P1": "18.6", "PWD_P2": "21.6", "PWD_P3": "23.8", "PWD_P4": "25.7", "PWD_P5": "28.4", "PWD_P6": "31.5", "PWD_P7": "36.3", "PWD_P8": "42.2", "PWD_P9": "47.5", "PWD_P10": "52.5", "PWD_P11": "57.2", "PWD_P12": "62.7", "PWD_P13": "68.4", "PWD_P14": "73.6", "PWD_P15": "78.1", "PWD_P16": "82.6", "PWD_P17": "86.7", "PWD_P18": "90.3", "PWD_P19": "93.7", "PWD_P20": "97.1", "PWD_P21": "101.3", "PWD_P22": "105.9", "PWD_P23": "110.6", "PWD_P24": "115.6", "PWD_P25": "120.9", "PWD_P26": "127.1", "PWD_P27": "132.8", "PWD_P28": "139.8", "PWD_P29": "146.4", "PWD_P30": "152.4", "PWD_P31": "158.0", "PWD_P32": "162.7", "PWD_P33": "167.4", "PWD_P34": "171.8", "PWD_P35": "176.3", "PWD_P36": "180.8", "PWD_P37": "185.1", "PWD_P38": "190.2", "PWD_P39": "194.8", "PWD_P40": "199.0", "PWD_P41": "203.5", "PWD_P42": "208.0", "PWD_P43": "212.5", "PWD_P44": "217.0", "PWD_P45": "221.7", "PWD_P46": "226.4", "PWD_P47": "231.5", "PWD_P48": "236.3", "PWD_P49": "240.8", "PWD_P50": "245.9", "PWD_P51": "251.2", "PWD_P52": "257.0", "PWD_P53": "262.9", "PWD_P54": "270.0", "PWD_P55": "278.3", "PWD_P56": "287.7", "PWD_P57": "299.4", "PWD_P58": "311.8", "PWD_P59": "327.8", "PWD_P60": "344.1", "PWD_P61": "360.8", "PWD_P62": "378.0", "PWD_P63": "399.9", "PWD_P64": "420.9", "PWD_P65": "443.7", "PWD_P66": "463.9", "PWD_P67": "489.2", "PWD_P68": "512.1", "PWD_P69": "536.8", "PWD_P70": "560.0", "PWD_P71": "583.2", "PWD_P72": "605.9", "PWD_P73": "626.5", "PWD_P74": "647.3", "PWD_P75": "670.0", "PWD_P76": "691.4", "PWD_P77": "710.4", "PWD_P78": "731.2", "PWD_P79": "751.6", "PWD_P80": "775.1", "PWD_P81": "798.9", "PWD_P82": "827.5", "PWD_P83": "857.7", "PWD_P84": "889.0", "PWD_P85": "924.9", "PWD_P86": "962.5", "PWD_P87": "1007.0", "PWD_P88": "1055.1", "PWD_P89": "1107.8", "PWD_P90": "1179.8", "PWD_P91": "1272.5", "PWD_P92": "1454.3", "PWD_P93": "1635.7", "PWD_P94": "1800.5", "PWD_P95": "2009.1", "PWD_P96": "2391.7", "PWD_P97": "2577.2", "PWD_P98": "2765.0", "PWD_P99": "3000.9", "PWD_P100": "3601.1" }, "geometry": { "type": "Point", "coordinates": [ -174.957489013671875, -20.555057525634766 ] } },
{ "type": "Feature", "id": 212, "properties": { "lon": -61.377704620361328, "lat": 10.516925811767578, "year": "2005", "ISO": "TTO", "ISO_No": "780", "Name": "Trinidad and Tobago", "PWC_Lat": "10.5169258117676", "PWC_Lon": "-61.3777046203613", "Pop": "1296496", "Density": "248.6", "Area": "5215.6", "PWD_A": "1078.2", "PWD_G": "619.4", "PWD_M": "785.4", "PWD_P1": "23.8", "PWD_P2": "33.8", "PWD_P3": "42.6", "PWD_P4": "51.2", "PWD_P5": "60.0", "PWD_P6": "68.6", "PWD_P7": "76.9", "PWD_P8": "84.9", "PWD_P9": "93.8", "PWD_P10": "103.5", "PWD_P11": "113.0", "PWD_P12": "123.6", "PWD_P13": "134.1", "PWD_P14": "145.5", "PWD_P15": "157.5", "PWD_P16": "169.5", "PWD_P17": "181.5", "PWD_P18": "193.5", "PWD_P19": "205.4", "PWD_P20": "217.3", "PWD_P21": "229.7", "PWD_P22": "242.4", "PWD_P23": "255.0", "PWD_P24": "267.3", "PWD_P25": "280.6", "PWD_P26": "294.9", "PWD_P27": "309.5", "PWD_P28": "324.7", "PWD_P29": "340.1", "PWD_P30": "355.8", "PWD_P31": "371.5", "PWD_P32": "387.3", "PWD_P33": "402.8", "PWD_P34": "418.5", "PWD_P35": "434.5", "PWD_P36": "451.6", "PWD_P37": "470.1", "PWD_P38": "488.9", "PWD_P39": "509.7", "PWD_P40": "530.2", "PWD_P41": "551.6", "PWD_P42": "573.0", "PWD_P43": "596.3", "PWD_P44": "621.0", "PWD_P45": "647.2", "PWD_P46": "673.4", "PWD_P47": "701.3", "PWD_P48": "730.1", "PWD_P49": "757.8", "PWD_P50": "785.4", "PWD_P51": "812.7", "PWD_P52": "839.3", "PWD_P53": "865.6", "PWD_P54": "893.9", "PWD_P55": "921.9", "PWD_P56": "949.1", "PWD_P57": "975.6", "PWD_P58": "1004.0", "PWD_P59": "1032.1", "PWD_P60": "1063.9", "PWD_P61": "1096.7", "PWD_P62": "1131.2", "PWD_P63": "1166.0", "PWD_P64": "1201.1", "PWD_P65": "1237.9", "PWD_P66": "1276.9", "PWD_P67": "1314.1", "PWD_P68": "1352.1", "PWD_P69": "1391.7", "PWD_P70": "1430.5", "PWD_P71": "1472.8", "PWD_P72": "1516.6", "PWD_P73": "1558.2", "PWD_P74": "1601.6", "PWD_P75": "1646.8", "PWD_P76": "1698.0", "PWD_P77": "1747.0", "PWD_P78": "1796.4", "PWD_P79": "1856.7", "PWD_P80": "1917.7", "PWD_P81": "1979.9", "PWD_P82": "2041.6", "PWD_P83": "2104.5", "PWD_P84": "2169.2", "PWD_P85": "2239.1", "PWD_P86": "2315.1", "PWD_P87": "2384.7", "PWD_P88": "2446.2", "PWD_P89": "2502.8", "PWD_P90": "2581.6", "PWD_P91": "2669.3", "PWD_P92": "2758.4", "PWD_P93": "2852.3", "PWD_P94": "2958.5", "PWD_P95": "3064.3", "PWD_P96": "3171.7", "PWD_P97": "3300.6", "PWD_P98": "3489.2", "PWD_P99": "3722.7", "PWD_P100": "4207.5" }, "geometry": { "type": "Point", "coordinates": [ -61.377704620361328, 10.516925811767578 ] } },
{ "type": "Feature", "id": 213, "properties": { "lon": 55.277637481689453, "lat": 24.897209167480469, "year": "2005", "ISO": "ARE", "ISO_No": "784", "Name": "United Arab Emirates", "PWC_Lat": "24.8972091674805", "PWC_Lon": "55.2776374816895", "Pop": "4588221", "Density": "57.6", "Area": "79590.0", "PWD_A": "603.5", "PWD_G": "350.5", "PWD_M": "460.0", "PWD_P1": "3.0", "PWD_P2": "7.2", "PWD_P3": "12.3", "PWD_P4": "17.7", "PWD_P5": "23.0", "PWD_P6": "29.0", "PWD_P7": "34.8", "PWD_P8": "40.7", "PWD_P9": "47.6", "PWD_P10": "55.2", "PWD_P11": "63.3", "PWD_P12": "72.5", "PWD_P13": "81.7", "PWD_P14": "91.3", "PWD_P15": "101.0", "PWD_P16": "111.5", "PWD_P17": "121.1", "PWD_P18": "131.3", "PWD_P19": "140.9", "PWD_P20": "150.6", "PWD_P21": "160.3", "PWD_P22": "169.9", "PWD_P23": "180.5", "PWD_P24": "190.9", "PWD_P25": "201.4", "PWD_P26": "211.7", "PWD_P27": "222.2", "PWD_P28": "232.3", "PWD_P29": "241.7", "PWD_P30": "250.5", "PWD_P31": "258.3", "PWD_P32": "264.9", "PWD_P33": "272.4", "PWD_P34": "280.5", "PWD_P35": "289.0", "PWD_P36": "297.8", "PWD_P37": "306.8", "PWD_P38": "316.7", "PWD_P39": "326.6", "PWD_P40": "337.2", "PWD_P41": "349.9", "PWD_P42": "362.0", "PWD_P43": "374.5", "PWD_P44": "392.0", "PWD_P45": "407.5", "PWD_P46": "418.4", "PWD_P47": "430.3", "PWD_P48": "442.2", "PWD_P49": "451.2", "PWD_P50": "460.0", "PWD_P51": "469.5", "PWD_P52": "479.2", "PWD_P53": "489.8", "PWD_P54": "502.6", "PWD_P55": "517.5", "PWD_P56": "531.9", "PWD_P57": "555.8", "PWD_P58": "592.5", "PWD_P59": "633.5", "PWD_P60": "671.4", "PWD_P61": "701.7", "PWD_P62": "726.5", "PWD_P63": "750.0", "PWD_P64": "775.7", "PWD_P65": "801.0", "PWD_P66": "831.2", "PWD_P67": "865.3", "PWD_P68": "894.6", "PWD_P69": "920.5", "PWD_P70": "942.2", "PWD_P71": "970.2", "PWD_P72": "1000.3", "PWD_P73": "1030.2", "PWD_P74": "1057.1", "PWD_P75": "1074.8", "PWD_P76": "1090.8", "PWD_P77": "1103.6", "PWD_P78": "1114.8", "PWD_P79": "1125.3", "PWD_P80": "1134.7", "PWD_P81": "1144.8", "PWD_P82": "1154.4", "PWD_P83": "1164.1", "PWD_P84": "1173.0", "PWD_P85": "1182.1", "PWD_P86": "1192.5", "PWD_P87": "1208.5", "PWD_P88": "1228.8", "PWD_P89": "1245.0", "PWD_P90": "1257.0", "PWD_P91": "1269.8", "PWD_P92": "1283.2", "PWD_P93": "1295.7", "PWD_P94": "1309.7", "PWD_P95": "1359.5", "PWD_P96": "1472.0", "PWD_P97": "1549.1", "PWD_P98": "1588.9", "PWD_P99": "1631.9", "PWD_P100": "1814.4" }, "geometry": { "type": "Point", "coordinates": [ 55.277637481689453, 24.897209167480469 ] } },
{ "type": "Feature", "id": 214, "properties": { "lon": 9.9990358352661133, "lat": 35.764163970947266, "year": "2005", "ISO": "TUN", "ISO_No": "788", "Name": "Tunisia", "PWC_Lat": "35.7641639709473", "PWC_Lon": "9.99903583526611", "Pop": "10106778", "Density": "65.3", "Area": "154656.4", "PWD_A": "2394.6", "PWD_G": "501.4", "PWD_M": "511.2", "PWD_P1": "7.2", "PWD_P2": "11.6", "PWD_P3": "15.4", "PWD_P4": "18.8", "PWD_P5": "22.0", "PWD_P6": "25.2", "PWD_P7": "28.3", "PWD_P8": "31.7", "PWD_P9": "34.9", "PWD_P10": "37.9", "PWD_P11": "41.0", "PWD_P12": "44.3", "PWD_P13": "47.5", "PWD_P14": "50.9", "PWD_P15": "54.4", "PWD_P16": "58.1", "PWD_P17": "62.0", "PWD_P18": "66.0", "PWD_P19": "70.0", "PWD_P20": "74.3", "PWD_P21": "78.8", "PWD_P22": "83.8", "PWD_P23": "89.1", "PWD_P24": "94.7", "PWD_P25": "100.8", "PWD_P26": "107.4", "PWD_P27": "114.0", "PWD_P28": "121.0", "PWD_P29": "128.3", "PWD_P30": "136.3", "PWD_P31": "144.8", "PWD_P32": "154.0", "PWD_P33": "164.1", "PWD_P34": "174.7", "PWD_P35": "185.7", "PWD_P36": "197.2", "PWD_P37": "209.4", "PWD_P38": "223.0", "PWD_P39": "238.1", "PWD_P40": "254.4", "PWD_P41": "271.9", "PWD_P42": "291.1", "PWD_P43": "311.6", "PWD_P44": "334.0", "PWD_P45": "357.9", "PWD_P46": "383.9", "PWD_P47": "412.3", "PWD_P48": "443.0", "PWD_P49": "475.8", "PWD_P50": "511.2", "PWD_P51": "549.2", "PWD_P52": "590.5", "PWD_P53": "634.7", "PWD_P54": "682.2", "PWD_P55": "733.3", "PWD_P56": "788.0", "PWD_P57": "846.1", "PWD_P58": "906.2", "PWD_P59": "970.2", "PWD_P60": "1038.2", "PWD_P61": "1114.6", "PWD_P62": "1197.8", "PWD_P63": "1283.3", "PWD_P64": "1371.2", "PWD_P65": "1462.6", "PWD_P66": "1557.5", "PWD_P67": "1661.0", "PWD_P68": "1766.7", "PWD_P69": "1870.6", "PWD_P70": "1975.6", "PWD_P71": "2081.2", "PWD_P72": "2192.4", "PWD_P73": "2310.1", "PWD_P74": "2439.4", "PWD_P75": "2576.5", "PWD_P76": "2723.1", "PWD_P77": "2875.2", "PWD_P78": "3035.8", "PWD_P79": "3204.1", "PWD_P80": "3401.9", "PWD_P81": "3614.7", "PWD_P82": "3848.9", "PWD_P83": "4108.5", "PWD_P84": "4431.3", "PWD_P85": "4789.6", "PWD_P86": "5139.9", "PWD_P87": "5505.3", "PWD_P88": "5868.9", "PWD_P89": "6298.0", "PWD_P90": "6748.1", "PWD_P91": "7240.2", "PWD_P92": "7813.8", "PWD_P93": "8491.9", "PWD_P94": "9435.6", "PWD_P95": "11052.5", "PWD_P96": "12600.4", "PWD_P97": "14507.8", "PWD_P98": "17325.9", "PWD_P99": "26117.7", "PWD_P100": "39558.5" }, "geometry": { "type": "Point", "coordinates": [ 9.999035835266113, 35.764163970947266 ] } },
{ "type": "Feature", "id": 215, "properties": { "lon": 33.103755950927734, "lat": 39.271030426025391, "year": "2005", "ISO": "TUR", "ISO_No": "792", "Name": "Turkey", "PWC_Lat": "39.2710304260254", "PWC_Lon": "33.1037559509277", "Pop": "67903461", "Density": "88.2", "Area": "769498.4", "PWD_A": "5792.9", "PWD_G": "835.9", "PWD_M": "956.2", "PWD_P1": "6.6", "PWD_P2": "9.0", "PWD_P3": "11.3", "PWD_P4": "13.7", "PWD_P5": "16.3", "PWD_P6": "19.2", "PWD_P7": "22.4", "PWD_P8": "25.9", "PWD_P9": "29.7", "PWD_P10": "33.8", "PWD_P11": "38.2", "PWD_P12": "42.8", "PWD_P13": "47.6", "PWD_P14": "52.6", "PWD_P15": "57.9", "PWD_P16": "63.5", "PWD_P17": "69.3", "PWD_P18": "75.5", "PWD_P19": "82.0", "PWD_P20": "88.9", "PWD_P21": "96.5", "PWD_P22": "104.6", "PWD_P23": "113.2", "PWD_P24": "122.7", "PWD_P25": "133.0", "PWD_P26": "144.1", "PWD_P27": "156.2", "PWD_P28": "169.2", "PWD_P29": "183.6", "PWD_P30": "199.1", "PWD_P31": "215.7", "PWD_P32": "233.8", "PWD_P33": "253.5", "PWD_P34": "274.5", "PWD_P35": "297.0", "PWD_P36": "321.6", "PWD_P37": "348.4", "PWD_P38": "377.6", "PWD_P39": "410.1", "PWD_P40": "446.1", "PWD_P41": "485.0", "PWD_P42": "525.9", "PWD_P43": "569.2", "PWD_P44": "615.0", "PWD_P45": "664.9", "PWD_P46": "718.3", "PWD_P47": "774.4", "PWD_P48": "832.4", "PWD_P49": "892.6", "PWD_P50": "956.2", "PWD_P51": "1023.6", "PWD_P52": "1096.2", "PWD_P53": "1175.0", "PWD_P54": "1259.4", "PWD_P55": "1351.0", "PWD_P56": "1446.6", "PWD_P57": "1542.6", "PWD_P58": "1643.2", "PWD_P59": "1750.3", "PWD_P60": "1867.2", "PWD_P61": "1995.3", "PWD_P62": "2133.8", "PWD_P63": "2290.5", "PWD_P64": "2458.1", "PWD_P65": "2640.7", "PWD_P66": "2842.2", "PWD_P67": "3059.5", "PWD_P68": "3300.8", "PWD_P69": "3567.1", "PWD_P70": "3856.0", "PWD_P71": "4145.1", "PWD_P72": "4438.9", "PWD_P73": "4749.1", "PWD_P74": "5083.7", "PWD_P75": "5440.7", "PWD_P76": "5830.0", "PWD_P77": "6262.6", "PWD_P78": "6755.6", "PWD_P79": "7283.7", "PWD_P80": "7815.3", "PWD_P81": "8445.5", "PWD_P82": "9200.6", "PWD_P83": "10038.0", "PWD_P84": "10983.7", "PWD_P85": "12050.4", "PWD_P86": "13223.8", "PWD_P87": "14385.9", "PWD_P88": "15632.4", "PWD_P89": "17119.0", "PWD_P90": "18692.4", "PWD_P91": "20302.7", "PWD_P92": "22300.8", "PWD_P93": "24457.7", "PWD_P94": "26813.8", "PWD_P95": "29599.8", "PWD_P96": "33811.1", "PWD_P97": "39114.3", "PWD_P98": "43344.3", "PWD_P99": "57291.0", "PWD_P100": "92213.5" }, "geometry": { "type": "Point", "coordinates": [ 33.103755950927734, 39.271030426025391 ] } },
{ "type": "Feature", "id": 216, "properties": { "lon": 60.391311645507812, "lat": 38.880298614501953, "year": "2005", "ISO": "TKM", "ISO_No": "795", "Name": "Turkmenistan", "PWC_Lat": "38.880298614502", "PWC_Lon": "60.3913116455078", "Pop": "4754651", "Density": "10.2", "Area": "465110.9", "PWD_A": "767.9", "PWD_G": "119.3", "PWD_M": "168.6", "PWD_P1": "0.9", "PWD_P2": "1.0", "PWD_P3": "1.2", "PWD_P4": "1.3", "PWD_P5": "1.5", "PWD_P6": "1.6", "PWD_P7": "1.8", "PWD_P8": "2.1", "PWD_P9": "2.4", "PWD_P10": "2.8", "PWD_P11": "3.4", "PWD_P12": "4.1", "PWD_P13": "4.8", "PWD_P14": "5.7", "PWD_P15": "6.7", "PWD_P16": "7.8", "PWD_P17": "9.4", "PWD_P18": "12.0", "PWD_P19": "16.0", "PWD_P20": "20.7", "PWD_P21": "25.3", "PWD_P22": "30.0", "PWD_P23": "34.5", "PWD_P24": "38.5", "PWD_P25": "42.4", "PWD_P26": "46.0", "PWD_P27": "49.4", "PWD_P28": "52.9", "PWD_P29": "56.3", "PWD_P30": "60.0", "PWD_P31": "63.8", "PWD_P32": "67.6", "PWD_P33": "71.6", "PWD_P34": "75.8", "PWD_P35": "79.9", "PWD_P36": "84.2", "PWD_P37": "88.8", "PWD_P38": "93.7", "PWD_P39": "98.5", "PWD_P40": "103.8", "PWD_P41": "109.5", "PWD_P42": "115.1", "PWD_P43": "121.0", "PWD_P44": "127.2", "PWD_P45": "134.1", "PWD_P46": "140.8", "PWD_P47": "147.6", "PWD_P48": "154.5", "PWD_P49": "161.7", "PWD_P50": "168.6", "PWD_P51": "175.3", "PWD_P52": "181.9", "PWD_P53": "188.7", "PWD_P54": "195.7", "PWD_P55": "202.7", "PWD_P56": "209.9", "PWD_P57": "218.2", "PWD_P58": "226.3", "PWD_P59": "234.5", "PWD_P60": "242.2", "PWD_P61": "249.8", "PWD_P62": "258.0", "PWD_P63": "266.1", "PWD_P64": "275.6", "PWD_P65": "285.6", "PWD_P66": "296.0", "PWD_P67": "306.2", "PWD_P68": "316.8", "PWD_P69": "328.1", "PWD_P70": "339.2", "PWD_P71": "351.3", "PWD_P72": "365.7", "PWD_P73": "381.9", "PWD_P74": "400.4", "PWD_P75": "420.5", "PWD_P76": "440.0", "PWD_P77": "461.9", "PWD_P78": "488.0", "PWD_P79": "512.1", "PWD_P80": "538.1", "PWD_P81": "565.0", "PWD_P82": "593.4", "PWD_P83": "626.5", "PWD_P84": "663.2", "PWD_P85": "740.0", "PWD_P86": "864.7", "PWD_P87": "2990.2", "PWD_P88": "3777.3", "PWD_P89": "4020.9", "PWD_P90": "4301.1", "PWD_P91": "4454.6", "PWD_P92": "4560.9", "PWD_P93": "4658.2", "PWD_P94": "4742.1", "PWD_P95": "4816.8", "PWD_P96": "4896.1", "PWD_P97": "4973.8", "PWD_P98": "5044.9", "PWD_P99": "5139.7", "PWD_P100": "5791.6" }, "geometry": { "type": "Point", "coordinates": [ 60.391311645507812, 38.880298614501953 ] } },
{ "type": "Feature", "id": 217, "properties": { "lon": -71.974601745605469, "lat": 21.717514038085938, "year": "2005", "ISO": "TCA", "ISO_No": "796", "Name": "Turks and Caicos Islands", "PWC_Lat": "21.7175140380859", "PWC_Lon": "-71.9746017456055", "Pop": "28180", "Density": "28.2", "Area": "999.1", "PWD_A": "581.9", "PWD_G": "275.5", "PWD_M": "401.6", "PWD_P1": "2.8", "PWD_P2": "3.4", "PWD_P3": "5.4", "PWD_P4": "8.3", "PWD_P5": "10.1", "PWD_P6": "11.6", "PWD_P7": "14.8", "PWD_P8": "18.8", "PWD_P9": "23.2", "PWD_P10": "27.4", "PWD_P11": "32.5", "PWD_P12": "39.3", "PWD_P13": "46.5", "PWD_P14": "54.3", "PWD_P15": "60.7", "PWD_P16": "67.9", "PWD_P17": "74.4", "PWD_P18": "80.5", "PWD_P19": "86.4", "PWD_P20": "92.9", "PWD_P21": "101.2", "PWD_P22": "109.3", "PWD_P23": "115.2", "PWD_P24": "120.9", "PWD_P25": "126.5", "PWD_P26": "132.3", "PWD_P27": "139.5", "PWD_P28": "146.7", "PWD_P29": "154.2", "PWD_P30": "161.8", "PWD_P31": "168.5", "PWD_P32": "176.9", "PWD_P33": "187.6", "PWD_P34": "198.0", "PWD_P35": "209.2", "PWD_P36": "222.5", "PWD_P37": "235.1", "PWD_P38": "251.5", "PWD_P39": "263.4", "PWD_P40": "279.7", "PWD_P41": "295.8", "PWD_P42": "311.6", "PWD_P43": "322.1", "PWD_P44": "332.0", "PWD_P45": "342.0", "PWD_P46": "354.0", "PWD_P47": "363.3", "PWD_P48": "378.1", "PWD_P49": "391.0", "PWD_P50": "401.6", "PWD_P51": "416.1", "PWD_P52": "431.3", "PWD_P53": "447.3", "PWD_P54": "461.4", "PWD_P55": "476.7", "PWD_P56": "491.9", "PWD_P57": "509.5", "PWD_P58": "528.1", "PWD_P59": "543.1", "PWD_P60": "558.4", "PWD_P61": "575.5", "PWD_P62": "587.7", "PWD_P63": "604.1", "PWD_P64": "628.8", "PWD_P65": "649.0", "PWD_P66": "664.7", "PWD_P67": "680.4", "PWD_P68": "698.0", "PWD_P69": "724.5", "PWD_P70": "752.8", "PWD_P71": "789.0", "PWD_P72": "823.1", "PWD_P73": "875.9", "PWD_P74": "907.7", "PWD_P75": "943.9", "PWD_P76": "967.0", "PWD_P77": "988.9", "PWD_P78": "1018.6", "PWD_P79": "1041.4", "PWD_P80": "1070.3", "PWD_P81": "1106.4", "PWD_P82": "1134.3", "PWD_P83": "1168.9", "PWD_P84": "1199.8", "PWD_P85": "1232.4", "PWD_P86": "1266.4", "PWD_P87": "1308.6", "PWD_P88": "1342.7", "PWD_P89": "1397.7", "PWD_P90": "1482.4", "PWD_P91": "1542.6", "PWD_P92": "1585.2", "PWD_P93": "1624.8", "PWD_P94": "1692.9", "PWD_P95": "1731.0", "PWD_P96": "1799.6", "PWD_P97": "1873.9", "PWD_P98": "1942.5", "PWD_P99": "2062.7", "PWD_P100": "2269.0" }, "geometry": { "type": "Point", "coordinates": [ -71.974601745605469, 21.717514038085938 ] } },
{ "type": "Feature", "id": 218, "properties": { "lon": 178.51722717285156, "lat": -7.8279881477355957, "year": "2005", "ISO": "TUV", "ISO_No": "798", "Name": "Tuvalu", "PWC_Lat": "-7.8279881477356", "PWC_Lon": "178.517227172852", "Pop": "9997", "Density": "176.1", "Area": "56.8", "PWD_A": "4286.9", "PWD_G": "2807.7", "PWD_M": "3800.6", "PWD_P1": "43.6", "PWD_P2": "76.8", "PWD_P3": "141.4", "PWD_P4": "261.4", "PWD_P5": "348.5", "PWD_P6": "408.8", "PWD_P7": "464.9", "PWD_P8": "527.2", "PWD_P9": "613.0", "PWD_P10": "679.5", "PWD_P11": "729.4", "PWD_P12": "811.9", "PWD_P13": "874.9", "PWD_P14": "965.7", "PWD_P15": "1033.0", "PWD_P16": "1077.9", "PWD_P17": "1222.5", "PWD_P18": "1326.4", "PWD_P19": "1449.5", "PWD_P20": "1513.7", "PWD_P21": "1575.6", "PWD_P22": "1672.2", "PWD_P23": "1698.1", "PWD_P24": "1735.4", "PWD_P25": "1785.4", "PWD_P26": "1833.2", "PWD_P27": "1857.6", "PWD_P28": "1886.4", "PWD_P29": "1935.2", "PWD_P30": "1984.8", "PWD_P31": "2019.2", "PWD_P32": "2083.8", "PWD_P33": "2159.7", "PWD_P34": "2277.7", "PWD_P35": "2386.3", "PWD_P36": "2470.8", "PWD_P37": "2515.2", "PWD_P38": "2541.1", "PWD_P39": "2555.3", "PWD_P40": "2632.9", "PWD_P41": "2671.5", "PWD_P42": "2731.9", "PWD_P43": "2890.8", "PWD_P44": "2969.3", "PWD_P45": "3062.3", "PWD_P46": "3140.6", "PWD_P47": "3325.3", "PWD_P48": "3426.0", "PWD_P49": "3545.2", "PWD_P50": "3800.6", "PWD_P51": "3924.0", "PWD_P52": "3989.0", "PWD_P53": "4067.9", "PWD_P54": "4086.3", "PWD_P55": "4107.4", "PWD_P56": "4167.6", "PWD_P57": "4213.8", "PWD_P58": "4294.2", "PWD_P59": "4348.2", "PWD_P60": "4482.8", "PWD_P61": "4517.6", "PWD_P62": "4666.9", "PWD_P63": "4701.9", "PWD_P64": "4949.3", "PWD_P65": "4963.7", "PWD_P66": "4974.3", "PWD_P67": "4986.8", "PWD_P68": "5147.5", "PWD_P69": "5225.3", "PWD_P70": "5311.0", "PWD_P71": "5554.3", "PWD_P72": "5611.2", "PWD_P73": "5721.4", "PWD_P74": "5821.3", "PWD_P75": "5937.5", "PWD_P76": "6017.6", "PWD_P77": "6150.6", "PWD_P78": "6451.4", "PWD_P79": "6611.5", "PWD_P80": "6639.1", "PWD_P81": "6942.4", "PWD_P82": "7189.9", "PWD_P83": "7410.9", "PWD_P84": "7744.3", "PWD_P85": "8073.5", "PWD_P86": "8451.8", "PWD_P87": "8964.9", "PWD_P88": "8972.6", "PWD_P89": "9764.0", "PWD_P90": "9779.1", "PWD_P91": "10175.6", "PWD_P92": "10413.5", "PWD_P93": "10474.8", "PWD_P94": "10506.3", "PWD_P95": "11356.2", "PWD_P96": "11376.3", "PWD_P97": "11825.6", "PWD_P98": "12051.9", "PWD_P99": "12465.4", "PWD_P100": "12465.4" }, "geometry": { "type": "Point", "coordinates": [ 178.517227172851562, -7.827988147735596 ] } },
{ "type": "Feature", "id": 219, "properties": { "lon": 32.216972351074219, "lat": 0.91810756921768188, "year": "2005", "ISO": "UGA", "ISO_No": "800", "Name": "Uganda", "PWC_Lat": "0.918107569217682", "PWC_Lon": "32.2169723510742", "Pop": "27684589", "Density": "134.4", "Area": "205957.8", "PWD_A": "975.3", "PWD_G": "313.2", "PWD_M": "263.7", "PWD_P1": "14.4", "PWD_P2": "21.6", "PWD_P3": "27.8", "PWD_P4": "34.2", "PWD_P5": "40.6", "PWD_P6": "46.9", "PWD_P7": "52.9", "PWD_P8": "58.5", "PWD_P9": "63.9", "PWD_P10": "69.2", "PWD_P11": "74.2", "PWD_P12": "79.2", "PWD_P13": "83.8", "PWD_P14": "88.3", "PWD_P15": "92.7", "PWD_P16": "97.1", "PWD_P17": "101.3", "PWD_P18": "105.4", "PWD_P19": "109.6", "PWD_P20": "113.7", "PWD_P21": "117.9", "PWD_P22": "122.0", "PWD_P23": "126.1", "PWD_P24": "130.3", "PWD_P25": "134.6", "PWD_P26": "139.0", "PWD_P27": "143.3", "PWD_P28": "147.6", "PWD_P29": "151.9", "PWD_P30": "156.3", "PWD_P31": "160.8", "PWD_P32": "165.4", "PWD_P33": "170.1", "PWD_P34": "174.8", "PWD_P35": "179.6", "PWD_P36": "184.4", "PWD_P37": "189.5", "PWD_P38": "194.8", "PWD_P39": "200.0", "PWD_P40": "205.4", "PWD_P41": "210.8", "PWD_P42": "216.4", "PWD_P43": "222.0", "PWD_P44": "227.6", "PWD_P45": "233.4", "PWD_P46": "239.2", "PWD_P47": "245.1", "PWD_P48": "251.2", "PWD_P49": "257.4", "PWD_P50": "263.7", "PWD_P51": "270.1", "PWD_P52": "276.8", "PWD_P53": "283.5", "PWD_P54": "290.4", "PWD_P55": "297.4", "PWD_P56": "304.6", "PWD_P57": "312.0", "PWD_P58": "319.6", "PWD_P59": "327.4", "PWD_P60": "335.7", "PWD_P61": "344.1", "PWD_P62": "353.0", "PWD_P63": "362.6", "PWD_P64": "373.0", "PWD_P65": "384.0", "PWD_P66": "395.7", "PWD_P67": "408.1", "PWD_P68": "421.9", "PWD_P69": "437.3", "PWD_P70": "454.4", "PWD_P71": "473.6", "PWD_P72": "495.2", "PWD_P73": "518.6", "PWD_P74": "545.6", "PWD_P75": "575.6", "PWD_P76": "609.4", "PWD_P77": "647.4", "PWD_P78": "692.4", "PWD_P79": "745.3", "PWD_P80": "804.6", "PWD_P81": "874.1", "PWD_P82": "958.6", "PWD_P83": "1058.8", "PWD_P84": "1175.9", "PWD_P85": "1319.7", "PWD_P86": "1491.5", "PWD_P87": "1686.1", "PWD_P88": "1910.6", "PWD_P89": "2168.8", "PWD_P90": "2484.1", "PWD_P91": "2886.2", "PWD_P92": "3416.3", "PWD_P93": "4112.0", "PWD_P94": "4771.5", "PWD_P95": "5760.4", "PWD_P96": "6870.9", "PWD_P97": "8301.5", "PWD_P98": "9496.1", "PWD_P99": "10667.2", "PWD_P100": "15185.6" }, "geometry": { "type": "Point", "coordinates": [ 32.216972351074219, 0.918107569217682 ] } },
{ "type": "Feature", "id": 220, "properties": { "lon": 31.703527450561523, "lat": 48.803871154785156, "year": "2005", "ISO": "UKR", "ISO_No": "804", "Name": "Ukraine", "PWC_Lat": "48.8038711547852", "PWC_Lon": "31.7035274505615", "Pop": "46890775", "Density": "80.0", "Area": "585934.3", "PWD_A": "2363.7", "PWD_G": "611.7", "PWD_M": "808.1", "PWD_P1": "4.8", "PWD_P2": "7.1", "PWD_P3": "9.8", "PWD_P4": "12.9", "PWD_P5": "16.8", "PWD_P6": "21.7", "PWD_P7": "27.4", "PWD_P8": "33.5", "PWD_P9": "39.5", "PWD_P10": "45.1", "PWD_P11": "50.1", "PWD_P12": "54.8", "PWD_P13": "59.3", "PWD_P14": "63.6", "PWD_P15": "67.8", "PWD_P16": "71.9", "PWD_P17": "76.0", "PWD_P18": "80.2", "PWD_P19": "84.5", "PWD_P20": "88.9", "PWD_P21": "93.5", "PWD_P22": "98.4", "PWD_P23": "103.5", "PWD_P24": "109.0", "PWD_P25": "114.8", "PWD_P26": "121.1", "PWD_P27": "128.0", "PWD_P28": "135.5", "PWD_P29": "143.6", "PWD_P30": "152.4", "PWD_P31": "162.1", "PWD_P32": "173.0", "PWD_P33": "185.1", "PWD_P34": "198.7", "PWD_P35": "213.9", "PWD_P36": "231.4", "PWD_P37": "250.9", "PWD_P38": "272.5", "PWD_P39": "296.8", "PWD_P40": "323.9", "PWD_P41": "353.6", "PWD_P42": "386.7", "PWD_P43": "422.8", "PWD_P44": "463.1", "PWD_P45": "507.7", "PWD_P46": "556.2", "PWD_P47": "609.6", "PWD_P48": "668.1", "PWD_P49": "733.7", "PWD_P50": "808.1", "PWD_P51": "891.1", "PWD_P52": "984.0", "PWD_P53": "1082.1", "PWD_P54": "1183.4", "PWD_P55": "1285.0", "PWD_P56": "1390.1", "PWD_P57": "1498.4", "PWD_P58": "1607.1", "PWD_P59": "1714.3", "PWD_P60": "1823.3", "PWD_P61": "1936.4", "PWD_P62": "2050.8", "PWD_P63": "2166.5", "PWD_P64": "2283.1", "PWD_P65": "2400.3", "PWD_P66": "2522.0", "PWD_P67": "2649.7", "PWD_P68": "2780.6", "PWD_P69": "2915.1", "PWD_P70": "3056.6", "PWD_P71": "3192.7", "PWD_P72": "3333.1", "PWD_P73": "3480.4", "PWD_P74": "3628.5", "PWD_P75": "3786.3", "PWD_P76": "3942.9", "PWD_P77": "4096.9", "PWD_P78": "4262.9", "PWD_P79": "4427.2", "PWD_P80": "4594.0", "PWD_P81": "4764.6", "PWD_P82": "4931.4", "PWD_P83": "5120.6", "PWD_P84": "5306.6", "PWD_P85": "5501.9", "PWD_P86": "5705.1", "PWD_P87": "5910.9", "PWD_P88": "6121.3", "PWD_P89": "6344.6", "PWD_P90": "6634.5", "PWD_P91": "6995.2", "PWD_P92": "7383.3", "PWD_P93": "7794.7", "PWD_P94": "8201.1", "PWD_P95": "8626.2", "PWD_P96": "8970.9", "PWD_P97": "9483.9", "PWD_P98": "10591.8", "PWD_P99": "14238.8", "PWD_P100": "37892.4" }, "geometry": { "type": "Point", "coordinates": [ 31.703527450561523, 48.803871154785156 ] } },
{ "type": "Feature", "id": 221, "properties": { "lon": 21.537622451782227, "lat": 41.730262756347656, "year": "2005", "ISO": "MKD", "ISO_No": "807", "Name": "Macedonia", "PWC_Lat": "41.7302627563477", "PWC_Lon": "21.5376224517822", "Pop": "2060279", "Density": "84.8", "Area": "24310.0", "PWD_A": "586.4", "PWD_G": "255.8", "PWD_M": "289.5", "PWD_P1": "8.3", "PWD_P2": "11.9", "PWD_P3": "14.7", "PWD_P4": "17.3", "PWD_P5": "19.5", "PWD_P6": "21.6", "PWD_P7": "24.1", "PWD_P8": "26.5", "PWD_P9": "29.3", "PWD_P10": "32.0", "PWD_P11": "34.9", "PWD_P12": "38.0", "PWD_P13": "41.3", "PWD_P14": "44.8", "PWD_P15": "48.8", "PWD_P16": "53.2", "PWD_P17": "57.5", "PWD_P18": "62.2", "PWD_P19": "66.9", "PWD_P20": "71.8", "PWD_P21": "76.8", "PWD_P22": "82.1", "PWD_P23": "87.4", "PWD_P24": "92.6", "PWD_P25": "97.9", "PWD_P26": "103.0", "PWD_P27": "108.0", "PWD_P28": "113.2", "PWD_P29": "118.5", "PWD_P30": "124.5", "PWD_P31": "130.7", "PWD_P32": "137.5", "PWD_P33": "144.6", "PWD_P34": "151.7", "PWD_P35": "158.7", "PWD_P36": "165.4", "PWD_P37": "172.8", "PWD_P38": "180.8", "PWD_P39": "189.2", "PWD_P40": "197.5", "PWD_P41": "205.7", "PWD_P42": "213.9", "PWD_P43": "222.1", "PWD_P44": "230.2", "PWD_P45": "238.8", "PWD_P46": "248.5", "PWD_P47": "258.6", "PWD_P48": "269.0", "PWD_P49": "279.2", "PWD_P50": "289.5", "PWD_P51": "301.7", "PWD_P52": "313.6", "PWD_P53": "325.3", "PWD_P54": "337.1", "PWD_P55": "348.5", "PWD_P56": "361.3", "PWD_P57": "375.9", "PWD_P58": "391.4", "PWD_P59": "406.0", "PWD_P60": "420.3", "PWD_P61": "433.4", "PWD_P62": "447.6", "PWD_P63": "462.7", "PWD_P64": "479.1", "PWD_P65": "500.0", "PWD_P66": "522.5", "PWD_P67": "543.9", "PWD_P68": "566.3", "PWD_P69": "589.5", "PWD_P70": "610.3", "PWD_P71": "631.6", "PWD_P72": "655.7", "PWD_P73": "681.2", "PWD_P74": "711.6", "PWD_P75": "743.6", "PWD_P76": "771.3", "PWD_P77": "799.4", "PWD_P78": "832.7", "PWD_P79": "881.3", "PWD_P80": "939.7", "PWD_P81": "985.4", "PWD_P82": "1030.1", "PWD_P83": "1083.7", "PWD_P84": "1135.1", "PWD_P85": "1192.9", "PWD_P86": "1276.2", "PWD_P87": "1407.1", "PWD_P88": "1592.7", "PWD_P89": "1802.9", "PWD_P90": "1960.7", "PWD_P91": "2068.5", "PWD_P92": "2155.5", "PWD_P93": "2225.4", "PWD_P94": "2307.8", "PWD_P95": "2385.2", "PWD_P96": "2465.5", "PWD_P97": "2551.8", "PWD_P98": "2640.1", "PWD_P99": "2725.6", "PWD_P100": "3186.3" }, "geometry": { "type": "Point", "coordinates": [ 21.537622451782227, 41.730262756347656 ] } },
{ "type": "Feature", "id": 222, "properties": { "lon": 31.222869873046875, "lat": 29.650823593139648, "year": "2005", "ISO": "EGY", "ISO_No": "818", "Name": "Egypt", "PWC_Lat": "29.6508235931396", "PWC_Lon": "31.2228698730469", "Pop": "75523575", "Density": "76.0", "Area": "994057.0", "PWD_A": "13114.7", "PWD_G": "4236.2", "PWD_M": "3240.1", "PWD_P1": "56.9", "PWD_P2": "181.9", "PWD_P3": "312.3", "PWD_P4": "428.4", "PWD_P5": "517.5", "PWD_P6": "589.4", "PWD_P7": "651.6", "PWD_P8": "708.8", "PWD_P9": "761.7", "PWD_P10": "810.2", "PWD_P11": "855.8", "PWD_P12": "900.1", "PWD_P13": "943.9", "PWD_P14": "986.8", "PWD_P15": "1029.1", "PWD_P16": "1071.3", "PWD_P17": "1113.4", "PWD_P18": "1155.3", "PWD_P19": "1197.8", "PWD_P20": "1240.9", "PWD_P21": "1284.5", "PWD_P22": "1328.4", "PWD_P23": "1373.3", "PWD_P24": "1419.7", "PWD_P25": "1467.3", "PWD_P26": "1515.7", "PWD_P27": "1564.3", "PWD_P28": "1614.4", "PWD_P29": "1666.2", "PWD_P30": "1720.1", "PWD_P31": "1774.9", "PWD_P32": "1829.8", "PWD_P33": "1885.9", "PWD_P34": "1944.4", "PWD_P35": "2005.3", "PWD_P36": "2067.8", "PWD_P37": "2131.7", "PWD_P38": "2198.2", "PWD_P39": "2265.9", "PWD_P40": "2337.3", "PWD_P41": "2411.4", "PWD_P42": "2488.4", "PWD_P43": "2567.2", "PWD_P44": "2650.3", "PWD_P45": "2737.5", "PWD_P46": "2827.2", "PWD_P47": "2920.9", "PWD_P48": "3020.2", "PWD_P49": "3125.9", "PWD_P50": "3240.1", "PWD_P51": "3362.8", "PWD_P52": "3492.3", "PWD_P53": "3632.3", "PWD_P54": "3779.5", "PWD_P55": "3939.0", "PWD_P56": "4101.9", "PWD_P57": "4278.2", "PWD_P58": "4471.0", "PWD_P59": "4678.4", "PWD_P60": "4906.4", "PWD_P61": "5160.2", "PWD_P62": "5441.1", "PWD_P63": "5746.3", "PWD_P64": "6099.2", "PWD_P65": "6500.9", "PWD_P66": "6961.2", "PWD_P67": "7461.7", "PWD_P68": "8028.8", "PWD_P69": "8659.7", "PWD_P70": "9330.1", "PWD_P71": "10033.6", "PWD_P72": "10807.1", "PWD_P73": "11677.2", "PWD_P74": "12639.8", "PWD_P75": "13672.7", "PWD_P76": "14840.0", "PWD_P77": "16157.7", "PWD_P78": "17658.0", "PWD_P79": "19383.8", "PWD_P80": "21043.6", "PWD_P81": "22636.6", "PWD_P82": "24351.6", "PWD_P83": "26290.1", "PWD_P84": "28451.2", "PWD_P85": "30847.4", "PWD_P86": "33523.4", "PWD_P87": "36476.3", "PWD_P88": "39457.1", "PWD_P89": "42584.5", "PWD_P90": "45844.5", "PWD_P91": "49104.8", "PWD_P92": "52272.8", "PWD_P93": "55532.3", "PWD_P94": "59388.6", "PWD_P95": "63646.3", "PWD_P96": "68375.3", "PWD_P97": "73538.1", "PWD_P98": "79907.9", "PWD_P99": "89055.7", "PWD_P100": "121295.1" }, "geometry": { "type": "Point", "coordinates": [ 31.222869873046875, 29.650823593139648 ] } },
{ "type": "Feature", "id": 223, "properties": { "lon": -1.6756187677383423, "lat": 52.743923187255859, "year": "2005", "ISO": "GBR", "ISO_No": "826", "Name": "United Kingdom", "PWC_Lat": "52.7439231872559", "PWC_Lon": "-1.67561876773834", "Pop": "60287952", "Density": "248.7", "Area": "242450.8", "PWD_A": "5881.8", "PWD_G": "3293.6", "PWD_M": "4547.0", "PWD_P1": "14.6", "PWD_P2": "37.0", "PWD_P3": "69.0", "PWD_P4": "112.4", "PWD_P5": "167.0", "PWD_P6": "233.3", "PWD_P7": "311.1", "PWD_P8": "401.6", "PWD_P9": "502.6", "PWD_P10": "612.8", "PWD_P11": "729.4", "PWD_P12": "847.6", "PWD_P13": "965.8", "PWD_P14": "1083.8", "PWD_P15": "1201.0", "PWD_P16": "1316.0", "PWD_P17": "1428.1", "PWD_P18": "1538.5", "PWD_P19": "1646.3", "PWD_P20": "1752.7", "PWD_P21": "1857.5", "PWD_P22": "1960.7", "PWD_P23": "2063.6", "PWD_P24": "2163.0", "PWD_P25": "2261.8", "PWD_P26": "2359.9", "PWD_P27": "2456.3", "PWD_P28": "2551.6", "PWD_P29": "2644.3", "PWD_P30": "2737.8", "PWD_P31": "2830.3", "PWD_P32": "2922.6", "PWD_P33": "3014.4", "PWD_P34": "3106.1", "PWD_P35": "3196.2", "PWD_P36": "3285.8", "PWD_P37": "3376.6", "PWD_P38": "3466.3", "PWD_P39": "3555.6", "PWD_P40": "3646.0", "PWD_P41": "3736.2", "PWD_P42": "3824.7", "PWD_P43": "3914.1", "PWD_P44": "4003.8", "PWD_P45": "4093.5", "PWD_P46": "4184.0", "PWD_P47": "4274.9", "PWD_P48": "4365.2", "PWD_P49": "4455.8", "PWD_P50": "4547.0", "PWD_P51": "4640.2", "PWD_P52": "4732.9", "PWD_P53": "4827.4", "PWD_P54": "4921.7", "PWD_P55": "5017.1", "PWD_P56": "5113.1", "PWD_P57": "5210.3", "PWD_P58": "5310.2", "PWD_P59": "5411.8", "PWD_P60": "5514.4", "PWD_P61": "5620.2", "PWD_P62": "5728.4", "PWD_P63": "5836.6", "PWD_P64": "5948.3", "PWD_P65": "6061.5", "PWD_P66": "6177.0", "PWD_P67": "6295.8", "PWD_P68": "6419.0", "PWD_P69": "6544.1", "PWD_P70": "6672.5", "PWD_P71": "6805.7", "PWD_P72": "6946.1", "PWD_P73": "7088.3", "PWD_P74": "7239.1", "PWD_P75": "7394.9", "PWD_P76": "7558.3", "PWD_P77": "7728.9", "PWD_P78": "7910.4", "PWD_P79": "8104.4", "PWD_P80": "8307.5", "PWD_P81": "8524.1", "PWD_P82": "8753.7", "PWD_P83": "9009.5", "PWD_P84": "9285.8", "PWD_P85": "9585.1", "PWD_P86": "9906.3", "PWD_P87": "10269.4", "PWD_P88": "10675.1", "PWD_P89": "11133.9", "PWD_P90": "11655.2", "PWD_P91": "12246.2", "PWD_P92": "12948.1", "PWD_P93": "13784.1", "PWD_P94": "14763.2", "PWD_P95": "15993.0", "PWD_P96": "17556.5", "PWD_P97": "19765.8", "PWD_P98": "23314.4", "PWD_P99": "30351.6", "PWD_P100": "206050.8" }, "geometry": { "type": "Point", "coordinates": [ -1.675618767738342, 52.743923187255859 ] } },
{ "type": "Feature", "id": 224, "properties": { "lon": -4.5293393135070801, "lat": 54.186027526855469, "year": "2005", "ISO": "IMN", "ISO_No": "833", "Name": "Isle of Man", "PWC_Lat": "54.1860275268555", "PWC_Lon": "-4.52933931350708", "Pop": "80293", "Density": "137.5", "Area": "583.8", "PWD_A": "2162.7", "PWD_G": "1183.7", "PWD_M": "2425.8", "PWD_P1": "7.4", "PWD_P2": "13.3", "PWD_P3": "20.0", "PWD_P4": "27.7", "PWD_P5": "36.2", "PWD_P6": "45.8", "PWD_P7": "56.7", "PWD_P8": "69.4", "PWD_P9": "83.9", "PWD_P10": "100.2", "PWD_P11": "118.1", "PWD_P12": "137.9", "PWD_P13": "160.6", "PWD_P14": "184.7", "PWD_P15": "209.7", "PWD_P16": "240.0", "PWD_P17": "274.1", "PWD_P18": "312.2", "PWD_P19": "368.9", "PWD_P20": "425.3", "PWD_P21": "486.1", "PWD_P22": "541.0", "PWD_P23": "606.2", "PWD_P24": "659.2", "PWD_P25": "707.8", "PWD_P26": "769.8", "PWD_P27": "820.2", "PWD_P28": "870.3", "PWD_P29": "914.3", "PWD_P30": "976.7", "PWD_P31": "1039.1", "PWD_P32": "1121.7", "PWD_P33": "1218.3", "PWD_P34": "1323.1", "PWD_P35": "1466.7", "PWD_P36": "1592.0", "PWD_P37": "1683.7", "PWD_P38": "1762.9", "PWD_P39": "1816.8", "PWD_P40": "1871.3", "PWD_P41": "1920.9", "PWD_P42": "1964.9", "PWD_P43": "2023.4", "PWD_P44": "2098.0", "PWD_P45": "2154.0", "PWD_P46": "2211.3", "PWD_P47": "2251.7", "PWD_P48": "2291.2", "PWD_P49": "2348.8", "PWD_P50": "2425.8", "PWD_P51": "2489.0", "PWD_P52": "2538.8", "PWD_P53": "2578.9", "PWD_P54": "2609.8", "PWD_P55": "2637.0", "PWD_P56": "2659.8", "PWD_P57": "2687.0", "PWD_P58": "2716.0", "PWD_P59": "2743.7", "PWD_P60": "2769.1", "PWD_P61": "2801.8", "PWD_P62": "2835.9", "PWD_P63": "2869.4", "PWD_P64": "2902.0", "PWD_P65": "2933.4", "PWD_P66": "2971.7", "PWD_P67": "3003.0", "PWD_P68": "3042.5", "PWD_P69": "3078.8", "PWD_P70": "3120.3", "PWD_P71": "3161.6", "PWD_P72": "3219.6", "PWD_P73": "3274.9", "PWD_P74": "3321.9", "PWD_P75": "3368.2", "PWD_P76": "3398.5", "PWD_P77": "3424.8", "PWD_P78": "3460.3", "PWD_P79": "3490.1", "PWD_P80": "3524.4", "PWD_P81": "3562.6", "PWD_P82": "3600.9", "PWD_P83": "3641.4", "PWD_P84": "3682.9", "PWD_P85": "3736.1", "PWD_P86": "3790.1", "PWD_P87": "3844.2", "PWD_P88": "3885.0", "PWD_P89": "3931.6", "PWD_P90": "3983.3", "PWD_P91": "4049.3", "PWD_P92": "4121.4", "PWD_P93": "4183.8", "PWD_P94": "4243.7", "PWD_P95": "4294.1", "PWD_P96": "4401.1", "PWD_P97": "4531.2", "PWD_P98": "4653.5", "PWD_P99": "5019.1", "PWD_P100": "5533.3" }, "geometry": { "type": "Point", "coordinates": [ -4.52933931350708, 54.186027526855469 ] } },
{ "type": "Feature", "id": 225, "properties": { "lon": 35.155654907226562, "lat": -5.4896607398986816, "year": "2005", "ISO": "TZA", "ISO_No": "834", "Name": "Tanzania", "PWC_Lat": "-5.48966073989868", "PWC_Lon": "35.1556549072266", "Pop": "38450322", "Density": "43.4", "Area": "885721.5", "PWD_A": "1507.1", "PWD_G": "208.6", "PWD_M": "145.5", "PWD_P1": "3.9", "PWD_P2": "6.7", "PWD_P3": "9.3", "PWD_P4": "11.7", "PWD_P5": "14.0", "PWD_P6": "16.2", "PWD_P7": "18.4", "PWD_P8": "20.5", "PWD_P9": "22.6", "PWD_P10": "24.7", "PWD_P11": "26.8", "PWD_P12": "28.9", "PWD_P13": "31.0", "PWD_P14": "33.1", "PWD_P15": "35.3", "PWD_P16": "37.4", "PWD_P17": "39.5", "PWD_P18": "41.7", "PWD_P19": "43.8", "PWD_P20": "45.9", "PWD_P21": "48.1", "PWD_P22": "50.3", "PWD_P23": "52.5", "PWD_P24": "54.7", "PWD_P25": "57.0", "PWD_P26": "59.3", "PWD_P27": "61.7", "PWD_P28": "64.1", "PWD_P29": "66.7", "PWD_P30": "69.2", "PWD_P31": "71.9", "PWD_P32": "74.6", "PWD_P33": "77.4", "PWD_P34": "80.3", "PWD_P35": "83.4", "PWD_P36": "86.4", "PWD_P37": "89.6", "PWD_P38": "92.9", "PWD_P39": "96.3", "PWD_P40": "99.9", "PWD_P41": "103.5", "PWD_P42": "107.4", "PWD_P43": "111.4", "PWD_P44": "115.6", "PWD_P45": "120.0", "PWD_P46": "124.6", "PWD_P47": "129.5", "PWD_P48": "134.5", "PWD_P49": "139.8", "PWD_P50": "145.5", "PWD_P51": "151.5", "PWD_P52": "157.8", "PWD_P53": "164.5", "PWD_P54": "171.6", "PWD_P55": "179.2", "PWD_P56": "187.2", "PWD_P57": "195.8", "PWD_P58": "205.0", "PWD_P59": "215.1", "PWD_P60": "226.0", "PWD_P61": "237.5", "PWD_P62": "249.8", "PWD_P63": "263.1", "PWD_P64": "277.7", "PWD_P65": "293.7", "PWD_P66": "311.6", "PWD_P67": "331.0", "PWD_P68": "352.8", "PWD_P69": "377.3", "PWD_P70": "404.9", "PWD_P71": "436.6", "PWD_P72": "473.6", "PWD_P73": "516.3", "PWD_P74": "565.9", "PWD_P75": "623.0", "PWD_P76": "690.5", "PWD_P77": "771.2", "PWD_P78": "864.9", "PWD_P79": "977.3", "PWD_P80": "1110.7", "PWD_P81": "1261.4", "PWD_P82": "1440.2", "PWD_P83": "1652.1", "PWD_P84": "1891.4", "PWD_P85": "2160.0", "PWD_P86": "2471.3", "PWD_P87": "2825.7", "PWD_P88": "3219.6", "PWD_P89": "3688.0", "PWD_P90": "4236.5", "PWD_P91": "4892.0", "PWD_P92": "5702.5", "PWD_P93": "6735.1", "PWD_P94": "7893.0", "PWD_P95": "9187.9", "PWD_P96": "10674.4", "PWD_P97": "12753.7", "PWD_P98": "15958.8", "PWD_P99": "20761.4", "PWD_P100": "39892.7" }, "geometry": { "type": "Point", "coordinates": [ 35.155654907226562, -5.489660739898682 ] } },
{ "type": "Feature", "id": 226, "properties": { "lon": -1.8969734907150269, "lat": 12.275379180908203, "year": "2005", "ISO": "BFA", "ISO_No": "854", "Name": "Burkina Faso", "PWC_Lat": "12.2753791809082", "PWC_Lon": "-1.89697349071503", "Pop": "13421934", "Density": "48.8", "Area": "275140.0", "PWD_A": "402.1", "PWD_G": "96.6", "PWD_M": "68.2", "PWD_P1": "8.9", "PWD_P2": "11.6", "PWD_P3": "13.8", "PWD_P4": "15.5", "PWD_P5": "16.9", "PWD_P6": "18.2", "PWD_P7": "19.5", "PWD_P8": "20.7", "PWD_P9": "21.9", "PWD_P10": "23.0", "PWD_P11": "24.0", "PWD_P12": "25.0", "PWD_P13": "26.0", "PWD_P14": "26.9", "PWD_P15": "27.8", "PWD_P16": "28.8", "PWD_P17": "29.8", "PWD_P18": "30.8", "PWD_P19": "31.7", "PWD_P20": "32.7", "PWD_P21": "33.7", "PWD_P22": "34.6", "PWD_P23": "35.6", "PWD_P24": "36.6", "PWD_P25": "37.6", "PWD_P26": "38.6", "PWD_P27": "39.6", "PWD_P28": "40.7", "PWD_P29": "41.7", "PWD_P30": "42.8", "PWD_P31": "43.8", "PWD_P32": "44.9", "PWD_P33": "46.0", "PWD_P34": "47.1", "PWD_P35": "48.3", "PWD_P36": "49.4", "PWD_P37": "50.6", "PWD_P38": "51.8", "PWD_P39": "53.0", "PWD_P40": "54.3", "PWD_P41": "55.5", "PWD_P42": "56.8", "PWD_P43": "58.0", "PWD_P44": "59.4", "PWD_P45": "60.7", "PWD_P46": "62.1", "PWD_P47": "63.5", "PWD_P48": "65.0", "PWD_P49": "66.6", "PWD_P50": "68.2", "PWD_P51": "69.9", "PWD_P52": "71.7", "PWD_P53": "73.5", "PWD_P54": "75.5", "PWD_P55": "77.5", "PWD_P56": "79.5", "PWD_P57": "81.6", "PWD_P58": "83.8", "PWD_P59": "86.2", "PWD_P60": "88.6", "PWD_P61": "91.2", "PWD_P62": "93.9", "PWD_P63": "96.8", "PWD_P64": "100.0", "PWD_P65": "103.2", "PWD_P66": "106.7", "PWD_P67": "110.3", "PWD_P68": "114.2", "PWD_P69": "118.6", "PWD_P70": "123.4", "PWD_P71": "128.8", "PWD_P72": "134.5", "PWD_P73": "140.5", "PWD_P74": "147.2", "PWD_P75": "154.3", "PWD_P76": "162.2", "PWD_P77": "171.7", "PWD_P78": "182.2", "PWD_P79": "194.7", "PWD_P80": "210.0", "PWD_P81": "228.7", "PWD_P82": "251.9", "PWD_P83": "280.2", "PWD_P84": "315.6", "PWD_P85": "366.6", "PWD_P86": "450.0", "PWD_P87": "546.0", "PWD_P88": "737.0", "PWD_P89": "968.0", "PWD_P90": "1189.0", "PWD_P91": "1984.8", "PWD_P92": "2449.2", "PWD_P93": "2822.1", "PWD_P94": "3103.9", "PWD_P95": "3226.3", "PWD_P96": "3300.6", "PWD_P97": "3376.8", "PWD_P98": "3479.7", "PWD_P99": "3688.8", "PWD_P100": "4232.4" }, "geometry": { "type": "Point", "coordinates": [ -1.896973490715027, 12.275379180908203 ] } },
{ "type": "Feature", "id": 227, "properties": { "lon": -56.224536895751953, "lat": -34.024986267089844, "year": "2005", "ISO": "URY", "ISO_No": "858", "Name": "Uruguay", "PWC_Lat": "-34.0249862670898", "PWC_Lon": "-56.224536895752", "Pop": "3321798", "Density": "18.9", "Area": "175292.3", "PWD_A": "6499.5", "PWD_G": "3160.7", "PWD_M": "4799.2", "PWD_P1": "1.7", "PWD_P2": "5.7", "PWD_P3": "14.1", "PWD_P4": "34.0", "PWD_P5": "85.1", "PWD_P6": "170.7", "PWD_P7": "278.5", "PWD_P8": "395.5", "PWD_P9": "509.9", "PWD_P10": "623.1", "PWD_P11": "732.2", "PWD_P12": "838.4", "PWD_P13": "944.2", "PWD_P14": "1046.2", "PWD_P15": "1146.1", "PWD_P16": "1250.3", "PWD_P17": "1351.2", "PWD_P18": "1451.6", "PWD_P19": "1549.9", "PWD_P20": "1654.7", "PWD_P21": "1751.5", "PWD_P22": "1852.0", "PWD_P23": "1949.8", "PWD_P24": "2050.6", "PWD_P25": "2155.1", "PWD_P26": "2255.2", "PWD_P27": "2348.6", "PWD_P28": "2441.9", "PWD_P29": "2532.0", "PWD_P30": "2631.6", "PWD_P31": "2727.8", "PWD_P32": "2821.6", "PWD_P33": "2919.5", "PWD_P34": "3024.4", "PWD_P35": "3127.8", "PWD_P36": "3231.5", "PWD_P37": "3340.4", "PWD_P38": "3447.5", "PWD_P39": "3561.6", "PWD_P40": "3672.6", "PWD_P41": "3783.6", "PWD_P42": "3900.9", "PWD_P43": "4018.3", "PWD_P44": "4133.2", "PWD_P45": "4245.7", "PWD_P46": "4349.1", "PWD_P47": "4449.8", "PWD_P48": "4572.1", "PWD_P49": "4690.6", "PWD_P50": "4799.2", "PWD_P51": "4918.8", "PWD_P52": "5029.7", "PWD_P53": "5145.8", "PWD_P54": "5260.5", "PWD_P55": "5373.1", "PWD_P56": "5487.5", "PWD_P57": "5609.1", "PWD_P58": "5738.0", "PWD_P59": "5861.2", "PWD_P60": "5992.0", "PWD_P61": "6118.9", "PWD_P62": "6242.8", "PWD_P63": "6369.5", "PWD_P64": "6489.1", "PWD_P65": "6615.5", "PWD_P66": "6751.3", "PWD_P67": "6884.9", "PWD_P68": "7029.4", "PWD_P69": "7176.4", "PWD_P70": "7332.4", "PWD_P71": "7512.0", "PWD_P72": "7687.3", "PWD_P73": "7882.3", "PWD_P74": "8099.1", "PWD_P75": "8313.6", "PWD_P76": "8544.9", "PWD_P77": "8772.0", "PWD_P78": "9011.4", "PWD_P79": "9259.2", "PWD_P80": "9551.1", "PWD_P81": "9856.8", "PWD_P82": "10106.3", "PWD_P83": "10390.8", "PWD_P84": "10711.6", "PWD_P85": "11115.8", "PWD_P86": "11478.0", "PWD_P87": "11890.1", "PWD_P88": "12370.2", "PWD_P89": "12979.9", "PWD_P90": "13666.0", "PWD_P91": "14506.5", "PWD_P92": "15445.0", "PWD_P93": "16416.2", "PWD_P94": "17513.3", "PWD_P95": "18937.4", "PWD_P96": "20880.5", "PWD_P97": "24033.9", "PWD_P98": "27806.3", "PWD_P99": "34879.0", "PWD_P100": "74773.1" }, "geometry": { "type": "Point", "coordinates": [ -56.224536895751953, -34.024986267089844 ] } },
{ "type": "Feature", "id": 228, "properties": { "lon": 67.729743957519531, "lat": 40.385223388671875, "year": "2005", "ISO": "UZB", "ISO_No": "860", "Name": "Uzbekistan", "PWC_Lat": "40.3852233886719", "PWC_Lon": "67.7297439575195", "Pop": "26427784", "Density": "61.8", "Area": "427492.6", "PWD_A": "1583.2", "PWD_G": "420.5", "PWD_M": "466.3", "PWD_P1": "2.4", "PWD_P2": "5.6", "PWD_P3": "9.9", "PWD_P4": "15.1", "PWD_P5": "25.3", "PWD_P6": "44.6", "PWD_P7": "61.4", "PWD_P8": "72.7", "PWD_P9": "83.6", "PWD_P10": "93.6", "PWD_P11": "103.1", "PWD_P12": "112.4", "PWD_P13": "122.1", "PWD_P14": "131.2", "PWD_P15": "139.9", "PWD_P16": "148.6", "PWD_P17": "157.6", "PWD_P18": "166.8", "PWD_P19": "176.0", "PWD_P20": "185.3", "PWD_P21": "194.3", "PWD_P22": "203.3", "PWD_P23": "212.3", "PWD_P24": "221.2", "PWD_P25": "230.5", "PWD_P26": "239.6", "PWD_P27": "248.6", "PWD_P28": "257.5", "PWD_P29": "266.5", "PWD_P30": "275.5", "PWD_P31": "284.7", "PWD_P32": "294.1", "PWD_P33": "303.5", "PWD_P34": "312.6", "PWD_P35": "321.6", "PWD_P36": "330.8", "PWD_P37": "339.8", "PWD_P38": "348.9", "PWD_P39": "357.9", "PWD_P40": "367.2", "PWD_P41": "376.5", "PWD_P42": "386.0", "PWD_P43": "395.6", "PWD_P44": "405.3", "PWD_P45": "414.9", "PWD_P46": "424.9", "PWD_P47": "435.2", "PWD_P48": "445.8", "PWD_P49": "456.2", "PWD_P50": "466.3", "PWD_P51": "476.5", "PWD_P52": "486.9", "PWD_P53": "497.7", "PWD_P54": "508.8", "PWD_P55": "520.3", "PWD_P56": "531.2", "PWD_P57": "542.0", "PWD_P58": "552.4", "PWD_P59": "563.0", "PWD_P60": "573.5", "PWD_P61": "584.0", "PWD_P62": "594.6", "PWD_P63": "604.8", "PWD_P64": "615.0", "PWD_P65": "625.4", "PWD_P66": "635.9", "PWD_P67": "646.6", "PWD_P68": "658.3", "PWD_P69": "670.6", "PWD_P70": "684.2", "PWD_P71": "698.7", "PWD_P72": "713.8", "PWD_P73": "729.6", "PWD_P74": "746.0", "PWD_P75": "762.9", "PWD_P76": "780.3", "PWD_P77": "796.6", "PWD_P78": "813.4", "PWD_P79": "831.2", "PWD_P80": "849.5", "PWD_P81": "868.9", "PWD_P82": "889.4", "PWD_P83": "910.5", "PWD_P84": "931.3", "PWD_P85": "953.1", "PWD_P86": "976.6", "PWD_P87": "1002.5", "PWD_P88": "1035.5", "PWD_P89": "1078.4", "PWD_P90": "1137.2", "PWD_P91": "1269.6", "PWD_P92": "6042.2", "PWD_P93": "10176.7", "PWD_P94": "11591.4", "PWD_P95": "14127.8", "PWD_P96": "15160.8", "PWD_P97": "15697.3", "PWD_P98": "16926.2", "PWD_P99": "17953.5", "PWD_P100": "21312.6" }, "geometry": { "type": "Point", "coordinates": [ 67.729743957519531, 40.385223388671875 ] } },
{ "type": "Feature", "id": 229, "properties": { "lon": -67.9810791015625, "lat": 9.8097257614135742, "year": "2005", "ISO": "VEN", "ISO_No": "862", "Name": "Venezuela", "PWC_Lat": "9.80972576141357", "PWC_Lon": "-67.9810791015625", "Pop": "26432445", "Density": "29.2", "Area": "905683.1", "PWD_A": "1971.5", "PWD_G": "569.3", "PWD_M": "929.9", "PWD_P1": "2.1", "PWD_P2": "3.7", "PWD_P3": "5.3", "PWD_P4": "7.8", "PWD_P5": "10.5", "PWD_P6": "13.3", "PWD_P7": "16.5", "PWD_P8": "20.1", "PWD_P9": "24.0", "PWD_P10": "28.1", "PWD_P11": "32.3", "PWD_P12": "36.4", "PWD_P13": "40.6", "PWD_P14": "45.0", "PWD_P15": "49.8", "PWD_P16": "55.1", "PWD_P17": "60.8", "PWD_P18": "67.4", "PWD_P19": "74.7", "PWD_P20": "83.1", "PWD_P21": "92.2", "PWD_P22": "102.5", "PWD_P23": "114.3", "PWD_P24": "127.6", "PWD_P25": "142.1", "PWD_P26": "158.5", "PWD_P27": "176.0", "PWD_P28": "195.2", "PWD_P29": "215.9", "PWD_P30": "237.8", "PWD_P31": "261.0", "PWD_P32": "285.5", "PWD_P33": "312.7", "PWD_P34": "340.0", "PWD_P35": "368.4", "PWD_P36": "397.9", "PWD_P37": "427.5", "PWD_P38": "457.4", "PWD_P39": "488.1", "PWD_P40": "520.7", "PWD_P41": "554.4", "PWD_P42": "590.0", "PWD_P43": "626.0", "PWD_P44": "663.7", "PWD_P45": "704.1", "PWD_P46": "744.8", "PWD_P47": "788.9", "PWD_P48": "835.2", "PWD_P49": "881.4", "PWD_P50": "929.9", "PWD_P51": "982.9", "PWD_P52": "1039.5", "PWD_P53": "1095.1", "PWD_P54": "1150.3", "PWD_P55": "1209.0", "PWD_P56": "1265.6", "PWD_P57": "1326.8", "PWD_P58": "1391.3", "PWD_P59": "1462.6", "PWD_P60": "1536.2", "PWD_P61": "1609.7", "PWD_P62": "1691.3", "PWD_P63": "1785.0", "PWD_P64": "1884.6", "PWD_P65": "1979.1", "PWD_P66": "2083.7", "PWD_P67": "2188.0", "PWD_P68": "2281.8", "PWD_P69": "2374.5", "PWD_P70": "2472.6", "PWD_P71": "2584.6", "PWD_P72": "2692.3", "PWD_P73": "2806.4", "PWD_P74": "2924.9", "PWD_P75": "3041.9", "PWD_P76": "3153.3", "PWD_P77": "3292.5", "PWD_P78": "3459.3", "PWD_P79": "3614.6", "PWD_P80": "3757.1", "PWD_P81": "3911.0", "PWD_P82": "4057.8", "PWD_P83": "4189.1", "PWD_P84": "4354.3", "PWD_P85": "4529.4", "PWD_P86": "4739.1", "PWD_P87": "5086.2", "PWD_P88": "5553.4", "PWD_P89": "5893.9", "PWD_P90": "6151.2", "PWD_P91": "6335.7", "PWD_P92": "6481.4", "PWD_P93": "6632.0", "PWD_P94": "6795.2", "PWD_P95": "7041.8", "PWD_P96": "7419.4", "PWD_P97": "7885.8", "PWD_P98": "8359.8", "PWD_P99": "9232.3", "PWD_P100": "10796.7" }, "geometry": { "type": "Point", "coordinates": [ -67.9810791015625, 9.809725761413574 ] } },
{ "type": "Feature", "id": 230, "properties": { "lon": -176.82763671875, "lat": -13.611911773681641, "year": "2005", "ISO": "WLF", "ISO_No": "876", "Name": "Wallis and Futuna", "PWC_Lat": "-13.6119117736816", "PWC_Lon": "-176.82763671875", "Pop": "14936", "Density": "97.7", "Area": "152.9", "PWD_A": "211.8", "PWD_G": "150.7", "PWD_M": "164.3", "PWD_P1": "14.2", "PWD_P2": "19.0", "PWD_P3": "22.7", "PWD_P4": "26.0", "PWD_P5": "30.3", "PWD_P6": "33.3", "PWD_P7": "35.4", "PWD_P8": "37.6", "PWD_P9": "40.5", "PWD_P10": "43.3", "PWD_P11": "47.1", "PWD_P12": "50.5", "PWD_P13": "53.7", "PWD_P14": "56.6", "PWD_P15": "59.8", "PWD_P16": "63.4", "PWD_P17": "66.5", "PWD_P18": "69.3", "PWD_P19": "72.8", "PWD_P20": "75.5", "PWD_P21": "77.8", "PWD_P22": "79.6", "PWD_P23": "81.8", "PWD_P24": "84.1", "PWD_P25": "86.8", "PWD_P26": "89.1", "PWD_P27": "91.7", "PWD_P28": "94.4", "PWD_P29": "96.7", "PWD_P30": "98.8", "PWD_P31": "101.3", "PWD_P32": "103.1", "PWD_P33": "105.4", "PWD_P34": "108.0", "PWD_P35": "110.7", "PWD_P36": "113.0", "PWD_P37": "115.5", "PWD_P38": "118.5", "PWD_P39": "121.2", "PWD_P40": "124.7", "PWD_P41": "128.1", "PWD_P42": "131.8", "PWD_P43": "135.3", "PWD_P44": "139.3", "PWD_P45": "143.3", "PWD_P46": "147.3", "PWD_P47": "151.3", "PWD_P48": "155.3", "PWD_P49": "159.6", "PWD_P50": "164.3", "PWD_P51": "168.7", "PWD_P52": "172.1", "PWD_P53": "175.5", "PWD_P54": "178.6", "PWD_P55": "182.2", "PWD_P56": "185.9", "PWD_P57": "189.6", "PWD_P58": "193.5", "PWD_P59": "198.2", "PWD_P60": "202.7", "PWD_P61": "207.3", "PWD_P62": "213.0", "PWD_P63": "218.4", "PWD_P64": "223.5", "PWD_P65": "230.1", "PWD_P66": "234.9", "PWD_P67": "241.4", "PWD_P68": "246.9", "PWD_P69": "252.9", "PWD_P70": "258.4", "PWD_P71": "264.4", "PWD_P72": "271.8", "PWD_P73": "277.9", "PWD_P74": "284.7", "PWD_P75": "293.3", "PWD_P76": "301.0", "PWD_P77": "308.1", "PWD_P78": "315.3", "PWD_P79": "325.3", "PWD_P80": "334.0", "PWD_P81": "342.7", "PWD_P82": "351.9", "PWD_P83": "366.0", "PWD_P84": "374.4", "PWD_P85": "385.7", "PWD_P86": "396.3", "PWD_P87": "410.6", "PWD_P88": "424.1", "PWD_P89": "440.5", "PWD_P90": "452.5", "PWD_P91": "470.2", "PWD_P92": "495.2", "PWD_P93": "522.9", "PWD_P94": "541.3", "PWD_P95": "559.8", "PWD_P96": "588.0", "PWD_P97": "625.1", "PWD_P98": "656.7", "PWD_P99": "760.5", "PWD_P100": "994.0" }, "geometry": { "type": "Point", "coordinates": [ -176.82763671875, -13.611911773681641 ] } },
{ "type": "Feature", "id": 231, "properties": { "lon": -171.94595336914062, "lat": -13.823095321655273, "year": "2005", "ISO": "WSM", "ISO_No": "882", "Name": "Samoa", "PWC_Lat": "-13.8230953216553", "PWC_Lon": "-171.945953369141", "Pop": "179722", "Density": "62.2", "Area": "2889.7", "PWD_A": "262.4", "PWD_G": "140.0", "PWD_M": "136.6", "PWD_P1": "6.9", "PWD_P2": "10.1", "PWD_P3": "13.8", "PWD_P4": "15.5", "PWD_P5": "17.4", "PWD_P6": "19.3", "PWD_P7": "21.3", "PWD_P8": "23.2", "PWD_P9": "25.3", "PWD_P10": "27.0", "PWD_P11": "28.8", "PWD_P12": "30.3", "PWD_P13": "32.1", "PWD_P14": "34.1", "PWD_P15": "36.2", "PWD_P16": "37.7", "PWD_P17": "39.3", "PWD_P18": "40.5", "PWD_P19": "41.9", "PWD_P20": "43.9", "PWD_P21": "45.8", "PWD_P22": "47.6", "PWD_P23": "49.3", "PWD_P24": "51.1", "PWD_P25": "52.8", "PWD_P26": "54.5", "PWD_P27": "55.9", "PWD_P28": "57.8", "PWD_P29": "59.9", "PWD_P30": "62.4", "PWD_P31": "65.3", "PWD_P32": "68.2", "PWD_P33": "71.0", "PWD_P34": "73.9", "PWD_P35": "76.4", "PWD_P36": "79.7", "PWD_P37": "82.9", "PWD_P38": "85.1", "PWD_P39": "87.2", "PWD_P40": "89.7", "PWD_P41": "93.8", "PWD_P42": "97.2", "PWD_P43": "101.8", "PWD_P44": "107.0", "PWD_P45": "112.5", "PWD_P46": "117.0", "PWD_P47": "121.4", "PWD_P48": "125.2", "PWD_P49": "129.7", "PWD_P50": "136.6", "PWD_P51": "147.0", "PWD_P52": "157.7", "PWD_P53": "167.1", "PWD_P54": "175.0", "PWD_P55": "185.5", "PWD_P56": "195.2", "PWD_P57": "203.5", "PWD_P58": "214.2", "PWD_P59": "226.7", "PWD_P60": "239.0", "PWD_P61": "250.2", "PWD_P62": "263.1", "PWD_P63": "279.1", "PWD_P64": "293.1", "PWD_P65": "302.7", "PWD_P66": "310.6", "PWD_P67": "320.4", "PWD_P68": "341.5", "PWD_P69": "357.2", "PWD_P70": "368.0", "PWD_P71": "380.9", "PWD_P72": "399.8", "PWD_P73": "446.3", "PWD_P74": "493.7", "PWD_P75": "519.6", "PWD_P76": "546.6", "PWD_P77": "563.1", "PWD_P78": "575.5", "PWD_P79": "584.8", "PWD_P80": "593.4", "PWD_P81": "599.2", "PWD_P82": "603.7", "PWD_P83": "608.3", "PWD_P84": "612.4", "PWD_P85": "617.6", "PWD_P86": "622.6", "PWD_P87": "628.1", "PWD_P88": "635.5", "PWD_P89": "645.6", "PWD_P90": "664.1", "PWD_P91": "682.9", "PWD_P92": "693.9", "PWD_P93": "704.4", "PWD_P94": "714.0", "PWD_P95": "722.1", "PWD_P96": "731.7", "PWD_P97": "740.1", "PWD_P98": "749.6", "PWD_P99": "765.1", "PWD_P100": "811.2" }, "geometry": { "type": "Point", "coordinates": [ -171.945953369140625, -13.823095321655273 ] } },
{ "type": "Feature", "id": 232, "properties": { "lon": 44.428596496582031, "lat": 14.729883193969727, "year": "2005", "ISO": "YEM", "ISO_No": "887", "Name": "Yemen", "PWC_Lat": "14.7298831939697", "PWC_Lon": "44.428596496582", "Pop": "20107416", "Density": "44.3", "Area": "453940.1", "PWD_A": "2212.6", "PWD_G": "398.4", "PWD_M": "318.3", "PWD_P1": "4.1", "PWD_P2": "8.0", "PWD_P3": "12.2", "PWD_P4": "17.1", "PWD_P5": "22.2", "PWD_P6": "27.3", "PWD_P7": "32.7", "PWD_P8": "38.2", "PWD_P9": "43.7", "PWD_P10": "48.9", "PWD_P11": "53.9", "PWD_P12": "58.9", "PWD_P13": "63.8", "PWD_P14": "68.8", "PWD_P15": "73.7", "PWD_P16": "78.7", "PWD_P17": "83.7", "PWD_P18": "88.6", "PWD_P19": "93.6", "PWD_P20": "98.5", "PWD_P21": "103.4", "PWD_P22": "108.3", "PWD_P23": "113.1", "PWD_P24": "117.9", "PWD_P25": "122.9", "PWD_P26": "128.0", "PWD_P27": "133.2", "PWD_P28": "138.4", "PWD_P29": "143.8", "PWD_P30": "149.4", "PWD_P31": "155.2", "PWD_P32": "161.1", "PWD_P33": "167.2", "PWD_P34": "173.5", "PWD_P35": "179.9", "PWD_P36": "186.5", "PWD_P37": "193.3", "PWD_P38": "200.3", "PWD_P39": "207.4", "PWD_P40": "214.9", "PWD_P41": "222.8", "PWD_P42": "230.9", "PWD_P43": "239.3", "PWD_P44": "248.5", "PWD_P45": "258.4", "PWD_P46": "268.9", "PWD_P47": "280.1", "PWD_P48": "291.9", "PWD_P49": "304.6", "PWD_P50": "318.3", "PWD_P51": "333.0", "PWD_P52": "348.6", "PWD_P53": "365.0", "PWD_P54": "382.1", "PWD_P55": "399.9", "PWD_P56": "418.2", "PWD_P57": "437.2", "PWD_P58": "456.9", "PWD_P59": "477.3", "PWD_P60": "498.5", "PWD_P61": "520.8", "PWD_P62": "543.9", "PWD_P63": "568.5", "PWD_P64": "595.2", "PWD_P65": "623.0", "PWD_P66": "653.8", "PWD_P67": "687.4", "PWD_P68": "723.6", "PWD_P69": "763.7", "PWD_P70": "807.8", "PWD_P71": "856.9", "PWD_P72": "910.2", "PWD_P73": "967.3", "PWD_P74": "1030.2", "PWD_P75": "1101.0", "PWD_P76": "1185.5", "PWD_P77": "1283.5", "PWD_P78": "1405.8", "PWD_P79": "1580.2", "PWD_P80": "1794.6", "PWD_P81": "2071.2", "PWD_P82": "2380.8", "PWD_P83": "2739.2", "PWD_P84": "3165.1", "PWD_P85": "3688.8", "PWD_P86": "4397.0", "PWD_P87": "5251.7", "PWD_P88": "6011.2", "PWD_P89": "7029.9", "PWD_P90": "8033.0", "PWD_P91": "9285.2", "PWD_P92": "10271.7", "PWD_P93": "11298.3", "PWD_P94": "12270.8", "PWD_P95": "13259.9", "PWD_P96": "14195.0", "PWD_P97": "15539.4", "PWD_P98": "17971.9", "PWD_P99": "25280.1", "PWD_P100": "43718.3" }, "geometry": { "type": "Point", "coordinates": [ 44.428596496582031, 14.729883193969727 ] } },
{ "type": "Feature", "id": 233, "properties": { "lon": 28.614217758178711, "lat": -13.604763984680176, "year": "2005", "ISO": "ZMB", "ISO_No": "894", "Name": "Zambia", "PWC_Lat": "-13.6047639846802", "PWC_Lon": "28.6142177581787", "Pop": "11856243", "Density": "16.0", "Area": "740053.9", "PWD_A": "796.3", "PWD_G": "78.0", "PWD_M": "43.8", "PWD_P1": "1.8", "PWD_P2": "2.3", "PWD_P3": "2.9", "PWD_P4": "3.3", "PWD_P5": "3.8", "PWD_P6": "4.2", "PWD_P7": "4.7", "PWD_P8": "5.2", "PWD_P9": "5.6", "PWD_P10": "6.1", "PWD_P11": "6.6", "PWD_P12": "7.0", "PWD_P13": "7.5", "PWD_P14": "8.0", "PWD_P15": "8.5", "PWD_P16": "9.0", "PWD_P17": "9.5", "PWD_P18": "10.0", "PWD_P19": "10.6", "PWD_P20": "11.1", "PWD_P21": "11.7", "PWD_P22": "12.3", "PWD_P23": "12.9", "PWD_P24": "13.6", "PWD_P25": "14.2", "PWD_P26": "14.9", "PWD_P27": "15.5", "PWD_P28": "16.2", "PWD_P29": "16.8", "PWD_P30": "17.5", "PWD_P31": "18.3", "PWD_P32": "19.0", "PWD_P33": "19.8", "PWD_P34": "20.6", "PWD_P35": "21.5", "PWD_P36": "22.4", "PWD_P37": "23.3", "PWD_P38": "24.3", "PWD_P39": "25.4", "PWD_P40": "26.5", "PWD_P41": "27.7", "PWD_P42": "28.9", "PWD_P43": "30.3", "PWD_P44": "31.8", "PWD_P45": "33.4", "PWD_P46": "35.2", "PWD_P47": "37.2", "PWD_P48": "39.4", "PWD_P49": "41.6", "PWD_P50": "43.8", "PWD_P51": "46.1", "PWD_P52": "48.6", "PWD_P53": "51.3", "PWD_P54": "54.2", "PWD_P55": "57.2", "PWD_P56": "60.3", "PWD_P57": "63.5", "PWD_P58": "67.1", "PWD_P59": "70.9", "PWD_P60": "75.1", "PWD_P61": "79.8", "PWD_P62": "85.1", "PWD_P63": "91.6", "PWD_P64": "100.0", "PWD_P65": "111.5", "PWD_P66": "126.7", "PWD_P67": "146.8", "PWD_P68": "170.6", "PWD_P69": "198.5", "PWD_P70": "230.5", "PWD_P71": "267.7", "PWD_P72": "311.3", "PWD_P73": "361.3", "PWD_P74": "415.7", "PWD_P75": "480.1", "PWD_P76": "559.2", "PWD_P77": "631.3", "PWD_P78": "724.5", "PWD_P79": "838.0", "PWD_P80": "954.0", "PWD_P81": "1090.3", "PWD_P82": "1240.1", "PWD_P83": "1377.2", "PWD_P84": "1500.5", "PWD_P85": "1668.8", "PWD_P86": "1926.9", "PWD_P87": "2233.2", "PWD_P88": "2553.3", "PWD_P89": "2810.4", "PWD_P90": "3089.1", "PWD_P91": "3374.4", "PWD_P92": "3665.3", "PWD_P93": "3875.1", "PWD_P94": "4169.8", "PWD_P95": "4639.4", "PWD_P96": "5170.3", "PWD_P97": "6425.3", "PWD_P98": "7432.4", "PWD_P99": "8248.8", "PWD_P100": "10528.5" }, "geometry": { "type": "Point", "coordinates": [ 28.614217758178711, -13.604763984680176 ] } }
]
}
