{
"type": "FeatureCollection",
"name": "PWD_2010_national_100m",
"features": [
{ "type": "Feature", "id": 1, "properties": { "lon": 54.307, "lat": 53.8207, "year": "2010", "ISO": "RUS", "ISO_No": "643", "Name": "Russia", "PWC_Lat": "53.8207", "PWC_Lon": "54.307", "Pop": "143479273", "Density": "8.7", "Area": "16416864.1", "PWD_A": "3684.6", "PWD_G": "660.1", "PWD_M": "1087.8", "PWD_P1": "0.8", "PWD_P2": "1.9", "PWD_P3": "3.2", "PWD_P4": "4.7", "PWD_P5": "6.5", "PWD_P6": "8.5", "PWD_P7": "10.8", "PWD_P8": "13.4", "PWD_P9": "16.5", "PWD_P10": "19.9", "PWD_P11": "23.7", "PWD_P12": "28.1", "PWD_P13": "32.9", "PWD_P14": "38.2", "PWD_P15": "44.1", "PWD_P16": "50.6", "PWD_P17": "57.6", "PWD_P18": "65.2", "PWD_P19": "73.4", "PWD_P20": "82.3", "PWD_P21": "91.8", "PWD_P22": "102.1", "PWD_P23": "113.0", "PWD_P24": "124.9", "PWD_P25": "137.7", "PWD_P26": "151.4", "PWD_P27": "166.3", "PWD_P28": "182.3", "PWD_P29": "199.7", "PWD_P30": "218.6", "PWD_P31": "239.1", "PWD_P32": "261.4", "PWD_P33": "285.4", "PWD_P34": "311.4", "PWD_P35": "339.5", "PWD_P36": "369.8", "PWD_P37": "402.4", "PWD_P38": "437.2", "PWD_P39": "474.3", "PWD_P40": "514.0", "PWD_P41": "556.4", "PWD_P42": "601.7", "PWD_P43": "650.3", "PWD_P44": "702.5", "PWD_P45": "758.3", "PWD_P46": "817.1", "PWD_P47": "879.3", "PWD_P48": "945.2", "PWD_P49": "1014.9", "PWD_P50": "1087.8", "PWD_P51": "1164.0", "PWD_P52": "1243.6", "PWD_P53": "1326.7", "PWD_P54": "1413.1", "PWD_P55": "1503.4", "PWD_P56": "1597.6", "PWD_P57": "1694.8", "PWD_P58": "1795.9", "PWD_P59": "1901.7", "PWD_P60": "2013.9", "PWD_P61": "2130.6", "PWD_P62": "2252.5", "PWD_P63": "2379.9", "PWD_P64": "2515.1", "PWD_P65": "2659.0", "PWD_P66": "2814.0", "PWD_P67": "2979.8", "PWD_P68": "3153.7", "PWD_P69": "3334.1", "PWD_P70": "3526.0", "PWD_P71": "3726.9", "PWD_P72": "3937.1", "PWD_P73": "4152.2", "PWD_P74": "4376.0", "PWD_P75": "4608.9", "PWD_P76": "4851.9", "PWD_P77": "5097.8", "PWD_P78": "5348.4", "PWD_P79": "5605.3", "PWD_P80": "5899.2", "PWD_P81": "6206.0", "PWD_P82": "6517.7", "PWD_P83": "6827.0", "PWD_P84": "7130.2", "PWD_P85": "7461.3", "PWD_P86": "7814.6", "PWD_P87": "8202.3", "PWD_P88": "8653.1", "PWD_P89": "9140.8", "PWD_P90": "9686.1", "PWD_P91": "10302.8", "PWD_P92": "11173.9", "PWD_P93": "12326.8", "PWD_P94": "13882.6", "PWD_P95": "15680.1", "PWD_P96": "17647.3", "PWD_P97": "20153.0", "PWD_P98": "23304.7", "PWD_P99": "28723.7", "PWD_P100": "203260.3" }, "geometry": { "type": "Point", "coordinates": [ 54.307, 53.8207 ] } },
{ "type": "Feature", "id": 2, "properties": { "lon": 110.0158, "lat": -4.9658, "year": "2010", "ISO": "IDN", "ISO_No": "360", "Name": "Indonesia", "PWC_Lat": "-4.9658", "PWC_Lon": "110.0158", "Pop": "241834227", "Density": "128.2", "Area": "1886402.3", "PWD_A": "3071.8", "PWD_G": "909.8", "PWD_M": "1000.2", "PWD_P1": "9.0", "PWD_P2": "15.3", "PWD_P3": "21.4", "PWD_P4": "27.8", "PWD_P5": "34.4", "PWD_P6": "41.3", "PWD_P7": "48.5", "PWD_P8": "55.9", "PWD_P9": "63.7", "PWD_P10": "71.8", "PWD_P11": "80.6", "PWD_P12": "90.1", "PWD_P13": "100.4", "PWD_P14": "112.0", "PWD_P15": "125.0", "PWD_P16": "139.6", "PWD_P17": "156.5", "PWD_P18": "176.2", "PWD_P19": "198.7", "PWD_P20": "224.0", "PWD_P21": "251.2", "PWD_P22": "279.5", "PWD_P23": "308.0", "PWD_P24": "335.9", "PWD_P25": "363.2", "PWD_P26": "389.7", "PWD_P27": "415.6", "PWD_P28": "440.9", "PWD_P29": "465.4", "PWD_P30": "489.4", "PWD_P31": "513.1", "PWD_P32": "536.7", "PWD_P33": "560.3", "PWD_P34": "583.9", "PWD_P35": "607.5", "PWD_P36": "631.2", "PWD_P37": "654.9", "PWD_P38": "678.9", "PWD_P39": "703.1", "PWD_P40": "727.7", "PWD_P41": "752.6", "PWD_P42": "777.7", "PWD_P43": "803.3", "PWD_P44": "829.6", "PWD_P45": "856.4", "PWD_P46": "883.8", "PWD_P47": "911.8", "PWD_P48": "940.4", "PWD_P49": "969.7", "PWD_P50": "1000.2", "PWD_P51": "1031.7", "PWD_P52": "1064.5", "PWD_P53": "1098.7", "PWD_P54": "1134.0", "PWD_P55": "1171.1", "PWD_P56": "1210.0", "PWD_P57": "1251.2", "PWD_P58": "1294.7", "PWD_P59": "1341.1", "PWD_P60": "1390.6", "PWD_P61": "1443.0", "PWD_P62": "1499.1", "PWD_P63": "1559.5", "PWD_P64": "1625.2", "PWD_P65": "1696.8", "PWD_P66": "1776.1", "PWD_P67": "1862.4", "PWD_P68": "1958.2", "PWD_P69": "2064.9", "PWD_P70": "2182.7", "PWD_P71": "2313.1", "PWD_P72": "2460.5", "PWD_P73": "2626.0", "PWD_P74": "2812.0", "PWD_P75": "3022.5", "PWD_P76": "3254.3", "PWD_P77": "3508.6", "PWD_P78": "3791.1", "PWD_P79": "4102.4", "PWD_P80": "4440.2", "PWD_P81": "4805.1", "PWD_P82": "5201.8", "PWD_P83": "5640.1", "PWD_P84": "6122.6", "PWD_P85": "6631.6", "PWD_P86": "7167.4", "PWD_P87": "7732.6", "PWD_P88": "8370.4", "PWD_P89": "9074.7", "PWD_P90": "9807.8", "PWD_P91": "10640.3", "PWD_P92": "11545.3", "PWD_P93": "12480.2", "PWD_P94": "13399.9", "PWD_P95": "14391.8", "PWD_P96": "15499.6", "PWD_P97": "16767.8", "PWD_P98": "19562.7", "PWD_P99": "23351.8", "PWD_P100": "34433.4" }, "geometry": { "type": "Point", "coordinates": [ 110.0158, -4.9658 ] } },
{ "type": "Feature", "id": 3, "properties": { "lon": -92.0897, "lat": 37.5175, "year": "2010", "ISO": "USA", "ISO_No": "840", "Name": "United States", "PWC_Lat": "37.5175", "PWC_Lon": "-92.0897", "Pop": "309011469", "Density": "33.7", "Area": "9173866.9", "PWD_A": "4330.2", "PWD_G": "1277.3", "PWD_M": "1817.6", "PWD_P1": "4.7", "PWD_P2": "9.3", "PWD_P3": "14.5", "PWD_P4": "20.5", "PWD_P5": "27.7", "PWD_P6": "36.2", "PWD_P7": "46.2", "PWD_P8": "58.0", "PWD_P9": "71.7", "PWD_P10": "87.6", "PWD_P11": "106.0", "PWD_P12": "126.9", "PWD_P13": "150.5", "PWD_P14": "176.9", "PWD_P15": "206.3", "PWD_P16": "238.2", "PWD_P17": "272.6", "PWD_P18": "308.3", "PWD_P19": "346.3", "PWD_P20": "385.9", "PWD_P21": "426.5", "PWD_P22": "467.8", "PWD_P23": "510.2", "PWD_P24": "553.2", "PWD_P25": "596.5", "PWD_P26": "640.2", "PWD_P27": "684.7", "PWD_P28": "729.4", "PWD_P29": "774.5", "PWD_P30": "819.9", "PWD_P31": "865.7", "PWD_P32": "911.8", "PWD_P33": "957.9", "PWD_P34": "1004.7", "PWD_P35": "1051.9", "PWD_P36": "1098.8", "PWD_P37": "1146.6", "PWD_P38": "1194.9", "PWD_P39": "1242.9", "PWD_P40": "1292.1", "PWD_P41": "1342.0", "PWD_P42": "1391.9", "PWD_P43": "1442.6", "PWD_P44": "1494.0", "PWD_P45": "1545.7", "PWD_P46": "1598.2", "PWD_P47": "1652.1", "PWD_P48": "1706.3", "PWD_P49": "1761.4", "PWD_P50": "1817.6", "PWD_P51": "1874.1", "PWD_P52": "1932.5", "PWD_P53": "1991.7", "PWD_P54": "2052.1", "PWD_P55": "2114.2", "PWD_P56": "2176.9", "PWD_P57": "2241.7", "PWD_P58": "2308.0", "PWD_P59": "2376.5", "PWD_P60": "2447.0", "PWD_P61": "2519.3", "PWD_P62": "2594.2", "PWD_P63": "2670.9", "PWD_P64": "2751.4", "PWD_P65": "2834.3", "PWD_P66": "2921.1", "PWD_P67": "3011.3", "PWD_P68": "3106.1", "PWD_P69": "3205.2", "PWD_P70": "3309.4", "PWD_P71": "3419.5", "PWD_P72": "3535.1", "PWD_P73": "3658.2", "PWD_P74": "3788.6", "PWD_P75": "3927.9", "PWD_P76": "4077.8", "PWD_P77": "4239.6", "PWD_P78": "4415.0", "PWD_P79": "4604.5", "PWD_P80": "4813.0", "PWD_P81": "5040.5", "PWD_P82": "5293.1", "PWD_P83": "5575.2", "PWD_P84": "5891.9", "PWD_P85": "6249.5", "PWD_P86": "6657.2", "PWD_P87": "7124.3", "PWD_P88": "7661.8", "PWD_P89": "8281.3", "PWD_P90": "9008.2", "PWD_P91": "9869.2", "PWD_P92": "10922.4", "PWD_P93": "12207.0", "PWD_P94": "13826.8", "PWD_P95": "15949.6", "PWD_P96": "18927.5", "PWD_P97": "23435.1", "PWD_P98": "31204.8", "PWD_P99": "48526.6", "PWD_P100": "476780.8" }, "geometry": { "type": "Point", "coordinates": [ -92.0897, 37.5175 ] } },
{ "type": "Feature", "id": 4, "properties": { "lon": -64.846908569335938, "lat": 18.048599243164062, "year": "2010", "ISO": "VIR", "ISO_No": "850", "Name": "Virgin_Islands_U_S", "PWC_Lat": "18.0485992431641", "PWC_Lon": "-64.8469085693359", "Pop": "106085", "Density": "276.7", "Area": "383.5", "PWD_A": "760.4", "PWD_G": "509.6", "PWD_M": "510.2", "PWD_P1": "31.0", "PWD_P2": "47.9", "PWD_P3": "63.4", "PWD_P4": "75.4", "PWD_P5": "86.6", "PWD_P6": "100.4", "PWD_P7": "114.6", "PWD_P8": "126.9", "PWD_P9": "137.8", "PWD_P10": "148.0", "PWD_P11": "161.2", "PWD_P12": "171.8", "PWD_P13": "180.3", "PWD_P14": "188.3", "PWD_P15": "196.2", "PWD_P16": "204.0", "PWD_P17": "212.3", "PWD_P18": "221.5", "PWD_P19": "231.1", "PWD_P20": "241.8", "PWD_P21": "254.5", "PWD_P22": "266.4", "PWD_P23": "278.7", "PWD_P24": "291.4", "PWD_P25": "303.6", "PWD_P26": "315.8", "PWD_P27": "326.7", "PWD_P28": "336.4", "PWD_P29": "346.0", "PWD_P30": "355.5", "PWD_P31": "363.8", "PWD_P32": "371.2", "PWD_P33": "377.9", "PWD_P34": "384.6", "PWD_P35": "392.9", "PWD_P36": "401.3", "PWD_P37": "409.0", "PWD_P38": "416.1", "PWD_P39": "424.3", "PWD_P40": "432.1", "PWD_P41": "440.3", "PWD_P42": "447.4", "PWD_P43": "455.8", "PWD_P44": "463.6", "PWD_P45": "471.6", "PWD_P46": "478.3", "PWD_P47": "485.2", "PWD_P48": "493.5", "PWD_P49": "502.2", "PWD_P50": "510.2", "PWD_P51": "518.3", "PWD_P52": "527.6", "PWD_P53": "535.8", "PWD_P54": "545.5", "PWD_P55": "555.6", "PWD_P56": "567.0", "PWD_P57": "579.2", "PWD_P58": "591.2", "PWD_P59": "601.0", "PWD_P60": "610.5", "PWD_P61": "619.5", "PWD_P62": "628.7", "PWD_P63": "639.1", "PWD_P64": "652.1", "PWD_P65": "666.4", "PWD_P66": "678.3", "PWD_P67": "691.6", "PWD_P68": "705.9", "PWD_P69": "722.2", "PWD_P70": "748.1", "PWD_P71": "786.2", "PWD_P72": "850.0", "PWD_P73": "927.1", "PWD_P74": "1001.4", "PWD_P75": "1182.8", "PWD_P76": "1332.6", "PWD_P77": "1410.3", "PWD_P78": "1476.2", "PWD_P79": "1528.8", "PWD_P80": "1589.7", "PWD_P81": "1644.6", "PWD_P82": "1672.3", "PWD_P83": "1707.1", "PWD_P84": "1733.2", "PWD_P85": "1766.9", "PWD_P86": "1796.9", "PWD_P87": "1822.5", "PWD_P88": "1846.6", "PWD_P89": "1879.7", "PWD_P90": "1910.6", "PWD_P91": "1930.6", "PWD_P92": "1949.0", "PWD_P93": "1966.6", "PWD_P94": "1978.3", "PWD_P95": "1993.9", "PWD_P96": "2010.0", "PWD_P97": "2026.5", "PWD_P98": "2057.3", "PWD_P99": "2076.0", "PWD_P100": "2139.3" }, "geometry": { "type": "Point", "coordinates": [ -64.846908569335938, 18.048599243164062 ] } },
{ "type": "Feature", "id": 5, "properties": { "lon": -50.665737152099609, "lat": 66.070816040039062, "year": "2010", "ISO": "GRL", "ISO_No": "304", "Name": "Greenland", "PWC_Lat": "66.0708160400391", "PWC_Lon": "-50.6657371520996", "Pop": "56637", "Density": "0.0", "Area": "2128390.2", "PWD_A": "451.6", "PWD_G": "355.9", "PWD_M": "412.8", "PWD_P1": "23.0", "PWD_P2": "31.9", "PWD_P3": "47.4", "PWD_P4": "61.2", "PWD_P5": "70.6", "PWD_P6": "80.4", "PWD_P7": "90.3", "PWD_P8": "103.3", "PWD_P9": "116.0", "PWD_P10": "127.6", "PWD_P11": "136.8", "PWD_P12": "147.0", "PWD_P13": "156.5", "PWD_P14": "165.5", "PWD_P15": "173.2", "PWD_P16": "181.2", "PWD_P17": "189.6", "PWD_P18": "197.4", "PWD_P19": "205.0", "PWD_P20": "213.4", "PWD_P21": "223.2", "PWD_P22": "232.6", "PWD_P23": "241.5", "PWD_P24": "249.5", "PWD_P25": "258.2", "PWD_P26": "267.9", "PWD_P27": "280.0", "PWD_P28": "292.4", "PWD_P29": "306.9", "PWD_P30": "317.7", "PWD_P31": "328.7", "PWD_P32": "338.4", "PWD_P33": "345.4", "PWD_P34": "350.7", "PWD_P35": "356.5", "PWD_P36": "361.1", "PWD_P37": "364.9", "PWD_P38": "369.1", "PWD_P39": "372.8", "PWD_P40": "376.8", "PWD_P41": "380.6", "PWD_P42": "384.3", "PWD_P43": "387.6", "PWD_P44": "390.7", "PWD_P45": "394.4", "PWD_P46": "398.3", "PWD_P47": "402.0", "PWD_P48": "405.7", "PWD_P49": "409.1", "PWD_P50": "412.8", "PWD_P51": "416.0", "PWD_P52": "419.2", "PWD_P53": "422.8", "PWD_P54": "426.6", "PWD_P55": "430.8", "PWD_P56": "435.8", "PWD_P57": "440.9", "PWD_P58": "448.1", "PWD_P59": "454.6", "PWD_P60": "461.9", "PWD_P61": "468.6", "PWD_P62": "475.7", "PWD_P63": "483.1", "PWD_P64": "492.7", "PWD_P65": "502.2", "PWD_P66": "511.9", "PWD_P67": "522.1", "PWD_P68": "532.8", "PWD_P69": "544.5", "PWD_P70": "554.3", "PWD_P71": "566.7", "PWD_P72": "581.5", "PWD_P73": "592.8", "PWD_P74": "604.7", "PWD_P75": "615.6", "PWD_P76": "626.9", "PWD_P77": "638.8", "PWD_P78": "652.5", "PWD_P79": "667.7", "PWD_P80": "687.1", "PWD_P81": "709.3", "PWD_P82": "730.0", "PWD_P83": "751.7", "PWD_P84": "776.9", "PWD_P85": "794.4", "PWD_P86": "808.6", "PWD_P87": "823.1", "PWD_P88": "837.4", "PWD_P89": "851.9", "PWD_P90": "865.9", "PWD_P91": "877.0", "PWD_P92": "888.7", "PWD_P93": "898.3", "PWD_P94": "907.4", "PWD_P95": "917.5", "PWD_P96": "927.7", "PWD_P97": "940.5", "PWD_P98": "960.0", "PWD_P99": "980.6", "PWD_P100": "1070.1" }, "geometry": { "type": "Point", "coordinates": [ -50.665737152099609, 66.070816040039062 ] } },
{ "type": "Feature", "id": 6, "properties": { "lon": 113.7501, "lat": 32.3798, "year": "2010", "ISO": "CHN", "ISO_No": "156", "Name": "China", "PWC_Lat": "32.3798", "PWC_Lon": "113.7501", "Pop": "1368810603", "Density": "148.1", "Area": "9241743.8", "PWD_A": "8011.7", "PWD_G": "1420.4", "PWD_M": "1103.4", "PWD_P1": "18.0", "PWD_P2": "32.4", "PWD_P3": "45.3", "PWD_P4": "57.7", "PWD_P5": "70.1", "PWD_P6": "82.8", "PWD_P7": "95.8", "PWD_P8": "109.2", "PWD_P9": "123.0", "PWD_P10": "137.2", "PWD_P11": "151.8", "PWD_P12": "166.6", "PWD_P13": "181.7", "PWD_P14": "197.0", "PWD_P15": "212.4", "PWD_P16": "228.0", "PWD_P17": "243.7", "PWD_P18": "259.4", "PWD_P19": "275.3", "PWD_P20": "291.3", "PWD_P21": "307.5", "PWD_P22": "323.8", "PWD_P23": "340.3", "PWD_P24": "357.0", "PWD_P25": "373.9", "PWD_P26": "391.1", "PWD_P27": "408.6", "PWD_P28": "426.4", "PWD_P29": "444.7", "PWD_P30": "463.5", "PWD_P31": "482.8", "PWD_P32": "502.6", "PWD_P33": "523.1", "PWD_P34": "544.3", "PWD_P35": "566.3", "PWD_P36": "589.4", "PWD_P37": "613.4", "PWD_P38": "638.7", "PWD_P39": "665.3", "PWD_P40": "693.4", "PWD_P41": "723.2", "PWD_P42": "754.6", "PWD_P43": "788.2", "PWD_P44": "824.0", "PWD_P45": "862.3", "PWD_P46": "903.5", "PWD_P47": "947.9", "PWD_P48": "995.7", "PWD_P49": "1047.4", "PWD_P50": "1103.4", "PWD_P51": "1164.4", "PWD_P52": "1230.9", "PWD_P53": "1303.7", "PWD_P54": "1383.1", "PWD_P55": "1470.1", "PWD_P56": "1565.5", "PWD_P57": "1670.3", "PWD_P58": "1785.3", "PWD_P59": "1912.0", "PWD_P60": "2051.4", "PWD_P61": "2203.8", "PWD_P62": "2371.1", "PWD_P63": "2553.5", "PWD_P64": "2752.5", "PWD_P65": "2968.7", "PWD_P66": "3202.8", "PWD_P67": "3457.3", "PWD_P68": "3731.6", "PWD_P69": "4027.0", "PWD_P70": "4345.1", "PWD_P71": "4686.2", "PWD_P72": "5052.4", "PWD_P73": "5446.1", "PWD_P74": "5868.9", "PWD_P75": "6319.8", "PWD_P76": "6803.4", "PWD_P77": "7322.7", "PWD_P78": "7881.5", "PWD_P79": "8482.3", "PWD_P80": "9133.0", "PWD_P81": "9839.9", "PWD_P82": "10612.7", "PWD_P83": "11463.6", "PWD_P84": "12399.3", "PWD_P85": "13436.2", "PWD_P86": "14596.3", "PWD_P87": "15892.4", "PWD_P88": "17333.6", "PWD_P89": "18978.8", "PWD_P90": "20876.7", "PWD_P91": "23070.1", "PWD_P92": "25632.5", "PWD_P93": "28652.3", "PWD_P94": "32454.5", "PWD_P95": "37341.1", "PWD_P96": "43792.2", "PWD_P97": "53052.7", "PWD_P98": "67753.1", "PWD_P99": "95890.6", "PWD_P100": "4449250.6" }, "geometry": { "type": "Point", "coordinates": [ 113.7501, 32.3798 ] } },
{ "type": "Feature", "id": 7, "properties": { "lon": 144.7655, "lat": -32.921, "year": "2010", "ISO": "AUS", "ISO_No": "36", "Name": "Australia", "PWC_Lat": "-32.921", "PWC_Lon": "144.7655", "Pop": "22154687", "Density": "2.9", "Area": "7637991.2", "PWD_A": "3000.9", "PWD_G": "1424.7", "PWD_M": "2284.9", "PWD_P1": "1.4", "PWD_P2": "4.7", "PWD_P3": "10.2", "PWD_P4": "18.4", "PWD_P5": "30.3", "PWD_P6": "47.4", "PWD_P7": "71.0", "PWD_P8": "102.4", "PWD_P9": "142.9", "PWD_P10": "192.4", "PWD_P11": "250.1", "PWD_P12": "312.8", "PWD_P13": "377.3", "PWD_P14": "443.2", "PWD_P15": "510.0", "PWD_P16": "578.2", "PWD_P17": "644.1", "PWD_P18": "708.4", "PWD_P19": "773.0", "PWD_P20": "837.1", "PWD_P21": "901.0", "PWD_P22": "964.1", "PWD_P23": "1026.1", "PWD_P24": "1087.4", "PWD_P25": "1147.0", "PWD_P26": "1204.7", "PWD_P27": "1260.9", "PWD_P28": "1316.2", "PWD_P29": "1370.6", "PWD_P30": "1423.5", "PWD_P31": "1475.7", "PWD_P32": "1526.6", "PWD_P33": "1575.5", "PWD_P34": "1623.8", "PWD_P35": "1670.8", "PWD_P36": "1716.2", "PWD_P37": "1760.5", "PWD_P38": "1803.7", "PWD_P39": "1846.5", "PWD_P40": "1888.5", "PWD_P41": "1929.8", "PWD_P42": "1970.3", "PWD_P43": "2010.3", "PWD_P44": "2050.6", "PWD_P45": "2090.0", "PWD_P46": "2129.8", "PWD_P47": "2169.5", "PWD_P48": "2208.3", "PWD_P49": "2246.7", "PWD_P50": "2284.9", "PWD_P51": "2322.2", "PWD_P52": "2359.3", "PWD_P53": "2396.0", "PWD_P54": "2432.9", "PWD_P55": "2470.5", "PWD_P56": "2508.3", "PWD_P57": "2545.9", "PWD_P58": "2583.9", "PWD_P59": "2622.1", "PWD_P60": "2660.7", "PWD_P61": "2700.6", "PWD_P62": "2740.1", "PWD_P63": "2780.8", "PWD_P64": "2822.2", "PWD_P65": "2864.5", "PWD_P66": "2907.5", "PWD_P67": "2951.1", "PWD_P68": "2996.0", "PWD_P69": "3041.9", "PWD_P70": "3088.6", "PWD_P71": "3137.2", "PWD_P72": "3188.4", "PWD_P73": "3241.4", "PWD_P74": "3297.5", "PWD_P75": "3357.2", "PWD_P76": "3419.5", "PWD_P77": "3485.2", "PWD_P78": "3554.0", "PWD_P79": "3628.0", "PWD_P80": "3708.3", "PWD_P81": "3795.3", "PWD_P82": "3889.1", "PWD_P83": "3992.4", "PWD_P84": "4103.5", "PWD_P85": "4233.6", "PWD_P86": "4378.8", "PWD_P87": "4546.4", "PWD_P88": "4745.7", "PWD_P89": "4979.7", "PWD_P90": "5267.5", "PWD_P91": "5619.2", "PWD_P92": "6049.5", "PWD_P93": "6561.6", "PWD_P94": "7213.2", "PWD_P95": "8072.3", "PWD_P96": "9162.8", "PWD_P97": "10894.1", "PWD_P98": "13573.3", "PWD_P99": "19121.4", "PWD_P100": "166277.3" }, "geometry": { "type": "Point", "coordinates": [ 144.7655, -32.921 ] } },
{ "type": "Feature", "id": 8, "properties": { "lon": -45.6943, "lat": -17.0203, "year": "2010", "ISO": "BRA", "ISO_No": "76", "Name": "Brazil", "PWC_Lat": "-17.0203", "PWC_Lon": "-45.6943", "Pop": "195713637", "Density": "23.2", "Area": "8419955.0", "PWD_A": "9875.3", "PWD_G": "2969.0", "PWD_M": "5538.7", "PWD_P1": "1.8", "PWD_P2": "3.9", "PWD_P3": "6.7", "PWD_P4": "10.5", "PWD_P5": "15.6", "PWD_P6": "22.6", "PWD_P7": "32.0", "PWD_P8": "44.8", "PWD_P9": "62.3", "PWD_P10": "87.2", "PWD_P11": "122.4", "PWD_P12": "171.4", "PWD_P13": "237.5", "PWD_P14": "321.9", "PWD_P15": "422.8", "PWD_P16": "536.5", "PWD_P17": "659.7", "PWD_P18": "789.3", "PWD_P19": "923.9", "PWD_P20": "1061.6", "PWD_P21": "1202.0", "PWD_P22": "1344.4", "PWD_P23": "1487.5", "PWD_P24": "1631.3", "PWD_P25": "1774.1", "PWD_P26": "1916.9", "PWD_P27": "2059.3", "PWD_P28": "2201.8", "PWD_P29": "2343.7", "PWD_P30": "2484.4", "PWD_P31": "2624.5", "PWD_P32": "2764.0", "PWD_P33": "2903.0", "PWD_P34": "3044.9", "PWD_P35": "3187.0", "PWD_P36": "3329.2", "PWD_P37": "3469.7", "PWD_P38": "3615.3", "PWD_P39": "3763.8", "PWD_P40": "3912.8", "PWD_P41": "4063.5", "PWD_P42": "4218.0", "PWD_P43": "4373.9", "PWD_P44": "4532.6", "PWD_P45": "4692.4", "PWD_P46": "4854.0", "PWD_P47": "5019.3", "PWD_P48": "5188.3", "PWD_P49": "5360.4", "PWD_P50": "5538.7", "PWD_P51": "5720.1", "PWD_P52": "5906.2", "PWD_P53": "6096.9", "PWD_P54": "6289.2", "PWD_P55": "6487.4", "PWD_P56": "6691.3", "PWD_P57": "6898.1", "PWD_P58": "7110.2", "PWD_P59": "7326.1", "PWD_P60": "7549.4", "PWD_P61": "7778.2", "PWD_P62": "8013.1", "PWD_P63": "8258.0", "PWD_P64": "8511.2", "PWD_P65": "8772.3", "PWD_P66": "9041.9", "PWD_P67": "9320.0", "PWD_P68": "9612.5", "PWD_P69": "9913.9", "PWD_P70": "10225.0", "PWD_P71": "10549.8", "PWD_P72": "10888.1", "PWD_P73": "11233.6", "PWD_P74": "11595.7", "PWD_P75": "11979.1", "PWD_P76": "12381.6", "PWD_P77": "12802.4", "PWD_P78": "13239.0", "PWD_P79": "13706.5", "PWD_P80": "14211.8", "PWD_P81": "14736.5", "PWD_P82": "15292.7", "PWD_P83": "15887.0", "PWD_P84": "16534.6", "PWD_P85": "17230.2", "PWD_P86": "18000.0", "PWD_P87": "18861.4", "PWD_P88": "19810.5", "PWD_P89": "20875.3", "PWD_P90": "22094.4", "PWD_P91": "23485.6", "PWD_P92": "25112.4", "PWD_P93": "27138.5", "PWD_P94": "29692.6", "PWD_P95": "33021.9", "PWD_P96": "37489.8", "PWD_P97": "44078.9", "PWD_P98": "55165.1", "PWD_P99": "77967.7", "PWD_P100": "446527.5" }, "geometry": { "type": "Point", "coordinates": [ -45.6943, -17.0203 ] } },
{ "type": "Feature", "id": 9, "properties": { "lon": -87.7036, "lat": 46.8427, "year": "2010", "ISO": "CAN", "ISO_No": "124", "Name": "Canada", "PWC_Lat": "46.8427", "PWC_Lon": "-87.7036", "Pop": "34147565", "Density": "3.7", "Area": "9139103.0", "PWD_A": "5407.6", "PWD_G": "1720.3", "PWD_M": "3047.4", "PWD_P1": "1.8", "PWD_P2": "4.1", "PWD_P3": "7.0", "PWD_P4": "10.8", "PWD_P5": "15.8", "PWD_P6": "22.5", "PWD_P7": "31.2", "PWD_P8": "42.4", "PWD_P9": "56.5", "PWD_P10": "74.0", "PWD_P11": "95.4", "PWD_P12": "121.3", "PWD_P13": "152.7", "PWD_P14": "190.3", "PWD_P15": "234.9", "PWD_P16": "287.2", "PWD_P17": "347.6", "PWD_P18": "416.0", "PWD_P19": "490.1", "PWD_P20": "572.6", "PWD_P21": "659.8", "PWD_P22": "750.3", "PWD_P23": "842.6", "PWD_P24": "932.9", "PWD_P25": "1025.6", "PWD_P26": "1120.5", "PWD_P27": "1216.3", "PWD_P28": "1308.1", "PWD_P29": "1398.9", "PWD_P30": "1488.0", "PWD_P31": "1575.8", "PWD_P32": "1662.5", "PWD_P33": "1746.1", "PWD_P34": "1828.7", "PWD_P35": "1911.9", "PWD_P36": "1992.8", "PWD_P37": "2071.9", "PWD_P38": "2150.5", "PWD_P39": "2228.5", "PWD_P40": "2305.4", "PWD_P41": "2381.3", "PWD_P42": "2455.6", "PWD_P43": "2528.9", "PWD_P44": "2601.3", "PWD_P45": "2675.0", "PWD_P46": "2748.1", "PWD_P47": "2820.8", "PWD_P48": "2896.4", "PWD_P49": "2970.1", "PWD_P50": "3047.4", "PWD_P51": "3124.5", "PWD_P52": "3202.3", "PWD_P53": "3281.7", "PWD_P54": "3362.6", "PWD_P55": "3444.1", "PWD_P56": "3527.6", "PWD_P57": "3614.0", "PWD_P58": "3702.2", "PWD_P59": "3795.1", "PWD_P60": "3887.7", "PWD_P61": "3984.3", "PWD_P62": "4084.7", "PWD_P63": "4190.0", "PWD_P64": "4297.4", "PWD_P65": "4411.7", "PWD_P66": "4527.7", "PWD_P67": "4651.4", "PWD_P68": "4779.6", "PWD_P69": "4915.2", "PWD_P70": "5057.2", "PWD_P71": "5210.0", "PWD_P72": "5367.0", "PWD_P73": "5530.6", "PWD_P74": "5704.7", "PWD_P75": "5882.7", "PWD_P76": "6079.4", "PWD_P77": "6291.5", "PWD_P78": "6517.2", "PWD_P79": "6758.7", "PWD_P80": "7017.9", "PWD_P81": "7301.8", "PWD_P82": "7618.8", "PWD_P83": "7960.6", "PWD_P84": "8340.8", "PWD_P85": "8762.0", "PWD_P86": "9214.8", "PWD_P87": "9714.9", "PWD_P88": "10280.9", "PWD_P89": "10935.1", "PWD_P90": "11674.3", "PWD_P91": "12512.9", "PWD_P92": "13541.7", "PWD_P93": "14792.3", "PWD_P94": "16205.4", "PWD_P95": "18152.6", "PWD_P96": "20688.8", "PWD_P97": "24341.4", "PWD_P98": "30530.4", "PWD_P99": "43919.9", "PWD_P100": "339514.7" }, "geometry": { "type": "Point", "coordinates": [ -87.7036, 46.8427 ] } },
{ "type": "Feature", "id": 10, "properties": { "lon": -71.333702087402344, "lat": -34.125995635986328, "year": "2010", "ISO": "CHL", "ISO_No": "152", "Name": "Chile", "PWC_Lat": "-34.1259956359863", "PWC_Lon": "-71.3337020874023", "Pop": "17062530", "Density": "22.8", "Area": "746900.3", "PWD_A": "3960.3", "PWD_G": "1281.3", "PWD_M": "2445.0", "PWD_P1": "1.6", "PWD_P2": "3.5", "PWD_P3": "6.1", "PWD_P4": "17.3", "PWD_P5": "33.6", "PWD_P6": "43.7", "PWD_P7": "51.2", "PWD_P8": "57.2", "PWD_P9": "62.7", "PWD_P10": "68.2", "PWD_P11": "73.8", "PWD_P12": "80.0", "PWD_P13": "87.5", "PWD_P14": "95.9", "PWD_P15": "104.9", "PWD_P16": "115.9", "PWD_P17": "129.7", "PWD_P18": "148.0", "PWD_P19": "170.9", "PWD_P20": "201.0", "PWD_P21": "239.1", "PWD_P22": "279.3", "PWD_P23": "320.3", "PWD_P24": "363.7", "PWD_P25": "409.2", "PWD_P26": "457.5", "PWD_P27": "508.2", "PWD_P28": "559.5", "PWD_P29": "613.7", "PWD_P30": "676.3", "PWD_P31": "739.2", "PWD_P32": "805.8", "PWD_P33": "878.8", "PWD_P34": "955.3", "PWD_P35": "1038.4", "PWD_P36": "1127.4", "PWD_P37": "1222.8", "PWD_P38": "1319.8", "PWD_P39": "1417.2", "PWD_P40": "1512.4", "PWD_P41": "1607.9", "PWD_P42": "1699.2", "PWD_P43": "1789.3", "PWD_P44": "1883.2", "PWD_P45": "1977.3", "PWD_P46": "2071.6", "PWD_P47": "2168.9", "PWD_P48": "2263.0", "PWD_P49": "2354.6", "PWD_P50": "2445.0", "PWD_P51": "2533.6", "PWD_P52": "2619.3", "PWD_P53": "2703.8", "PWD_P54": "2797.6", "PWD_P55": "2896.5", "PWD_P56": "3001.0", "PWD_P57": "3102.1", "PWD_P58": "3217.6", "PWD_P59": "3342.2", "PWD_P60": "3466.3", "PWD_P61": "3593.4", "PWD_P62": "3731.8", "PWD_P63": "3883.2", "PWD_P64": "4051.9", "PWD_P65": "4221.1", "PWD_P66": "4387.8", "PWD_P67": "4574.2", "PWD_P68": "4772.7", "PWD_P69": "4976.5", "PWD_P70": "5183.8", "PWD_P71": "5402.8", "PWD_P72": "5608.3", "PWD_P73": "5831.7", "PWD_P74": "6056.3", "PWD_P75": "6281.6", "PWD_P76": "6507.9", "PWD_P77": "6772.0", "PWD_P78": "7047.9", "PWD_P79": "7322.1", "PWD_P80": "7569.1", "PWD_P81": "7802.4", "PWD_P82": "8023.4", "PWD_P83": "8253.2", "PWD_P84": "8502.0", "PWD_P85": "8786.5", "PWD_P86": "9104.0", "PWD_P87": "9473.0", "PWD_P88": "9875.4", "PWD_P89": "10296.2", "PWD_P90": "10789.5", "PWD_P91": "11279.4", "PWD_P92": "11757.9", "PWD_P93": "12380.6", "PWD_P94": "12966.0", "PWD_P95": "13688.3", "PWD_P96": "14257.6", "PWD_P97": "14723.3", "PWD_P98": "15173.7", "PWD_P99": "15800.2", "PWD_P100": "17905.2" }, "geometry": { "type": "Point", "coordinates": [ -71.333702087402344, -34.125995635986328 ] } },
{ "type": "Feature", "id": 11, "properties": { "lon": 67.553535461425781, "lat": 34.627536773681641, "year": "2010", "ISO": "AFG", "ISO_No": "4", "Name": "Afghanistan", "PWC_Lat": "34.6275367736816", "PWC_Lon": "67.5535354614258", "Pop": "29185511", "Density": "45.4", "Area": "643054.5", "PWD_A": "2372.2", "PWD_G": "235.4", "PWD_M": "147.7", "PWD_P1": "4.6", "PWD_P2": "7.2", "PWD_P3": "9.4", "PWD_P4": "11.1", "PWD_P5": "12.7", "PWD_P6": "14.2", "PWD_P7": "15.7", "PWD_P8": "17.1", "PWD_P9": "18.5", "PWD_P10": "20.0", "PWD_P11": "21.3", "PWD_P12": "22.7", "PWD_P13": "24.2", "PWD_P14": "25.7", "PWD_P15": "27.3", "PWD_P16": "29.0", "PWD_P17": "30.6", "PWD_P18": "32.3", "PWD_P19": "33.9", "PWD_P20": "35.7", "PWD_P21": "37.6", "PWD_P22": "39.6", "PWD_P23": "41.6", "PWD_P24": "43.8", "PWD_P25": "45.9", "PWD_P26": "48.2", "PWD_P27": "50.6", "PWD_P28": "53.1", "PWD_P29": "55.6", "PWD_P30": "58.3", "PWD_P31": "61.1", "PWD_P32": "64.2", "PWD_P33": "67.4", "PWD_P34": "70.7", "PWD_P35": "74.2", "PWD_P36": "77.8", "PWD_P37": "81.5", "PWD_P38": "85.3", "PWD_P39": "89.3", "PWD_P40": "93.4", "PWD_P41": "97.8", "PWD_P42": "102.4", "PWD_P43": "107.1", "PWD_P44": "112.1", "PWD_P45": "117.4", "PWD_P46": "122.9", "PWD_P47": "128.6", "PWD_P48": "134.6", "PWD_P49": "141.0", "PWD_P50": "147.7", "PWD_P51": "154.8", "PWD_P52": "162.4", "PWD_P53": "170.6", "PWD_P54": "179.2", "PWD_P55": "188.4", "PWD_P56": "198.3", "PWD_P57": "209.1", "PWD_P58": "220.9", "PWD_P59": "233.8", "PWD_P60": "247.6", "PWD_P61": "262.4", "PWD_P62": "278.6", "PWD_P63": "296.7", "PWD_P64": "318.4", "PWD_P65": "343.5", "PWD_P66": "372.4", "PWD_P67": "405.9", "PWD_P68": "444.6", "PWD_P69": "487.7", "PWD_P70": "536.5", "PWD_P71": "592.1", "PWD_P72": "658.8", "PWD_P73": "737.0", "PWD_P74": "821.9", "PWD_P75": "916.6", "PWD_P76": "1031.9", "PWD_P77": "1158.6", "PWD_P78": "1299.6", "PWD_P79": "1452.8", "PWD_P80": "1636.6", "PWD_P81": "1893.6", "PWD_P82": "2254.5", "PWD_P83": "2810.0", "PWD_P84": "3472.7", "PWD_P85": "4200.8", "PWD_P86": "6298.8", "PWD_P87": "9213.4", "PWD_P88": "10867.2", "PWD_P89": "12017.4", "PWD_P90": "12809.2", "PWD_P91": "13498.5", "PWD_P92": "14025.6", "PWD_P93": "14539.8", "PWD_P94": "15097.2", "PWD_P95": "15809.3", "PWD_P96": "16536.3", "PWD_P97": "17219.5", "PWD_P98": "17874.3", "PWD_P99": "18458.8", "PWD_P100": "19995.6" }, "geometry": { "type": "Point", "coordinates": [ 67.553535461425781, 34.627536773681641 ] } },
{ "type": "Feature", "id": 12, "properties": { "lon": 19.886039733886719, "lat": 41.183055877685547, "year": "2010", "ISO": "ALB", "ISO_No": "8", "Name": "Albania", "PWC_Lat": "41.1830558776855", "PWC_Lon": "19.8860397338867", "Pop": "2948028", "Density": "104.5", "Area": "28220.5", "PWD_A": "3339.2", "PWD_G": "786.1", "PWD_M": "866.6", "PWD_P1": "7.5", "PWD_P2": "10.8", "PWD_P3": "14.1", "PWD_P4": "17.4", "PWD_P5": "21.1", "PWD_P6": "25.1", "PWD_P7": "29.7", "PWD_P8": "34.7", "PWD_P9": "40.1", "PWD_P10": "45.4", "PWD_P11": "50.7", "PWD_P12": "56.0", "PWD_P13": "61.5", "PWD_P14": "67.0", "PWD_P15": "72.8", "PWD_P16": "78.8", "PWD_P17": "85.4", "PWD_P18": "92.4", "PWD_P19": "99.7", "PWD_P20": "107.3", "PWD_P21": "115.4", "PWD_P22": "124.1", "PWD_P23": "133.5", "PWD_P24": "143.3", "PWD_P25": "153.6", "PWD_P26": "164.8", "PWD_P27": "176.8", "PWD_P28": "189.8", "PWD_P29": "203.6", "PWD_P30": "218.1", "PWD_P31": "233.8", "PWD_P32": "250.6", "PWD_P33": "268.8", "PWD_P34": "287.4", "PWD_P35": "307.7", "PWD_P36": "329.5", "PWD_P37": "353.2", "PWD_P38": "377.6", "PWD_P39": "404.5", "PWD_P40": "433.1", "PWD_P41": "463.6", "PWD_P42": "496.2", "PWD_P43": "532.6", "PWD_P44": "571.5", "PWD_P45": "612.7", "PWD_P46": "657.7", "PWD_P47": "704.8", "PWD_P48": "753.5", "PWD_P49": "806.2", "PWD_P50": "866.6", "PWD_P51": "932.8", "PWD_P52": "1006.6", "PWD_P53": "1088.6", "PWD_P54": "1180.8", "PWD_P55": "1281.4", "PWD_P56": "1397.2", "PWD_P57": "1527.1", "PWD_P58": "1672.0", "PWD_P59": "1838.0", "PWD_P60": "2020.0", "PWD_P61": "2217.3", "PWD_P62": "2405.0", "PWD_P63": "2596.0", "PWD_P64": "2792.2", "PWD_P65": "3009.8", "PWD_P66": "3222.8", "PWD_P67": "3421.3", "PWD_P68": "3620.9", "PWD_P69": "3828.6", "PWD_P70": "4058.0", "PWD_P71": "4280.2", "PWD_P72": "4476.1", "PWD_P73": "4636.7", "PWD_P74": "4817.4", "PWD_P75": "4999.1", "PWD_P76": "5199.4", "PWD_P77": "5430.9", "PWD_P78": "5695.3", "PWD_P79": "6045.0", "PWD_P80": "6360.2", "PWD_P81": "6633.6", "PWD_P82": "6935.9", "PWD_P83": "7196.9", "PWD_P84": "7424.3", "PWD_P85": "7929.2", "PWD_P86": "8974.5", "PWD_P87": "10010.3", "PWD_P88": "10750.2", "PWD_P89": "11390.5", "PWD_P90": "11984.5", "PWD_P91": "12585.7", "PWD_P92": "13153.6", "PWD_P93": "13659.0", "PWD_P94": "13904.3", "PWD_P95": "14179.7", "PWD_P96": "14494.5", "PWD_P97": "14774.3", "PWD_P98": "15030.9", "PWD_P99": "15414.8", "PWD_P100": "17304.7" }, "geometry": { "type": "Point", "coordinates": [ 19.886039733886719, 41.183055877685547 ] } },
{ "type": "Feature", "id": 13, "properties": { "lon": 3.5508, "lat": 35.5802, "year": "2010", "ISO": "DZA", "ISO_No": "12", "Name": "Algeria", "PWC_Lat": "35.5802", "PWC_Lon": "3.5508", "Pop": "35977450", "Density": "15.6", "Area": "2310253.3", "PWD_A": "3033.0", "PWD_G": "710.3", "PWD_M": "817.3", "PWD_P1": "1.5", "PWD_P2": "4.6", "PWD_P3": "8.6", "PWD_P4": "13.7", "PWD_P5": "19.2", "PWD_P6": "25.5", "PWD_P7": "32.9", "PWD_P8": "40.6", "PWD_P9": "48.2", "PWD_P10": "55.7", "PWD_P11": "63.1", "PWD_P12": "70.3", "PWD_P13": "77.8", "PWD_P14": "85.4", "PWD_P15": "93.1", "PWD_P16": "101.0", "PWD_P17": "109.2", "PWD_P18": "117.7", "PWD_P19": "126.5", "PWD_P20": "135.9", "PWD_P21": "145.6", "PWD_P22": "155.9", "PWD_P23": "166.6", "PWD_P24": "177.6", "PWD_P25": "189.2", "PWD_P26": "201.3", "PWD_P27": "214.1", "PWD_P28": "227.7", "PWD_P29": "241.6", "PWD_P30": "256.1", "PWD_P31": "271.4", "PWD_P32": "287.6", "PWD_P33": "304.7", "PWD_P34": "322.7", "PWD_P35": "341.5", "PWD_P36": "361.2", "PWD_P37": "382.1", "PWD_P38": "404.5", "PWD_P39": "428.4", "PWD_P40": "453.8", "PWD_P41": "480.5", "PWD_P42": "508.8", "PWD_P43": "539.0", "PWD_P44": "571.5", "PWD_P45": "606.0", "PWD_P46": "642.6", "PWD_P47": "681.8", "PWD_P48": "724.0", "PWD_P49": "768.9", "PWD_P50": "817.3", "PWD_P51": "868.6", "PWD_P52": "922.5", "PWD_P53": "980.2", "PWD_P54": "1041.6", "PWD_P55": "1106.9", "PWD_P56": "1176.5", "PWD_P57": "1249.8", "PWD_P58": "1327.9", "PWD_P59": "1411.0", "PWD_P60": "1498.9", "PWD_P61": "1592.3", "PWD_P62": "1691.0", "PWD_P63": "1794.9", "PWD_P64": "1903.9", "PWD_P65": "2020.6", "PWD_P66": "2143.4", "PWD_P67": "2275.9", "PWD_P68": "2418.7", "PWD_P69": "2570.2", "PWD_P70": "2729.7", "PWD_P71": "2900.0", "PWD_P72": "3083.3", "PWD_P73": "3278.8", "PWD_P74": "3484.0", "PWD_P75": "3703.0", "PWD_P76": "3933.4", "PWD_P77": "4176.9", "PWD_P78": "4434.4", "PWD_P79": "4703.5", "PWD_P80": "4979.4", "PWD_P81": "5269.7", "PWD_P82": "5579.3", "PWD_P83": "5903.5", "PWD_P84": "6244.4", "PWD_P85": "6600.9", "PWD_P86": "6983.3", "PWD_P87": "7373.4", "PWD_P88": "7804.7", "PWD_P89": "8260.5", "PWD_P90": "8754.6", "PWD_P91": "9279.1", "PWD_P92": "9872.4", "PWD_P93": "10509.1", "PWD_P94": "11328.0", "PWD_P95": "12402.3", "PWD_P96": "13862.6", "PWD_P97": "15844.1", "PWD_P98": "19020.3", "PWD_P99": "24340.2", "PWD_P100": "71999.5" }, "geometry": { "type": "Point", "coordinates": [ 3.5508, 35.5802 ] } },
{ "type": "Feature", "id": 14, "properties": { "lon": -170.69712829589844, "lat": -14.308012962341309, "year": "2010", "ISO": "ASM", "ISO_No": "16", "Name": "American Samoa", "PWC_Lat": "-14.3080129623413", "PWC_Lon": "-170.697128295898", "Pop": "56083", "Density": "235.9", "Area": "237.8", "PWD_A": "785.6", "PWD_G": "555.6", "PWD_M": "692.1", "PWD_P1": "20.2", "PWD_P2": "37.9", "PWD_P3": "56.0", "PWD_P4": "71.2", "PWD_P5": "83.7", "PWD_P6": "95.9", "PWD_P7": "112.2", "PWD_P8": "124.7", "PWD_P9": "136.3", "PWD_P10": "146.7", "PWD_P11": "159.6", "PWD_P12": "174.8", "PWD_P13": "190.2", "PWD_P14": "204.3", "PWD_P15": "216.7", "PWD_P16": "227.4", "PWD_P17": "241.5", "PWD_P18": "256.8", "PWD_P19": "272.0", "PWD_P20": "285.6", "PWD_P21": "299.9", "PWD_P22": "311.9", "PWD_P23": "327.5", "PWD_P24": "345.3", "PWD_P25": "362.1", "PWD_P26": "382.8", "PWD_P27": "401.7", "PWD_P28": "419.6", "PWD_P29": "437.4", "PWD_P30": "454.2", "PWD_P31": "466.2", "PWD_P32": "478.5", "PWD_P33": "489.8", "PWD_P34": "501.3", "PWD_P35": "512.1", "PWD_P36": "523.9", "PWD_P37": "535.8", "PWD_P38": "546.3", "PWD_P39": "560.3", "PWD_P40": "574.2", "PWD_P41": "586.2", "PWD_P42": "597.5", "PWD_P43": "608.1", "PWD_P44": "621.9", "PWD_P45": "632.5", "PWD_P46": "645.2", "PWD_P47": "657.4", "PWD_P48": "669.0", "PWD_P49": "677.9", "PWD_P50": "692.1", "PWD_P51": "703.6", "PWD_P52": "714.2", "PWD_P53": "725.4", "PWD_P54": "734.2", "PWD_P55": "743.9", "PWD_P56": "754.0", "PWD_P57": "764.5", "PWD_P58": "776.0", "PWD_P59": "787.4", "PWD_P60": "797.6", "PWD_P61": "810.6", "PWD_P62": "825.9", "PWD_P63": "836.4", "PWD_P64": "849.8", "PWD_P65": "866.4", "PWD_P66": "880.8", "PWD_P67": "895.8", "PWD_P68": "910.2", "PWD_P69": "928.5", "PWD_P70": "949.0", "PWD_P71": "969.0", "PWD_P72": "989.0", "PWD_P73": "1011.3", "PWD_P74": "1030.4", "PWD_P75": "1053.1", "PWD_P76": "1073.1", "PWD_P77": "1090.4", "PWD_P78": "1112.2", "PWD_P79": "1144.0", "PWD_P80": "1170.7", "PWD_P81": "1198.8", "PWD_P82": "1222.3", "PWD_P83": "1259.6", "PWD_P84": "1298.1", "PWD_P85": "1328.4", "PWD_P86": "1362.4", "PWD_P87": "1385.8", "PWD_P88": "1401.3", "PWD_P89": "1422.5", "PWD_P90": "1448.6", "PWD_P91": "1468.6", "PWD_P92": "1502.4", "PWD_P93": "1537.0", "PWD_P94": "1584.7", "PWD_P95": "1663.5", "PWD_P96": "1762.2", "PWD_P97": "2667.8", "PWD_P98": "2901.4", "PWD_P99": "3087.9", "PWD_P100": "3765.0" }, "geometry": { "type": "Point", "coordinates": [ -170.697128295898438, -14.308012962341309 ] } },
{ "type": "Feature", "id": 15, "properties": { "lon": 1.5448933839797974, "lat": 42.517242431640625, "year": "2010", "ISO": "AND", "ISO_No": "20", "Name": "Andorra", "PWC_Lat": "42.5172424316406", "PWC_Lon": "1.5448933839798", "Pop": "84453", "Density": "187.2", "Area": "451.2", "PWD_A": "3141.6", "PWD_G": "995.5", "PWD_M": "1159.6", "PWD_P1": "13.6", "PWD_P2": "20.3", "PWD_P3": "27.4", "PWD_P4": "37.7", "PWD_P5": "46.3", "PWD_P6": "57.8", "PWD_P7": "72.4", "PWD_P8": "84.2", "PWD_P9": "94.3", "PWD_P10": "101.8", "PWD_P11": "110.3", "PWD_P12": "119.7", "PWD_P13": "127.2", "PWD_P14": "134.0", "PWD_P15": "140.8", "PWD_P16": "148.8", "PWD_P17": "156.9", "PWD_P18": "164.4", "PWD_P19": "172.4", "PWD_P20": "182.4", "PWD_P21": "195.3", "PWD_P22": "217.5", "PWD_P23": "237.9", "PWD_P24": "247.7", "PWD_P25": "259.7", "PWD_P26": "277.2", "PWD_P27": "294.1", "PWD_P28": "309.7", "PWD_P29": "327.9", "PWD_P30": "346.4", "PWD_P31": "371.6", "PWD_P32": "398.8", "PWD_P33": "421.7", "PWD_P34": "453.6", "PWD_P35": "491.1", "PWD_P36": "519.5", "PWD_P37": "547.2", "PWD_P38": "573.9", "PWD_P39": "612.8", "PWD_P40": "645.5", "PWD_P41": "678.1", "PWD_P42": "714.1", "PWD_P43": "757.3", "PWD_P44": "805.0", "PWD_P45": "865.0", "PWD_P46": "931.7", "PWD_P47": "995.1", "PWD_P48": "1054.0", "PWD_P49": "1105.9", "PWD_P50": "1159.6", "PWD_P51": "1208.4", "PWD_P52": "1270.7", "PWD_P53": "1322.8", "PWD_P54": "1379.9", "PWD_P55": "1458.1", "PWD_P56": "1566.8", "PWD_P57": "1705.7", "PWD_P58": "1820.8", "PWD_P59": "1920.1", "PWD_P60": "2013.5", "PWD_P61": "2121.6", "PWD_P62": "2233.7", "PWD_P63": "2346.0", "PWD_P64": "2457.6", "PWD_P65": "2543.4", "PWD_P66": "2676.9", "PWD_P67": "2856.2", "PWD_P68": "3021.0", "PWD_P69": "3178.7", "PWD_P70": "3310.3", "PWD_P71": "3525.3", "PWD_P72": "3670.2", "PWD_P73": "3814.7", "PWD_P74": "3926.6", "PWD_P75": "4087.3", "PWD_P76": "4270.9", "PWD_P77": "4547.7", "PWD_P78": "4765.6", "PWD_P79": "5100.0", "PWD_P80": "5542.8", "PWD_P81": "6122.4", "PWD_P82": "6475.1", "PWD_P83": "6848.9", "PWD_P84": "7445.3", "PWD_P85": "7808.8", "PWD_P86": "8354.4", "PWD_P87": "8698.3", "PWD_P88": "9155.8", "PWD_P89": "9309.3", "PWD_P90": "9696.3", "PWD_P91": "9866.8", "PWD_P92": "10168.7", "PWD_P93": "10414.7", "PWD_P94": "10560.1", "PWD_P95": "10774.1", "PWD_P96": "10993.2", "PWD_P97": "16214.2", "PWD_P98": "18980.2", "PWD_P99": "21020.7", "PWD_P100": "22362.1" }, "geometry": { "type": "Point", "coordinates": [ 1.544893383979797, 42.517242431640625 ] } },
{ "type": "Feature", "id": 16, "properties": { "lon": 15.247, "lat": -10.9947, "year": "2010", "ISO": "AGO", "ISO_No": "24", "Name": "Angola", "PWC_Lat": "-10.9947", "PWC_Lon": "15.247", "Pop": "23356246", "Density": "18.7", "Area": "1249772.4", "PWD_A": "1507.7", "PWD_G": "159.8", "PWD_M": "98.5", "PWD_P1": "1.4", "PWD_P2": "2.2", "PWD_P3": "3.1", "PWD_P4": "3.8", "PWD_P5": "4.6", "PWD_P6": "5.3", "PWD_P7": "6.1", "PWD_P8": "7.0", "PWD_P9": "7.9", "PWD_P10": "8.8", "PWD_P11": "9.7", "PWD_P12": "10.7", "PWD_P13": "11.7", "PWD_P14": "12.7", "PWD_P15": "13.7", "PWD_P16": "14.7", "PWD_P17": "15.7", "PWD_P18": "16.8", "PWD_P19": "18.1", "PWD_P20": "19.3", "PWD_P21": "20.6", "PWD_P22": "22.0", "PWD_P23": "23.4", "PWD_P24": "24.7", "PWD_P25": "26.1", "PWD_P26": "27.5", "PWD_P27": "28.8", "PWD_P28": "30.2", "PWD_P29": "31.7", "PWD_P30": "33.1", "PWD_P31": "34.6", "PWD_P32": "36.1", "PWD_P33": "37.7", "PWD_P34": "39.4", "PWD_P35": "41.1", "PWD_P36": "43.0", "PWD_P37": "44.8", "PWD_P38": "46.9", "PWD_P39": "49.0", "PWD_P40": "51.3", "PWD_P41": "53.8", "PWD_P42": "56.6", "PWD_P43": "59.7", "PWD_P44": "63.3", "PWD_P45": "67.1", "PWD_P46": "71.6", "PWD_P47": "77.0", "PWD_P48": "82.9", "PWD_P49": "90.3", "PWD_P50": "98.5", "PWD_P51": "107.2", "PWD_P52": "117.3", "PWD_P53": "130.1", "PWD_P54": "147.2", "PWD_P55": "165.8", "PWD_P56": "185.6", "PWD_P57": "208.6", "PWD_P58": "236.7", "PWD_P59": "269.8", "PWD_P60": "308.5", "PWD_P61": "354.9", "PWD_P62": "403.9", "PWD_P63": "457.7", "PWD_P64": "510.9", "PWD_P65": "571.0", "PWD_P66": "634.3", "PWD_P67": "698.6", "PWD_P68": "765.7", "PWD_P69": "834.2", "PWD_P70": "900.7", "PWD_P71": "968.7", "PWD_P72": "1040.8", "PWD_P73": "1119.3", "PWD_P74": "1206.7", "PWD_P75": "1299.8", "PWD_P76": "1401.9", "PWD_P77": "1513.5", "PWD_P78": "1621.6", "PWD_P79": "1729.7", "PWD_P80": "1838.9", "PWD_P81": "1959.4", "PWD_P82": "2088.7", "PWD_P83": "2253.9", "PWD_P84": "2442.5", "PWD_P85": "2627.0", "PWD_P86": "2809.7", "PWD_P87": "3037.8", "PWD_P88": "3333.0", "PWD_P89": "3566.4", "PWD_P90": "3871.9", "PWD_P91": "4602.2", "PWD_P92": "5716.3", "PWD_P93": "6668.7", "PWD_P94": "9104.9", "PWD_P95": "10361.7", "PWD_P96": "11147.7", "PWD_P97": "12367.8", "PWD_P98": "13893.4", "PWD_P99": "16508.9", "PWD_P100": "19316.8" }, "geometry": { "type": "Point", "coordinates": [ 15.247, -10.9947 ] } },
{ "type": "Feature", "id": 17, "properties": { "lon": -61.820247650146484, "lat": 17.113010406494141, "year": "2010", "ISO": "ATG", "ISO_No": "28", "Name": "Antigua and Barbuda", "PWC_Lat": "17.1130104064941", "PWC_Lon": "-61.8202476501465", "Pop": "88029", "Density": "196.0", "Area": "449.2", "PWD_A": "1051.3", "PWD_G": "542.4", "PWD_M": "493.6", "PWD_P1": "19.5", "PWD_P2": "36.7", "PWD_P3": "47.1", "PWD_P4": "56.4", "PWD_P5": "65.3", "PWD_P6": "73.0", "PWD_P7": "80.8", "PWD_P8": "88.6", "PWD_P9": "96.0", "PWD_P10": "106.3", "PWD_P11": "116.5", "PWD_P12": "126.0", "PWD_P13": "136.9", "PWD_P14": "147.7", "PWD_P15": "158.0", "PWD_P16": "168.7", "PWD_P17": "180.1", "PWD_P18": "192.1", "PWD_P19": "203.3", "PWD_P20": "215.3", "PWD_P21": "227.6", "PWD_P22": "238.4", "PWD_P23": "248.2", "PWD_P24": "256.8", "PWD_P25": "265.3", "PWD_P26": "275.0", "PWD_P27": "284.5", "PWD_P28": "293.8", "PWD_P29": "302.4", "PWD_P30": "311.0", "PWD_P31": "318.7", "PWD_P32": "327.8", "PWD_P33": "336.8", "PWD_P34": "345.3", "PWD_P35": "353.0", "PWD_P36": "360.6", "PWD_P37": "368.7", "PWD_P38": "377.7", "PWD_P39": "386.0", "PWD_P40": "394.4", "PWD_P41": "403.1", "PWD_P42": "412.4", "PWD_P43": "423.0", "PWD_P44": "431.7", "PWD_P45": "440.9", "PWD_P46": "450.8", "PWD_P47": "461.5", "PWD_P48": "470.8", "PWD_P49": "481.9", "PWD_P50": "493.6", "PWD_P51": "507.0", "PWD_P52": "520.5", "PWD_P53": "534.0", "PWD_P54": "548.5", "PWD_P55": "563.9", "PWD_P56": "580.7", "PWD_P57": "598.7", "PWD_P58": "618.1", "PWD_P59": "637.5", "PWD_P60": "657.5", "PWD_P61": "678.4", "PWD_P62": "696.1", "PWD_P63": "715.5", "PWD_P64": "737.6", "PWD_P65": "760.9", "PWD_P66": "785.0", "PWD_P67": "815.2", "PWD_P68": "848.8", "PWD_P69": "884.5", "PWD_P70": "917.5", "PWD_P71": "950.1", "PWD_P72": "983.3", "PWD_P73": "1007.0", "PWD_P74": "1711.2", "PWD_P75": "2228.0", "PWD_P76": "2399.0", "PWD_P77": "2517.5", "PWD_P78": "2599.1", "PWD_P79": "2664.9", "PWD_P80": "2708.2", "PWD_P81": "2762.3", "PWD_P82": "2806.0", "PWD_P83": "2844.8", "PWD_P84": "2876.2", "PWD_P85": "2907.4", "PWD_P86": "2930.6", "PWD_P87": "2956.6", "PWD_P88": "2980.2", "PWD_P89": "3002.1", "PWD_P90": "3021.6", "PWD_P91": "3044.1", "PWD_P92": "3062.3", "PWD_P93": "3076.9", "PWD_P94": "3093.6", "PWD_P95": "3107.1", "PWD_P96": "3129.1", "PWD_P97": "3152.7", "PWD_P98": "3176.1", "PWD_P99": "3204.9", "PWD_P100": "3271.3" }, "geometry": { "type": "Point", "coordinates": [ -61.820247650146484, 17.113010406494141 ] } },
{ "type": "Feature", "id": 18, "properties": { "lon": 48.086479187011719, "lat": 40.275596618652344, "year": "2010", "ISO": "AZE", "ISO_No": "31", "Name": "Azerbaijan", "PWC_Lat": "40.2755966186523", "PWC_Lon": "48.0864791870117", "Pop": "9032465", "Density": "106.4", "Area": "84892.1", "PWD_A": "2289.5", "PWD_G": "477.5", "PWD_M": "404.5", "PWD_P1": "12.2", "PWD_P2": "15.4", "PWD_P3": "17.9", "PWD_P4": "20.2", "PWD_P5": "22.4", "PWD_P6": "24.7", "PWD_P7": "27.2", "PWD_P8": "29.9", "PWD_P9": "32.6", "PWD_P10": "35.4", "PWD_P11": "38.5", "PWD_P12": "41.8", "PWD_P13": "45.3", "PWD_P14": "49.2", "PWD_P15": "53.3", "PWD_P16": "57.6", "PWD_P17": "62.4", "PWD_P18": "67.2", "PWD_P19": "72.5", "PWD_P20": "77.8", "PWD_P21": "83.5", "PWD_P22": "89.4", "PWD_P23": "95.7", "PWD_P24": "102.2", "PWD_P25": "108.8", "PWD_P26": "115.5", "PWD_P27": "122.5", "PWD_P28": "129.8", "PWD_P29": "137.2", "PWD_P30": "144.8", "PWD_P31": "152.8", "PWD_P32": "161.5", "PWD_P33": "170.4", "PWD_P34": "179.2", "PWD_P35": "188.5", "PWD_P36": "198.3", "PWD_P37": "208.5", "PWD_P38": "218.8", "PWD_P39": "229.6", "PWD_P40": "241.2", "PWD_P41": "253.6", "PWD_P42": "266.6", "PWD_P43": "280.6", "PWD_P44": "295.2", "PWD_P45": "310.7", "PWD_P46": "327.2", "PWD_P47": "344.5", "PWD_P48": "363.4", "PWD_P49": "383.1", "PWD_P50": "404.5", "PWD_P51": "427.8", "PWD_P52": "451.8", "PWD_P53": "476.2", "PWD_P54": "501.6", "PWD_P55": "527.8", "PWD_P56": "555.1", "PWD_P57": "584.0", "PWD_P58": "615.3", "PWD_P59": "649.0", "PWD_P60": "684.3", "PWD_P61": "724.1", "PWD_P62": "767.8", "PWD_P63": "815.1", "PWD_P64": "871.2", "PWD_P65": "931.1", "PWD_P66": "996.2", "PWD_P67": "1069.6", "PWD_P68": "1160.1", "PWD_P69": "1273.4", "PWD_P70": "1403.3", "PWD_P71": "1565.1", "PWD_P72": "1798.4", "PWD_P73": "2141.1", "PWD_P74": "2550.4", "PWD_P75": "2941.3", "PWD_P76": "3268.3", "PWD_P77": "3574.5", "PWD_P78": "3832.3", "PWD_P79": "4093.1", "PWD_P80": "4362.0", "PWD_P81": "4655.9", "PWD_P82": "4939.7", "PWD_P83": "5279.2", "PWD_P84": "5657.5", "PWD_P85": "6032.0", "PWD_P86": "6404.9", "PWD_P87": "6754.6", "PWD_P88": "7053.9", "PWD_P89": "7343.4", "PWD_P90": "7633.8", "PWD_P91": "7955.0", "PWD_P92": "8291.6", "PWD_P93": "8705.4", "PWD_P94": "9199.9", "PWD_P95": "9719.5", "PWD_P96": "10490.0", "PWD_P97": "11832.3", "PWD_P98": "16837.9", "PWD_P99": "20239.1", "PWD_P100": "25377.7" }, "geometry": { "type": "Point", "coordinates": [ 48.086479187011719, 40.275596618652344 ] } },
{ "type": "Feature", "id": 19, "properties": { "lon": -61.2858, "lat": -32.9175, "year": "2010", "ISO": "ARG", "ISO_No": "32", "Name": "Argentina", "PWC_Lat": "-32.9175", "PWC_Lon": "-61.2858", "Pop": "40895750", "Density": "14.9", "Area": "2745814.8", "PWD_A": "3817.1", "PWD_G": "1010.5", "PWD_M": "1740.2", "PWD_P1": "0.7", "PWD_P2": "1.5", "PWD_P3": "3.5", "PWD_P4": "11.7", "PWD_P5": "17.8", "PWD_P6": "22.6", "PWD_P7": "27.3", "PWD_P8": "31.8", "PWD_P9": "36.8", "PWD_P10": "42.3", "PWD_P11": "48.4", "PWD_P12": "55.4", "PWD_P13": "63.6", "PWD_P14": "73.1", "PWD_P15": "84.6", "PWD_P16": "98.4", "PWD_P17": "114.4", "PWD_P18": "132.9", "PWD_P19": "153.6", "PWD_P20": "176.3", "PWD_P21": "201.2", "PWD_P22": "227.6", "PWD_P23": "255.4", "PWD_P24": "285.5", "PWD_P25": "317.3", "PWD_P26": "351.3", "PWD_P27": "387.0", "PWD_P28": "424.5", "PWD_P29": "463.2", "PWD_P30": "503.9", "PWD_P31": "545.7", "PWD_P32": "589.4", "PWD_P33": "634.6", "PWD_P34": "681.1", "PWD_P35": "729.7", "PWD_P36": "780.4", "PWD_P37": "832.9", "PWD_P38": "887.2", "PWD_P39": "943.4", "PWD_P40": "1001.6", "PWD_P41": "1063.0", "PWD_P42": "1127.9", "PWD_P43": "1195.1", "PWD_P44": "1264.5", "PWD_P45": "1337.1", "PWD_P46": "1412.6", "PWD_P47": "1489.7", "PWD_P48": "1569.7", "PWD_P49": "1653.0", "PWD_P50": "1740.2", "PWD_P51": "1830.2", "PWD_P52": "1925.2", "PWD_P53": "2024.7", "PWD_P54": "2129.2", "PWD_P55": "2238.8", "PWD_P56": "2353.3", "PWD_P57": "2473.2", "PWD_P58": "2600.3", "PWD_P59": "2736.5", "PWD_P60": "2875.0", "PWD_P61": "3017.2", "PWD_P62": "3164.8", "PWD_P63": "3311.8", "PWD_P64": "3461.9", "PWD_P65": "3615.0", "PWD_P66": "3769.3", "PWD_P67": "3926.7", "PWD_P68": "4089.9", "PWD_P69": "4261.7", "PWD_P70": "4440.4", "PWD_P71": "4623.4", "PWD_P72": "4809.4", "PWD_P73": "4994.2", "PWD_P74": "5182.2", "PWD_P75": "5379.5", "PWD_P76": "5589.7", "PWD_P77": "5814.7", "PWD_P78": "6062.5", "PWD_P79": "6318.4", "PWD_P80": "6578.4", "PWD_P81": "6848.2", "PWD_P82": "7106.2", "PWD_P83": "7373.9", "PWD_P84": "7648.9", "PWD_P85": "7936.8", "PWD_P86": "8247.1", "PWD_P87": "8577.4", "PWD_P88": "8925.2", "PWD_P89": "9302.1", "PWD_P90": "9750.5", "PWD_P91": "10365.5", "PWD_P92": "11200.2", "PWD_P93": "12047.6", "PWD_P94": "12977.7", "PWD_P95": "14056.5", "PWD_P96": "15345.9", "PWD_P97": "17285.3", "PWD_P98": "20381.7", "PWD_P99": "27760.0", "PWD_P100": "38738.3" }, "geometry": { "type": "Point", "coordinates": [ -61.2858, -32.9175 ] } },
{ "type": "Feature", "id": 20, "properties": { "lon": 14.679537773132324, "lat": 47.7762451171875, "year": "2010", "ISO": "AUT", "ISO_No": "40", "Name": "Austria", "PWC_Lat": "47.7762451171875", "PWC_Lon": "14.6795377731323", "Pop": "8409945", "Density": "101.3", "Area": "82998.5", "PWD_A": "1841.1", "PWD_G": "549.7", "PWD_M": "638.5", "PWD_P1": "8.0", "PWD_P2": "13.5", "PWD_P3": "17.5", "PWD_P4": "20.9", "PWD_P5": "24.3", "PWD_P6": "27.6", "PWD_P7": "31.0", "PWD_P8": "34.4", "PWD_P9": "37.9", "PWD_P10": "41.5", "PWD_P11": "45.4", "PWD_P12": "49.5", "PWD_P13": "53.9", "PWD_P14": "58.5", "PWD_P15": "63.5", "PWD_P16": "68.7", "PWD_P17": "74.3", "PWD_P18": "80.2", "PWD_P19": "86.5", "PWD_P20": "93.1", "PWD_P21": "100.1", "PWD_P22": "107.4", "PWD_P23": "115.2", "PWD_P24": "123.4", "PWD_P25": "132.2", "PWD_P26": "141.5", "PWD_P27": "151.2", "PWD_P28": "161.8", "PWD_P29": "172.9", "PWD_P30": "184.6", "PWD_P31": "197.1", "PWD_P32": "210.4", "PWD_P33": "224.6", "PWD_P34": "239.7", "PWD_P35": "256.0", "PWD_P36": "273.3", "PWD_P37": "291.7", "PWD_P38": "311.5", "PWD_P39": "332.5", "PWD_P40": "354.6", "PWD_P41": "378.1", "PWD_P42": "402.5", "PWD_P43": "428.1", "PWD_P44": "454.8", "PWD_P45": "482.7", "PWD_P46": "511.5", "PWD_P47": "541.3", "PWD_P48": "572.4", "PWD_P49": "604.6", "PWD_P50": "638.5", "PWD_P51": "672.8", "PWD_P52": "709.7", "PWD_P53": "747.4", "PWD_P54": "788.0", "PWD_P55": "833.3", "PWD_P56": "882.2", "PWD_P57": "934.5", "PWD_P58": "986.8", "PWD_P59": "1036.8", "PWD_P60": "1089.0", "PWD_P61": "1145.3", "PWD_P62": "1212.6", "PWD_P63": "1281.6", "PWD_P64": "1358.4", "PWD_P65": "1444.2", "PWD_P66": "1531.7", "PWD_P67": "1626.8", "PWD_P68": "1728.0", "PWD_P69": "1846.7", "PWD_P70": "1975.7", "PWD_P71": "2121.8", "PWD_P72": "2266.1", "PWD_P73": "2403.7", "PWD_P74": "2537.0", "PWD_P75": "2767.2", "PWD_P76": "2992.8", "PWD_P77": "3316.8", "PWD_P78": "3554.6", "PWD_P79": "3681.4", "PWD_P80": "3792.1", "PWD_P81": "3907.6", "PWD_P82": "4147.1", "PWD_P83": "4405.7", "PWD_P84": "4754.8", "PWD_P85": "5023.7", "PWD_P86": "5296.0", "PWD_P87": "5910.7", "PWD_P88": "6323.1", "PWD_P89": "6518.5", "PWD_P90": "6668.8", "PWD_P91": "6788.1", "PWD_P92": "6877.3", "PWD_P93": "6963.2", "PWD_P94": "7043.6", "PWD_P95": "7118.6", "PWD_P96": "7184.0", "PWD_P97": "7254.7", "PWD_P98": "7334.2", "PWD_P99": "7447.8", "PWD_P100": "8300.5" }, "geometry": { "type": "Point", "coordinates": [ 14.679537773132324, 47.7762451171875 ] } },
{ "type": "Feature", "id": 21, "properties": { "lon": -77.463531494140625, "lat": 25.265256881713867, "year": "2010", "ISO": "BHS", "ISO_No": "44", "Name": "Bahamas", "PWC_Lat": "25.2652568817139", "PWC_Lon": "-77.4635314941406", "Pop": "354935", "Density": "26.6", "Area": "13324.4", "PWD_A": "1009.2", "PWD_G": "475.3", "PWD_M": "1181.4", "PWD_P1": "0.9", "PWD_P2": "2.2", "PWD_P3": "3.4", "PWD_P4": "4.5", "PWD_P5": "6.1", "PWD_P6": "8.1", "PWD_P7": "10.6", "PWD_P8": "13.0", "PWD_P9": "15.9", "PWD_P10": "19.5", "PWD_P11": "23.8", "PWD_P12": "29.7", "PWD_P13": "37.3", "PWD_P14": "48.1", "PWD_P15": "61.7", "PWD_P16": "82.2", "PWD_P17": "117.1", "PWD_P18": "149.1", "PWD_P19": "173.6", "PWD_P20": "194.4", "PWD_P21": "212.7", "PWD_P22": "230.9", "PWD_P23": "247.5", "PWD_P24": "264.5", "PWD_P25": "282.1", "PWD_P26": "302.0", "PWD_P27": "323.7", "PWD_P28": "346.2", "PWD_P29": "366.5", "PWD_P30": "386.9", "PWD_P31": "409.3", "PWD_P32": "440.5", "PWD_P33": "498.8", "PWD_P34": "567.4", "PWD_P35": "638.0", "PWD_P36": "694.1", "PWD_P37": "746.9", "PWD_P38": "802.4", "PWD_P39": "854.6", "PWD_P40": "898.3", "PWD_P41": "937.8", "PWD_P42": "974.5", "PWD_P43": "1009.2", "PWD_P44": "1039.5", "PWD_P45": "1067.3", "PWD_P46": "1094.7", "PWD_P47": "1120.1", "PWD_P48": "1142.6", "PWD_P49": "1162.7", "PWD_P50": "1181.4", "PWD_P51": "1200.6", "PWD_P52": "1217.0", "PWD_P53": "1234.6", "PWD_P54": "1253.5", "PWD_P55": "1271.8", "PWD_P56": "1289.9", "PWD_P57": "1307.0", "PWD_P58": "1323.7", "PWD_P59": "1342.2", "PWD_P60": "1359.1", "PWD_P61": "1377.0", "PWD_P62": "1392.7", "PWD_P63": "1409.5", "PWD_P64": "1426.3", "PWD_P65": "1440.3", "PWD_P66": "1454.8", "PWD_P67": "1470.0", "PWD_P68": "1486.0", "PWD_P69": "1501.5", "PWD_P70": "1519.0", "PWD_P71": "1534.1", "PWD_P72": "1548.6", "PWD_P73": "1561.3", "PWD_P74": "1575.7", "PWD_P75": "1590.4", "PWD_P76": "1603.7", "PWD_P77": "1619.3", "PWD_P78": "1633.8", "PWD_P79": "1648.5", "PWD_P80": "1663.9", "PWD_P81": "1677.7", "PWD_P82": "1691.3", "PWD_P83": "1704.0", "PWD_P84": "1716.7", "PWD_P85": "1731.5", "PWD_P86": "1748.8", "PWD_P87": "1768.6", "PWD_P88": "1792.0", "PWD_P89": "1817.2", "PWD_P90": "1845.5", "PWD_P91": "1877.2", "PWD_P92": "1907.8", "PWD_P93": "1938.1", "PWD_P94": "1969.9", "PWD_P95": "1998.5", "PWD_P96": "2018.6", "PWD_P97": "2032.1", "PWD_P98": "2049.4", "PWD_P99": "2070.2", "PWD_P100": "2145.5" }, "geometry": { "type": "Point", "coordinates": [ -77.463531494140625, 25.265256881713867 ] } },
{ "type": "Feature", "id": 22, "properties": { "lon": 50.562961578369141, "lat": 26.180299758911133, "year": "2010", "ISO": "BHR", "ISO_No": "48", "Name": "Bahrain", "PWC_Lat": "26.1802997589111", "PWC_Lon": "50.5629615783691", "Pop": "1240863", "Density": "1809.3", "Area": "685.8", "PWD_A": "9338.8", "PWD_G": "5379.1", "PWD_M": "6876.1", "PWD_P1": "137.0", "PWD_P2": "217.2", "PWD_P3": "283.3", "PWD_P4": "337.3", "PWD_P5": "402.6", "PWD_P6": "484.5", "PWD_P7": "563.9", "PWD_P8": "660.1", "PWD_P9": "768.3", "PWD_P10": "899.1", "PWD_P11": "1019.2", "PWD_P12": "1128.6", "PWD_P13": "1234.7", "PWD_P14": "1331.3", "PWD_P15": "1452.6", "PWD_P16": "1574.4", "PWD_P17": "1688.3", "PWD_P18": "1804.6", "PWD_P19": "1921.6", "PWD_P20": "2052.3", "PWD_P21": "2178.7", "PWD_P22": "2321.3", "PWD_P23": "2467.0", "PWD_P24": "2615.6", "PWD_P25": "2796.0", "PWD_P26": "2975.4", "PWD_P27": "3125.6", "PWD_P28": "3291.0", "PWD_P29": "3443.9", "PWD_P30": "3600.8", "PWD_P31": "3759.7", "PWD_P32": "3919.5", "PWD_P33": "4091.3", "PWD_P34": "4247.9", "PWD_P35": "4406.8", "PWD_P36": "4582.5", "PWD_P37": "4727.6", "PWD_P38": "4894.3", "PWD_P39": "5038.8", "PWD_P40": "5198.6", "PWD_P41": "5358.3", "PWD_P42": "5502.7", "PWD_P43": "5653.9", "PWD_P44": "5816.1", "PWD_P45": "5992.9", "PWD_P46": "6151.4", "PWD_P47": "6327.4", "PWD_P48": "6512.1", "PWD_P49": "6685.9", "PWD_P50": "6876.1", "PWD_P51": "7081.5", "PWD_P52": "7287.6", "PWD_P53": "7478.6", "PWD_P54": "7705.7", "PWD_P55": "7915.9", "PWD_P56": "8144.6", "PWD_P57": "8405.4", "PWD_P58": "8622.3", "PWD_P59": "8826.1", "PWD_P60": "9026.4", "PWD_P61": "9249.8", "PWD_P62": "9472.4", "PWD_P63": "9736.7", "PWD_P64": "10021.6", "PWD_P65": "10267.2", "PWD_P66": "10550.7", "PWD_P67": "10805.8", "PWD_P68": "11099.3", "PWD_P69": "11412.7", "PWD_P70": "11708.8", "PWD_P71": "12031.5", "PWD_P72": "12356.2", "PWD_P73": "12637.8", "PWD_P74": "12978.1", "PWD_P75": "13332.8", "PWD_P76": "13702.2", "PWD_P77": "14133.3", "PWD_P78": "14573.0", "PWD_P79": "15084.4", "PWD_P80": "15552.8", "PWD_P81": "15922.8", "PWD_P82": "16285.1", "PWD_P83": "16747.2", "PWD_P84": "17252.7", "PWD_P85": "17782.4", "PWD_P86": "18354.2", "PWD_P87": "18925.0", "PWD_P88": "19577.1", "PWD_P89": "20248.6", "PWD_P90": "20971.2", "PWD_P91": "21789.4", "PWD_P92": "22533.3", "PWD_P93": "23646.5", "PWD_P94": "25376.6", "PWD_P95": "26873.4", "PWD_P96": "29243.3", "PWD_P97": "31324.4", "PWD_P98": "34985.6", "PWD_P99": "38613.6", "PWD_P100": "47701.3" }, "geometry": { "type": "Point", "coordinates": [ 50.562961578369141, 26.180299758911133 ] } },
{ "type": "Feature", "id": 23, "properties": { "lon": 90.219718933105469, "lat": 23.932317733764648, "year": "2010", "ISO": "BGD", "ISO_No": "50", "Name": "Bangladesh", "PWC_Lat": "23.9323177337646", "PWC_Lon": "90.2197189331055", "Pop": "147575433", "Density": "1107.1", "Area": "133302.0", "PWD_A": "7184.4", "PWD_G": "1962.1", "PWD_M": "1418.1", "PWD_P1": "259.9", "PWD_P2": "381.7", "PWD_P3": "442.3", "PWD_P4": "477.2", "PWD_P5": "504.9", "PWD_P6": "529.7", "PWD_P7": "552.6", "PWD_P8": "574.5", "PWD_P9": "595.3", "PWD_P10": "615.0", "PWD_P11": "633.8", "PWD_P12": "652.1", "PWD_P13": "670.1", "PWD_P14": "687.8", "PWD_P15": "705.4", "PWD_P16": "722.7", "PWD_P17": "739.7", "PWD_P18": "756.6", "PWD_P19": "773.7", "PWD_P20": "790.8", "PWD_P21": "807.7", "PWD_P22": "824.4", "PWD_P23": "841.3", "PWD_P24": "858.2", "PWD_P25": "875.3", "PWD_P26": "892.5", "PWD_P27": "910.2", "PWD_P28": "928.0", "PWD_P29": "946.1", "PWD_P30": "964.5", "PWD_P31": "983.1", "PWD_P32": "1002.3", "PWD_P33": "1022.0", "PWD_P34": "1042.4", "PWD_P35": "1063.1", "PWD_P36": "1084.2", "PWD_P37": "1105.5", "PWD_P38": "1127.4", "PWD_P39": "1149.9", "PWD_P40": "1172.6", "PWD_P41": "1195.8", "PWD_P42": "1219.1", "PWD_P43": "1242.6", "PWD_P44": "1266.3", "PWD_P45": "1290.3", "PWD_P46": "1314.9", "PWD_P47": "1340.0", "PWD_P48": "1365.6", "PWD_P49": "1391.7", "PWD_P50": "1418.1", "PWD_P51": "1445.0", "PWD_P52": "1472.9", "PWD_P53": "1501.4", "PWD_P54": "1531.0", "PWD_P55": "1561.8", "PWD_P56": "1594.0", "PWD_P57": "1627.9", "PWD_P58": "1662.9", "PWD_P59": "1699.5", "PWD_P60": "1737.9", "PWD_P61": "1778.0", "PWD_P62": "1820.0", "PWD_P63": "1864.1", "PWD_P64": "1910.9", "PWD_P65": "1960.4", "PWD_P66": "2012.4", "PWD_P67": "2067.7", "PWD_P68": "2126.5", "PWD_P69": "2189.2", "PWD_P70": "2257.3", "PWD_P71": "2331.6", "PWD_P72": "2413.6", "PWD_P73": "2504.8", "PWD_P74": "2606.0", "PWD_P75": "2719.9", "PWD_P76": "2851.7", "PWD_P77": "3006.0", "PWD_P78": "3188.5", "PWD_P79": "3400.1", "PWD_P80": "3652.7", "PWD_P81": "3956.4", "PWD_P82": "4335.2", "PWD_P83": "4790.6", "PWD_P84": "5346.9", "PWD_P85": "6041.7", "PWD_P86": "6914.1", "PWD_P87": "8111.4", "PWD_P88": "9699.3", "PWD_P89": "11867.8", "PWD_P90": "14808.0", "PWD_P91": "18091.4", "PWD_P92": "21975.4", "PWD_P93": "26160.0", "PWD_P94": "31158.6", "PWD_P95": "41127.5", "PWD_P96": "52692.0", "PWD_P97": "67909.9", "PWD_P98": "83736.1", "PWD_P99": "103776.3", "PWD_P100": "254255.6" }, "geometry": { "type": "Point", "coordinates": [ 90.219718933105469, 23.932317733764648 ] } },
{ "type": "Feature", "id": 24, "properties": { "lon": 44.593059539794922, "lat": 40.280673980712891, "year": "2010", "ISO": "ARM", "ISO_No": "51", "Name": "Armenia", "PWC_Lat": "40.2806739807129", "PWC_Lon": "44.5930595397949", "Pop": "2877314", "Density": "101.6", "Area": "28332.4", "PWD_A": "3913.9", "PWD_G": "1378.9", "PWD_M": "2123.4", "PWD_P1": "9.0", "PWD_P2": "14.1", "PWD_P3": "20.0", "PWD_P4": "28.0", "PWD_P5": "37.6", "PWD_P6": "47.2", "PWD_P7": "56.2", "PWD_P8": "65.3", "PWD_P9": "74.5", "PWD_P10": "85.0", "PWD_P11": "96.5", "PWD_P12": "108.9", "PWD_P13": "122.1", "PWD_P14": "137.1", "PWD_P15": "153.5", "PWD_P16": "171.5", "PWD_P17": "191.9", "PWD_P18": "214.3", "PWD_P19": "238.4", "PWD_P20": "264.9", "PWD_P21": "294.2", "PWD_P22": "326.0", "PWD_P23": "359.9", "PWD_P24": "396.3", "PWD_P25": "433.1", "PWD_P26": "469.0", "PWD_P27": "506.8", "PWD_P28": "545.6", "PWD_P29": "585.6", "PWD_P30": "627.1", "PWD_P31": "669.1", "PWD_P32": "712.0", "PWD_P33": "757.3", "PWD_P34": "804.0", "PWD_P35": "852.5", "PWD_P36": "900.9", "PWD_P37": "953.0", "PWD_P38": "1004.7", "PWD_P39": "1061.5", "PWD_P40": "1125.1", "PWD_P41": "1193.0", "PWD_P42": "1270.6", "PWD_P43": "1352.2", "PWD_P44": "1439.7", "PWD_P45": "1536.9", "PWD_P46": "1645.4", "PWD_P47": "1756.2", "PWD_P48": "1874.6", "PWD_P49": "1991.1", "PWD_P50": "2123.4", "PWD_P51": "2254.4", "PWD_P52": "2385.8", "PWD_P53": "2515.8", "PWD_P54": "2663.5", "PWD_P55": "2841.7", "PWD_P56": "3032.9", "PWD_P57": "3225.8", "PWD_P58": "3419.8", "PWD_P59": "3603.5", "PWD_P60": "3796.7", "PWD_P61": "3984.6", "PWD_P62": "4169.3", "PWD_P63": "4357.0", "PWD_P64": "4534.4", "PWD_P65": "4688.5", "PWD_P66": "4823.7", "PWD_P67": "4958.3", "PWD_P68": "5132.5", "PWD_P69": "5305.0", "PWD_P70": "5481.4", "PWD_P71": "5634.3", "PWD_P72": "5794.1", "PWD_P73": "5942.6", "PWD_P74": "6110.8", "PWD_P75": "6301.7", "PWD_P76": "6493.6", "PWD_P77": "6738.0", "PWD_P78": "7013.2", "PWD_P79": "7290.0", "PWD_P80": "7587.3", "PWD_P81": "7907.7", "PWD_P82": "8244.8", "PWD_P83": "8571.7", "PWD_P84": "8868.2", "PWD_P85": "9144.0", "PWD_P86": "9427.3", "PWD_P87": "9722.0", "PWD_P88": "9984.4", "PWD_P89": "10236.3", "PWD_P90": "10538.0", "PWD_P91": "10870.9", "PWD_P92": "11220.3", "PWD_P93": "11654.3", "PWD_P94": "12093.3", "PWD_P95": "12564.5", "PWD_P96": "13137.0", "PWD_P97": "13861.5", "PWD_P98": "14603.9", "PWD_P99": "15607.0", "PWD_P100": "19738.6" }, "geometry": { "type": "Point", "coordinates": [ 44.593059539794922, 40.280673980712891 ] } },
{ "type": "Feature", "id": 25, "properties": { "lon": -59.568889617919922, "lat": 13.13914680480957, "year": "2010", "ISO": "BRB", "ISO_No": "52", "Name": "Barbados", "PWC_Lat": "13.1391468048096", "PWC_Lon": "-59.5688896179199", "Pop": "282130", "Density": "637.7", "Area": "442.4", "PWD_A": "1226.5", "PWD_G": "912.1", "PWD_M": "1014.5", "PWD_P1": "125.8", "PWD_P2": "156.2", "PWD_P3": "181.6", "PWD_P4": "204.4", "PWD_P5": "224.0", "PWD_P6": "242.2", "PWD_P7": "260.2", "PWD_P8": "276.6", "PWD_P9": "290.4", "PWD_P10": "303.3", "PWD_P11": "315.4", "PWD_P12": "327.2", "PWD_P13": "339.4", "PWD_P14": "350.7", "PWD_P15": "361.9", "PWD_P16": "372.6", "PWD_P17": "382.8", "PWD_P18": "393.9", "PWD_P19": "405.7", "PWD_P20": "417.8", "PWD_P21": "431.6", "PWD_P22": "445.4", "PWD_P23": "458.0", "PWD_P24": "470.9", "PWD_P25": "485.3", "PWD_P26": "499.3", "PWD_P27": "511.3", "PWD_P28": "523.8", "PWD_P29": "536.3", "PWD_P30": "551.2", "PWD_P31": "566.3", "PWD_P32": "581.8", "PWD_P33": "599.0", "PWD_P34": "616.3", "PWD_P35": "632.3", "PWD_P36": "650.3", "PWD_P37": "667.0", "PWD_P38": "685.2", "PWD_P39": "704.0", "PWD_P40": "724.1", "PWD_P41": "740.9", "PWD_P42": "761.1", "PWD_P43": "782.4", "PWD_P44": "806.7", "PWD_P45": "834.0", "PWD_P46": "866.9", "PWD_P47": "899.8", "PWD_P48": "937.1", "PWD_P49": "978.8", "PWD_P50": "1014.5", "PWD_P51": "1046.9", "PWD_P52": "1078.2", "PWD_P53": "1106.5", "PWD_P54": "1133.7", "PWD_P55": "1160.7", "PWD_P56": "1182.2", "PWD_P57": "1203.0", "PWD_P58": "1226.1", "PWD_P59": "1248.2", "PWD_P60": "1275.3", "PWD_P61": "1302.0", "PWD_P62": "1329.7", "PWD_P63": "1353.2", "PWD_P64": "1374.1", "PWD_P65": "1395.6", "PWD_P66": "1414.2", "PWD_P67": "1434.3", "PWD_P68": "1461.3", "PWD_P69": "1489.6", "PWD_P70": "1519.3", "PWD_P71": "1551.2", "PWD_P72": "1597.1", "PWD_P73": "1666.7", "PWD_P74": "1764.7", "PWD_P75": "1890.4", "PWD_P76": "2021.9", "PWD_P77": "2127.3", "PWD_P78": "2206.4", "PWD_P79": "2262.5", "PWD_P80": "2316.7", "PWD_P81": "2376.2", "PWD_P82": "2425.0", "PWD_P83": "2467.4", "PWD_P84": "2494.9", "PWD_P85": "2528.0", "PWD_P86": "2555.3", "PWD_P87": "2580.9", "PWD_P88": "2605.9", "PWD_P89": "2625.4", "PWD_P90": "2643.4", "PWD_P91": "2663.0", "PWD_P92": "2684.1", "PWD_P93": "2706.9", "PWD_P94": "2726.6", "PWD_P95": "2746.7", "PWD_P96": "2764.5", "PWD_P97": "2788.7", "PWD_P98": "2830.3", "PWD_P99": "2870.7", "PWD_P100": "3057.3" }, "geometry": { "type": "Point", "coordinates": [ -59.568889617919922, 13.13914680480957 ] } },
{ "type": "Feature", "id": 26, "properties": { "lon": 4.4360189437866211, "lat": 50.843803405761719, "year": "2010", "ISO": "BEL", "ISO_No": "56", "Name": "Belgium", "PWC_Lat": "50.8438034057617", "PWC_Lon": "4.43601894378662", "Pop": "10938735", "Density": "359.3", "Area": "30447.0", "PWD_A": "2558.1", "PWD_G": "964.1", "PWD_M": "897.5", "PWD_P1": "34.0", "PWD_P2": "51.7", "PWD_P3": "66.8", "PWD_P4": "81.1", "PWD_P5": "95.0", "PWD_P6": "108.9", "PWD_P7": "122.5", "PWD_P8": "136.1", "PWD_P9": "149.5", "PWD_P10": "162.8", "PWD_P11": "176.0", "PWD_P12": "189.1", "PWD_P13": "202.3", "PWD_P14": "215.6", "PWD_P15": "228.9", "PWD_P16": "242.2", "PWD_P17": "256.0", "PWD_P18": "270.0", "PWD_P19": "284.2", "PWD_P20": "298.7", "PWD_P21": "313.5", "PWD_P22": "328.7", "PWD_P23": "344.2", "PWD_P24": "360.2", "PWD_P25": "376.3", "PWD_P26": "393.0", "PWD_P27": "410.1", "PWD_P28": "427.7", "PWD_P29": "445.4", "PWD_P30": "463.6", "PWD_P31": "481.9", "PWD_P32": "500.7", "PWD_P33": "519.6", "PWD_P34": "538.7", "PWD_P35": "558.1", "PWD_P36": "577.9", "PWD_P37": "598.0", "PWD_P38": "618.6", "PWD_P39": "639.3", "PWD_P40": "660.6", "PWD_P41": "682.0", "PWD_P42": "703.9", "PWD_P43": "726.2", "PWD_P44": "748.7", "PWD_P45": "772.0", "PWD_P46": "795.8", "PWD_P47": "820.2", "PWD_P48": "845.5", "PWD_P49": "871.3", "PWD_P50": "897.5", "PWD_P51": "925.0", "PWD_P52": "953.1", "PWD_P53": "982.6", "PWD_P54": "1013.3", "PWD_P55": "1045.3", "PWD_P56": "1078.8", "PWD_P57": "1115.1", "PWD_P58": "1152.6", "PWD_P59": "1191.8", "PWD_P60": "1234.4", "PWD_P61": "1279.4", "PWD_P62": "1329.1", "PWD_P63": "1384.5", "PWD_P64": "1444.2", "PWD_P65": "1510.4", "PWD_P66": "1581.4", "PWD_P67": "1657.9", "PWD_P68": "1740.3", "PWD_P69": "1827.0", "PWD_P70": "1922.2", "PWD_P71": "2023.9", "PWD_P72": "2133.5", "PWD_P73": "2253.5", "PWD_P74": "2381.0", "PWD_P75": "2519.1", "PWD_P76": "2667.7", "PWD_P77": "2826.0", "PWD_P78": "2998.5", "PWD_P79": "3182.3", "PWD_P80": "3378.6", "PWD_P81": "3580.5", "PWD_P82": "3791.6", "PWD_P83": "4017.9", "PWD_P84": "4278.2", "PWD_P85": "4556.3", "PWD_P86": "4880.7", "PWD_P87": "5243.1", "PWD_P88": "5675.7", "PWD_P89": "6144.6", "PWD_P90": "6684.0", "PWD_P91": "7300.3", "PWD_P92": "8226.1", "PWD_P93": "9458.0", "PWD_P94": "10921.5", "PWD_P95": "12344.5", "PWD_P96": "13913.9", "PWD_P97": "16400.3", "PWD_P98": "18899.2", "PWD_P99": "22477.2", "PWD_P100": "30594.0" }, "geometry": { "type": "Point", "coordinates": [ 4.436018943786621, 50.843803405761719 ] } },
{ "type": "Feature", "id": 27, "properties": { "lon": -64.783287048339844, "lat": 32.300918579101562, "year": "2010", "ISO": "BMU", "ISO_No": "60", "Name": "Bermuda", "PWC_Lat": "32.3009185791016", "PWC_Lon": "-64.7832870483398", "Pop": "65388", "Density": "846.8", "Area": "77.2", "PWD_A": "1173.5", "PWD_G": "1058.0", "PWD_M": "1125.3", "PWD_P1": "211.8", "PWD_P2": "297.6", "PWD_P3": "356.4", "PWD_P4": "398.4", "PWD_P5": "427.7", "PWD_P6": "464.2", "PWD_P7": "511.3", "PWD_P8": "543.5", "PWD_P9": "567.6", "PWD_P10": "589.7", "PWD_P11": "611.4", "PWD_P12": "631.0", "PWD_P13": "648.1", "PWD_P14": "660.0", "PWD_P15": "672.1", "PWD_P16": "686.7", "PWD_P17": "702.1", "PWD_P18": "717.1", "PWD_P19": "732.4", "PWD_P20": "744.8", "PWD_P21": "757.6", "PWD_P22": "772.0", "PWD_P23": "784.7", "PWD_P24": "795.9", "PWD_P25": "806.4", "PWD_P26": "817.1", "PWD_P27": "830.0", "PWD_P28": "842.4", "PWD_P29": "855.0", "PWD_P30": "867.2", "PWD_P31": "879.2", "PWD_P32": "894.3", "PWD_P33": "907.0", "PWD_P34": "920.3", "PWD_P35": "934.2", "PWD_P36": "946.6", "PWD_P37": "960.8", "PWD_P38": "975.9", "PWD_P39": "990.5", "PWD_P40": "1002.8", "PWD_P41": "1015.2", "PWD_P42": "1026.1", "PWD_P43": "1036.8", "PWD_P44": "1048.8", "PWD_P45": "1061.5", "PWD_P46": "1075.0", "PWD_P47": "1087.9", "PWD_P48": "1101.2", "PWD_P49": "1113.6", "PWD_P50": "1125.3", "PWD_P51": "1143.4", "PWD_P52": "1156.8", "PWD_P53": "1167.3", "PWD_P54": "1178.1", "PWD_P55": "1190.9", "PWD_P56": "1203.4", "PWD_P57": "1218.5", "PWD_P58": "1229.7", "PWD_P59": "1243.2", "PWD_P60": "1254.8", "PWD_P61": "1270.1", "PWD_P62": "1283.5", "PWD_P63": "1297.7", "PWD_P64": "1310.2", "PWD_P65": "1323.9", "PWD_P66": "1339.7", "PWD_P67": "1355.0", "PWD_P68": "1369.4", "PWD_P69": "1389.3", "PWD_P70": "1407.1", "PWD_P71": "1429.3", "PWD_P72": "1446.8", "PWD_P73": "1464.8", "PWD_P74": "1481.6", "PWD_P75": "1508.1", "PWD_P76": "1522.7", "PWD_P77": "1533.9", "PWD_P78": "1554.2", "PWD_P79": "1574.1", "PWD_P80": "1598.4", "PWD_P81": "1620.9", "PWD_P82": "1649.8", "PWD_P83": "1679.4", "PWD_P84": "1716.5", "PWD_P85": "1754.9", "PWD_P86": "1777.0", "PWD_P87": "1807.0", "PWD_P88": "1829.9", "PWD_P89": "1853.8", "PWD_P90": "1868.6", "PWD_P91": "1885.7", "PWD_P92": "1905.8", "PWD_P93": "1922.0", "PWD_P94": "1942.0", "PWD_P95": "1967.2", "PWD_P96": "2031.8", "PWD_P97": "2160.3", "PWD_P98": "2234.7", "PWD_P99": "2508.9", "PWD_P100": "2784.0" }, "geometry": { "type": "Point", "coordinates": [ -64.783287048339844, 32.300918579101562 ] } },
{ "type": "Feature", "id": 28, "properties": { "lon": 90.230224609375, "lat": 27.207176208496094, "year": "2010", "ISO": "BTN", "ISO_No": "64", "Name": "Bhutan", "PWC_Lat": "27.2071762084961", "PWC_Lon": "90.230224609375", "Pop": "685502", "Density": "17.1", "Area": "40035.6", "PWD_A": "197.7", "PWD_G": "61.9", "PWD_M": "55.6", "PWD_P1": "1.5", "PWD_P2": "2.5", "PWD_P3": "3.2", "PWD_P4": "3.9", "PWD_P5": "4.7", "PWD_P6": "5.5", "PWD_P7": "6.3", "PWD_P8": "7.1", "PWD_P9": "7.8", "PWD_P10": "8.5", "PWD_P11": "9.3", "PWD_P12": "10.0", "PWD_P13": "10.7", "PWD_P14": "11.5", "PWD_P15": "12.3", "PWD_P16": "13.2", "PWD_P17": "14.0", "PWD_P18": "14.9", "PWD_P19": "15.8", "PWD_P20": "16.8", "PWD_P21": "17.7", "PWD_P22": "18.7", "PWD_P23": "19.8", "PWD_P24": "20.8", "PWD_P25": "21.9", "PWD_P26": "23.0", "PWD_P27": "24.1", "PWD_P28": "25.2", "PWD_P29": "26.3", "PWD_P30": "27.4", "PWD_P31": "28.5", "PWD_P32": "29.7", "PWD_P33": "30.8", "PWD_P34": "32.1", "PWD_P35": "33.4", "PWD_P36": "34.7", "PWD_P37": "36.0", "PWD_P38": "37.3", "PWD_P39": "38.7", "PWD_P40": "40.0", "PWD_P41": "41.3", "PWD_P42": "42.7", "PWD_P43": "44.2", "PWD_P44": "45.7", "PWD_P45": "47.2", "PWD_P46": "48.8", "PWD_P47": "50.4", "PWD_P48": "52.1", "PWD_P49": "53.8", "PWD_P50": "55.6", "PWD_P51": "57.4", "PWD_P52": "59.3", "PWD_P53": "61.4", "PWD_P54": "63.6", "PWD_P55": "65.9", "PWD_P56": "68.5", "PWD_P57": "71.4", "PWD_P58": "74.8", "PWD_P59": "78.5", "PWD_P60": "82.9", "PWD_P61": "87.9", "PWD_P62": "92.8", "PWD_P63": "97.6", "PWD_P64": "102.3", "PWD_P65": "107.3", "PWD_P66": "112.4", "PWD_P67": "118.2", "PWD_P68": "123.8", "PWD_P69": "129.1", "PWD_P70": "134.7", "PWD_P71": "141.0", "PWD_P72": "147.6", "PWD_P73": "154.5", "PWD_P74": "162.2", "PWD_P75": "169.8", "PWD_P76": "179.5", "PWD_P77": "192.2", "PWD_P78": "206.6", "PWD_P79": "229.1", "PWD_P80": "261.1", "PWD_P81": "287.5", "PWD_P82": "315.4", "PWD_P83": "339.4", "PWD_P84": "362.2", "PWD_P85": "380.5", "PWD_P86": "395.6", "PWD_P87": "415.3", "PWD_P88": "445.9", "PWD_P89": "474.5", "PWD_P90": "517.2", "PWD_P91": "798.7", "PWD_P92": "876.4", "PWD_P93": "926.0", "PWD_P94": "1031.3", "PWD_P95": "1123.3", "PWD_P96": "1208.5", "PWD_P97": "1305.5", "PWD_P98": "1412.6", "PWD_P99": "1530.8", "PWD_P100": "1660.4" }, "geometry": { "type": "Point", "coordinates": [ 90.230224609375, 27.207176208496094 ] } },
{ "type": "Feature", "id": 29, "properties": { "lon": -65.7026, "lat": -17.5267, "year": "2010", "ISO": "BOL", "ISO_No": "68", "Name": "Bolivia", "PWC_Lat": "-17.5267", "PWC_Lon": "-65.7026", "Pop": "10048597", "Density": "9.3", "Area": "1075425.1", "PWD_A": "1369.8", "PWD_G": "218.2", "PWD_M": "372.1", "PWD_P1": "0.5", "PWD_P2": "0.9", "PWD_P3": "1.4", "PWD_P4": "1.9", "PWD_P5": "2.4", "PWD_P6": "2.9", "PWD_P7": "3.5", "PWD_P8": "4.1", "PWD_P9": "4.8", "PWD_P10": "5.4", "PWD_P11": "6.1", "PWD_P12": "6.8", "PWD_P13": "7.6", "PWD_P14": "8.4", "PWD_P15": "9.2", "PWD_P16": "10.0", "PWD_P17": "10.9", "PWD_P18": "11.8", "PWD_P19": "12.8", "PWD_P20": "13.8", "PWD_P21": "14.9", "PWD_P22": "16.0", "PWD_P23": "17.2", "PWD_P24": "18.6", "PWD_P25": "20.2", "PWD_P26": "22.0", "PWD_P27": "24.2", "PWD_P28": "26.9", "PWD_P29": "30.4", "PWD_P30": "34.6", "PWD_P31": "39.0", "PWD_P32": "44.4", "PWD_P33": "50.7", "PWD_P34": "58.1", "PWD_P35": "66.3", "PWD_P36": "76.4", "PWD_P37": "87.0", "PWD_P38": "99.1", "PWD_P39": "113.3", "PWD_P40": "127.7", "PWD_P41": "141.8", "PWD_P42": "157.5", "PWD_P43": "173.6", "PWD_P44": "190.8", "PWD_P45": "210.9", "PWD_P46": "237.9", "PWD_P47": "268.7", "PWD_P48": "304.6", "PWD_P49": "336.4", "PWD_P50": "372.1", "PWD_P51": "414.1", "PWD_P52": "457.5", "PWD_P53": "513.2", "PWD_P54": "567.6", "PWD_P55": "628.7", "PWD_P56": "706.5", "PWD_P57": "792.5", "PWD_P58": "893.5", "PWD_P59": "984.0", "PWD_P60": "1065.9", "PWD_P61": "1158.4", "PWD_P62": "1265.1", "PWD_P63": "1387.3", "PWD_P64": "1492.8", "PWD_P65": "1573.0", "PWD_P66": "1688.4", "PWD_P67": "1859.5", "PWD_P68": "1972.9", "PWD_P69": "2105.0", "PWD_P70": "2270.4", "PWD_P71": "2442.0", "PWD_P72": "2635.5", "PWD_P73": "2878.0", "PWD_P74": "3061.4", "PWD_P75": "3140.1", "PWD_P76": "3187.0", "PWD_P77": "3233.2", "PWD_P78": "3291.6", "PWD_P79": "3365.5", "PWD_P80": "3438.8", "PWD_P81": "3488.8", "PWD_P82": "3522.4", "PWD_P83": "3559.2", "PWD_P84": "3601.6", "PWD_P85": "3643.8", "PWD_P86": "3695.3", "PWD_P87": "3761.0", "PWD_P88": "3833.6", "PWD_P89": "3908.5", "PWD_P90": "3991.5", "PWD_P91": "4073.8", "PWD_P92": "4157.6", "PWD_P93": "4234.0", "PWD_P94": "4307.3", "PWD_P95": "4372.9", "PWD_P96": "4440.2", "PWD_P97": "4521.3", "PWD_P98": "4626.0", "PWD_P99": "4770.1", "PWD_P100": "5444.2" }, "geometry": { "type": "Point", "coordinates": [ -65.7026, -17.5267 ] } },
{ "type": "Feature", "id": 30, "properties": { "lon": 17.901037216186523, "lat": 44.334701538085938, "year": "2010", "ISO": "BIH", "ISO_No": "70", "Name": "Bosnia and Herzegovina", "PWC_Lat": "44.3347015380859", "PWC_Lon": "17.9010372161865", "Pop": "3705477", "Density": "73.1", "Area": "50666.8", "PWD_A": "637.8", "PWD_G": "225.3", "PWD_M": "217.1", "PWD_P1": "5.9", "PWD_P2": "9.0", "PWD_P3": "12.2", "PWD_P4": "15.1", "PWD_P5": "18.1", "PWD_P6": "21.5", "PWD_P7": "24.9", "PWD_P8": "28.3", "PWD_P9": "32.1", "PWD_P10": "36.2", "PWD_P11": "40.2", "PWD_P12": "44.5", "PWD_P13": "49.0", "PWD_P14": "53.3", "PWD_P15": "57.7", "PWD_P16": "62.4", "PWD_P17": "66.9", "PWD_P18": "71.1", "PWD_P19": "75.3", "PWD_P20": "79.5", "PWD_P21": "83.5", "PWD_P22": "87.5", "PWD_P23": "91.4", "PWD_P24": "95.3", "PWD_P25": "99.2", "PWD_P26": "103.0", "PWD_P27": "106.8", "PWD_P28": "110.8", "PWD_P29": "114.7", "PWD_P30": "118.6", "PWD_P31": "122.5", "PWD_P32": "126.5", "PWD_P33": "130.5", "PWD_P34": "134.6", "PWD_P35": "138.7", "PWD_P36": "143.0", "PWD_P37": "147.3", "PWD_P38": "151.7", "PWD_P39": "156.2", "PWD_P40": "160.8", "PWD_P41": "165.6", "PWD_P42": "170.5", "PWD_P43": "175.6", "PWD_P44": "180.7", "PWD_P45": "186.2", "PWD_P46": "192.0", "PWD_P47": "198.0", "PWD_P48": "204.1", "PWD_P49": "210.5", "PWD_P50": "217.1", "PWD_P51": "224.2", "PWD_P52": "231.8", "PWD_P53": "239.6", "PWD_P54": "247.8", "PWD_P55": "256.5", "PWD_P56": "265.9", "PWD_P57": "275.6", "PWD_P58": "285.7", "PWD_P59": "296.2", "PWD_P60": "307.4", "PWD_P61": "319.8", "PWD_P62": "332.6", "PWD_P63": "346.3", "PWD_P64": "360.7", "PWD_P65": "375.6", "PWD_P66": "390.7", "PWD_P67": "407.1", "PWD_P68": "424.2", "PWD_P69": "442.5", "PWD_P70": "461.1", "PWD_P71": "479.9", "PWD_P72": "499.6", "PWD_P73": "519.5", "PWD_P74": "540.0", "PWD_P75": "563.5", "PWD_P76": "589.1", "PWD_P77": "614.3", "PWD_P78": "642.2", "PWD_P79": "669.4", "PWD_P80": "696.0", "PWD_P81": "725.2", "PWD_P82": "759.9", "PWD_P83": "795.4", "PWD_P84": "836.2", "PWD_P85": "877.3", "PWD_P86": "917.2", "PWD_P87": "968.1", "PWD_P88": "1051.3", "PWD_P89": "1155.4", "PWD_P90": "1258.5", "PWD_P91": "1363.8", "PWD_P92": "1484.0", "PWD_P93": "1634.1", "PWD_P94": "2852.0", "PWD_P95": "3449.9", "PWD_P96": "3775.1", "PWD_P97": "4095.9", "PWD_P98": "5221.2", "PWD_P99": "8026.0", "PWD_P100": "11034.6" }, "geometry": { "type": "Point", "coordinates": [ 17.901037216186523, 44.334701538085938 ] } },
{ "type": "Feature", "id": 31, "properties": { "lon": 25.778711318969727, "lat": -22.987056732177734, "year": "2010", "ISO": "BWA", "ISO_No": "72", "Name": "Botswana", "PWC_Lat": "-22.9870567321777", "PWC_Lon": "25.7787113189697", "Pop": "1987105", "Density": "3.4", "Area": "579064.2", "PWD_A": "265.9", "PWD_G": "39.8", "PWD_M": "51.4", "PWD_P1": "0.4", "PWD_P2": "0.5", "PWD_P3": "0.5", "PWD_P4": "0.6", "PWD_P5": "0.7", "PWD_P6": "0.8", "PWD_P7": "1.0", "PWD_P8": "1.1", "PWD_P9": "1.2", "PWD_P10": "1.3", "PWD_P11": "1.4", "PWD_P12": "1.5", "PWD_P13": "1.6", "PWD_P14": "1.8", "PWD_P15": "1.9", "PWD_P16": "2.1", "PWD_P17": "2.3", "PWD_P18": "2.6", "PWD_P19": "2.8", "PWD_P20": "3.1", "PWD_P21": "3.5", "PWD_P22": "3.8", "PWD_P23": "4.1", "PWD_P24": "4.4", "PWD_P25": "4.9", "PWD_P26": "5.3", "PWD_P27": "5.8", "PWD_P28": "6.3", "PWD_P29": "6.8", "PWD_P30": "7.4", "PWD_P31": "8.1", "PWD_P32": "8.9", "PWD_P33": "9.7", "PWD_P34": "10.8", "PWD_P35": "11.9", "PWD_P36": "13.2", "PWD_P37": "14.5", "PWD_P38": "16.1", "PWD_P39": "17.9", "PWD_P40": "19.9", "PWD_P41": "22.0", "PWD_P42": "24.5", "PWD_P43": "27.1", "PWD_P44": "29.9", "PWD_P45": "32.8", "PWD_P46": "35.9", "PWD_P47": "39.4", "PWD_P48": "43.0", "PWD_P49": "46.8", "PWD_P50": "51.4", "PWD_P51": "56.7", "PWD_P52": "62.3", "PWD_P53": "68.1", "PWD_P54": "74.2", "PWD_P55": "80.6", "PWD_P56": "87.3", "PWD_P57": "94.9", "PWD_P58": "103.6", "PWD_P59": "112.9", "PWD_P60": "123.4", "PWD_P61": "134.3", "PWD_P62": "145.0", "PWD_P63": "155.9", "PWD_P64": "166.8", "PWD_P65": "177.8", "PWD_P66": "188.4", "PWD_P67": "199.4", "PWD_P68": "212.3", "PWD_P69": "224.7", "PWD_P70": "237.9", "PWD_P71": "253.4", "PWD_P72": "269.9", "PWD_P73": "287.1", "PWD_P74": "306.4", "PWD_P75": "327.7", "PWD_P76": "350.9", "PWD_P77": "375.2", "PWD_P78": "403.5", "PWD_P79": "437.3", "PWD_P80": "479.9", "PWD_P81": "520.5", "PWD_P82": "560.5", "PWD_P83": "598.3", "PWD_P84": "629.5", "PWD_P85": "659.5", "PWD_P86": "686.7", "PWD_P87": "713.1", "PWD_P88": "739.3", "PWD_P89": "777.4", "PWD_P90": "832.2", "PWD_P91": "909.7", "PWD_P92": "991.2", "PWD_P93": "1090.0", "PWD_P94": "1186.6", "PWD_P95": "1330.0", "PWD_P96": "1434.1", "PWD_P97": "1546.1", "PWD_P98": "1619.9", "PWD_P99": "1750.5", "PWD_P100": "2766.5" }, "geometry": { "type": "Point", "coordinates": [ 25.778711318969727, -22.987056732177734 ] } },
{ "type": "Feature", "id": 32, "properties": { "lon": -88.564743041992188, "lat": 17.423248291015625, "year": "2010", "ISO": "BLZ", "ISO_No": "84", "Name": "Belize", "PWC_Lat": "17.4232482910156", "PWC_Lon": "-88.5647430419922", "Pop": "322464", "Density": "14.8", "Area": "21775.8", "PWD_A": "135.2", "PWD_G": "38.5", "PWD_M": "32.2", "PWD_P1": "1.8", "PWD_P2": "2.2", "PWD_P3": "2.6", "PWD_P4": "3.3", "PWD_P5": "4.2", "PWD_P6": "4.8", "PWD_P7": "5.4", "PWD_P8": "5.8", "PWD_P9": "6.2", "PWD_P10": "6.4", "PWD_P11": "6.7", "PWD_P12": "7.0", "PWD_P13": "7.3", "PWD_P14": "7.7", "PWD_P15": "8.1", "PWD_P16": "8.5", "PWD_P17": "8.8", "PWD_P18": "9.1", "PWD_P19": "9.4", "PWD_P20": "9.8", "PWD_P21": "10.3", "PWD_P22": "10.7", "PWD_P23": "11.2", "PWD_P24": "11.7", "PWD_P25": "12.3", "PWD_P26": "13.1", "PWD_P27": "13.9", "PWD_P28": "14.8", "PWD_P29": "15.6", "PWD_P30": "16.2", "PWD_P31": "16.7", "PWD_P32": "17.2", "PWD_P33": "17.6", "PWD_P34": "18.2", "PWD_P35": "18.7", "PWD_P36": "19.3", "PWD_P37": "19.9", "PWD_P38": "20.6", "PWD_P39": "21.4", "PWD_P40": "22.3", "PWD_P41": "23.3", "PWD_P42": "24.2", "PWD_P43": "25.2", "PWD_P44": "26.1", "PWD_P45": "27.1", "PWD_P46": "28.0", "PWD_P47": "29.0", "PWD_P48": "30.1", "PWD_P49": "31.1", "PWD_P50": "32.2", "PWD_P51": "33.4", "PWD_P52": "34.6", "PWD_P53": "35.9", "PWD_P54": "37.2", "PWD_P55": "38.7", "PWD_P56": "40.2", "PWD_P57": "41.7", "PWD_P58": "43.3", "PWD_P59": "45.1", "PWD_P60": "46.9", "PWD_P61": "48.4", "PWD_P62": "50.1", "PWD_P63": "52.0", "PWD_P64": "54.1", "PWD_P65": "56.3", "PWD_P66": "58.7", "PWD_P67": "61.7", "PWD_P68": "65.2", "PWD_P69": "68.6", "PWD_P70": "72.1", "PWD_P71": "75.7", "PWD_P72": "79.8", "PWD_P73": "84.3", "PWD_P74": "89.3", "PWD_P75": "94.8", "PWD_P76": "100.9", "PWD_P77": "107.9", "PWD_P78": "115.6", "PWD_P79": "125.0", "PWD_P80": "136.5", "PWD_P81": "151.5", "PWD_P82": "168.9", "PWD_P83": "188.9", "PWD_P84": "212.3", "PWD_P85": "236.8", "PWD_P86": "263.5", "PWD_P87": "298.1", "PWD_P88": "334.3", "PWD_P89": "367.7", "PWD_P90": "401.9", "PWD_P91": "445.7", "PWD_P92": "492.4", "PWD_P93": "553.1", "PWD_P94": "653.8", "PWD_P95": "770.3", "PWD_P96": "961.9", "PWD_P97": "1100.3", "PWD_P98": "1198.2", "PWD_P99": "1301.8", "PWD_P100": "1530.0" }, "geometry": { "type": "Point", "coordinates": [ -88.564743041992188, 17.423248291015625 ] } },
{ "type": "Feature", "id": 33, "properties": { "lon": 160.03512573242188, "lat": -9.0245304107666016, "year": "2010", "ISO": "SLB", "ISO_No": "90", "Name": "Solomon Islands", "PWC_Lat": "-9.0245304107666", "PWC_Lon": "160.035125732422", "Pop": "527860", "Density": "18.2", "Area": "29053.7", "PWD_A": "1038.8", "PWD_G": "140.0", "PWD_M": "121.3", "PWD_P1": "1.3", "PWD_P2": "2.0", "PWD_P3": "2.8", "PWD_P4": "3.6", "PWD_P5": "4.3", "PWD_P6": "5.2", "PWD_P7": "6.0", "PWD_P8": "6.9", "PWD_P9": "7.9", "PWD_P10": "8.9", "PWD_P11": "9.9", "PWD_P12": "11.1", "PWD_P13": "12.4", "PWD_P14": "13.7", "PWD_P15": "15.0", "PWD_P16": "16.4", "PWD_P17": "17.8", "PWD_P18": "19.2", "PWD_P19": "20.8", "PWD_P20": "22.4", "PWD_P21": "24.1", "PWD_P22": "25.8", "PWD_P23": "27.6", "PWD_P24": "29.5", "PWD_P25": "31.5", "PWD_P26": "33.6", "PWD_P27": "35.8", "PWD_P28": "38.0", "PWD_P29": "40.3", "PWD_P30": "42.6", "PWD_P31": "45.0", "PWD_P32": "47.6", "PWD_P33": "50.3", "PWD_P34": "53.0", "PWD_P35": "55.8", "PWD_P36": "58.8", "PWD_P37": "62.0", "PWD_P38": "65.1", "PWD_P39": "68.4", "PWD_P40": "71.8", "PWD_P41": "75.5", "PWD_P42": "79.5", "PWD_P43": "83.8", "PWD_P44": "88.3", "PWD_P45": "93.1", "PWD_P46": "98.0", "PWD_P47": "103.2", "PWD_P48": "108.9", "PWD_P49": "114.9", "PWD_P50": "121.3", "PWD_P51": "128.3", "PWD_P52": "135.7", "PWD_P53": "143.6", "PWD_P54": "152.2", "PWD_P55": "161.5", "PWD_P56": "170.8", "PWD_P57": "180.7", "PWD_P58": "191.4", "PWD_P59": "202.7", "PWD_P60": "214.7", "PWD_P61": "227.5", "PWD_P62": "241.5", "PWD_P63": "256.3", "PWD_P64": "272.8", "PWD_P65": "290.8", "PWD_P66": "309.3", "PWD_P67": "329.0", "PWD_P68": "350.7", "PWD_P69": "375.1", "PWD_P70": "402.5", "PWD_P71": "433.4", "PWD_P72": "466.7", "PWD_P73": "505.4", "PWD_P74": "548.3", "PWD_P75": "598.4", "PWD_P76": "653.5", "PWD_P77": "712.8", "PWD_P78": "783.5", "PWD_P79": "868.1", "PWD_P80": "965.0", "PWD_P81": "1081.2", "PWD_P82": "1225.3", "PWD_P83": "1413.0", "PWD_P84": "1627.4", "PWD_P85": "1845.7", "PWD_P86": "2113.3", "PWD_P87": "2398.5", "PWD_P88": "2745.8", "PWD_P89": "3156.9", "PWD_P90": "3559.2", "PWD_P91": "3960.7", "PWD_P92": "4378.2", "PWD_P93": "4937.4", "PWD_P94": "5451.5", "PWD_P95": "6032.2", "PWD_P96": "6827.2", "PWD_P97": "7796.7", "PWD_P98": "8794.6", "PWD_P99": "10953.9", "PWD_P100": "38482.6" }, "geometry": { "type": "Point", "coordinates": [ 160.035125732421875, -9.024530410766602 ] } },
{ "type": "Feature", "id": 34, "properties": { "lon": -64.592788696289062, "lat": 18.431789398193359, "year": "2010", "ISO": "VGB", "ISO_No": "92", "Name": "British Virgin Islands", "PWC_Lat": "18.4317893981934", "PWC_Lon": "-64.5927886962891", "Pop": "27796", "Density": "148.3", "Area": "187.4", "PWD_A": "384.3", "PWD_G": "322.3", "PWD_M": "399.7", "PWD_P1": "11.1", "PWD_P2": "23.7", "PWD_P3": "43.2", "PWD_P4": "60.7", "PWD_P5": "81.3", "PWD_P6": "97.0", "PWD_P7": "106.4", "PWD_P8": "113.4", "PWD_P9": "120.8", "PWD_P10": "128.7", "PWD_P11": "141.6", "PWD_P12": "158.3", "PWD_P13": "171.3", "PWD_P14": "186.5", "PWD_P15": "198.9", "PWD_P16": "209.4", "PWD_P17": "219.1", "PWD_P18": "228.8", "PWD_P19": "237.2", "PWD_P20": "245.1", "PWD_P21": "252.8", "PWD_P22": "259.2", "PWD_P23": "266.9", "PWD_P24": "274.1", "PWD_P25": "279.9", "PWD_P26": "285.7", "PWD_P27": "291.8", "PWD_P28": "297.5", "PWD_P29": "302.7", "PWD_P30": "307.4", "PWD_P31": "313.0", "PWD_P32": "318.0", "PWD_P33": "322.5", "PWD_P34": "327.5", "PWD_P35": "331.6", "PWD_P36": "336.5", "PWD_P37": "341.0", "PWD_P38": "344.7", "PWD_P39": "349.2", "PWD_P40": "353.6", "PWD_P41": "357.7", "PWD_P42": "362.8", "PWD_P43": "366.6", "PWD_P44": "371.3", "PWD_P45": "376.1", "PWD_P46": "380.3", "PWD_P47": "385.3", "PWD_P48": "389.6", "PWD_P49": "393.9", "PWD_P50": "399.7", "PWD_P51": "404.4", "PWD_P52": "409.0", "PWD_P53": "413.6", "PWD_P54": "418.8", "PWD_P55": "422.7", "PWD_P56": "427.1", "PWD_P57": "431.7", "PWD_P58": "435.9", "PWD_P59": "441.5", "PWD_P60": "448.0", "PWD_P61": "453.2", "PWD_P62": "457.5", "PWD_P63": "462.8", "PWD_P64": "467.3", "PWD_P65": "471.2", "PWD_P66": "475.1", "PWD_P67": "479.8", "PWD_P68": "483.2", "PWD_P69": "487.1", "PWD_P70": "491.8", "PWD_P71": "495.6", "PWD_P72": "499.6", "PWD_P73": "503.4", "PWD_P74": "507.3", "PWD_P75": "510.9", "PWD_P76": "514.7", "PWD_P77": "518.6", "PWD_P78": "522.5", "PWD_P79": "526.0", "PWD_P80": "529.4", "PWD_P81": "533.5", "PWD_P82": "537.1", "PWD_P83": "543.2", "PWD_P84": "549.8", "PWD_P85": "555.6", "PWD_P86": "561.1", "PWD_P87": "566.8", "PWD_P88": "572.6", "PWD_P89": "577.2", "PWD_P90": "582.3", "PWD_P91": "588.1", "PWD_P92": "596.9", "PWD_P93": "606.1", "PWD_P94": "614.7", "PWD_P95": "628.0", "PWD_P96": "639.7", "PWD_P97": "648.5", "PWD_P98": "667.3", "PWD_P99": "684.7", "PWD_P100": "712.3" }, "geometry": { "type": "Point", "coordinates": [ -64.592788696289062, 18.431789398193359 ] } },
{ "type": "Feature", "id": 35, "properties": { "lon": 114.80126190185547, "lat": 4.845914363861084, "year": "2010", "ISO": "BRN", "ISO_No": "96", "Name": "Brunei", "PWC_Lat": "4.84591436386108", "PWC_Lon": "114.801261901855", "Pop": "388634", "Density": "67.3", "Area": "5777.3", "PWD_A": "999.7", "PWD_G": "531.5", "PWD_M": "646.3", "PWD_P1": "9.0", "PWD_P2": "21.9", "PWD_P3": "35.8", "PWD_P4": "49.5", "PWD_P5": "62.7", "PWD_P6": "75.7", "PWD_P7": "88.2", "PWD_P8": "98.8", "PWD_P9": "109.1", "PWD_P10": "120.4", "PWD_P11": "131.9", "PWD_P12": "143.4", "PWD_P13": "156.0", "PWD_P14": "168.5", "PWD_P15": "181.0", "PWD_P16": "192.9", "PWD_P17": "205.7", "PWD_P18": "218.7", "PWD_P19": "231.3", "PWD_P20": "244.5", "PWD_P21": "256.6", "PWD_P22": "268.8", "PWD_P23": "280.6", "PWD_P24": "292.0", "PWD_P25": "302.6", "PWD_P26": "313.4", "PWD_P27": "325.0", "PWD_P28": "336.4", "PWD_P29": "348.0", "PWD_P30": "359.3", "PWD_P31": "370.0", "PWD_P32": "380.7", "PWD_P33": "391.9", "PWD_P34": "403.6", "PWD_P35": "415.9", "PWD_P36": "429.4", "PWD_P37": "443.9", "PWD_P38": "459.9", "PWD_P39": "475.0", "PWD_P40": "491.1", "PWD_P41": "506.1", "PWD_P42": "522.7", "PWD_P43": "539.8", "PWD_P44": "558.8", "PWD_P45": "575.3", "PWD_P46": "589.2", "PWD_P47": "603.1", "PWD_P48": "617.0", "PWD_P49": "632.1", "PWD_P50": "646.3", "PWD_P51": "661.1", "PWD_P52": "675.4", "PWD_P53": "689.1", "PWD_P54": "703.9", "PWD_P55": "719.1", "PWD_P56": "734.8", "PWD_P57": "751.8", "PWD_P58": "768.1", "PWD_P59": "783.7", "PWD_P60": "801.4", "PWD_P61": "818.4", "PWD_P62": "835.9", "PWD_P63": "852.6", "PWD_P64": "871.4", "PWD_P65": "890.2", "PWD_P66": "910.9", "PWD_P67": "930.8", "PWD_P68": "951.0", "PWD_P69": "971.3", "PWD_P70": "994.8", "PWD_P71": "1018.7", "PWD_P72": "1043.9", "PWD_P73": "1069.6", "PWD_P74": "1098.7", "PWD_P75": "1121.9", "PWD_P76": "1141.9", "PWD_P77": "1160.6", "PWD_P78": "1182.5", "PWD_P79": "1207.0", "PWD_P80": "1235.9", "PWD_P81": "1266.4", "PWD_P82": "1291.1", "PWD_P83": "1315.0", "PWD_P84": "1341.2", "PWD_P85": "1377.0", "PWD_P86": "1428.8", "PWD_P87": "1490.6", "PWD_P88": "1563.0", "PWD_P89": "1691.4", "PWD_P90": "1856.3", "PWD_P91": "1957.1", "PWD_P92": "2088.0", "PWD_P93": "2189.9", "PWD_P94": "2287.5", "PWD_P95": "2383.7", "PWD_P96": "2586.4", "PWD_P97": "4773.7", "PWD_P98": "6493.4", "PWD_P99": "10319.0", "PWD_P100": "17078.8" }, "geometry": { "type": "Point", "coordinates": [ 114.801261901855469, 4.845914363861084 ] } },
{ "type": "Feature", "id": 36, "properties": { "lon": 25.049093246459961, "lat": 42.742691040039062, "year": "2010", "ISO": "BGR", "ISO_No": "100", "Name": "Bulgaria", "PWC_Lat": "42.7426910400391", "PWC_Lon": "25.04909324646", "Pop": "7425011", "Density": "67.0", "Area": "110837.5", "PWD_A": "813.2", "PWD_G": "255.3", "PWD_M": "228.1", "PWD_P1": "5.7", "PWD_P2": "7.9", "PWD_P3": "10.2", "PWD_P4": "13.0", "PWD_P5": "16.0", "PWD_P6": "18.8", "PWD_P7": "21.6", "PWD_P8": "24.4", "PWD_P9": "27.1", "PWD_P10": "29.7", "PWD_P11": "32.2", "PWD_P12": "34.7", "PWD_P13": "37.2", "PWD_P14": "39.6", "PWD_P15": "42.1", "PWD_P16": "44.6", "PWD_P17": "47.2", "PWD_P18": "49.9", "PWD_P19": "52.7", "PWD_P20": "55.4", "PWD_P21": "58.3", "PWD_P22": "61.1", "PWD_P23": "64.1", "PWD_P24": "67.1", "PWD_P25": "70.1", "PWD_P26": "73.3", "PWD_P27": "76.7", "PWD_P28": "80.2", "PWD_P29": "84.0", "PWD_P30": "87.9", "PWD_P31": "92.0", "PWD_P32": "96.3", "PWD_P33": "100.7", "PWD_P34": "105.4", "PWD_P35": "110.2", "PWD_P36": "115.2", "PWD_P37": "120.4", "PWD_P38": "125.8", "PWD_P39": "131.5", "PWD_P40": "137.5", "PWD_P41": "144.0", "PWD_P42": "150.7", "PWD_P43": "158.1", "PWD_P44": "165.9", "PWD_P45": "174.3", "PWD_P46": "183.3", "PWD_P47": "193.1", "PWD_P48": "203.6", "PWD_P49": "215.3", "PWD_P50": "228.1", "PWD_P51": "241.3", "PWD_P52": "255.5", "PWD_P53": "271.2", "PWD_P54": "287.9", "PWD_P55": "305.2", "PWD_P56": "324.3", "PWD_P57": "344.9", "PWD_P58": "367.9", "PWD_P59": "393.6", "PWD_P60": "421.1", "PWD_P61": "453.0", "PWD_P62": "489.1", "PWD_P63": "526.8", "PWD_P64": "565.2", "PWD_P65": "604.5", "PWD_P66": "649.6", "PWD_P67": "703.1", "PWD_P68": "759.2", "PWD_P69": "814.3", "PWD_P70": "872.2", "PWD_P71": "928.2", "PWD_P72": "982.3", "PWD_P73": "1040.7", "PWD_P74": "1098.0", "PWD_P75": "1155.8", "PWD_P76": "1229.0", "PWD_P77": "1329.3", "PWD_P78": "1431.9", "PWD_P79": "1518.8", "PWD_P80": "1617.1", "PWD_P81": "1756.9", "PWD_P82": "1861.2", "PWD_P83": "1940.8", "PWD_P84": "2014.2", "PWD_P85": "2084.8", "PWD_P86": "2162.1", "PWD_P87": "2230.9", "PWD_P88": "2292.8", "PWD_P89": "2345.7", "PWD_P90": "2409.0", "PWD_P91": "2481.8", "PWD_P92": "2548.5", "PWD_P93": "2612.3", "PWD_P94": "2688.7", "PWD_P95": "2832.0", "PWD_P96": "3392.6", "PWD_P97": "4616.6", "PWD_P98": "4890.6", "PWD_P99": "5127.4", "PWD_P100": "5797.1" }, "geometry": { "type": "Point", "coordinates": [ 25.049093246459961, 42.742691040039062 ] } },
{ "type": "Feature", "id": 37, "properties": { "lon": 96.069572448730469, "lat": 19.493595123291016, "year": "2010", "ISO": "MMR", "ISO_No": "104", "Name": "Myanmar", "PWC_Lat": "19.493595123291", "PWC_Lon": "96.0695724487305", "Pop": "50600826", "Density": "75.9", "Area": "666532.8", "PWD_A": "2225.6", "PWD_G": "333.7", "PWD_M": "256.0", "PWD_P1": "6.4", "PWD_P2": "9.6", "PWD_P3": "12.6", "PWD_P4": "15.7", "PWD_P5": "18.8", "PWD_P6": "22.1", "PWD_P7": "25.5", "PWD_P8": "29.1", "PWD_P9": "32.9", "PWD_P10": "36.7", "PWD_P11": "40.7", "PWD_P12": "44.8", "PWD_P13": "49.1", "PWD_P14": "53.4", "PWD_P15": "57.6", "PWD_P16": "61.8", "PWD_P17": "66.1", "PWD_P18": "70.3", "PWD_P19": "74.5", "PWD_P20": "78.7", "PWD_P21": "82.7", "PWD_P22": "86.8", "PWD_P23": "90.9", "PWD_P24": "94.9", "PWD_P25": "99.1", "PWD_P26": "103.4", "PWD_P27": "107.8", "PWD_P28": "112.2", "PWD_P29": "116.5", "PWD_P30": "120.8", "PWD_P31": "125.2", "PWD_P32": "129.8", "PWD_P33": "134.5", "PWD_P34": "139.6", "PWD_P35": "145.0", "PWD_P36": "150.5", "PWD_P37": "156.1", "PWD_P38": "162.0", "PWD_P39": "168.1", "PWD_P40": "174.2", "PWD_P41": "180.6", "PWD_P42": "187.1", "PWD_P43": "194.1", "PWD_P44": "201.6", "PWD_P45": "209.6", "PWD_P46": "218.0", "PWD_P47": "226.8", "PWD_P48": "236.1", "PWD_P49": "245.8", "PWD_P50": "256.0", "PWD_P51": "266.9", "PWD_P52": "278.4", "PWD_P53": "290.6", "PWD_P54": "303.5", "PWD_P55": "317.0", "PWD_P56": "331.1", "PWD_P57": "346.0", "PWD_P58": "362.0", "PWD_P59": "379.1", "PWD_P60": "397.3", "PWD_P61": "416.7", "PWD_P62": "437.4", "PWD_P63": "460.1", "PWD_P64": "483.9", "PWD_P65": "509.4", "PWD_P66": "537.2", "PWD_P67": "567.3", "PWD_P68": "600.3", "PWD_P69": "636.3", "PWD_P70": "675.2", "PWD_P71": "719.1", "PWD_P72": "767.7", "PWD_P73": "821.3", "PWD_P74": "881.7", "PWD_P75": "949.2", "PWD_P76": "1025.1", "PWD_P77": "1114.1", "PWD_P78": "1214.3", "PWD_P79": "1331.4", "PWD_P80": "1470.1", "PWD_P81": "1633.8", "PWD_P82": "1829.7", "PWD_P83": "2062.1", "PWD_P84": "2338.8", "PWD_P85": "2675.5", "PWD_P86": "3085.9", "PWD_P87": "3583.4", "PWD_P88": "4194.1", "PWD_P89": "5066.1", "PWD_P90": "6182.5", "PWD_P91": "7344.0", "PWD_P92": "8600.3", "PWD_P93": "9869.8", "PWD_P94": "11433.8", "PWD_P95": "13709.1", "PWD_P96": "16542.1", "PWD_P97": "19430.5", "PWD_P98": "22590.2", "PWD_P99": "29993.4", "PWD_P100": "64483.3" }, "geometry": { "type": "Point", "coordinates": [ 96.069572448730469, 19.493595123291016 ] } },
{ "type": "Feature", "id": 38, "properties": { "lon": 29.832269668579102, "lat": -3.2542479038238525, "year": "2010", "ISO": "BDI", "ISO_No": "108", "Name": "Burundi", "PWC_Lat": "-3.25424790382385", "PWC_Lon": "29.8322696685791", "Pop": "8675606", "Density": "346.2", "Area": "25062.0", "PWD_A": "1505.1", "PWD_G": "484.2", "PWD_M": "405.8", "PWD_P1": "98.0", "PWD_P2": "115.8", "PWD_P3": "129.2", "PWD_P4": "139.7", "PWD_P5": "149.0", "PWD_P6": "156.8", "PWD_P7": "163.7", "PWD_P8": "170.3", "PWD_P9": "176.8", "PWD_P10": "182.9", "PWD_P11": "188.6", "PWD_P12": "194.1", "PWD_P13": "199.6", "PWD_P14": "205.0", "PWD_P15": "210.6", "PWD_P16": "216.5", "PWD_P17": "222.2", "PWD_P18": "228.1", "PWD_P19": "233.9", "PWD_P20": "239.6", "PWD_P21": "245.2", "PWD_P22": "251.2", "PWD_P23": "257.0", "PWD_P24": "262.9", "PWD_P25": "268.9", "PWD_P26": "275.1", "PWD_P27": "281.3", "PWD_P28": "287.4", "PWD_P29": "293.2", "PWD_P30": "298.9", "PWD_P31": "304.6", "PWD_P32": "310.2", "PWD_P33": "315.7", "PWD_P34": "321.3", "PWD_P35": "326.8", "PWD_P36": "332.3", "PWD_P37": "337.6", "PWD_P38": "342.9", "PWD_P39": "348.1", "PWD_P40": "353.3", "PWD_P41": "358.5", "PWD_P42": "363.6", "PWD_P43": "368.8", "PWD_P44": "374.0", "PWD_P45": "379.2", "PWD_P46": "384.4", "PWD_P47": "389.6", "PWD_P48": "395.0", "PWD_P49": "400.4", "PWD_P50": "405.8", "PWD_P51": "411.4", "PWD_P52": "417.0", "PWD_P53": "422.7", "PWD_P54": "428.5", "PWD_P55": "434.4", "PWD_P56": "440.6", "PWD_P57": "446.9", "PWD_P58": "453.7", "PWD_P59": "460.8", "PWD_P60": "467.8", "PWD_P61": "475.0", "PWD_P62": "482.3", "PWD_P63": "490.2", "PWD_P64": "498.2", "PWD_P65": "506.5", "PWD_P66": "515.3", "PWD_P67": "524.1", "PWD_P68": "533.2", "PWD_P69": "542.9", "PWD_P70": "553.0", "PWD_P71": "563.5", "PWD_P72": "575.2", "PWD_P73": "587.6", "PWD_P74": "600.8", "PWD_P75": "616.0", "PWD_P76": "632.8", "PWD_P77": "650.6", "PWD_P78": "670.5", "PWD_P79": "692.1", "PWD_P80": "716.6", "PWD_P81": "745.1", "PWD_P82": "778.8", "PWD_P83": "817.5", "PWD_P84": "859.1", "PWD_P85": "912.4", "PWD_P86": "975.3", "PWD_P87": "1051.1", "PWD_P88": "1145.8", "PWD_P89": "1261.1", "PWD_P90": "1393.4", "PWD_P91": "1572.1", "PWD_P92": "1863.4", "PWD_P93": "2366.8", "PWD_P94": "3010.2", "PWD_P95": "3819.0", "PWD_P96": "5856.3", "PWD_P97": "11136.6", "PWD_P98": "24937.9", "PWD_P99": "33085.8", "PWD_P100": "57717.0" }, "geometry": { "type": "Point", "coordinates": [ 29.832269668579102, -3.254247903823853 ] } },
{ "type": "Feature", "id": 39, "properties": { "lon": 27.850978851318359, "lat": 53.531990051269531, "year": "2010", "ISO": "BLR", "ISO_No": "112", "Name": "Belarus", "PWC_Lat": "53.5319900512695", "PWC_Lon": "27.8509788513184", "Pop": "9420575", "Density": "46.1", "Area": "204255.0", "PWD_A": "3263.5", "PWD_G": "674.7", "PWD_M": "862.5", "PWD_P1": "2.8", "PWD_P2": "4.0", "PWD_P3": "5.3", "PWD_P4": "6.7", "PWD_P5": "8.2", "PWD_P6": "10.0", "PWD_P7": "12.0", "PWD_P8": "14.0", "PWD_P9": "16.3", "PWD_P10": "18.8", "PWD_P11": "21.7", "PWD_P12": "25.0", "PWD_P13": "28.9", "PWD_P14": "33.6", "PWD_P15": "39.0", "PWD_P16": "45.2", "PWD_P17": "51.9", "PWD_P18": "58.9", "PWD_P19": "66.6", "PWD_P20": "74.7", "PWD_P21": "83.2", "PWD_P22": "92.2", "PWD_P23": "101.5", "PWD_P24": "111.0", "PWD_P25": "121.0", "PWD_P26": "131.7", "PWD_P27": "143.7", "PWD_P28": "156.4", "PWD_P29": "169.6", "PWD_P30": "183.3", "PWD_P31": "197.9", "PWD_P32": "212.5", "PWD_P33": "226.6", "PWD_P34": "240.6", "PWD_P35": "254.5", "PWD_P36": "269.1", "PWD_P37": "284.5", "PWD_P38": "301.6", "PWD_P39": "320.0", "PWD_P40": "340.0", "PWD_P41": "362.0", "PWD_P42": "387.0", "PWD_P43": "416.1", "PWD_P44": "451.7", "PWD_P45": "495.5", "PWD_P46": "546.2", "PWD_P47": "602.9", "PWD_P48": "672.1", "PWD_P49": "761.1", "PWD_P50": "862.5", "PWD_P51": "968.7", "PWD_P52": "1098.5", "PWD_P53": "1264.3", "PWD_P54": "1451.1", "PWD_P55": "1707.4", "PWD_P56": "2215.7", "PWD_P57": "2776.4", "PWD_P58": "3150.7", "PWD_P59": "3444.3", "PWD_P60": "3686.8", "PWD_P61": "3908.0", "PWD_P62": "4095.6", "PWD_P63": "4254.4", "PWD_P64": "4401.2", "PWD_P65": "4563.8", "PWD_P66": "4735.1", "PWD_P67": "4902.4", "PWD_P68": "5064.6", "PWD_P69": "5224.2", "PWD_P70": "5371.4", "PWD_P71": "5514.4", "PWD_P72": "5643.3", "PWD_P73": "5789.7", "PWD_P74": "5952.5", "PWD_P75": "6108.4", "PWD_P76": "6271.6", "PWD_P77": "6465.6", "PWD_P78": "6669.8", "PWD_P79": "6862.9", "PWD_P80": "7041.3", "PWD_P81": "7212.0", "PWD_P82": "7533.2", "PWD_P83": "7786.8", "PWD_P84": "8019.9", "PWD_P85": "8293.1", "PWD_P86": "8611.5", "PWD_P87": "8918.6", "PWD_P88": "9180.2", "PWD_P89": "9428.0", "PWD_P90": "9664.4", "PWD_P91": "9870.6", "PWD_P92": "10072.8", "PWD_P93": "10257.5", "PWD_P94": "10435.1", "PWD_P95": "10608.0", "PWD_P96": "10753.1", "PWD_P97": "10911.4", "PWD_P98": "11096.9", "PWD_P99": "11275.7", "PWD_P100": "11817.7" }, "geometry": { "type": "Point", "coordinates": [ 27.850978851318359, 53.531990051269531 ] } },
{ "type": "Feature", "id": 40, "properties": { "lon": 104.66516876220703, "lat": 12.085626602172852, "year": "2010", "ISO": "KHM", "ISO_No": "116", "Name": "Cambodia", "PWC_Lat": "12.0856266021729", "PWC_Lon": "104.665168762207", "Pop": "14312204", "Density": "80.1", "Area": "178738.5", "PWD_A": "2681.0", "PWD_G": "349.2", "PWD_M": "263.5", "PWD_P1": "6.3", "PWD_P2": "11.0", "PWD_P3": "15.5", "PWD_P4": "19.6", "PWD_P5": "23.8", "PWD_P6": "28.1", "PWD_P7": "32.5", "PWD_P8": "37.0", "PWD_P9": "41.8", "PWD_P10": "46.9", "PWD_P11": "52.0", "PWD_P12": "57.1", "PWD_P13": "62.3", "PWD_P14": "67.6", "PWD_P15": "72.9", "PWD_P16": "78.2", "PWD_P17": "83.4", "PWD_P18": "88.6", "PWD_P19": "93.7", "PWD_P20": "98.7", "PWD_P21": "103.7", "PWD_P22": "108.7", "PWD_P23": "113.8", "PWD_P24": "118.7", "PWD_P25": "123.6", "PWD_P26": "128.5", "PWD_P27": "133.4", "PWD_P28": "138.3", "PWD_P29": "143.3", "PWD_P30": "148.4", "PWD_P31": "153.5", "PWD_P32": "158.7", "PWD_P33": "163.9", "PWD_P34": "169.1", "PWD_P35": "174.4", "PWD_P36": "179.7", "PWD_P37": "185.1", "PWD_P38": "190.5", "PWD_P39": "195.9", "PWD_P40": "201.4", "PWD_P41": "207.0", "PWD_P42": "212.8", "PWD_P43": "218.6", "PWD_P44": "224.5", "PWD_P45": "230.6", "PWD_P46": "236.8", "PWD_P47": "243.1", "PWD_P48": "249.6", "PWD_P49": "256.4", "PWD_P50": "263.5", "PWD_P51": "270.9", "PWD_P52": "278.8", "PWD_P53": "286.9", "PWD_P54": "295.6", "PWD_P55": "304.8", "PWD_P56": "314.5", "PWD_P57": "324.7", "PWD_P58": "335.3", "PWD_P59": "346.8", "PWD_P60": "358.9", "PWD_P61": "371.7", "PWD_P62": "385.3", "PWD_P63": "400.3", "PWD_P64": "416.6", "PWD_P65": "434.4", "PWD_P66": "453.7", "PWD_P67": "475.5", "PWD_P68": "499.7", "PWD_P69": "525.9", "PWD_P70": "555.1", "PWD_P71": "588.4", "PWD_P72": "626.7", "PWD_P73": "670.5", "PWD_P74": "720.8", "PWD_P75": "778.0", "PWD_P76": "843.1", "PWD_P77": "918.3", "PWD_P78": "1008.8", "PWD_P79": "1111.8", "PWD_P80": "1229.3", "PWD_P81": "1360.1", "PWD_P82": "1512.8", "PWD_P83": "1693.6", "PWD_P84": "1924.3", "PWD_P85": "2203.1", "PWD_P86": "2577.9", "PWD_P87": "3061.1", "PWD_P88": "3663.1", "PWD_P89": "4394.0", "PWD_P90": "5376.5", "PWD_P91": "6567.2", "PWD_P92": "7984.3", "PWD_P93": "9622.3", "PWD_P94": "11823.8", "PWD_P95": "15098.2", "PWD_P96": "19804.0", "PWD_P97": "24678.9", "PWD_P98": "30902.1", "PWD_P99": "40747.0", "PWD_P100": "197771.9" }, "geometry": { "type": "Point", "coordinates": [ 104.665168762207031, 12.085626602172852 ] } },
{ "type": "Feature", "id": 41, "properties": { "lon": 11.806292533874512, "lat": 6.236091136932373, "year": "2010", "ISO": "CMR", "ISO_No": "120", "Name": "Cameroon", "PWC_Lat": "6.23609113693237", "PWC_Lon": "11.8062925338745", "Pop": "20341235", "Density": "43.7", "Area": "465487.4", "PWD_A": "2020.8", "PWD_G": "281.0", "PWD_M": "217.2", "PWD_P1": "3.3", "PWD_P2": "4.9", "PWD_P3": "6.3", "PWD_P4": "7.8", "PWD_P5": "9.4", "PWD_P6": "11.0", "PWD_P7": "12.6", "PWD_P8": "14.4", "PWD_P9": "16.4", "PWD_P10": "18.4", "PWD_P11": "20.5", "PWD_P12": "22.8", "PWD_P13": "25.3", "PWD_P14": "27.8", "PWD_P15": "30.5", "PWD_P16": "33.5", "PWD_P17": "36.5", "PWD_P18": "39.5", "PWD_P19": "42.8", "PWD_P20": "46.3", "PWD_P21": "49.9", "PWD_P22": "53.5", "PWD_P23": "57.1", "PWD_P24": "60.7", "PWD_P25": "64.3", "PWD_P26": "68.2", "PWD_P27": "72.1", "PWD_P28": "76.2", "PWD_P29": "80.4", "PWD_P30": "85.0", "PWD_P31": "89.8", "PWD_P32": "94.8", "PWD_P33": "99.9", "PWD_P34": "105.0", "PWD_P35": "110.3", "PWD_P36": "115.8", "PWD_P37": "121.3", "PWD_P38": "127.3", "PWD_P39": "133.7", "PWD_P40": "140.4", "PWD_P41": "147.4", "PWD_P42": "154.2", "PWD_P43": "161.1", "PWD_P44": "168.1", "PWD_P45": "175.5", "PWD_P46": "183.3", "PWD_P47": "191.4", "PWD_P48": "199.8", "PWD_P49": "208.3", "PWD_P50": "217.2", "PWD_P51": "226.2", "PWD_P52": "236.0", "PWD_P53": "247.0", "PWD_P54": "258.6", "PWD_P55": "270.5", "PWD_P56": "282.9", "PWD_P57": "296.2", "PWD_P58": "310.6", "PWD_P59": "326.5", "PWD_P60": "343.3", "PWD_P61": "361.6", "PWD_P62": "383.7", "PWD_P63": "406.8", "PWD_P64": "433.8", "PWD_P65": "465.2", "PWD_P66": "500.8", "PWD_P67": "540.3", "PWD_P68": "585.3", "PWD_P69": "635.1", "PWD_P70": "692.7", "PWD_P71": "757.0", "PWD_P72": "850.6", "PWD_P73": "951.3", "PWD_P74": "1067.3", "PWD_P75": "1200.6", "PWD_P76": "1354.1", "PWD_P77": "1584.2", "PWD_P78": "1887.8", "PWD_P79": "2371.3", "PWD_P80": "2885.1", "PWD_P81": "3397.1", "PWD_P82": "4086.9", "PWD_P83": "4733.8", "PWD_P84": "5195.5", "PWD_P85": "5590.2", "PWD_P86": "5806.2", "PWD_P87": "5927.3", "PWD_P88": "6040.9", "PWD_P89": "6175.6", "PWD_P90": "8030.5", "PWD_P91": "10260.3", "PWD_P92": "11413.2", "PWD_P93": "11986.7", "PWD_P94": "12365.7", "PWD_P95": "12773.2", "PWD_P96": "13138.7", "PWD_P97": "13435.6", "PWD_P98": "13735.1", "PWD_P99": "14062.8", "PWD_P100": "15009.1" }, "geometry": { "type": "Point", "coordinates": [ 11.806292533874512, 6.236091136932373 ] } },
{ "type": "Feature", "id": 42, "properties": { "lon": -23.989599227905273, "lat": 15.673172950744629, "year": "2010", "ISO": "CPV", "ISO_No": "132", "Name": "Cape Verde", "PWC_Lat": "15.6731729507446", "PWC_Lon": "-23.9895992279053", "Pop": "492643", "Density": "118.7", "Area": "4149.2", "PWD_A": "1383.8", "PWD_G": "439.4", "PWD_M": "356.1", "PWD_P1": "9.5", "PWD_P2": "14.5", "PWD_P3": "19.7", "PWD_P4": "24.8", "PWD_P5": "29.4", "PWD_P6": "34.4", "PWD_P7": "39.9", "PWD_P8": "46.0", "PWD_P9": "52.1", "PWD_P10": "58.2", "PWD_P11": "63.8", "PWD_P12": "69.2", "PWD_P13": "74.0", "PWD_P14": "78.2", "PWD_P15": "82.5", "PWD_P16": "87.3", "PWD_P17": "92.3", "PWD_P18": "98.1", "PWD_P19": "104.1", "PWD_P20": "109.5", "PWD_P21": "115.2", "PWD_P22": "121.9", "PWD_P23": "128.3", "PWD_P24": "134.3", "PWD_P25": "140.2", "PWD_P26": "146.0", "PWD_P27": "151.9", "PWD_P28": "157.7", "PWD_P29": "162.9", "PWD_P30": "168.5", "PWD_P31": "175.6", "PWD_P32": "183.9", "PWD_P33": "192.1", "PWD_P34": "199.4", "PWD_P35": "208.6", "PWD_P36": "218.3", "PWD_P37": "227.4", "PWD_P38": "238.2", "PWD_P39": "246.6", "PWD_P40": "253.9", "PWD_P41": "262.6", "PWD_P42": "272.9", "PWD_P43": "283.1", "PWD_P44": "293.5", "PWD_P45": "302.7", "PWD_P46": "313.2", "PWD_P47": "325.1", "PWD_P48": "336.7", "PWD_P49": "346.6", "PWD_P50": "356.1", "PWD_P51": "365.2", "PWD_P52": "376.9", "PWD_P53": "392.1", "PWD_P54": "411.6", "PWD_P55": "427.1", "PWD_P56": "444.4", "PWD_P57": "467.8", "PWD_P58": "493.9", "PWD_P59": "525.4", "PWD_P60": "558.0", "PWD_P61": "593.1", "PWD_P62": "624.4", "PWD_P63": "654.7", "PWD_P64": "692.7", "PWD_P65": "732.1", "PWD_P66": "775.3", "PWD_P67": "827.7", "PWD_P68": "881.1", "PWD_P69": "937.8", "PWD_P70": "1008.3", "PWD_P71": "1098.6", "PWD_P72": "1258.0", "PWD_P73": "1401.4", "PWD_P74": "2637.5", "PWD_P75": "2969.6", "PWD_P76": "3112.0", "PWD_P77": "3217.8", "PWD_P78": "3362.6", "PWD_P79": "3424.3", "PWD_P80": "3494.4", "PWD_P81": "3531.7", "PWD_P82": "3574.8", "PWD_P83": "3617.5", "PWD_P84": "3697.8", "PWD_P85": "3758.5", "PWD_P86": "3823.6", "PWD_P87": "3866.4", "PWD_P88": "3900.8", "PWD_P89": "3932.3", "PWD_P90": "3970.6", "PWD_P91": "4006.0", "PWD_P92": "4086.6", "PWD_P93": "4145.3", "PWD_P94": "4335.2", "PWD_P95": "5351.5", "PWD_P96": "5932.9", "PWD_P97": "6286.1", "PWD_P98": "7408.6", "PWD_P99": "8150.6", "PWD_P100": "9399.7" }, "geometry": { "type": "Point", "coordinates": [ -23.989599227905273, 15.673172950744629 ] } },
{ "type": "Feature", "id": 43, "properties": { "lon": -81.28082275390625, "lat": 19.3212890625, "year": "2010", "ISO": "CYM", "ISO_No": "136", "Name": "Cayman Islands", "PWC_Lat": "19.3212890625", "PWC_Lon": "-81.2808227539062", "Pop": "56672", "Density": "194.6", "Area": "291.3", "PWD_A": "913.1", "PWD_G": "678.9", "PWD_M": "951.4", "PWD_P1": "12.3", "PWD_P2": "18.0", "PWD_P3": "24.2", "PWD_P4": "29.7", "PWD_P5": "37.6", "PWD_P6": "45.4", "PWD_P7": "52.4", "PWD_P8": "65.6", "PWD_P9": "96.6", "PWD_P10": "276.6", "PWD_P11": "343.7", "PWD_P12": "395.8", "PWD_P13": "423.6", "PWD_P14": "445.6", "PWD_P15": "466.7", "PWD_P16": "490.1", "PWD_P17": "517.6", "PWD_P18": "550.4", "PWD_P19": "571.0", "PWD_P20": "587.1", "PWD_P21": "600.2", "PWD_P22": "617.4", "PWD_P23": "631.5", "PWD_P24": "646.9", "PWD_P25": "659.1", "PWD_P26": "672.3", "PWD_P27": "681.8", "PWD_P28": "690.9", "PWD_P29": "700.5", "PWD_P30": "710.2", "PWD_P31": "717.7", "PWD_P32": "726.6", "PWD_P33": "733.8", "PWD_P34": "741.8", "PWD_P35": "750.0", "PWD_P36": "759.3", "PWD_P37": "769.0", "PWD_P38": "778.5", "PWD_P39": "789.2", "PWD_P40": "799.8", "PWD_P41": "811.2", "PWD_P42": "825.0", "PWD_P43": "840.2", "PWD_P44": "852.2", "PWD_P45": "868.0", "PWD_P46": "882.4", "PWD_P47": "895.7", "PWD_P48": "911.1", "PWD_P49": "928.4", "PWD_P50": "951.4", "PWD_P51": "966.7", "PWD_P52": "977.9", "PWD_P53": "989.8", "PWD_P54": "1002.6", "PWD_P55": "1015.9", "PWD_P56": "1028.2", "PWD_P57": "1038.5", "PWD_P58": "1047.9", "PWD_P59": "1058.8", "PWD_P60": "1068.1", "PWD_P61": "1079.3", "PWD_P62": "1089.3", "PWD_P63": "1097.3", "PWD_P64": "1106.6", "PWD_P65": "1114.6", "PWD_P66": "1123.4", "PWD_P67": "1134.2", "PWD_P68": "1142.2", "PWD_P69": "1151.7", "PWD_P70": "1161.6", "PWD_P71": "1173.0", "PWD_P72": "1183.8", "PWD_P73": "1198.3", "PWD_P74": "1212.1", "PWD_P75": "1225.3", "PWD_P76": "1238.3", "PWD_P77": "1252.4", "PWD_P78": "1265.7", "PWD_P79": "1278.0", "PWD_P80": "1289.7", "PWD_P81": "1306.8", "PWD_P82": "1321.6", "PWD_P83": "1337.8", "PWD_P84": "1353.4", "PWD_P85": "1362.3", "PWD_P86": "1374.2", "PWD_P87": "1385.9", "PWD_P88": "1397.0", "PWD_P89": "1417.0", "PWD_P90": "1433.2", "PWD_P91": "1459.8", "PWD_P92": "1492.5", "PWD_P93": "1528.5", "PWD_P94": "1581.8", "PWD_P95": "1624.9", "PWD_P96": "1661.0", "PWD_P97": "1714.2", "PWD_P98": "1750.1", "PWD_P99": "1795.0", "PWD_P100": "1920.6" }, "geometry": { "type": "Point", "coordinates": [ -81.28082275390625, 19.3212890625 ] } },
{ "type": "Feature", "id": 44, "properties": { "lon": 18.420158386230469, "lat": 5.439551830291748, "year": "2010", "ISO": "CAF", "ISO_No": "140", "Name": "Central African Republic", "PWC_Lat": "5.43955183029175", "PWC_Lon": "18.4201583862305", "Pop": "4386765", "Density": "7.1", "Area": "621926.8", "PWD_A": "3031.8", "PWD_G": "102.1", "PWD_M": "65.4", "PWD_P1": "0.5", "PWD_P2": "0.9", "PWD_P3": "1.3", "PWD_P4": "1.6", "PWD_P5": "2.0", "PWD_P6": "2.4", "PWD_P7": "2.8", "PWD_P8": "3.2", "PWD_P9": "3.6", "PWD_P10": "4.1", "PWD_P11": "4.6", "PWD_P12": "5.1", "PWD_P13": "5.6", "PWD_P14": "6.2", "PWD_P15": "6.8", "PWD_P16": "7.4", "PWD_P17": "8.1", "PWD_P18": "8.9", "PWD_P19": "9.7", "PWD_P20": "10.5", "PWD_P21": "11.4", "PWD_P22": "12.3", "PWD_P23": "13.3", "PWD_P24": "14.3", "PWD_P25": "15.4", "PWD_P26": "16.5", "PWD_P27": "17.7", "PWD_P28": "19.0", "PWD_P29": "20.4", "PWD_P30": "21.8", "PWD_P31": "23.3", "PWD_P32": "24.9", "PWD_P33": "26.5", "PWD_P34": "28.2", "PWD_P35": "29.8", "PWD_P36": "31.6", "PWD_P37": "33.4", "PWD_P38": "35.2", "PWD_P39": "37.2", "PWD_P40": "39.3", "PWD_P41": "41.5", "PWD_P42": "43.7", "PWD_P43": "46.0", "PWD_P44": "48.4", "PWD_P45": "50.9", "PWD_P46": "53.6", "PWD_P47": "56.3", "PWD_P48": "59.2", "PWD_P49": "62.2", "PWD_P50": "65.4", "PWD_P51": "68.8", "PWD_P52": "72.5", "PWD_P53": "76.5", "PWD_P54": "80.7", "PWD_P55": "85.3", "PWD_P56": "90.2", "PWD_P57": "95.4", "PWD_P58": "101.0", "PWD_P59": "107.1", "PWD_P60": "113.5", "PWD_P61": "120.7", "PWD_P62": "128.8", "PWD_P63": "138.1", "PWD_P64": "148.3", "PWD_P65": "159.3", "PWD_P66": "171.3", "PWD_P67": "184.9", "PWD_P68": "200.4", "PWD_P69": "218.7", "PWD_P70": "239.1", "PWD_P71": "263.3", "PWD_P72": "291.1", "PWD_P73": "325.9", "PWD_P74": "369.6", "PWD_P75": "424.1", "PWD_P76": "487.6", "PWD_P77": "560.7", "PWD_P78": "652.1", "PWD_P79": "759.5", "PWD_P80": "876.3", "PWD_P81": "1028.6", "PWD_P82": "1243.3", "PWD_P83": "1530.4", "PWD_P84": "1903.7", "PWD_P85": "3017.8", "PWD_P86": "5108.1", "PWD_P87": "9981.1", "PWD_P88": "12632.2", "PWD_P89": "14625.5", "PWD_P90": "16028.6", "PWD_P91": "17666.5", "PWD_P92": "19461.7", "PWD_P93": "20561.0", "PWD_P94": "21480.7", "PWD_P95": "22428.0", "PWD_P96": "23652.7", "PWD_P97": "25399.8", "PWD_P98": "27461.4", "PWD_P99": "31092.2", "PWD_P100": "36637.6" }, "geometry": { "type": "Point", "coordinates": [ 18.420158386230469, 5.439551830291748 ] } },
{ "type": "Feature", "id": 45, "properties": { "lon": 80.426040649414062, "lat": 7.2143073081970215, "year": "2010", "ISO": "LKA", "ISO_No": "144", "Name": "Sri Lanka", "PWC_Lat": "7.21430730819702", "PWC_Lon": "80.4260406494141", "Pop": "20261738", "Density": "310.0", "Area": "65366.0", "PWD_A": "3137.5", "PWD_G": "1125.7", "PWD_M": "1073.9", "PWD_P1": "31.0", "PWD_P2": "52.9", "PWD_P3": "71.0", "PWD_P4": "87.7", "PWD_P5": "103.8", "PWD_P6": "119.7", "PWD_P7": "134.7", "PWD_P8": "149.2", "PWD_P9": "163.1", "PWD_P10": "177.0", "PWD_P11": "190.7", "PWD_P12": "204.0", "PWD_P13": "217.3", "PWD_P14": "230.7", "PWD_P15": "244.1", "PWD_P16": "257.6", "PWD_P17": "270.9", "PWD_P18": "284.4", "PWD_P19": "297.9", "PWD_P20": "311.6", "PWD_P21": "325.7", "PWD_P22": "340.2", "PWD_P23": "355.2", "PWD_P24": "370.9", "PWD_P25": "386.6", "PWD_P26": "402.8", "PWD_P27": "419.3", "PWD_P28": "436.4", "PWD_P29": "454.3", "PWD_P30": "472.4", "PWD_P31": "491.5", "PWD_P32": "511.0", "PWD_P33": "531.3", "PWD_P34": "552.6", "PWD_P35": "574.6", "PWD_P36": "597.8", "PWD_P37": "621.9", "PWD_P38": "646.6", "PWD_P39": "672.8", "PWD_P40": "700.1", "PWD_P41": "728.9", "PWD_P42": "759.2", "PWD_P43": "790.7", "PWD_P44": "824.9", "PWD_P45": "860.5", "PWD_P46": "897.9", "PWD_P47": "937.7", "PWD_P48": "980.3", "PWD_P49": "1026.0", "PWD_P50": "1073.9", "PWD_P51": "1124.2", "PWD_P52": "1178.7", "PWD_P53": "1237.5", "PWD_P54": "1299.2", "PWD_P55": "1364.1", "PWD_P56": "1434.9", "PWD_P57": "1511.0", "PWD_P58": "1590.0", "PWD_P59": "1674.6", "PWD_P60": "1762.9", "PWD_P61": "1855.5", "PWD_P62": "1950.9", "PWD_P63": "2051.5", "PWD_P64": "2155.8", "PWD_P65": "2268.7", "PWD_P66": "2381.8", "PWD_P67": "2496.4", "PWD_P68": "2617.9", "PWD_P69": "2741.4", "PWD_P70": "2868.9", "PWD_P71": "2993.9", "PWD_P72": "3124.2", "PWD_P73": "3260.8", "PWD_P74": "3406.4", "PWD_P75": "3548.2", "PWD_P76": "3697.4", "PWD_P77": "3856.8", "PWD_P78": "4030.7", "PWD_P79": "4205.9", "PWD_P80": "4393.1", "PWD_P81": "4587.4", "PWD_P82": "4796.3", "PWD_P83": "5025.3", "PWD_P84": "5279.2", "PWD_P85": "5564.4", "PWD_P86": "5851.3", "PWD_P87": "6188.7", "PWD_P88": "6575.4", "PWD_P89": "7012.4", "PWD_P90": "7495.7", "PWD_P91": "8055.1", "PWD_P92": "8739.7", "PWD_P93": "9616.3", "PWD_P94": "10784.8", "PWD_P95": "12175.5", "PWD_P96": "14004.7", "PWD_P97": "16403.1", "PWD_P98": "21663.8", "PWD_P99": "31731.6", "PWD_P100": "96522.0" }, "geometry": { "type": "Point", "coordinates": [ 80.426040649414062, 7.214307308197021 ] } },
{ "type": "Feature", "id": 46, "properties": { "lon": 17.348447799682617, "lat": 11.36192798614502, "year": "2010", "ISO": "TCD", "ISO_No": "148", "Name": "Chad", "PWC_Lat": "11.361927986145", "PWC_Lon": "17.3484477996826", "Pop": "11952134", "Density": "9.4", "Area": "1271778.2", "PWD_A": "363.4", "PWD_G": "41.6", "PWD_M": "35.6", "PWD_P1": "0.8", "PWD_P2": "1.6", "PWD_P3": "2.3", "PWD_P4": "3.0", "PWD_P5": "3.5", "PWD_P6": "4.1", "PWD_P7": "4.7", "PWD_P8": "5.3", "PWD_P9": "5.8", "PWD_P10": "6.4", "PWD_P11": "7.0", "PWD_P12": "7.6", "PWD_P13": "8.2", "PWD_P14": "8.8", "PWD_P15": "9.4", "PWD_P16": "10.0", "PWD_P17": "10.5", "PWD_P18": "11.1", "PWD_P19": "11.7", "PWD_P20": "12.2", "PWD_P21": "12.8", "PWD_P22": "13.4", "PWD_P23": "14.1", "PWD_P24": "14.7", "PWD_P25": "15.4", "PWD_P26": "16.1", "PWD_P27": "16.7", "PWD_P28": "17.4", "PWD_P29": "18.1", "PWD_P30": "18.8", "PWD_P31": "19.5", "PWD_P32": "20.2", "PWD_P33": "20.9", "PWD_P34": "21.6", "PWD_P35": "22.3", "PWD_P36": "23.0", "PWD_P37": "23.8", "PWD_P38": "24.5", "PWD_P39": "25.3", "PWD_P40": "26.1", "PWD_P41": "26.9", "PWD_P42": "27.7", "PWD_P43": "28.6", "PWD_P44": "29.4", "PWD_P45": "30.4", "PWD_P46": "31.4", "PWD_P47": "32.4", "PWD_P48": "33.4", "PWD_P49": "34.5", "PWD_P50": "35.6", "PWD_P51": "36.8", "PWD_P52": "38.0", "PWD_P53": "39.2", "PWD_P54": "40.5", "PWD_P55": "41.8", "PWD_P56": "43.0", "PWD_P57": "44.4", "PWD_P58": "45.8", "PWD_P59": "47.2", "PWD_P60": "48.6", "PWD_P61": "50.2", "PWD_P62": "51.7", "PWD_P63": "53.3", "PWD_P64": "55.0", "PWD_P65": "56.8", "PWD_P66": "58.6", "PWD_P67": "60.6", "PWD_P68": "62.7", "PWD_P69": "64.9", "PWD_P70": "67.1", "PWD_P71": "69.4", "PWD_P72": "71.7", "PWD_P73": "74.3", "PWD_P74": "77.2", "PWD_P75": "80.1", "PWD_P76": "83.2", "PWD_P77": "86.4", "PWD_P78": "89.8", "PWD_P79": "93.4", "PWD_P80": "97.4", "PWD_P81": "102.1", "PWD_P82": "107.1", "PWD_P83": "112.7", "PWD_P84": "119.4", "PWD_P85": "127.3", "PWD_P86": "136.1", "PWD_P87": "146.2", "PWD_P88": "160.4", "PWD_P89": "181.4", "PWD_P90": "213.7", "PWD_P91": "324.4", "PWD_P92": "1629.5", "PWD_P93": "2320.7", "PWD_P94": "2753.0", "PWD_P95": "3936.6", "PWD_P96": "4560.2", "PWD_P97": "4629.7", "PWD_P98": "4670.1", "PWD_P99": "4726.1", "PWD_P100": "4894.7" }, "geometry": { "type": "Point", "coordinates": [ 17.348447799682617, 11.36192798614502 ] } },
{ "type": "Feature", "id": 47, "properties": { "lon": 120.93204498291016, "lat": 24.172178268432617, "year": "2010", "ISO": "TWN", "ISO_No": "158", "Name": "Taiwan", "PWC_Lat": "24.1721782684326", "PWC_Lon": "120.93204498291", "Pop": "23187556", "Density": "636.7", "Area": "36417.2", "PWD_A": "10456.3", "PWD_G": "4513.5", "PWD_M": "5779.1", "PWD_P1": "53.8", "PWD_P2": "110.5", "PWD_P3": "166.3", "PWD_P4": "217.4", "PWD_P5": "266.2", "PWD_P6": "315.8", "PWD_P7": "365.1", "PWD_P8": "415.0", "PWD_P9": "466.8", "PWD_P10": "520.4", "PWD_P11": "575.8", "PWD_P12": "633.6", "PWD_P13": "693.5", "PWD_P14": "755.9", "PWD_P15": "821.3", "PWD_P16": "890.1", "PWD_P17": "963.1", "PWD_P18": "1038.3", "PWD_P19": "1117.0", "PWD_P20": "1201.0", "PWD_P21": "1289.3", "PWD_P22": "1380.5", "PWD_P23": "1477.0", "PWD_P24": "1576.7", "PWD_P25": "1679.9", "PWD_P26": "1785.7", "PWD_P27": "1894.4", "PWD_P28": "2008.5", "PWD_P29": "2127.8", "PWD_P30": "2251.7", "PWD_P31": "2380.6", "PWD_P32": "2512.5", "PWD_P33": "2649.7", "PWD_P34": "2796.5", "PWD_P35": "2946.5", "PWD_P36": "3098.0", "PWD_P37": "3257.6", "PWD_P38": "3424.3", "PWD_P39": "3590.6", "PWD_P40": "3768.7", "PWD_P41": "3949.9", "PWD_P42": "4134.2", "PWD_P43": "4322.9", "PWD_P44": "4517.0", "PWD_P45": "4715.0", "PWD_P46": "4915.5", "PWD_P47": "5122.1", "PWD_P48": "5340.4", "PWD_P49": "5556.0", "PWD_P50": "5779.1", "PWD_P51": "6005.4", "PWD_P52": "6239.9", "PWD_P53": "6484.0", "PWD_P54": "6741.9", "PWD_P55": "6997.8", "PWD_P56": "7273.2", "PWD_P57": "7572.6", "PWD_P58": "7877.2", "PWD_P59": "8203.1", "PWD_P60": "8543.3", "PWD_P61": "8905.2", "PWD_P62": "9267.6", "PWD_P63": "9621.0", "PWD_P64": "9994.3", "PWD_P65": "10382.0", "PWD_P66": "10778.9", "PWD_P67": "11185.9", "PWD_P68": "11635.0", "PWD_P69": "12105.6", "PWD_P70": "12575.4", "PWD_P71": "13051.5", "PWD_P72": "13522.3", "PWD_P73": "13981.5", "PWD_P74": "14498.4", "PWD_P75": "15095.8", "PWD_P76": "15763.5", "PWD_P77": "16517.0", "PWD_P78": "17385.8", "PWD_P79": "18223.6", "PWD_P80": "19036.2", "PWD_P81": "19785.7", "PWD_P82": "20488.9", "PWD_P83": "21276.0", "PWD_P84": "22114.2", "PWD_P85": "23020.3", "PWD_P86": "24120.2", "PWD_P87": "25174.5", "PWD_P88": "26261.9", "PWD_P89": "27464.8", "PWD_P90": "28674.2", "PWD_P91": "30005.9", "PWD_P92": "31448.0", "PWD_P93": "32907.9", "PWD_P94": "34383.1", "PWD_P95": "35856.8", "PWD_P96": "37328.1", "PWD_P97": "39307.7", "PWD_P98": "42758.3", "PWD_P99": "50434.1", "PWD_P100": "64826.0" }, "geometry": { "type": "Point", "coordinates": [ 120.932044982910156, 24.172178268432617 ] } },
{ "type": "Feature", "id": 48, "properties": { "lon": -74.9066, "lat": 5.8965, "year": "2010", "ISO": "COL", "ISO_No": "170", "Name": "Colombia", "PWC_Lat": "5.8965", "PWC_Lon": "-74.9066", "Pop": "45222699", "Density": "39.9", "Area": "1132388.3", "PWD_A": "4617.9", "PWD_G": "828.9", "PWD_M": "1333.1", "PWD_P1": "3.3", "PWD_P2": "6.5", "PWD_P3": "8.8", "PWD_P4": "10.8", "PWD_P5": "12.8", "PWD_P6": "14.8", "PWD_P7": "16.9", "PWD_P8": "19.1", "PWD_P9": "21.3", "PWD_P10": "23.8", "PWD_P11": "26.6", "PWD_P12": "29.9", "PWD_P13": "34.0", "PWD_P14": "38.9", "PWD_P15": "44.3", "PWD_P16": "50.3", "PWD_P17": "56.5", "PWD_P18": "62.7", "PWD_P19": "69.0", "PWD_P20": "75.2", "PWD_P21": "81.4", "PWD_P22": "87.8", "PWD_P23": "94.3", "PWD_P24": "101.1", "PWD_P25": "108.1", "PWD_P26": "115.5", "PWD_P27": "123.8", "PWD_P28": "133.2", "PWD_P29": "144.3", "PWD_P30": "156.6", "PWD_P31": "170.6", "PWD_P32": "186.5", "PWD_P33": "204.8", "PWD_P34": "226.8", "PWD_P35": "252.6", "PWD_P36": "283.0", "PWD_P37": "318.6", "PWD_P38": "361.0", "PWD_P39": "406.9", "PWD_P40": "456.9", "PWD_P41": "512.1", "PWD_P42": "575.7", "PWD_P43": "646.3", "PWD_P44": "723.8", "PWD_P45": "806.9", "PWD_P46": "899.8", "PWD_P47": "1001.7", "PWD_P48": "1106.4", "PWD_P49": "1215.6", "PWD_P50": "1333.1", "PWD_P51": "1455.7", "PWD_P52": "1592.8", "PWD_P53": "1750.3", "PWD_P54": "1916.1", "PWD_P55": "2078.2", "PWD_P56": "2249.4", "PWD_P57": "2432.1", "PWD_P58": "2611.6", "PWD_P59": "2780.7", "PWD_P60": "2963.5", "PWD_P61": "3162.5", "PWD_P62": "3370.6", "PWD_P63": "3597.5", "PWD_P64": "3884.9", "PWD_P65": "4194.6", "PWD_P66": "4564.0", "PWD_P67": "4941.5", "PWD_P68": "5306.2", "PWD_P69": "5720.8", "PWD_P70": "6166.3", "PWD_P71": "6572.3", "PWD_P72": "6920.9", "PWD_P73": "7304.8", "PWD_P74": "7792.2", "PWD_P75": "8386.5", "PWD_P76": "8963.6", "PWD_P77": "9435.9", "PWD_P78": "9995.1", "PWD_P79": "10546.9", "PWD_P80": "11109.8", "PWD_P81": "11630.7", "PWD_P82": "12296.1", "PWD_P83": "12818.4", "PWD_P84": "13218.4", "PWD_P85": "13574.9", "PWD_P86": "13926.8", "PWD_P87": "14225.8", "PWD_P88": "14588.3", "PWD_P89": "14955.9", "PWD_P90": "15286.3", "PWD_P91": "15564.8", "PWD_P92": "15790.3", "PWD_P93": "15989.3", "PWD_P94": "16191.2", "PWD_P95": "16369.7", "PWD_P96": "16551.2", "PWD_P97": "16746.6", "PWD_P98": "16959.0", "PWD_P99": "17281.7", "PWD_P100": "22164.7" }, "geometry": { "type": "Point", "coordinates": [ -74.9066, 5.8965 ] } },
{ "type": "Feature", "id": 49, "properties": { "lon": 43.581497192382812, "lat": -11.970726013183594, "year": "2010", "ISO": "COM", "ISO_No": "174", "Name": "Comoros", "PWC_Lat": "-11.9707260131836", "PWC_Lon": "43.5814971923828", "Pop": "689695", "Density": "404.0", "Area": "1707.2", "PWD_A": "932.7", "PWD_G": "630.1", "PWD_M": "635.1", "PWD_P1": "70.1", "PWD_P2": "91.3", "PWD_P3": "103.6", "PWD_P4": "112.9", "PWD_P5": "123.3", "PWD_P6": "134.2", "PWD_P7": "144.8", "PWD_P8": "154.4", "PWD_P9": "164.9", "PWD_P10": "178.0", "PWD_P11": "192.3", "PWD_P12": "205.9", "PWD_P13": "219.2", "PWD_P14": "230.4", "PWD_P15": "242.2", "PWD_P16": "254.0", "PWD_P17": "264.2", "PWD_P18": "273.8", "PWD_P19": "283.8", "PWD_P20": "293.8", "PWD_P21": "303.3", "PWD_P22": "311.8", "PWD_P23": "321.0", "PWD_P24": "330.7", "PWD_P25": "340.9", "PWD_P26": "350.8", "PWD_P27": "360.4", "PWD_P28": "369.9", "PWD_P29": "378.8", "PWD_P30": "387.8", "PWD_P31": "396.8", "PWD_P32": "407.1", "PWD_P33": "418.7", "PWD_P34": "431.2", "PWD_P35": "444.5", "PWD_P36": "457.5", "PWD_P37": "469.6", "PWD_P38": "481.9", "PWD_P39": "493.3", "PWD_P40": "504.9", "PWD_P41": "516.6", "PWD_P42": "528.9", "PWD_P43": "541.0", "PWD_P44": "553.7", "PWD_P45": "566.3", "PWD_P46": "579.1", "PWD_P47": "593.5", "PWD_P48": "607.4", "PWD_P49": "620.9", "PWD_P50": "635.1", "PWD_P51": "649.9", "PWD_P52": "666.8", "PWD_P53": "685.9", "PWD_P54": "704.1", "PWD_P55": "722.5", "PWD_P56": "741.8", "PWD_P57": "764.0", "PWD_P58": "787.3", "PWD_P59": "812.0", "PWD_P60": "837.0", "PWD_P61": "863.6", "PWD_P62": "889.2", "PWD_P63": "916.7", "PWD_P64": "941.6", "PWD_P65": "965.6", "PWD_P66": "989.8", "PWD_P67": "1011.9", "PWD_P68": "1033.1", "PWD_P69": "1054.5", "PWD_P70": "1077.8", "PWD_P71": "1100.9", "PWD_P72": "1128.2", "PWD_P73": "1152.3", "PWD_P74": "1179.0", "PWD_P75": "1207.8", "PWD_P76": "1237.2", "PWD_P77": "1268.7", "PWD_P78": "1305.9", "PWD_P79": "1352.8", "PWD_P80": "1405.8", "PWD_P81": "1461.4", "PWD_P82": "1519.0", "PWD_P83": "1570.6", "PWD_P84": "1653.4", "PWD_P85": "1734.3", "PWD_P86": "1817.9", "PWD_P87": "1899.2", "PWD_P88": "1974.9", "PWD_P89": "2065.0", "PWD_P90": "2166.8", "PWD_P91": "2273.7", "PWD_P92": "2379.7", "PWD_P93": "2501.6", "PWD_P94": "2622.5", "PWD_P95": "2769.0", "PWD_P96": "2941.1", "PWD_P97": "3135.5", "PWD_P98": "3660.2", "PWD_P99": "4073.4", "PWD_P100": "4472.1" }, "geometry": { "type": "Point", "coordinates": [ 43.581497192382812, -11.970726013183594 ] } },
{ "type": "Feature", "id": 50, "properties": { "lon": 45.171695709228516, "lat": -12.80135440826416, "year": "2010", "ISO": "MYT", "ISO_No": "175", "Name": "Mayotte", "PWC_Lat": "-12.8013544082642", "PWC_Lon": "45.1716957092285", "Pop": "208715", "Density": "514.1", "Area": "406.0", "PWD_A": "969.7", "PWD_G": "715.8", "PWD_M": "720.5", "PWD_P1": "135.5", "PWD_P2": "155.6", "PWD_P3": "171.2", "PWD_P4": "182.3", "PWD_P5": "189.8", "PWD_P6": "197.0", "PWD_P7": "205.2", "PWD_P8": "213.3", "PWD_P9": "221.8", "PWD_P10": "229.9", "PWD_P11": "238.2", "PWD_P12": "245.7", "PWD_P13": "253.6", "PWD_P14": "261.2", "PWD_P15": "269.4", "PWD_P16": "277.4", "PWD_P17": "286.2", "PWD_P18": "296.0", "PWD_P19": "307.5", "PWD_P20": "318.8", "PWD_P21": "329.8", "PWD_P22": "342.1", "PWD_P23": "353.8", "PWD_P24": "365.4", "PWD_P25": "376.4", "PWD_P26": "387.1", "PWD_P27": "397.4", "PWD_P28": "408.2", "PWD_P29": "420.4", "PWD_P30": "431.5", "PWD_P31": "444.0", "PWD_P32": "456.6", "PWD_P33": "469.3", "PWD_P34": "481.3", "PWD_P35": "495.4", "PWD_P36": "506.9", "PWD_P37": "520.3", "PWD_P38": "533.8", "PWD_P39": "548.0", "PWD_P40": "561.6", "PWD_P41": "576.4", "PWD_P42": "591.4", "PWD_P43": "608.2", "PWD_P44": "625.3", "PWD_P45": "641.5", "PWD_P46": "656.4", "PWD_P47": "671.1", "PWD_P48": "685.3", "PWD_P49": "702.0", "PWD_P50": "720.5", "PWD_P51": "740.0", "PWD_P52": "761.0", "PWD_P53": "779.8", "PWD_P54": "801.8", "PWD_P55": "827.1", "PWD_P56": "854.8", "PWD_P57": "884.5", "PWD_P58": "914.2", "PWD_P59": "944.7", "PWD_P60": "975.5", "PWD_P61": "1007.8", "PWD_P62": "1039.2", "PWD_P63": "1069.5", "PWD_P64": "1091.8", "PWD_P65": "1116.4", "PWD_P66": "1136.9", "PWD_P67": "1158.9", "PWD_P68": "1185.5", "PWD_P69": "1219.9", "PWD_P70": "1253.1", "PWD_P71": "1284.1", "PWD_P72": "1314.8", "PWD_P73": "1347.3", "PWD_P74": "1381.8", "PWD_P75": "1421.1", "PWD_P76": "1473.5", "PWD_P77": "1525.9", "PWD_P78": "1567.8", "PWD_P79": "1622.5", "PWD_P80": "1676.8", "PWD_P81": "1730.6", "PWD_P82": "1779.3", "PWD_P83": "1839.8", "PWD_P84": "1902.0", "PWD_P85": "1962.5", "PWD_P86": "2017.6", "PWD_P87": "2078.9", "PWD_P88": "2128.8", "PWD_P89": "2166.7", "PWD_P90": "2207.0", "PWD_P91": "2235.8", "PWD_P92": "2270.0", "PWD_P93": "2302.4", "PWD_P94": "2339.3", "PWD_P95": "2366.1", "PWD_P96": "2399.0", "PWD_P97": "2440.4", "PWD_P98": "2495.2", "PWD_P99": "2563.5", "PWD_P100": "2855.6" }, "geometry": { "type": "Point", "coordinates": [ 45.171695709228516, -12.80135440826416 ] } },
{ "type": "Feature", "id": 51, "properties": { "lon": 14.42012882232666, "lat": -3.3051228523254395, "year": "2010", "ISO": "COG", "ISO_No": "178", "Name": "Republic of Congo", "PWC_Lat": "-3.30512285232544", "PWC_Lon": "14.4201288223267", "Pop": "4273738", "Density": "12.6", "Area": "339923.5", "PWD_A": "6008.3", "PWD_G": "384.0", "PWD_M": "2565.7", "PWD_P1": "1.7", "PWD_P2": "2.1", "PWD_P3": "2.4", "PWD_P4": "2.6", "PWD_P5": "2.9", "PWD_P6": "3.1", "PWD_P7": "3.3", "PWD_P8": "3.5", "PWD_P9": "3.7", "PWD_P10": "3.9", "PWD_P11": "4.1", "PWD_P12": "4.3", "PWD_P13": "4.5", "PWD_P14": "4.7", "PWD_P15": "4.9", "PWD_P16": "5.2", "PWD_P17": "5.4", "PWD_P18": "5.7", "PWD_P19": "6.0", "PWD_P20": "6.4", "PWD_P21": "6.7", "PWD_P22": "7.0", "PWD_P23": "7.5", "PWD_P24": "7.9", "PWD_P25": "8.4", "PWD_P26": "8.9", "PWD_P27": "9.4", "PWD_P28": "10.0", "PWD_P29": "10.8", "PWD_P30": "11.7", "PWD_P31": "12.6", "PWD_P32": "13.8", "PWD_P33": "15.0", "PWD_P34": "16.4", "PWD_P35": "18.0", "PWD_P36": "19.8", "PWD_P37": "21.9", "PWD_P38": "24.8", "PWD_P39": "28.1", "PWD_P40": "32.9", "PWD_P41": "38.7", "PWD_P42": "46.8", "PWD_P43": "57.3", "PWD_P44": "74.0", "PWD_P45": "757.5", "PWD_P46": "1188.0", "PWD_P47": "1534.1", "PWD_P48": "1971.3", "PWD_P49": "2331.1", "PWD_P50": "2565.7", "PWD_P51": "2885.7", "PWD_P52": "3064.4", "PWD_P53": "3376.8", "PWD_P54": "3544.9", "PWD_P55": "3797.0", "PWD_P56": "3903.8", "PWD_P57": "3950.4", "PWD_P58": "4175.1", "PWD_P59": "4385.1", "PWD_P60": "5048.2", "PWD_P61": "5147.9", "PWD_P62": "5258.2", "PWD_P63": "8044.4", "PWD_P64": "9264.0", "PWD_P65": "9966.9", "PWD_P66": "10614.8", "PWD_P67": "10876.2", "PWD_P68": "11022.5", "PWD_P69": "11175.4", "PWD_P70": "11310.2", "PWD_P71": "11360.5", "PWD_P72": "11451.8", "PWD_P73": "11644.2", "PWD_P74": "11777.0", "PWD_P75": "12142.5", "PWD_P76": "12404.9", "PWD_P77": "12771.9", "PWD_P78": "13461.6", "PWD_P79": "13730.9", "PWD_P80": "13862.8", "PWD_P81": "14035.3", "PWD_P82": "14272.6", "PWD_P83": "14425.8", "PWD_P84": "14769.6", "PWD_P85": "14921.7", "PWD_P86": "14979.0", "PWD_P87": "15111.0", "PWD_P88": "15313.5", "PWD_P89": "16217.8", "PWD_P90": "16857.6", "PWD_P91": "17384.4", "PWD_P92": "17607.6", "PWD_P93": "17972.9", "PWD_P94": "18529.5", "PWD_P95": "19926.5", "PWD_P96": "20006.5", "PWD_P97": "20077.9", "PWD_P98": "20387.2", "PWD_P99": "20600.2", "PWD_P100": "21979.0" }, "geometry": { "type": "Point", "coordinates": [ 14.42012882232666, -3.305122852325439 ] } },
{ "type": "Feature", "id": 52, "properties": { "lon": 23.4118, "lat": -3.6515, "year": "2010", "ISO": "COD", "ISO_No": "180", "Name": "Democratic Republic of the Congo", "PWC_Lat": "-3.6515", "PWC_Lon": "23.4118", "Pop": "64563852", "Density": "28.1", "Area": "2297129.5", "PWD_A": "4065.6", "PWD_G": "215.1", "PWD_M": "132.1", "PWD_P1": "2.4", "PWD_P2": "3.5", "PWD_P3": "4.7", "PWD_P4": "5.7", "PWD_P5": "6.8", "PWD_P6": "7.9", "PWD_P7": "8.9", "PWD_P8": "10.0", "PWD_P9": "11.2", "PWD_P10": "12.4", "PWD_P11": "13.7", "PWD_P12": "15.0", "PWD_P13": "16.3", "PWD_P14": "17.7", "PWD_P15": "19.1", "PWD_P16": "20.6", "PWD_P17": "22.1", "PWD_P18": "23.7", "PWD_P19": "25.3", "PWD_P20": "27.0", "PWD_P21": "28.7", "PWD_P22": "30.5", "PWD_P23": "32.4", "PWD_P24": "34.3", "PWD_P25": "36.3", "PWD_P26": "38.3", "PWD_P27": "40.5", "PWD_P28": "42.7", "PWD_P29": "45.0", "PWD_P30": "47.5", "PWD_P31": "50.0", "PWD_P32": "52.5", "PWD_P33": "55.3", "PWD_P34": "58.1", "PWD_P35": "61.1", "PWD_P36": "64.2", "PWD_P37": "67.6", "PWD_P38": "71.3", "PWD_P39": "75.1", "PWD_P40": "79.1", "PWD_P41": "83.3", "PWD_P42": "87.6", "PWD_P43": "92.2", "PWD_P44": "97.0", "PWD_P45": "102.1", "PWD_P46": "107.5", "PWD_P47": "113.1", "PWD_P48": "119.0", "PWD_P49": "125.3", "PWD_P50": "132.1", "PWD_P51": "139.4", "PWD_P52": "147.4", "PWD_P53": "156.1", "PWD_P54": "165.5", "PWD_P55": "175.5", "PWD_P56": "186.5", "PWD_P57": "198.5", "PWD_P58": "211.7", "PWD_P59": "225.7", "PWD_P60": "240.7", "PWD_P61": "257.2", "PWD_P62": "275.6", "PWD_P63": "296.2", "PWD_P64": "319.1", "PWD_P65": "343.3", "PWD_P66": "369.2", "PWD_P67": "398.4", "PWD_P68": "431.7", "PWD_P69": "469.7", "PWD_P70": "512.3", "PWD_P71": "560.3", "PWD_P72": "615.2", "PWD_P73": "680.7", "PWD_P74": "763.1", "PWD_P75": "861.7", "PWD_P76": "997.9", "PWD_P77": "1165.3", "PWD_P78": "1395.3", "PWD_P79": "1687.4", "PWD_P80": "2053.8", "PWD_P81": "2506.8", "PWD_P82": "3024.4", "PWD_P83": "3683.5", "PWD_P84": "4401.9", "PWD_P85": "5281.9", "PWD_P86": "6447.0", "PWD_P87": "7665.7", "PWD_P88": "9149.4", "PWD_P89": "11264.3", "PWD_P90": "13755.8", "PWD_P91": "16316.1", "PWD_P92": "18885.1", "PWD_P93": "21395.4", "PWD_P94": "23913.8", "PWD_P95": "27146.3", "PWD_P96": "31267.0", "PWD_P97": "34563.2", "PWD_P98": "42350.2", "PWD_P99": "60854.7", "PWD_P100": "99766.1" }, "geometry": { "type": "Point", "coordinates": [ 23.4118, -3.6515 ] } },
{ "type": "Feature", "id": 53, "properties": { "lon": -159.8043, "lat": -20.2266, "year": "2010", "ISO": "COK", "ISO_No": "184", "Name": "Cook Islands", "PWC_Lat": "-20.2266", "PWC_Lon": "-159.8043", "Pop": "18392", "Density": "64.0", "Area": "287.6", "PWD_A": "338.3", "PWD_G": "198.3", "PWD_M": "281.5", "PWD_P1": "7.3", "PWD_P2": "8.0", "PWD_P3": "8.9", "PWD_P4": "9.5", "PWD_P5": "10.3", "PWD_P6": "11.3", "PWD_P7": "13.6", "PWD_P8": "18.3", "PWD_P9": "23.9", "PWD_P10": "28.9", "PWD_P11": "32.2", "PWD_P12": "35.5", "PWD_P13": "39.0", "PWD_P14": "43.1", "PWD_P15": "46.9", "PWD_P16": "51.0", "PWD_P17": "55.6", "PWD_P18": "59.5", "PWD_P19": "64.8", "PWD_P20": "70.5", "PWD_P21": "77.3", "PWD_P22": "84.0", "PWD_P23": "91.5", "PWD_P24": "100.6", "PWD_P25": "109.6", "PWD_P26": "117.2", "PWD_P27": "125.1", "PWD_P28": "133.7", "PWD_P29": "141.9", "PWD_P30": "151.0", "PWD_P31": "158.5", "PWD_P32": "166.8", "PWD_P33": "172.8", "PWD_P34": "178.8", "PWD_P35": "185.2", "PWD_P36": "192.1", "PWD_P37": "200.4", "PWD_P38": "207.6", "PWD_P39": "214.5", "PWD_P40": "221.5", "PWD_P41": "228.0", "PWD_P42": "234.2", "PWD_P43": "240.4", "PWD_P44": "245.5", "PWD_P45": "251.0", "PWD_P46": "256.6", "PWD_P47": "263.1", "PWD_P48": "269.0", "PWD_P49": "275.2", "PWD_P50": "281.5", "PWD_P51": "289.1", "PWD_P52": "295.9", "PWD_P53": "302.6", "PWD_P54": "310.4", "PWD_P55": "317.5", "PWD_P56": "325.4", "PWD_P57": "335.7", "PWD_P58": "345.0", "PWD_P59": "354.3", "PWD_P60": "362.6", "PWD_P61": "371.3", "PWD_P62": "379.9", "PWD_P63": "386.6", "PWD_P64": "394.3", "PWD_P65": "399.9", "PWD_P66": "407.5", "PWD_P67": "416.1", "PWD_P68": "425.0", "PWD_P69": "434.4", "PWD_P70": "445.7", "PWD_P71": "456.6", "PWD_P72": "463.6", "PWD_P73": "470.0", "PWD_P74": "476.9", "PWD_P75": "486.3", "PWD_P76": "494.2", "PWD_P77": "503.9", "PWD_P78": "512.8", "PWD_P79": "525.5", "PWD_P80": "538.3", "PWD_P81": "549.5", "PWD_P82": "561.9", "PWD_P83": "573.1", "PWD_P84": "588.3", "PWD_P85": "604.4", "PWD_P86": "626.1", "PWD_P87": "651.3", "PWD_P88": "678.4", "PWD_P89": "706.4", "PWD_P90": "748.7", "PWD_P91": "785.3", "PWD_P92": "824.0", "PWD_P93": "847.7", "PWD_P94": "896.8", "PWD_P95": "931.3", "PWD_P96": "964.1", "PWD_P97": "995.8", "PWD_P98": "1057.7", "PWD_P99": "1160.5", "PWD_P100": "1323.3" }, "geometry": { "type": "Point", "coordinates": [ -159.8043, -20.2266 ] } },
{ "type": "Feature", "id": 54, "properties": { "lon": -84.141281127929688, "lat": 9.9641380310058594, "year": "2010", "ISO": "CRI", "ISO_No": "188", "Name": "Costa Rica", "PWC_Lat": "9.96413803100586", "PWC_Lon": "-84.1412811279297", "Pop": "4577371", "Density": "89.1", "Area": "51350.7", "PWD_A": "3053.4", "PWD_G": "760.5", "PWD_M": "1221.3", "PWD_P1": "6.1", "PWD_P2": "9.6", "PWD_P3": "13.3", "PWD_P4": "17.1", "PWD_P5": "20.8", "PWD_P6": "24.0", "PWD_P7": "26.9", "PWD_P8": "29.9", "PWD_P9": "33.0", "PWD_P10": "36.3", "PWD_P11": "39.8", "PWD_P12": "43.4", "PWD_P13": "47.4", "PWD_P14": "51.3", "PWD_P15": "55.3", "PWD_P16": "59.5", "PWD_P17": "63.9", "PWD_P18": "68.6", "PWD_P19": "73.5", "PWD_P20": "79.0", "PWD_P21": "85.4", "PWD_P22": "92.8", "PWD_P23": "101.3", "PWD_P24": "110.4", "PWD_P25": "121.2", "PWD_P26": "133.8", "PWD_P27": "147.6", "PWD_P28": "162.6", "PWD_P29": "178.7", "PWD_P30": "195.6", "PWD_P31": "214.1", "PWD_P32": "234.9", "PWD_P33": "259.2", "PWD_P34": "285.5", "PWD_P35": "314.9", "PWD_P36": "348.0", "PWD_P37": "384.6", "PWD_P38": "425.2", "PWD_P39": "471.0", "PWD_P40": "520.4", "PWD_P41": "573.4", "PWD_P42": "632.4", "PWD_P43": "696.1", "PWD_P44": "762.3", "PWD_P45": "832.1", "PWD_P46": "902.1", "PWD_P47": "976.5", "PWD_P48": "1054.0", "PWD_P49": "1135.6", "PWD_P50": "1221.3", "PWD_P51": "1314.7", "PWD_P52": "1414.4", "PWD_P53": "1515.4", "PWD_P54": "1626.1", "PWD_P55": "1728.0", "PWD_P56": "1834.9", "PWD_P57": "1957.8", "PWD_P58": "2071.0", "PWD_P59": "2193.4", "PWD_P60": "2323.7", "PWD_P61": "2452.0", "PWD_P62": "2580.3", "PWD_P63": "2727.3", "PWD_P64": "2874.4", "PWD_P65": "3025.2", "PWD_P66": "3184.1", "PWD_P67": "3359.7", "PWD_P68": "3545.0", "PWD_P69": "3758.0", "PWD_P70": "3974.7", "PWD_P71": "4180.4", "PWD_P72": "4393.7", "PWD_P73": "4622.9", "PWD_P74": "4851.0", "PWD_P75": "5066.9", "PWD_P76": "5288.2", "PWD_P77": "5524.8", "PWD_P78": "5743.4", "PWD_P79": "5950.4", "PWD_P80": "6158.9", "PWD_P81": "6374.9", "PWD_P82": "6599.1", "PWD_P83": "6828.7", "PWD_P84": "7072.1", "PWD_P85": "7329.4", "PWD_P86": "7588.9", "PWD_P87": "7878.5", "PWD_P88": "8164.8", "PWD_P89": "8476.0", "PWD_P90": "8833.8", "PWD_P91": "9235.9", "PWD_P92": "9683.8", "PWD_P93": "10167.5", "PWD_P94": "10704.0", "PWD_P95": "11288.1", "PWD_P96": "11976.6", "PWD_P97": "12805.9", "PWD_P98": "13684.2", "PWD_P99": "14766.7", "PWD_P100": "30620.3" }, "geometry": { "type": "Point", "coordinates": [ -84.141281127929688, 9.964138031005859 ] } },
{ "type": "Feature", "id": 55, "properties": { "lon": 16.370111465454102, "lat": 45.224300384521484, "year": "2010", "ISO": "HRV", "ISO_No": "191", "Name": "Croatia", "PWC_Lat": "45.2243003845215", "PWC_Lon": "16.3701114654541", "Pop": "4328162", "Density": "76.5", "Area": "56598.6", "PWD_A": "886.0", "PWD_G": "300.7", "PWD_M": "321.4", "PWD_P1": "6.6", "PWD_P2": "9.9", "PWD_P3": "12.8", "PWD_P4": "15.6", "PWD_P5": "18.3", "PWD_P6": "20.9", "PWD_P7": "23.7", "PWD_P8": "26.4", "PWD_P9": "29.1", "PWD_P10": "31.7", "PWD_P11": "34.4", "PWD_P12": "37.2", "PWD_P13": "40.0", "PWD_P14": "42.8", "PWD_P15": "45.9", "PWD_P16": "49.0", "PWD_P17": "52.3", "PWD_P18": "55.7", "PWD_P19": "59.2", "PWD_P20": "62.8", "PWD_P21": "66.5", "PWD_P22": "70.4", "PWD_P23": "74.4", "PWD_P24": "78.8", "PWD_P25": "83.3", "PWD_P26": "87.9", "PWD_P27": "92.7", "PWD_P28": "97.5", "PWD_P29": "102.7", "PWD_P30": "108.2", "PWD_P31": "113.9", "PWD_P32": "119.9", "PWD_P33": "126.3", "PWD_P34": "133.1", "PWD_P35": "140.3", "PWD_P36": "147.7", "PWD_P37": "155.8", "PWD_P38": "164.3", "PWD_P39": "173.3", "PWD_P40": "182.8", "PWD_P41": "193.0", "PWD_P42": "203.9", "PWD_P43": "215.6", "PWD_P44": "227.9", "PWD_P45": "241.2", "PWD_P46": "255.3", "PWD_P47": "270.5", "PWD_P48": "286.5", "PWD_P49": "303.6", "PWD_P50": "321.4", "PWD_P51": "340.0", "PWD_P52": "359.3", "PWD_P53": "379.9", "PWD_P54": "401.4", "PWD_P55": "423.3", "PWD_P56": "446.4", "PWD_P57": "470.8", "PWD_P58": "497.9", "PWD_P59": "526.3", "PWD_P60": "556.3", "PWD_P61": "588.7", "PWD_P62": "625.7", "PWD_P63": "664.0", "PWD_P64": "704.0", "PWD_P65": "747.2", "PWD_P66": "791.3", "PWD_P67": "835.7", "PWD_P68": "884.0", "PWD_P69": "935.4", "PWD_P70": "991.3", "PWD_P71": "1047.7", "PWD_P72": "1105.9", "PWD_P73": "1168.7", "PWD_P74": "1238.5", "PWD_P75": "1308.7", "PWD_P76": "1381.5", "PWD_P77": "1451.9", "PWD_P78": "1513.2", "PWD_P79": "1580.1", "PWD_P80": "1649.0", "PWD_P81": "1722.1", "PWD_P82": "1798.4", "PWD_P83": "1874.6", "PWD_P84": "1956.4", "PWD_P85": "2044.6", "PWD_P86": "2141.8", "PWD_P87": "2244.0", "PWD_P88": "2335.3", "PWD_P89": "2432.3", "PWD_P90": "2555.0", "PWD_P91": "2649.7", "PWD_P92": "2708.5", "PWD_P93": "2770.3", "PWD_P94": "2859.1", "PWD_P95": "3269.0", "PWD_P96": "3954.7", "PWD_P97": "4433.8", "PWD_P98": "4998.9", "PWD_P99": "5618.6", "PWD_P100": "6877.9" }, "geometry": { "type": "Point", "coordinates": [ 16.370111465454102, 45.224300384521484 ] } },
{ "type": "Feature", "id": 56, "properties": { "lon": -79.3609619140625, "lat": 21.795185089111328, "year": "2010", "ISO": "CUB", "ISO_No": "192", "Name": "Cuba", "PWC_Lat": "21.7951850891113", "PWC_Lon": "-79.3609619140625", "Pop": "11225833", "Density": "101.7", "Area": "110338.8", "PWD_A": "1572.7", "PWD_G": "435.8", "PWD_M": "450.5", "PWD_P1": "10.7", "PWD_P2": "14.6", "PWD_P3": "18.0", "PWD_P4": "21.0", "PWD_P5": "23.8", "PWD_P6": "26.9", "PWD_P7": "29.8", "PWD_P8": "32.7", "PWD_P9": "35.7", "PWD_P10": "38.7", "PWD_P11": "41.8", "PWD_P12": "44.7", "PWD_P13": "47.7", "PWD_P14": "50.9", "PWD_P15": "54.1", "PWD_P16": "57.4", "PWD_P17": "60.8", "PWD_P18": "64.4", "PWD_P19": "68.1", "PWD_P20": "71.9", "PWD_P21": "75.8", "PWD_P22": "79.9", "PWD_P23": "84.3", "PWD_P24": "89.1", "PWD_P25": "94.3", "PWD_P26": "99.8", "PWD_P27": "105.7", "PWD_P28": "111.7", "PWD_P29": "118.3", "PWD_P30": "125.4", "PWD_P31": "133.0", "PWD_P32": "141.2", "PWD_P33": "149.7", "PWD_P34": "159.1", "PWD_P35": "169.4", "PWD_P36": "180.5", "PWD_P37": "191.8", "PWD_P38": "204.2", "PWD_P39": "218.2", "PWD_P40": "232.8", "PWD_P41": "248.7", "PWD_P42": "266.3", "PWD_P43": "284.5", "PWD_P44": "303.8", "PWD_P45": "325.1", "PWD_P46": "348.7", "PWD_P47": "372.4", "PWD_P48": "397.2", "PWD_P49": "422.6", "PWD_P50": "450.5", "PWD_P51": "480.2", "PWD_P52": "512.0", "PWD_P53": "546.2", "PWD_P54": "582.8", "PWD_P55": "625.7", "PWD_P56": "672.3", "PWD_P57": "721.3", "PWD_P58": "774.4", "PWD_P59": "828.4", "PWD_P60": "893.1", "PWD_P61": "963.2", "PWD_P62": "1043.8", "PWD_P63": "1127.9", "PWD_P64": "1210.9", "PWD_P65": "1292.4", "PWD_P66": "1377.1", "PWD_P67": "1475.9", "PWD_P68": "1575.3", "PWD_P69": "1674.4", "PWD_P70": "1769.5", "PWD_P71": "1867.4", "PWD_P72": "1959.6", "PWD_P73": "2050.3", "PWD_P74": "2142.3", "PWD_P75": "2233.7", "PWD_P76": "2324.2", "PWD_P77": "2409.7", "PWD_P78": "2492.3", "PWD_P79": "2574.5", "PWD_P80": "2656.0", "PWD_P81": "2739.5", "PWD_P82": "2826.5", "PWD_P83": "2915.1", "PWD_P84": "3002.9", "PWD_P85": "3107.9", "PWD_P86": "3228.4", "PWD_P87": "3361.2", "PWD_P88": "3522.9", "PWD_P89": "3753.8", "PWD_P90": "4116.3", "PWD_P91": "4672.0", "PWD_P92": "5544.1", "PWD_P93": "6194.5", "PWD_P94": "6777.9", "PWD_P95": "7776.3", "PWD_P96": "8470.4", "PWD_P97": "9062.7", "PWD_P98": "9775.5", "PWD_P99": "10726.3", "PWD_P100": "12648.2" }, "geometry": { "type": "Point", "coordinates": [ -79.3609619140625, 21.795185089111328 ] } },
{ "type": "Feature", "id": 57, "properties": { "lon": 33.2901611328125, "lat": 35.010040283203125, "year": "2010", "ISO": "CYP", "ISO_No": "196", "Name": "Cyprus", "PWC_Lat": "35.0100402832031", "PWC_Lon": "33.2901611328125", "Pop": "1112616", "Density": "120.6", "Area": "9225.5", "PWD_A": "1614.8", "PWD_G": "733.5", "PWD_M": "1171.7", "PWD_P1": "7.8", "PWD_P2": "12.3", "PWD_P3": "16.8", "PWD_P4": "21.5", "PWD_P5": "27.1", "PWD_P6": "32.6", "PWD_P7": "38.3", "PWD_P8": "44.6", "PWD_P9": "51.6", "PWD_P10": "59.4", "PWD_P11": "67.7", "PWD_P12": "76.5", "PWD_P13": "86.6", "PWD_P14": "97.3", "PWD_P15": "108.4", "PWD_P16": "119.8", "PWD_P17": "132.6", "PWD_P18": "146.0", "PWD_P19": "161.1", "PWD_P20": "177.5", "PWD_P21": "195.8", "PWD_P22": "215.1", "PWD_P23": "236.6", "PWD_P24": "258.8", "PWD_P25": "282.6", "PWD_P26": "307.3", "PWD_P27": "332.6", "PWD_P28": "358.3", "PWD_P29": "384.9", "PWD_P30": "411.4", "PWD_P31": "439.4", "PWD_P32": "467.3", "PWD_P33": "496.4", "PWD_P34": "527.0", "PWD_P35": "558.3", "PWD_P36": "591.6", "PWD_P37": "625.5", "PWD_P38": "660.3", "PWD_P39": "695.5", "PWD_P40": "734.0", "PWD_P41": "771.5", "PWD_P42": "810.6", "PWD_P43": "850.5", "PWD_P44": "890.6", "PWD_P45": "932.4", "PWD_P46": "977.3", "PWD_P47": "1021.6", "PWD_P48": "1067.9", "PWD_P49": "1119.4", "PWD_P50": "1171.7", "PWD_P51": "1228.6", "PWD_P52": "1286.4", "PWD_P53": "1348.6", "PWD_P54": "1409.7", "PWD_P55": "1475.8", "PWD_P56": "1543.0", "PWD_P57": "1610.2", "PWD_P58": "1674.0", "PWD_P59": "1744.6", "PWD_P60": "1813.5", "PWD_P61": "1888.4", "PWD_P62": "1957.7", "PWD_P63": "2025.3", "PWD_P64": "2091.8", "PWD_P65": "2157.3", "PWD_P66": "2220.7", "PWD_P67": "2281.7", "PWD_P68": "2342.9", "PWD_P69": "2396.9", "PWD_P70": "2448.0", "PWD_P71": "2505.5", "PWD_P72": "2565.0", "PWD_P73": "2616.3", "PWD_P74": "2676.1", "PWD_P75": "2736.9", "PWD_P76": "2794.5", "PWD_P77": "2843.7", "PWD_P78": "2891.8", "PWD_P79": "2943.4", "PWD_P80": "2998.9", "PWD_P81": "3062.7", "PWD_P82": "3140.4", "PWD_P83": "3220.8", "PWD_P84": "3309.9", "PWD_P85": "3411.0", "PWD_P86": "3512.1", "PWD_P87": "3592.8", "PWD_P88": "3667.3", "PWD_P89": "3736.4", "PWD_P90": "3818.2", "PWD_P91": "3890.1", "PWD_P92": "3946.5", "PWD_P93": "4039.2", "PWD_P94": "4263.0", "PWD_P95": "4458.2", "PWD_P96": "4568.4", "PWD_P97": "4688.4", "PWD_P98": "4782.1", "PWD_P99": "4885.0", "PWD_P100": "6044.2" }, "geometry": { "type": "Point", "coordinates": [ 33.2901611328125, 35.010040283203125 ] } },
{ "type": "Feature", "id": 58, "properties": { "lon": 15.578216552734375, "lat": 49.825855255126953, "year": "2010", "ISO": "CZE", "ISO_No": "203", "Name": "Czech Republic", "PWC_Lat": "49.825855255127", "PWC_Lon": "15.5782165527344", "Pop": "10536514", "Density": "135.1", "Area": "77965.6", "PWD_A": "1303.8", "PWD_G": "532.1", "PWD_M": "722.2", "PWD_P1": "13.7", "PWD_P2": "18.6", "PWD_P3": "22.8", "PWD_P4": "26.7", "PWD_P5": "30.5", "PWD_P6": "34.2", "PWD_P7": "38.0", "PWD_P8": "41.9", "PWD_P9": "45.9", "PWD_P10": "50.2", "PWD_P11": "54.7", "PWD_P12": "59.4", "PWD_P13": "64.4", "PWD_P14": "69.7", "PWD_P15": "75.2", "PWD_P16": "81.0", "PWD_P17": "87.0", "PWD_P18": "93.4", "PWD_P19": "100.2", "PWD_P20": "107.4", "PWD_P21": "115.0", "PWD_P22": "123.1", "PWD_P23": "131.8", "PWD_P24": "141.0", "PWD_P25": "150.9", "PWD_P26": "161.4", "PWD_P27": "172.5", "PWD_P28": "184.3", "PWD_P29": "196.5", "PWD_P30": "209.6", "PWD_P31": "223.3", "PWD_P32": "238.2", "PWD_P33": "254.0", "PWD_P34": "270.8", "PWD_P35": "288.7", "PWD_P36": "307.7", "PWD_P37": "327.7", "PWD_P38": "349.2", "PWD_P39": "371.5", "PWD_P40": "395.3", "PWD_P41": "420.8", "PWD_P42": "447.8", "PWD_P43": "476.2", "PWD_P44": "506.2", "PWD_P45": "537.8", "PWD_P46": "571.3", "PWD_P47": "606.4", "PWD_P48": "643.0", "PWD_P49": "681.7", "PWD_P50": "722.2", "PWD_P51": "764.3", "PWD_P52": "808.3", "PWD_P53": "853.6", "PWD_P54": "900.2", "PWD_P55": "948.6", "PWD_P56": "998.8", "PWD_P57": "1052.1", "PWD_P58": "1106.5", "PWD_P59": "1161.7", "PWD_P60": "1218.1", "PWD_P61": "1276.8", "PWD_P62": "1336.0", "PWD_P63": "1395.4", "PWD_P64": "1455.7", "PWD_P65": "1517.2", "PWD_P66": "1579.4", "PWD_P67": "1641.3", "PWD_P68": "1702.8", "PWD_P69": "1764.4", "PWD_P70": "1829.9", "PWD_P71": "1891.1", "PWD_P72": "1953.0", "PWD_P73": "2017.0", "PWD_P74": "2082.1", "PWD_P75": "2146.2", "PWD_P76": "2209.3", "PWD_P77": "2271.7", "PWD_P78": "2331.1", "PWD_P79": "2391.7", "PWD_P80": "2456.9", "PWD_P81": "2531.5", "PWD_P82": "2606.9", "PWD_P83": "2689.4", "PWD_P84": "2788.0", "PWD_P85": "2903.5", "PWD_P86": "3035.6", "PWD_P87": "3187.7", "PWD_P88": "3324.0", "PWD_P89": "3457.2", "PWD_P90": "3615.3", "PWD_P91": "3795.3", "PWD_P92": "3922.5", "PWD_P93": "4055.2", "PWD_P94": "4186.7", "PWD_P95": "4307.7", "PWD_P96": "4455.3", "PWD_P97": "4648.2", "PWD_P98": "4830.7", "PWD_P99": "5006.3", "PWD_P100": "5612.9" }, "geometry": { "type": "Point", "coordinates": [ 15.578216552734375, 49.825855255126953 ] } },
{ "type": "Feature", "id": 59, "properties": { "lon": 2.2755875587463379, "lat": 8.0265779495239258, "year": "2010", "ISO": "BEN", "ISO_No": "204", "Name": "Benin", "PWC_Lat": "8.02657794952393", "PWC_Lon": "2.27558755874634", "Pop": "9199253", "Density": "79.6", "Area": "115556.5", "PWD_A": "2110.8", "PWD_G": "306.2", "PWD_M": "251.8", "PWD_P1": "9.6", "PWD_P2": "12.7", "PWD_P3": "14.7", "PWD_P4": "16.6", "PWD_P5": "18.4", "PWD_P6": "20.2", "PWD_P7": "22.0", "PWD_P8": "23.8", "PWD_P9": "25.6", "PWD_P10": "27.7", "PWD_P11": "29.8", "PWD_P12": "32.1", "PWD_P13": "34.6", "PWD_P14": "37.0", "PWD_P15": "39.1", "PWD_P16": "41.3", "PWD_P17": "43.6", "PWD_P18": "46.0", "PWD_P19": "48.7", "PWD_P20": "51.4", "PWD_P21": "54.3", "PWD_P22": "57.3", "PWD_P23": "60.3", "PWD_P24": "63.3", "PWD_P25": "66.5", "PWD_P26": "70.0", "PWD_P27": "73.7", "PWD_P28": "77.5", "PWD_P29": "81.3", "PWD_P30": "85.5", "PWD_P31": "90.2", "PWD_P32": "94.9", "PWD_P33": "99.6", "PWD_P34": "104.2", "PWD_P35": "109.0", "PWD_P36": "114.1", "PWD_P37": "119.4", "PWD_P38": "125.6", "PWD_P39": "132.5", "PWD_P40": "139.3", "PWD_P41": "147.4", "PWD_P42": "156.4", "PWD_P43": "165.2", "PWD_P44": "174.7", "PWD_P45": "185.1", "PWD_P46": "196.2", "PWD_P47": "208.8", "PWD_P48": "222.7", "PWD_P49": "237.4", "PWD_P50": "251.8", "PWD_P51": "267.8", "PWD_P52": "284.7", "PWD_P53": "302.1", "PWD_P54": "320.0", "PWD_P55": "338.2", "PWD_P56": "355.8", "PWD_P57": "376.3", "PWD_P58": "398.2", "PWD_P59": "420.6", "PWD_P60": "445.1", "PWD_P61": "469.7", "PWD_P62": "495.0", "PWD_P63": "520.5", "PWD_P64": "548.2", "PWD_P65": "575.5", "PWD_P66": "606.2", "PWD_P67": "640.6", "PWD_P68": "677.9", "PWD_P69": "718.0", "PWD_P70": "761.4", "PWD_P71": "808.6", "PWD_P72": "861.9", "PWD_P73": "912.9", "PWD_P74": "969.5", "PWD_P75": "1043.0", "PWD_P76": "1119.8", "PWD_P77": "1201.3", "PWD_P78": "1296.0", "PWD_P79": "1407.7", "PWD_P80": "1552.3", "PWD_P81": "1701.7", "PWD_P82": "1873.6", "PWD_P83": "2029.0", "PWD_P84": "2290.3", "PWD_P85": "2581.2", "PWD_P86": "2942.2", "PWD_P87": "3262.9", "PWD_P88": "3771.7", "PWD_P89": "4479.6", "PWD_P90": "5381.3", "PWD_P91": "9163.6", "PWD_P92": "11335.7", "PWD_P93": "12589.2", "PWD_P94": "14591.6", "PWD_P95": "16411.8", "PWD_P96": "18599.3", "PWD_P97": "19853.5", "PWD_P98": "21023.1", "PWD_P99": "21578.5", "PWD_P100": "22948.7" }, "geometry": { "type": "Point", "coordinates": [ 2.275587558746338, 8.026577949523926 ] } },
{ "type": "Feature", "id": 60, "properties": { "lon": 10.860239028930664, "lat": 55.852298736572266, "year": "2010", "ISO": "DNK", "ISO_No": "208", "Name": "Denmark", "PWC_Lat": "55.8522987365723", "PWC_Lon": "10.8602390289307", "Pop": "5554848", "Density": "129.6", "Area": "42863.7", "PWD_A": "2605.7", "PWD_G": "776.0", "PWD_M": "1085.7", "PWD_P1": "9.4", "PWD_P2": "12.7", "PWD_P3": "16.0", "PWD_P4": "19.6", "PWD_P5": "23.8", "PWD_P6": "28.7", "PWD_P7": "34.2", "PWD_P8": "40.3", "PWD_P9": "46.7", "PWD_P10": "53.2", "PWD_P11": "60.2", "PWD_P12": "67.6", "PWD_P13": "75.6", "PWD_P14": "84.2", "PWD_P15": "93.6", "PWD_P16": "103.9", "PWD_P17": "115.6", "PWD_P18": "128.5", "PWD_P19": "142.7", "PWD_P20": "158.0", "PWD_P21": "174.6", "PWD_P22": "192.2", "PWD_P23": "210.8", "PWD_P24": "230.3", "PWD_P25": "251.0", "PWD_P26": "272.7", "PWD_P27": "295.5", "PWD_P28": "319.1", "PWD_P29": "343.6", "PWD_P30": "369.2", "PWD_P31": "395.6", "PWD_P32": "422.7", "PWD_P33": "450.4", "PWD_P34": "479.6", "PWD_P35": "509.8", "PWD_P36": "540.5", "PWD_P37": "572.7", "PWD_P38": "605.3", "PWD_P39": "639.4", "PWD_P40": "674.2", "PWD_P41": "709.5", "PWD_P42": "746.4", "PWD_P43": "784.5", "PWD_P44": "823.6", "PWD_P45": "864.4", "PWD_P46": "906.3", "PWD_P47": "948.8", "PWD_P48": "993.1", "PWD_P49": "1038.7", "PWD_P50": "1085.7", "PWD_P51": "1133.7", "PWD_P52": "1184.1", "PWD_P53": "1235.0", "PWD_P54": "1288.6", "PWD_P55": "1342.4", "PWD_P56": "1398.3", "PWD_P57": "1455.6", "PWD_P58": "1513.3", "PWD_P59": "1571.2", "PWD_P60": "1629.0", "PWD_P61": "1690.3", "PWD_P62": "1753.5", "PWD_P63": "1816.9", "PWD_P64": "1880.7", "PWD_P65": "1945.1", "PWD_P66": "2010.6", "PWD_P67": "2078.6", "PWD_P68": "2148.2", "PWD_P69": "2219.2", "PWD_P70": "2292.2", "PWD_P71": "2369.3", "PWD_P72": "2446.2", "PWD_P73": "2524.1", "PWD_P74": "2606.6", "PWD_P75": "2693.0", "PWD_P76": "2780.4", "PWD_P77": "2874.4", "PWD_P78": "2973.0", "PWD_P79": "3085.3", "PWD_P80": "3211.6", "PWD_P81": "3357.9", "PWD_P82": "3514.7", "PWD_P83": "3688.2", "PWD_P84": "3898.6", "PWD_P85": "4130.4", "PWD_P86": "4376.3", "PWD_P87": "4649.5", "PWD_P88": "4982.6", "PWD_P89": "5349.0", "PWD_P90": "5770.8", "PWD_P91": "6305.3", "PWD_P92": "7088.5", "PWD_P93": "8117.1", "PWD_P94": "9628.4", "PWD_P95": "11878.5", "PWD_P96": "14463.9", "PWD_P97": "17141.8", "PWD_P98": "20225.1", "PWD_P99": "24642.6", "PWD_P100": "45235.5" }, "geometry": { "type": "Point", "coordinates": [ 10.860239028930664, 55.852298736572266 ] } },
{ "type": "Feature", "id": 61, "properties": { "lon": -61.361896514892578, "lat": 15.387609481811523, "year": "2010", "ISO": "DMA", "ISO_No": "212", "Name": "Dominica", "PWC_Lat": "15.3876094818115", "PWC_Lon": "-61.3618965148926", "Pop": "70877", "Density": "92.5", "Area": "766.3", "PWD_A": "467.8", "PWD_G": "190.8", "PWD_M": "152.7", "PWD_P1": "14.8", "PWD_P2": "16.9", "PWD_P3": "19.8", "PWD_P4": "24.9", "PWD_P5": "29.1", "PWD_P6": "31.9", "PWD_P7": "34.3", "PWD_P8": "36.3", "PWD_P9": "38.3", "PWD_P10": "40.2", "PWD_P11": "42.1", "PWD_P12": "44.3", "PWD_P13": "46.4", "PWD_P14": "48.3", "PWD_P15": "50.4", "PWD_P16": "52.4", "PWD_P17": "54.5", "PWD_P18": "56.6", "PWD_P19": "58.2", "PWD_P20": "59.8", "PWD_P21": "61.5", "PWD_P22": "63.4", "PWD_P23": "65.8", "PWD_P24": "67.9", "PWD_P25": "69.8", "PWD_P26": "71.4", "PWD_P27": "73.0", "PWD_P28": "74.8", "PWD_P29": "76.8", "PWD_P30": "79.0", "PWD_P31": "81.4", "PWD_P32": "84.0", "PWD_P33": "86.8", "PWD_P34": "89.9", "PWD_P35": "92.8", "PWD_P36": "96.0", "PWD_P37": "99.2", "PWD_P38": "102.5", "PWD_P39": "106.2", "PWD_P40": "110.0", "PWD_P41": "113.8", "PWD_P42": "117.1", "PWD_P43": "120.7", "PWD_P44": "124.4", "PWD_P45": "128.5", "PWD_P46": "132.6", "PWD_P47": "137.0", "PWD_P48": "142.2", "PWD_P49": "147.6", "PWD_P50": "152.7", "PWD_P51": "157.3", "PWD_P52": "162.0", "PWD_P53": "166.9", "PWD_P54": "172.0", "PWD_P55": "177.5", "PWD_P56": "183.1", "PWD_P57": "189.0", "PWD_P58": "195.7", "PWD_P59": "204.2", "PWD_P60": "213.7", "PWD_P61": "225.4", "PWD_P62": "238.8", "PWD_P63": "251.5", "PWD_P64": "263.3", "PWD_P65": "275.8", "PWD_P66": "287.2", "PWD_P67": "299.9", "PWD_P68": "315.4", "PWD_P69": "336.4", "PWD_P70": "359.1", "PWD_P71": "381.2", "PWD_P72": "409.9", "PWD_P73": "450.9", "PWD_P74": "486.5", "PWD_P75": "519.8", "PWD_P76": "556.1", "PWD_P77": "589.4", "PWD_P78": "618.0", "PWD_P79": "663.0", "PWD_P80": "717.5", "PWD_P81": "768.3", "PWD_P82": "858.1", "PWD_P83": "970.1", "PWD_P84": "1049.4", "PWD_P85": "1104.7", "PWD_P86": "1188.1", "PWD_P87": "1316.1", "PWD_P88": "1512.4", "PWD_P89": "1637.8", "PWD_P90": "1723.0", "PWD_P91": "1820.3", "PWD_P92": "1930.6", "PWD_P93": "2026.2", "PWD_P94": "2116.5", "PWD_P95": "2212.0", "PWD_P96": "2270.0", "PWD_P97": "2343.5", "PWD_P98": "2398.2", "PWD_P99": "2448.3", "PWD_P100": "2527.2" }, "geometry": { "type": "Point", "coordinates": [ -61.361896514892578, 15.387609481811523 ] } },
{ "type": "Feature", "id": 62, "properties": { "lon": -70.189216613769531, "lat": 18.814695358276367, "year": "2010", "ISO": "DOM", "ISO_No": "214", "Name": "Dominican Republic", "PWC_Lat": "18.8146953582764", "PWC_Lon": "-70.1892166137695", "Pop": "9695116", "Density": "201.2", "Area": "48194.2", "PWD_A": "4299.2", "PWD_G": "1378.9", "PWD_M": "2039.8", "PWD_P1": "14.6", "PWD_P2": "22.0", "PWD_P3": "28.6", "PWD_P4": "35.4", "PWD_P5": "42.4", "PWD_P6": "49.8", "PWD_P7": "57.6", "PWD_P8": "66.2", "PWD_P9": "75.3", "PWD_P10": "84.7", "PWD_P11": "94.8", "PWD_P12": "104.8", "PWD_P13": "115.4", "PWD_P14": "126.6", "PWD_P15": "138.6", "PWD_P16": "151.3", "PWD_P17": "165.1", "PWD_P18": "179.7", "PWD_P19": "195.0", "PWD_P20": "211.5", "PWD_P21": "229.4", "PWD_P22": "249.0", "PWD_P23": "269.5", "PWD_P24": "291.7", "PWD_P25": "315.5", "PWD_P26": "340.6", "PWD_P27": "367.4", "PWD_P28": "395.9", "PWD_P29": "427.4", "PWD_P30": "461.8", "PWD_P31": "498.7", "PWD_P32": "537.6", "PWD_P33": "580.2", "PWD_P34": "625.3", "PWD_P35": "673.2", "PWD_P36": "725.7", "PWD_P37": "783.2", "PWD_P38": "845.1", "PWD_P39": "912.1", "PWD_P40": "983.6", "PWD_P41": "1062.4", "PWD_P42": "1145.9", "PWD_P43": "1236.7", "PWD_P44": "1331.1", "PWD_P45": "1430.3", "PWD_P46": "1534.5", "PWD_P47": "1650.3", "PWD_P48": "1771.8", "PWD_P49": "1896.8", "PWD_P50": "2039.8", "PWD_P51": "2186.0", "PWD_P52": "2355.9", "PWD_P53": "2531.9", "PWD_P54": "2717.8", "PWD_P55": "2902.8", "PWD_P56": "3076.5", "PWD_P57": "3247.1", "PWD_P58": "3428.6", "PWD_P59": "3604.5", "PWD_P60": "3797.9", "PWD_P61": "4001.8", "PWD_P62": "4222.8", "PWD_P63": "4426.2", "PWD_P64": "4666.2", "PWD_P65": "4911.6", "PWD_P66": "5198.2", "PWD_P67": "5478.8", "PWD_P68": "5778.8", "PWD_P69": "6082.7", "PWD_P70": "6396.4", "PWD_P71": "6678.3", "PWD_P72": "6952.7", "PWD_P73": "7215.9", "PWD_P74": "7461.6", "PWD_P75": "7698.4", "PWD_P76": "7952.9", "PWD_P77": "8323.5", "PWD_P78": "8723.4", "PWD_P79": "9106.3", "PWD_P80": "9490.2", "PWD_P81": "9839.0", "PWD_P82": "10161.3", "PWD_P83": "10463.2", "PWD_P84": "10763.0", "PWD_P85": "11070.9", "PWD_P86": "11358.3", "PWD_P87": "11623.1", "PWD_P88": "11862.0", "PWD_P89": "12096.2", "PWD_P90": "12344.9", "PWD_P91": "12619.4", "PWD_P92": "12894.6", "PWD_P93": "13146.3", "PWD_P94": "13382.8", "PWD_P95": "13607.6", "PWD_P96": "13912.2", "PWD_P97": "14157.0", "PWD_P98": "14382.8", "PWD_P99": "14600.8", "PWD_P100": "15580.6" }, "geometry": { "type": "Point", "coordinates": [ -70.189216613769531, 18.814695358276367 ] } },
{ "type": "Feature", "id": 63, "properties": { "lon": -79.288505554199219, "lat": -1.4090933799743652, "year": "2010", "ISO": "ECU", "ISO_No": "218", "Name": "Ecuador", "PWC_Lat": "-1.40909337997437", "PWC_Lon": "-79.2885055541992", "Pop": "15011113", "Density": "58.6", "Area": "256125.0", "PWD_A": "2389.0", "PWD_G": "647.5", "PWD_M": "919.2", "PWD_P1": "4.9", "PWD_P2": "8.1", "PWD_P3": "10.9", "PWD_P4": "13.7", "PWD_P5": "16.5", "PWD_P6": "19.5", "PWD_P7": "22.5", "PWD_P8": "25.8", "PWD_P9": "29.6", "PWD_P10": "34.1", "PWD_P11": "39.3", "PWD_P12": "44.5", "PWD_P13": "50.0", "PWD_P14": "55.5", "PWD_P15": "61.1", "PWD_P16": "66.7", "PWD_P17": "72.3", "PWD_P18": "77.9", "PWD_P19": "83.9", "PWD_P20": "90.3", "PWD_P21": "97.0", "PWD_P22": "104.1", "PWD_P23": "111.8", "PWD_P24": "120.0", "PWD_P25": "128.7", "PWD_P26": "137.9", "PWD_P27": "148.3", "PWD_P28": "159.6", "PWD_P29": "171.4", "PWD_P30": "184.0", "PWD_P31": "197.6", "PWD_P32": "212.7", "PWD_P33": "229.5", "PWD_P34": "247.9", "PWD_P35": "268.2", "PWD_P36": "290.6", "PWD_P37": "315.5", "PWD_P38": "343.0", "PWD_P39": "373.8", "PWD_P40": "407.4", "PWD_P41": "444.0", "PWD_P42": "484.6", "PWD_P43": "526.9", "PWD_P44": "571.8", "PWD_P45": "620.6", "PWD_P46": "672.4", "PWD_P47": "727.6", "PWD_P48": "787.4", "PWD_P49": "850.9", "PWD_P50": "919.2", "PWD_P51": "992.1", "PWD_P52": "1070.1", "PWD_P53": "1153.8", "PWD_P54": "1242.8", "PWD_P55": "1330.8", "PWD_P56": "1417.8", "PWD_P57": "1514.7", "PWD_P58": "1619.5", "PWD_P59": "1741.2", "PWD_P60": "1862.9", "PWD_P61": "1984.4", "PWD_P62": "2119.0", "PWD_P63": "2277.3", "PWD_P64": "2458.7", "PWD_P65": "2623.0", "PWD_P66": "2778.7", "PWD_P67": "2942.8", "PWD_P68": "3120.0", "PWD_P69": "3279.6", "PWD_P70": "3453.7", "PWD_P71": "3652.1", "PWD_P72": "3824.5", "PWD_P73": "3989.8", "PWD_P74": "4167.6", "PWD_P75": "4341.6", "PWD_P76": "4534.2", "PWD_P77": "4740.5", "PWD_P78": "4942.3", "PWD_P79": "5163.4", "PWD_P80": "5400.2", "PWD_P81": "5618.0", "PWD_P82": "5800.9", "PWD_P83": "6017.2", "PWD_P84": "6238.2", "PWD_P85": "6453.0", "PWD_P86": "6679.2", "PWD_P87": "6851.0", "PWD_P88": "6999.4", "PWD_P89": "7162.7", "PWD_P90": "7329.7", "PWD_P91": "7471.8", "PWD_P92": "7600.6", "PWD_P93": "7720.1", "PWD_P94": "7828.2", "PWD_P95": "7953.0", "PWD_P96": "8079.7", "PWD_P97": "8202.6", "PWD_P98": "8381.9", "PWD_P99": "8601.6", "PWD_P100": "10348.6" }, "geometry": { "type": "Point", "coordinates": [ -79.288505554199219, -1.409093379974365 ] } },
{ "type": "Feature", "id": 64, "properties": { "lon": -89.068946838378906, "lat": 13.720731735229492, "year": "2010", "ISO": "SLV", "ISO_No": "222", "Name": "El Salvador", "PWC_Lat": "13.7207317352295", "PWC_Lon": "-89.0689468383789", "Pop": "6183877", "Density": "304.5", "Area": "20305.3", "PWD_A": "2204.5", "PWD_G": "836.0", "PWD_M": "869.5", "PWD_P1": "45.1", "PWD_P2": "59.0", "PWD_P3": "69.1", "PWD_P4": "76.5", "PWD_P5": "83.1", "PWD_P6": "89.9", "PWD_P7": "95.8", "PWD_P8": "101.4", "PWD_P9": "107.4", "PWD_P10": "113.2", "PWD_P11": "118.6", "PWD_P12": "124.1", "PWD_P13": "130.1", "PWD_P14": "135.7", "PWD_P15": "140.9", "PWD_P16": "146.3", "PWD_P17": "151.3", "PWD_P18": "156.5", "PWD_P19": "161.9", "PWD_P20": "167.6", "PWD_P21": "173.4", "PWD_P22": "179.8", "PWD_P23": "186.7", "PWD_P24": "194.0", "PWD_P25": "202.1", "PWD_P26": "210.2", "PWD_P27": "219.1", "PWD_P28": "228.9", "PWD_P29": "239.4", "PWD_P30": "250.7", "PWD_P31": "263.2", "PWD_P32": "276.1", "PWD_P33": "289.5", "PWD_P34": "304.2", "PWD_P35": "320.8", "PWD_P36": "339.7", "PWD_P37": "359.0", "PWD_P38": "379.9", "PWD_P39": "403.6", "PWD_P40": "430.5", "PWD_P41": "460.6", "PWD_P42": "492.8", "PWD_P43": "528.0", "PWD_P44": "567.0", "PWD_P45": "606.9", "PWD_P46": "652.6", "PWD_P47": "702.1", "PWD_P48": "755.5", "PWD_P49": "809.9", "PWD_P50": "869.5", "PWD_P51": "930.0", "PWD_P52": "999.7", "PWD_P53": "1072.3", "PWD_P54": "1147.2", "PWD_P55": "1229.7", "PWD_P56": "1318.8", "PWD_P57": "1411.0", "PWD_P58": "1497.5", "PWD_P59": "1585.1", "PWD_P60": "1683.2", "PWD_P61": "1784.6", "PWD_P62": "1895.9", "PWD_P63": "2006.3", "PWD_P64": "2112.3", "PWD_P65": "2230.1", "PWD_P66": "2338.0", "PWD_P67": "2441.0", "PWD_P68": "2553.0", "PWD_P69": "2681.3", "PWD_P70": "2810.5", "PWD_P71": "2942.0", "PWD_P72": "3074.5", "PWD_P73": "3175.9", "PWD_P74": "3281.7", "PWD_P75": "3395.6", "PWD_P76": "3502.0", "PWD_P77": "3610.9", "PWD_P78": "3733.2", "PWD_P79": "3864.8", "PWD_P80": "4000.2", "PWD_P81": "4173.9", "PWD_P82": "4373.9", "PWD_P83": "4578.7", "PWD_P84": "4803.3", "PWD_P85": "5004.5", "PWD_P86": "5223.2", "PWD_P87": "5446.3", "PWD_P88": "5653.6", "PWD_P89": "5884.5", "PWD_P90": "6090.8", "PWD_P91": "6402.3", "PWD_P92": "6765.7", "PWD_P93": "7191.6", "PWD_P94": "8771.2", "PWD_P95": "9480.0", "PWD_P96": "9797.2", "PWD_P97": "10073.2", "PWD_P98": "10222.1", "PWD_P99": "10540.4", "PWD_P100": "11595.2" }, "geometry": { "type": "Point", "coordinates": [ -89.068946838378906, 13.720731735229492 ] } },
{ "type": "Feature", "id": 65, "properties": { "lon": 9.9460268020629883, "lat": 2.1708686351776123, "year": "2010", "ISO": "GNQ", "ISO_No": "226", "Name": "Equatorial Guinea", "PWC_Lat": "2.17086863517761", "PWC_Lon": "9.94602680206299", "Pop": "943640", "Density": "34.9", "Area": "27057.0", "PWD_A": "183.7", "PWD_G": "65.9", "PWD_M": "44.3", "PWD_P1": "7.7", "PWD_P2": "8.9", "PWD_P3": "10.1", "PWD_P4": "11.1", "PWD_P5": "11.9", "PWD_P6": "12.7", "PWD_P7": "13.4", "PWD_P8": "14.2", "PWD_P9": "14.9", "PWD_P10": "15.6", "PWD_P11": "16.3", "PWD_P12": "16.9", "PWD_P13": "17.6", "PWD_P14": "18.2", "PWD_P15": "18.8", "PWD_P16": "19.4", "PWD_P17": "20.0", "PWD_P18": "20.7", "PWD_P19": "21.3", "PWD_P20": "21.9", "PWD_P21": "22.5", "PWD_P22": "23.1", "PWD_P23": "23.7", "PWD_P24": "24.4", "PWD_P25": "25.0", "PWD_P26": "25.6", "PWD_P27": "26.2", "PWD_P28": "26.8", "PWD_P29": "27.5", "PWD_P30": "28.0", "PWD_P31": "28.6", "PWD_P32": "29.2", "PWD_P33": "29.8", "PWD_P34": "30.4", "PWD_P35": "31.2", "PWD_P36": "32.0", "PWD_P37": "32.7", "PWD_P38": "33.5", "PWD_P39": "34.2", "PWD_P40": "34.9", "PWD_P41": "35.7", "PWD_P42": "36.4", "PWD_P43": "37.1", "PWD_P44": "37.9", "PWD_P45": "38.8", "PWD_P46": "39.8", "PWD_P47": "40.8", "PWD_P48": "41.9", "PWD_P49": "43.1", "PWD_P50": "44.3", "PWD_P51": "45.6", "PWD_P52": "47.0", "PWD_P53": "48.3", "PWD_P54": "49.7", "PWD_P55": "51.3", "PWD_P56": "53.2", "PWD_P57": "55.2", "PWD_P58": "57.4", "PWD_P59": "59.7", "PWD_P60": "62.0", "PWD_P61": "65.0", "PWD_P62": "68.4", "PWD_P63": "71.9", "PWD_P64": "75.7", "PWD_P65": "79.4", "PWD_P66": "84.1", "PWD_P67": "90.1", "PWD_P68": "95.6", "PWD_P69": "101.7", "PWD_P70": "110.3", "PWD_P71": "119.2", "PWD_P72": "131.7", "PWD_P73": "148.1", "PWD_P74": "158.4", "PWD_P75": "166.7", "PWD_P76": "176.4", "PWD_P77": "187.8", "PWD_P78": "199.6", "PWD_P79": "214.0", "PWD_P80": "230.7", "PWD_P81": "244.5", "PWD_P82": "265.2", "PWD_P83": "290.6", "PWD_P84": "316.9", "PWD_P85": "342.1", "PWD_P86": "385.9", "PWD_P87": "430.1", "PWD_P88": "462.0", "PWD_P89": "510.9", "PWD_P90": "598.9", "PWD_P91": "704.4", "PWD_P92": "786.1", "PWD_P93": "858.5", "PWD_P94": "919.7", "PWD_P95": "992.0", "PWD_P96": "1059.9", "PWD_P97": "1158.1", "PWD_P98": "1283.3", "PWD_P99": "1506.9", "PWD_P100": "1972.7" }, "geometry": { "type": "Point", "coordinates": [ 9.946026802062988, 2.170868635177612 ] } },
{ "type": "Feature", "id": 66, "properties": { "lon": 38.6078, "lat": 9.0777, "year": "2010", "ISO": "ETH", "ISO_No": "231", "Name": "Ethiopia", "PWC_Lat": "9.0777", "PWC_Lon": "38.6078", "Pop": "87639962", "Density": "77.7", "Area": "1128529.1", "PWD_A": "1464.1", "PWD_G": "267.7", "PWD_M": "218.4", "PWD_P1": "5.9", "PWD_P2": "9.4", "PWD_P3": "12.8", "PWD_P4": "16.5", "PWD_P5": "20.6", "PWD_P6": "24.8", "PWD_P7": "29.5", "PWD_P8": "34.2", "PWD_P9": "38.9", "PWD_P10": "43.5", "PWD_P11": "48.0", "PWD_P12": "52.3", "PWD_P13": "56.4", "PWD_P14": "60.5", "PWD_P15": "64.4", "PWD_P16": "68.2", "PWD_P17": "72.0", "PWD_P18": "75.8", "PWD_P19": "79.5", "PWD_P20": "83.0", "PWD_P21": "86.5", "PWD_P22": "90.0", "PWD_P23": "93.5", "PWD_P24": "97.0", "PWD_P25": "100.5", "PWD_P26": "104.0", "PWD_P27": "107.5", "PWD_P28": "111.0", "PWD_P29": "114.5", "PWD_P30": "118.1", "PWD_P31": "121.9", "PWD_P32": "125.7", "PWD_P33": "129.5", "PWD_P34": "133.6", "PWD_P35": "137.8", "PWD_P36": "142.0", "PWD_P37": "146.3", "PWD_P38": "150.7", "PWD_P39": "155.3", "PWD_P40": "160.1", "PWD_P41": "165.1", "PWD_P42": "170.3", "PWD_P43": "175.7", "PWD_P44": "181.2", "PWD_P45": "187.1", "PWD_P46": "193.1", "PWD_P47": "199.2", "PWD_P48": "205.4", "PWD_P49": "211.7", "PWD_P50": "218.4", "PWD_P51": "225.4", "PWD_P52": "232.6", "PWD_P53": "240.2", "PWD_P54": "248.2", "PWD_P55": "256.5", "PWD_P56": "265.2", "PWD_P57": "274.4", "PWD_P58": "284.2", "PWD_P59": "294.4", "PWD_P60": "305.1", "PWD_P61": "316.6", "PWD_P62": "329.0", "PWD_P63": "342.3", "PWD_P64": "356.4", "PWD_P65": "371.3", "PWD_P66": "387.5", "PWD_P67": "405.1", "PWD_P68": "424.3", "PWD_P69": "445.2", "PWD_P70": "467.6", "PWD_P71": "492.1", "PWD_P72": "518.9", "PWD_P73": "547.8", "PWD_P74": "578.0", "PWD_P75": "610.0", "PWD_P76": "644.7", "PWD_P77": "681.8", "PWD_P78": "723.8", "PWD_P79": "771.8", "PWD_P80": "826.8", "PWD_P81": "888.2", "PWD_P82": "958.5", "PWD_P83": "1045.7", "PWD_P84": "1158.3", "PWD_P85": "1300.0", "PWD_P86": "1479.5", "PWD_P87": "1704.9", "PWD_P88": "1983.9", "PWD_P89": "2335.2", "PWD_P90": "2782.8", "PWD_P91": "3392.6", "PWD_P92": "4136.9", "PWD_P93": "5061.8", "PWD_P94": "6170.3", "PWD_P95": "7357.9", "PWD_P96": "8809.4", "PWD_P97": "11172.5", "PWD_P98": "16137.0", "PWD_P99": "25904.1", "PWD_P100": "52361.7" }, "geometry": { "type": "Point", "coordinates": [ 38.6078, 9.0777 ] } },
{ "type": "Feature", "id": 67, "properties": { "lon": 38.60400390625, "lat": 15.440288543701172, "year": "2010", "ISO": "ERI", "ISO_No": "232", "Name": "Eritrea", "PWC_Lat": "15.4402885437012", "PWC_Lon": "38.60400390625", "Pop": "3170436", "Density": "26.3", "Area": "120383.3", "PWD_A": "466.9", "PWD_G": "95.6", "PWD_M": "74.3", "PWD_P1": "2.7", "PWD_P2": "3.8", "PWD_P3": "4.6", "PWD_P4": "5.5", "PWD_P5": "6.7", "PWD_P6": "7.8", "PWD_P7": "8.6", "PWD_P8": "9.3", "PWD_P9": "10.0", "PWD_P10": "10.7", "PWD_P11": "11.5", "PWD_P12": "12.2", "PWD_P13": "13.0", "PWD_P14": "13.7", "PWD_P15": "14.6", "PWD_P16": "15.4", "PWD_P17": "16.3", "PWD_P18": "17.3", "PWD_P19": "18.3", "PWD_P20": "19.5", "PWD_P21": "20.6", "PWD_P22": "21.8", "PWD_P23": "23.0", "PWD_P24": "24.3", "PWD_P25": "25.6", "PWD_P26": "27.1", "PWD_P27": "28.4", "PWD_P28": "29.8", "PWD_P29": "31.1", "PWD_P30": "32.4", "PWD_P31": "33.7", "PWD_P32": "35.1", "PWD_P33": "36.5", "PWD_P34": "37.8", "PWD_P35": "39.2", "PWD_P36": "40.6", "PWD_P37": "42.1", "PWD_P38": "43.7", "PWD_P39": "45.5", "PWD_P40": "47.4", "PWD_P41": "49.4", "PWD_P42": "51.6", "PWD_P43": "53.9", "PWD_P44": "56.3", "PWD_P45": "58.9", "PWD_P46": "61.8", "PWD_P47": "64.7", "PWD_P48": "67.8", "PWD_P49": "71.0", "PWD_P50": "74.3", "PWD_P51": "77.6", "PWD_P52": "80.9", "PWD_P53": "84.3", "PWD_P54": "87.8", "PWD_P55": "91.8", "PWD_P56": "95.9", "PWD_P57": "100.2", "PWD_P58": "105.0", "PWD_P59": "110.2", "PWD_P60": "115.7", "PWD_P61": "121.5", "PWD_P62": "127.7", "PWD_P63": "135.0", "PWD_P64": "142.9", "PWD_P65": "151.9", "PWD_P66": "163.6", "PWD_P67": "178.8", "PWD_P68": "196.5", "PWD_P69": "215.3", "PWD_P70": "234.9", "PWD_P71": "255.3", "PWD_P72": "277.0", "PWD_P73": "299.6", "PWD_P74": "324.3", "PWD_P75": "350.7", "PWD_P76": "379.1", "PWD_P77": "413.3", "PWD_P78": "452.1", "PWD_P79": "498.1", "PWD_P80": "553.6", "PWD_P81": "619.6", "PWD_P82": "689.9", "PWD_P83": "763.5", "PWD_P84": "838.9", "PWD_P85": "925.8", "PWD_P86": "1021.9", "PWD_P87": "1119.0", "PWD_P88": "1229.2", "PWD_P89": "1349.9", "PWD_P90": "1485.8", "PWD_P91": "1649.3", "PWD_P92": "1856.9", "PWD_P93": "2068.5", "PWD_P94": "2319.4", "PWD_P95": "2756.8", "PWD_P96": "3248.2", "PWD_P97": "3730.9", "PWD_P98": "4115.7", "PWD_P99": "4499.4", "PWD_P100": "5330.9" }, "geometry": { "type": "Point", "coordinates": [ 38.60400390625, 15.440288543701172 ] } },
{ "type": "Feature", "id": 68, "properties": { "lon": 25.531770706176758, "lat": 58.986854553222656, "year": "2010", "ISO": "EST", "ISO_No": "233", "Name": "Estonia", "PWC_Lat": "58.9868545532227", "PWC_Lon": "25.5317707061768", "Pop": "1332102", "Density": "30.8", "Area": "43255.8", "PWD_A": "2850.4", "PWD_G": "924.0", "PWD_M": "2033.9", "PWD_P1": "1.7", "PWD_P2": "2.9", "PWD_P3": "4.1", "PWD_P4": "5.5", "PWD_P5": "7.1", "PWD_P6": "9.1", "PWD_P7": "11.8", "PWD_P8": "15.5", "PWD_P9": "20.5", "PWD_P10": "26.9", "PWD_P11": "34.9", "PWD_P12": "44.7", "PWD_P13": "56.2", "PWD_P14": "69.6", "PWD_P15": "85.0", "PWD_P16": "102.4", "PWD_P17": "121.9", "PWD_P18": "143.0", "PWD_P19": "165.8", "PWD_P20": "190.9", "PWD_P21": "218.1", "PWD_P22": "247.5", "PWD_P23": "278.6", "PWD_P24": "311.5", "PWD_P25": "346.5", "PWD_P26": "384.0", "PWD_P27": "424.2", "PWD_P28": "466.7", "PWD_P29": "510.1", "PWD_P30": "554.8", "PWD_P31": "601.6", "PWD_P32": "649.8", "PWD_P33": "701.8", "PWD_P34": "757.9", "PWD_P35": "814.1", "PWD_P36": "874.1", "PWD_P37": "935.5", "PWD_P38": "999.2", "PWD_P39": "1066.6", "PWD_P40": "1134.8", "PWD_P41": "1212.4", "PWD_P42": "1299.3", "PWD_P43": "1393.0", "PWD_P44": "1491.7", "PWD_P45": "1593.5", "PWD_P46": "1686.8", "PWD_P47": "1781.5", "PWD_P48": "1867.8", "PWD_P49": "1953.2", "PWD_P50": "2033.9", "PWD_P51": "2117.0", "PWD_P52": "2201.7", "PWD_P53": "2286.7", "PWD_P54": "2380.1", "PWD_P55": "2465.6", "PWD_P56": "2557.0", "PWD_P57": "2646.2", "PWD_P58": "2736.1", "PWD_P59": "2825.8", "PWD_P60": "2916.4", "PWD_P61": "3011.8", "PWD_P62": "3112.0", "PWD_P63": "3212.0", "PWD_P64": "3316.3", "PWD_P65": "3422.4", "PWD_P66": "3528.9", "PWD_P67": "3638.9", "PWD_P68": "3758.7", "PWD_P69": "3888.6", "PWD_P70": "4006.9", "PWD_P71": "4135.0", "PWD_P72": "4246.5", "PWD_P73": "4343.1", "PWD_P74": "4435.2", "PWD_P75": "4539.8", "PWD_P76": "4662.9", "PWD_P77": "4816.4", "PWD_P78": "4958.3", "PWD_P79": "5108.1", "PWD_P80": "5237.3", "PWD_P81": "5374.2", "PWD_P82": "5517.9", "PWD_P83": "5681.3", "PWD_P84": "5868.4", "PWD_P85": "6078.1", "PWD_P86": "6281.2", "PWD_P87": "6463.4", "PWD_P88": "6686.0", "PWD_P89": "6916.3", "PWD_P90": "7199.6", "PWD_P91": "7448.3", "PWD_P92": "7699.3", "PWD_P93": "8030.0", "PWD_P94": "8431.0", "PWD_P95": "8840.9", "PWD_P96": "9235.1", "PWD_P97": "9630.1", "PWD_P98": "10220.2", "PWD_P99": "10993.4", "PWD_P100": "13053.4" }, "geometry": { "type": "Point", "coordinates": [ 25.531770706176758, 58.986854553222656 ] } },
{ "type": "Feature", "id": 69, "properties": { "lon": -6.8157219886779785, "lat": 62.038253784179688, "year": "2010", "ISO": "FRO", "ISO_No": "234", "Name": "Faroe Islands", "PWC_Lat": "62.0382537841797", "PWC_Lon": "-6.81572198867798", "Pop": "47803", "Density": "33.4", "Area": "1429.5", "PWD_A": "441.5", "PWD_G": "156.0", "PWD_M": "175.0", "PWD_P1": "2.7", "PWD_P2": "4.3", "PWD_P3": "5.7", "PWD_P4": "7.0", "PWD_P5": "8.1", "PWD_P6": "9.4", "PWD_P7": "10.6", "PWD_P8": "11.9", "PWD_P9": "13.1", "PWD_P10": "14.3", "PWD_P11": "15.7", "PWD_P12": "17.1", "PWD_P13": "18.6", "PWD_P14": "20.2", "PWD_P15": "21.9", "PWD_P16": "23.8", "PWD_P17": "25.7", "PWD_P18": "27.7", "PWD_P19": "29.9", "PWD_P20": "32.1", "PWD_P21": "34.4", "PWD_P22": "36.9", "PWD_P23": "39.4", "PWD_P24": "41.9", "PWD_P25": "44.5", "PWD_P26": "47.1", "PWD_P27": "50.1", "PWD_P28": "53.2", "PWD_P29": "56.5", "PWD_P30": "59.8", "PWD_P31": "63.3", "PWD_P32": "67.2", "PWD_P33": "71.2", "PWD_P34": "75.6", "PWD_P35": "79.9", "PWD_P36": "84.2", "PWD_P37": "88.0", "PWD_P38": "92.1", "PWD_P39": "97.0", "PWD_P40": "102.1", "PWD_P41": "107.3", "PWD_P42": "113.3", "PWD_P43": "118.8", "PWD_P44": "125.2", "PWD_P45": "132.2", "PWD_P46": "139.7", "PWD_P47": "148.7", "PWD_P48": "157.1", "PWD_P49": "165.3", "PWD_P50": "175.0", "PWD_P51": "184.8", "PWD_P52": "194.1", "PWD_P53": "204.6", "PWD_P54": "216.4", "PWD_P55": "229.0", "PWD_P56": "243.1", "PWD_P57": "257.2", "PWD_P58": "272.5", "PWD_P59": "286.6", "PWD_P60": "301.8", "PWD_P61": "318.9", "PWD_P62": "336.7", "PWD_P63": "353.4", "PWD_P64": "373.1", "PWD_P65": "394.3", "PWD_P66": "415.9", "PWD_P67": "450.7", "PWD_P68": "488.7", "PWD_P69": "527.8", "PWD_P70": "569.8", "PWD_P71": "605.5", "PWD_P72": "634.8", "PWD_P73": "659.8", "PWD_P74": "684.3", "PWD_P75": "711.1", "PWD_P76": "745.0", "PWD_P77": "773.6", "PWD_P78": "808.9", "PWD_P79": "854.8", "PWD_P80": "920.1", "PWD_P81": "993.1", "PWD_P82": "1094.6", "PWD_P83": "1177.1", "PWD_P84": "1225.6", "PWD_P85": "1259.5", "PWD_P86": "1282.6", "PWD_P87": "1307.3", "PWD_P88": "1334.7", "PWD_P89": "1367.0", "PWD_P90": "1396.8", "PWD_P91": "1423.5", "PWD_P92": "1455.3", "PWD_P93": "1486.5", "PWD_P94": "1510.5", "PWD_P95": "1533.9", "PWD_P96": "1560.3", "PWD_P97": "1588.7", "PWD_P98": "1621.3", "PWD_P99": "1666.6", "PWD_P100": "1765.8" }, "geometry": { "type": "Point", "coordinates": [ -6.815721988677979, 62.038253784179688 ] } },
{ "type": "Feature", "id": 70, "properties": { "lon": -58.1098, "lat": -51.7277, "year": "2010", "ISO": "FLK", "ISO_No": "238", "Name": "Falkland Islands", "PWC_Lat": "-51.7277", "PWC_Lon": "-58.1098", "Pop": "2901", "Density": "0.2", "Area": "12552.5", "PWD_A": "51.1", "PWD_G": "24.1", "PWD_M": "50.0", "PWD_P1": "0.0", "PWD_P2": "0.0", "PWD_P3": "0.0", "PWD_P4": "0.0", "PWD_P5": "0.0", "PWD_P6": "0.1", "PWD_P7": "0.4", "PWD_P8": "0.5", "PWD_P9": "0.8", "PWD_P10": "1.0", "PWD_P11": "1.2", "PWD_P12": "1.6", "PWD_P13": "8.7", "PWD_P14": "9.7", "PWD_P15": "10.6", "PWD_P16": "11.5", "PWD_P17": "12.7", "PWD_P18": "13.5", "PWD_P19": "15.0", "PWD_P20": "17.4", "PWD_P21": "19.2", "PWD_P22": "22.4", "PWD_P23": "24.9", "PWD_P24": "26.8", "PWD_P25": "28.6", "PWD_P26": "31.7", "PWD_P27": "34.3", "PWD_P28": "36.0", "PWD_P29": "37.0", "PWD_P30": "37.7", "PWD_P31": "38.4", "PWD_P32": "39.2", "PWD_P33": "40.2", "PWD_P34": "41.1", "PWD_P35": "41.8", "PWD_P36": "42.4", "PWD_P37": "43.1", "PWD_P38": "43.6", "PWD_P39": "44.3", "PWD_P40": "45.0", "PWD_P41": "45.4", "PWD_P42": "45.9", "PWD_P43": "46.4", "PWD_P44": "47.0", "PWD_P45": "47.4", "PWD_P46": "47.8", "PWD_P47": "48.2", "PWD_P48": "48.6", "PWD_P49": "49.3", "PWD_P50": "50.0", "PWD_P51": "50.7", "PWD_P52": "52.8", "PWD_P53": "54.1", "PWD_P54": "54.9", "PWD_P55": "55.7", "PWD_P56": "56.5", "PWD_P57": "57.4", "PWD_P58": "58.1", "PWD_P59": "58.8", "PWD_P60": "60.1", "PWD_P61": "61.3", "PWD_P62": "62.8", "PWD_P63": "64.4", "PWD_P64": "65.9", "PWD_P65": "67.1", "PWD_P66": "68.8", "PWD_P67": "69.7", "PWD_P68": "70.9", "PWD_P69": "71.7", "PWD_P70": "72.5", "PWD_P71": "73.2", "PWD_P72": "73.8", "PWD_P73": "74.7", "PWD_P74": "75.5", "PWD_P75": "76.4", "PWD_P76": "77.5", "PWD_P77": "78.6", "PWD_P78": "79.6", "PWD_P79": "80.7", "PWD_P80": "81.8", "PWD_P81": "82.5", "PWD_P82": "83.0", "PWD_P83": "83.9", "PWD_P84": "84.9", "PWD_P85": "85.7", "PWD_P86": "86.7", "PWD_P87": "87.9", "PWD_P88": "88.9", "PWD_P89": "89.5", "PWD_P90": "90.0", "PWD_P91": "90.8", "PWD_P92": "91.8", "PWD_P93": "93.4", "PWD_P94": "95.5", "PWD_P95": "97.4", "PWD_P96": "100.2", "PWD_P97": "102.3", "PWD_P98": "104.2", "PWD_P99": "107.1", "PWD_P100": "115.5" }, "geometry": { "type": "Point", "coordinates": [ -58.1098, -51.7277 ] } },
{ "type": "Feature", "id": 71, "properties": { "lon": 178.3054, "lat": -17.6832, "year": "2010", "ISO": "FJI", "ISO_No": "242", "Name": "Fiji", "PWC_Lat": "-17.6832", "PWC_Lon": "178.3054", "Pop": "859815", "Density": "44.7", "Area": "19217.6", "PWD_A": "2742.0", "PWD_G": "426.1", "PWD_M": "444.6", "PWD_P1": "3.2", "PWD_P2": "4.7", "PWD_P3": "6.3", "PWD_P4": "7.7", "PWD_P5": "9.2", "PWD_P6": "10.6", "PWD_P7": "12.2", "PWD_P8": "13.7", "PWD_P9": "15.4", "PWD_P10": "17.3", "PWD_P11": "19.2", "PWD_P12": "21.1", "PWD_P13": "23.3", "PWD_P14": "25.6", "PWD_P15": "28.0", "PWD_P16": "30.6", "PWD_P17": "33.3", "PWD_P18": "36.1", "PWD_P19": "39.3", "PWD_P20": "42.9", "PWD_P21": "46.8", "PWD_P22": "50.8", "PWD_P23": "55.1", "PWD_P24": "59.5", "PWD_P25": "64.4", "PWD_P26": "69.9", "PWD_P27": "75.8", "PWD_P28": "82.3", "PWD_P29": "89.2", "PWD_P30": "96.5", "PWD_P31": "104.0", "PWD_P32": "111.8", "PWD_P33": "120.1", "PWD_P34": "129.0", "PWD_P35": "138.3", "PWD_P36": "148.6", "PWD_P37": "160.1", "PWD_P38": "173.1", "PWD_P39": "188.0", "PWD_P40": "203.2", "PWD_P41": "220.1", "PWD_P42": "238.1", "PWD_P43": "257.0", "PWD_P44": "277.2", "PWD_P45": "298.6", "PWD_P46": "321.5", "PWD_P47": "346.8", "PWD_P48": "376.3", "PWD_P49": "409.6", "PWD_P50": "444.6", "PWD_P51": "482.1", "PWD_P52": "524.6", "PWD_P53": "574.6", "PWD_P54": "628.3", "PWD_P55": "684.9", "PWD_P56": "745.5", "PWD_P57": "812.0", "PWD_P58": "887.2", "PWD_P59": "974.5", "PWD_P60": "1070.4", "PWD_P61": "1168.0", "PWD_P62": "1265.0", "PWD_P63": "1371.2", "PWD_P64": "1491.2", "PWD_P65": "1607.5", "PWD_P66": "1742.0", "PWD_P67": "1886.9", "PWD_P68": "2036.7", "PWD_P69": "2231.2", "PWD_P70": "2421.5", "PWD_P71": "2599.7", "PWD_P72": "2792.1", "PWD_P73": "3024.1", "PWD_P74": "3239.8", "PWD_P75": "3508.7", "PWD_P76": "3748.7", "PWD_P77": "4029.5", "PWD_P78": "4275.1", "PWD_P79": "4515.9", "PWD_P80": "4849.4", "PWD_P81": "5166.0", "PWD_P82": "5492.7", "PWD_P83": "5858.9", "PWD_P84": "6260.8", "PWD_P85": "6629.6", "PWD_P86": "7025.3", "PWD_P87": "7431.9", "PWD_P88": "7840.6", "PWD_P89": "8288.5", "PWD_P90": "8762.8", "PWD_P91": "9267.9", "PWD_P92": "9785.4", "PWD_P93": "10315.7", "PWD_P94": "11062.5", "PWD_P95": "12181.9", "PWD_P96": "13574.5", "PWD_P97": "15463.1", "PWD_P98": "17659.2", "PWD_P99": "21793.9", "PWD_P100": "57428.4" }, "geometry": { "type": "Point", "coordinates": [ 178.3054, -17.6832 ] } },
{ "type": "Feature", "id": 72, "properties": { "lon": 24.938810348510742, "lat": 61.737678527832031, "year": "2010", "ISO": "FIN", "ISO_No": "246", "Name": "Finland", "PWC_Lat": "61.737678527832", "PWC_Lon": "24.9388103485107", "Pop": "5365784", "Density": "17.4", "Area": "307940.1", "PWD_A": "788.8", "PWD_G": "219.7", "PWD_M": "329.2", "PWD_P1": "1.2", "PWD_P2": "1.9", "PWD_P3": "2.6", "PWD_P4": "3.5", "PWD_P5": "4.4", "PWD_P6": "5.3", "PWD_P7": "6.2", "PWD_P8": "7.1", "PWD_P9": "8.2", "PWD_P10": "9.4", "PWD_P11": "10.8", "PWD_P12": "12.4", "PWD_P13": "14.3", "PWD_P14": "16.8", "PWD_P15": "19.8", "PWD_P16": "23.3", "PWD_P17": "27.1", "PWD_P18": "31.3", "PWD_P19": "35.7", "PWD_P20": "40.4", "PWD_P21": "45.4", "PWD_P22": "50.5", "PWD_P23": "55.7", "PWD_P24": "61.1", "PWD_P25": "66.8", "PWD_P26": "72.8", "PWD_P27": "78.9", "PWD_P28": "85.4", "PWD_P29": "91.9", "PWD_P30": "98.8", "PWD_P31": "106.1", "PWD_P32": "113.6", "PWD_P33": "121.6", "PWD_P34": "129.8", "PWD_P35": "138.5", "PWD_P36": "148.0", "PWD_P37": "157.9", "PWD_P38": "167.9", "PWD_P39": "178.4", "PWD_P40": "189.4", "PWD_P41": "200.7", "PWD_P42": "212.6", "PWD_P43": "225.0", "PWD_P44": "237.6", "PWD_P45": "251.5", "PWD_P46": "266.0", "PWD_P47": "281.1", "PWD_P48": "297.0", "PWD_P49": "313.2", "PWD_P50": "329.2", "PWD_P51": "346.0", "PWD_P52": "362.6", "PWD_P53": "379.9", "PWD_P54": "397.5", "PWD_P55": "416.6", "PWD_P56": "437.2", "PWD_P57": "457.4", "PWD_P58": "477.8", "PWD_P59": "497.6", "PWD_P60": "520.1", "PWD_P61": "545.1", "PWD_P62": "569.6", "PWD_P63": "594.0", "PWD_P64": "618.7", "PWD_P65": "646.0", "PWD_P66": "675.5", "PWD_P67": "707.3", "PWD_P68": "745.6", "PWD_P69": "788.0", "PWD_P70": "833.8", "PWD_P71": "875.9", "PWD_P72": "920.5", "PWD_P73": "971.5", "PWD_P74": "1023.7", "PWD_P75": "1074.6", "PWD_P76": "1118.4", "PWD_P77": "1159.2", "PWD_P78": "1199.7", "PWD_P79": "1241.2", "PWD_P80": "1284.7", "PWD_P81": "1328.8", "PWD_P82": "1377.9", "PWD_P83": "1432.4", "PWD_P84": "1499.5", "PWD_P85": "1576.2", "PWD_P86": "1649.2", "PWD_P87": "1733.7", "PWD_P88": "1815.3", "PWD_P89": "1930.3", "PWD_P90": "2544.5", "PWD_P91": "3179.0", "PWD_P92": "3362.9", "PWD_P93": "3485.7", "PWD_P94": "3580.8", "PWD_P95": "3670.1", "PWD_P96": "3775.7", "PWD_P97": "3868.8", "PWD_P98": "3958.6", "PWD_P99": "4091.1", "PWD_P100": "4501.8" }, "geometry": { "type": "Point", "coordinates": [ 24.938810348510742, 61.737678527832031 ] } },
{ "type": "Feature", "id": 73, "properties": { "lon": 2.6570415496826172, "lat": 47.104808807373047, "year": "2010", "ISO": "FRA", "ISO_No": "250", "Name": "France", "PWC_Lat": "47.104808807373", "PWC_Lon": "2.65704154968262", "Pop": "62879535", "Density": "115.3", "Area": "545584.7", "PWD_A": "3917.6", "PWD_G": "908.9", "PWD_M": "1155.2", "PWD_P1": "9.0", "PWD_P2": "12.9", "PWD_P3": "16.4", "PWD_P4": "19.7", "PWD_P5": "23.1", "PWD_P6": "26.7", "PWD_P7": "30.5", "PWD_P8": "34.6", "PWD_P9": "39.1", "PWD_P10": "44.0", "PWD_P11": "49.3", "PWD_P12": "55.1", "PWD_P13": "61.4", "PWD_P14": "68.2", "PWD_P15": "75.7", "PWD_P16": "83.8", "PWD_P17": "92.7", "PWD_P18": "102.2", "PWD_P19": "112.6", "PWD_P20": "123.9", "PWD_P21": "136.3", "PWD_P22": "149.7", "PWD_P23": "164.3", "PWD_P24": "180.3", "PWD_P25": "198.0", "PWD_P26": "217.2", "PWD_P27": "238.4", "PWD_P28": "261.2", "PWD_P29": "285.8", "PWD_P30": "311.8", "PWD_P31": "339.2", "PWD_P32": "368.1", "PWD_P33": "398.4", "PWD_P34": "429.9", "PWD_P35": "462.6", "PWD_P36": "496.5", "PWD_P37": "531.9", "PWD_P38": "568.5", "PWD_P39": "606.5", "PWD_P40": "645.9", "PWD_P41": "686.7", "PWD_P42": "729.0", "PWD_P43": "773.0", "PWD_P44": "818.6", "PWD_P45": "866.4", "PWD_P46": "916.7", "PWD_P47": "970.3", "PWD_P48": "1027.1", "PWD_P49": "1088.8", "PWD_P50": "1155.2", "PWD_P51": "1226.5", "PWD_P52": "1303.7", "PWD_P53": "1388.3", "PWD_P54": "1479.3", "PWD_P55": "1578.2", "PWD_P56": "1683.9", "PWD_P57": "1798.7", "PWD_P58": "1921.7", "PWD_P59": "2053.4", "PWD_P60": "2192.6", "PWD_P61": "2339.7", "PWD_P62": "2493.1", "PWD_P63": "2652.3", "PWD_P64": "2817.6", "PWD_P65": "2985.3", "PWD_P66": "3157.9", "PWD_P67": "3333.6", "PWD_P68": "3513.2", "PWD_P69": "3699.7", "PWD_P70": "3891.4", "PWD_P71": "4087.7", "PWD_P72": "4287.2", "PWD_P73": "4486.0", "PWD_P74": "4691.5", "PWD_P75": "4900.9", "PWD_P76": "5119.1", "PWD_P77": "5347.2", "PWD_P78": "5583.6", "PWD_P79": "5836.1", "PWD_P80": "6099.9", "PWD_P81": "6367.9", "PWD_P82": "6661.2", "PWD_P83": "6967.7", "PWD_P84": "7296.4", "PWD_P85": "7640.6", "PWD_P86": "8009.9", "PWD_P87": "8406.7", "PWD_P88": "8859.7", "PWD_P89": "9363.6", "PWD_P90": "9927.5", "PWD_P91": "10661.2", "PWD_P92": "11570.8", "PWD_P93": "12749.1", "PWD_P94": "14596.6", "PWD_P95": "16842.9", "PWD_P96": "20572.6", "PWD_P97": "24985.3", "PWD_P98": "29448.5", "PWD_P99": "33888.1", "PWD_P100": "56007.0" }, "geometry": { "type": "Point", "coordinates": [ 2.657041549682617, 47.104808807373047 ] } },
{ "type": "Feature", "id": 74, "properties": { "lon": -52.924114227294922, "lat": 4.9303350448608398, "year": "2010", "ISO": "GUF", "ISO_No": "254", "Name": "French Guiana", "PWC_Lat": "4.93033504486084", "PWC_Lon": "-52.9241142272949", "Pop": "232996", "Density": "2.8", "Area": "83065.1", "PWD_A": "783.1", "PWD_G": "121.3", "PWD_M": "220.4", "PWD_P1": "0.1", "PWD_P2": "0.2", "PWD_P3": "0.3", "PWD_P4": "0.5", "PWD_P5": "0.7", "PWD_P6": "0.9", "PWD_P7": "1.0", "PWD_P8": "1.1", "PWD_P9": "1.3", "PWD_P10": "1.6", "PWD_P11": "1.9", "PWD_P12": "2.2", "PWD_P13": "2.7", "PWD_P14": "3.5", "PWD_P15": "4.4", "PWD_P16": "5.4", "PWD_P17": "6.7", "PWD_P18": "8.5", "PWD_P19": "10.8", "PWD_P20": "13.7", "PWD_P21": "16.5", "PWD_P22": "19.6", "PWD_P23": "23.3", "PWD_P24": "27.6", "PWD_P25": "31.8", "PWD_P26": "35.5", "PWD_P27": "39.0", "PWD_P28": "42.3", "PWD_P29": "45.7", "PWD_P30": "49.5", "PWD_P31": "53.5", "PWD_P32": "57.7", "PWD_P33": "62.1", "PWD_P34": "66.6", "PWD_P35": "72.1", "PWD_P36": "77.3", "PWD_P37": "83.4", "PWD_P38": "90.3", "PWD_P39": "97.7", "PWD_P40": "106.4", "PWD_P41": "115.6", "PWD_P42": "125.7", "PWD_P43": "136.6", "PWD_P44": "147.4", "PWD_P45": "158.2", "PWD_P46": "169.9", "PWD_P47": "181.2", "PWD_P48": "193.6", "PWD_P49": "207.0", "PWD_P50": "220.4", "PWD_P51": "232.4", "PWD_P52": "243.7", "PWD_P53": "255.3", "PWD_P54": "268.1", "PWD_P55": "284.3", "PWD_P56": "299.5", "PWD_P57": "315.7", "PWD_P58": "331.9", "PWD_P59": "347.4", "PWD_P60": "361.2", "PWD_P61": "376.2", "PWD_P62": "388.6", "PWD_P63": "404.4", "PWD_P64": "420.5", "PWD_P65": "436.1", "PWD_P66": "454.3", "PWD_P67": "470.5", "PWD_P68": "491.1", "PWD_P69": "518.8", "PWD_P70": "547.9", "PWD_P71": "578.8", "PWD_P72": "616.8", "PWD_P73": "675.0", "PWD_P74": "744.3", "PWD_P75": "923.3", "PWD_P76": "1257.8", "PWD_P77": "1348.6", "PWD_P78": "1524.7", "PWD_P79": "1669.7", "PWD_P80": "1744.1", "PWD_P81": "1805.9", "PWD_P82": "1863.8", "PWD_P83": "1939.9", "PWD_P84": "2051.8", "PWD_P85": "2127.6", "PWD_P86": "2219.1", "PWD_P87": "2312.9", "PWD_P88": "2397.9", "PWD_P89": "2584.1", "PWD_P90": "2728.2", "PWD_P91": "2896.8", "PWD_P92": "3068.6", "PWD_P93": "3228.9", "PWD_P94": "3355.5", "PWD_P95": "3486.1", "PWD_P96": "3736.4", "PWD_P97": "3944.4", "PWD_P98": "4095.5", "PWD_P99": "4320.4", "PWD_P100": "5583.1" }, "geometry": { "type": "Point", "coordinates": [ -52.924114227294922, 4.93033504486084 ] } },
{ "type": "Feature", "id": 75, "properties": { "lon": -149.11419677734375, "lat": -17.285421371459961, "year": "2010", "ISO": "PYF", "ISO_No": "258", "Name": "French Polynesia", "PWC_Lat": "-17.28542137146", "PWC_Lon": "-149.114196777344", "Pop": "266448", "Density": "57.9", "Area": "4599.4", "PWD_A": "413.5", "PWD_G": "188.4", "PWD_M": "207.0", "PWD_P1": "5.0", "PWD_P2": "6.6", "PWD_P3": "8.4", "PWD_P4": "10.6", "PWD_P5": "12.3", "PWD_P6": "14.8", "PWD_P7": "17.1", "PWD_P8": "19.1", "PWD_P9": "21.9", "PWD_P10": "24.4", "PWD_P11": "27.5", "PWD_P12": "31.4", "PWD_P13": "34.5", "PWD_P14": "37.7", "PWD_P15": "41.0", "PWD_P16": "44.1", "PWD_P17": "46.7", "PWD_P18": "49.5", "PWD_P19": "52.6", "PWD_P20": "56.6", "PWD_P21": "61.1", "PWD_P22": "65.2", "PWD_P23": "69.3", "PWD_P24": "72.8", "PWD_P25": "76.0", "PWD_P26": "79.0", "PWD_P27": "82.0", "PWD_P28": "85.2", "PWD_P29": "89.0", "PWD_P30": "92.8", "PWD_P31": "97.1", "PWD_P32": "101.2", "PWD_P33": "105.1", "PWD_P34": "109.9", "PWD_P35": "115.3", "PWD_P36": "122.0", "PWD_P37": "129.8", "PWD_P38": "136.2", "PWD_P39": "142.1", "PWD_P40": "147.5", "PWD_P41": "152.8", "PWD_P42": "157.9", "PWD_P43": "163.5", "PWD_P44": "169.7", "PWD_P45": "175.7", "PWD_P46": "181.8", "PWD_P47": "187.9", "PWD_P48": "194.7", "PWD_P49": "201.1", "PWD_P50": "207.0", "PWD_P51": "212.6", "PWD_P52": "220.1", "PWD_P53": "227.7", "PWD_P54": "236.8", "PWD_P55": "247.4", "PWD_P56": "258.5", "PWD_P57": "270.1", "PWD_P58": "283.1", "PWD_P59": "295.7", "PWD_P60": "310.3", "PWD_P61": "321.8", "PWD_P62": "335.1", "PWD_P63": "350.9", "PWD_P64": "379.7", "PWD_P65": "404.5", "PWD_P66": "425.2", "PWD_P67": "452.2", "PWD_P68": "475.0", "PWD_P69": "492.0", "PWD_P70": "507.6", "PWD_P71": "521.2", "PWD_P72": "536.5", "PWD_P73": "555.3", "PWD_P74": "576.0", "PWD_P75": "599.1", "PWD_P76": "622.3", "PWD_P77": "647.2", "PWD_P78": "678.8", "PWD_P79": "705.4", "PWD_P80": "743.6", "PWD_P81": "772.9", "PWD_P82": "801.8", "PWD_P83": "837.3", "PWD_P84": "880.9", "PWD_P85": "938.3", "PWD_P86": "988.8", "PWD_P87": "1056.8", "PWD_P88": "1102.8", "PWD_P89": "1153.8", "PWD_P90": "1209.1", "PWD_P91": "1252.6", "PWD_P92": "1286.1", "PWD_P93": "1315.7", "PWD_P94": "1356.6", "PWD_P95": "1400.7", "PWD_P96": "1460.0", "PWD_P97": "1578.6", "PWD_P98": "1810.6", "PWD_P99": "1907.9", "PWD_P100": "2077.4" }, "geometry": { "type": "Point", "coordinates": [ -149.11419677734375, -17.285421371459961 ] } },
{ "type": "Feature", "id": 76, "properties": { "lon": 42.927139282226562, "lat": 11.556958198547363, "year": "2010", "ISO": "DJI", "ISO_No": "262", "Name": "Djibouti", "PWC_Lat": "11.5569581985474", "PWC_Lon": "42.9271392822266", "Pop": "840193", "Density": "38.9", "Area": "21614.8", "PWD_A": "3942.3", "PWD_G": "712.5", "PWD_M": "2651.9", "PWD_P1": "4.0", "PWD_P2": "5.0", "PWD_P3": "5.8", "PWD_P4": "6.3", "PWD_P5": "6.9", "PWD_P6": "7.6", "PWD_P7": "8.3", "PWD_P8": "8.9", "PWD_P9": "9.7", "PWD_P10": "10.5", "PWD_P11": "11.6", "PWD_P12": "12.8", "PWD_P13": "14.2", "PWD_P14": "15.6", "PWD_P15": "16.8", "PWD_P16": "18.0", "PWD_P17": "19.2", "PWD_P18": "20.6", "PWD_P19": "22.4", "PWD_P20": "24.8", "PWD_P21": "27.4", "PWD_P22": "30.1", "PWD_P23": "33.3", "PWD_P24": "37.2", "PWD_P25": "41.6", "PWD_P26": "47.7", "PWD_P27": "55.4", "PWD_P28": "63.6", "PWD_P29": "72.7", "PWD_P30": "85.8", "PWD_P31": "108.4", "PWD_P32": "150.4", "PWD_P33": "188.5", "PWD_P34": "233.0", "PWD_P35": "290.0", "PWD_P36": "368.6", "PWD_P37": "453.1", "PWD_P38": "550.4", "PWD_P39": "673.9", "PWD_P40": "816.4", "PWD_P41": "984.5", "PWD_P42": "1138.1", "PWD_P43": "1303.7", "PWD_P44": "1466.1", "PWD_P45": "1629.3", "PWD_P46": "1844.0", "PWD_P47": "2068.3", "PWD_P48": "2307.8", "PWD_P49": "2489.9", "PWD_P50": "2651.9", "PWD_P51": "2821.1", "PWD_P52": "2992.3", "PWD_P53": "3148.3", "PWD_P54": "3292.7", "PWD_P55": "3435.2", "PWD_P56": "3646.9", "PWD_P57": "3913.8", "PWD_P58": "4156.8", "PWD_P59": "4372.3", "PWD_P60": "4580.4", "PWD_P61": "4859.6", "PWD_P62": "5132.8", "PWD_P63": "5382.0", "PWD_P64": "5608.5", "PWD_P65": "5789.3", "PWD_P66": "5995.9", "PWD_P67": "6203.4", "PWD_P68": "6395.2", "PWD_P69": "6555.5", "PWD_P70": "6744.6", "PWD_P71": "6962.1", "PWD_P72": "7182.9", "PWD_P73": "7545.6", "PWD_P74": "7904.6", "PWD_P75": "8135.3", "PWD_P76": "8346.2", "PWD_P77": "8544.0", "PWD_P78": "8719.2", "PWD_P79": "8861.9", "PWD_P80": "9017.7", "PWD_P81": "9133.1", "PWD_P82": "9254.3", "PWD_P83": "9372.4", "PWD_P84": "9479.9", "PWD_P85": "9583.9", "PWD_P86": "9686.7", "PWD_P87": "9765.4", "PWD_P88": "9866.2", "PWD_P89": "9956.2", "PWD_P90": "10046.9", "PWD_P91": "10115.5", "PWD_P92": "10200.5", "PWD_P93": "10282.8", "PWD_P94": "10354.4", "PWD_P95": "10449.6", "PWD_P96": "10519.2", "PWD_P97": "10574.7", "PWD_P98": "10644.9", "PWD_P99": "10781.0", "PWD_P100": "11083.7" }, "geometry": { "type": "Point", "coordinates": [ 42.927139282226562, 11.556958198547363 ] } },
{ "type": "Feature", "id": 77, "properties": { "lon": 10.940897941589355, "lat": -0.30111980438232422, "year": "2010", "ISO": "GAB", "ISO_No": "266", "Name": "Gabon", "PWC_Lat": "-0.301119804382324", "PWC_Lon": "10.9408979415894", "Pop": "1624146", "Density": "6.2", "Area": "262820.0", "PWD_A": "760.3", "PWD_G": "63.3", "PWD_M": "31.4", "PWD_P1": "0.6", "PWD_P2": "0.8", "PWD_P3": "0.9", "PWD_P4": "1.1", "PWD_P5": "1.2", "PWD_P6": "1.4", "PWD_P7": "1.5", "PWD_P8": "1.7", "PWD_P9": "1.8", "PWD_P10": "2.0", "PWD_P11": "2.2", "PWD_P12": "2.4", "PWD_P13": "2.6", "PWD_P14": "2.8", "PWD_P15": "3.0", "PWD_P16": "3.3", "PWD_P17": "3.5", "PWD_P18": "3.8", "PWD_P19": "4.1", "PWD_P20": "4.5", "PWD_P21": "4.9", "PWD_P22": "5.4", "PWD_P23": "5.9", "PWD_P24": "6.3", "PWD_P25": "6.9", "PWD_P26": "7.5", "PWD_P27": "8.1", "PWD_P28": "8.8", "PWD_P29": "9.5", "PWD_P30": "10.2", "PWD_P31": "11.0", "PWD_P32": "11.8", "PWD_P33": "12.5", "PWD_P34": "13.3", "PWD_P35": "14.0", "PWD_P36": "14.8", "PWD_P37": "15.6", "PWD_P38": "16.5", "PWD_P39": "17.4", "PWD_P40": "18.4", "PWD_P41": "19.4", "PWD_P42": "20.5", "PWD_P43": "21.7", "PWD_P44": "23.0", "PWD_P45": "24.3", "PWD_P46": "25.5", "PWD_P47": "26.8", "PWD_P48": "28.1", "PWD_P49": "29.7", "PWD_P50": "31.4", "PWD_P51": "33.2", "PWD_P52": "35.2", "PWD_P53": "37.2", "PWD_P54": "39.4", "PWD_P55": "42.1", "PWD_P56": "45.4", "PWD_P57": "49.1", "PWD_P58": "53.4", "PWD_P59": "59.8", "PWD_P60": "67.5", "PWD_P61": "77.6", "PWD_P62": "90.4", "PWD_P63": "101.7", "PWD_P64": "120.0", "PWD_P65": "140.9", "PWD_P66": "259.8", "PWD_P67": "934.3", "PWD_P68": "1092.3", "PWD_P69": "1228.6", "PWD_P70": "1319.7", "PWD_P71": "1419.9", "PWD_P72": "1486.8", "PWD_P73": "1541.5", "PWD_P74": "1643.3", "PWD_P75": "1717.1", "PWD_P76": "1767.2", "PWD_P77": "1829.1", "PWD_P78": "1862.5", "PWD_P79": "1928.9", "PWD_P80": "2020.6", "PWD_P81": "2075.2", "PWD_P82": "2119.9", "PWD_P83": "2220.8", "PWD_P84": "2261.0", "PWD_P85": "2302.0", "PWD_P86": "2345.6", "PWD_P87": "2398.4", "PWD_P88": "2467.6", "PWD_P89": "2545.6", "PWD_P90": "2665.8", "PWD_P91": "2711.1", "PWD_P92": "2727.7", "PWD_P93": "2764.9", "PWD_P94": "2796.6", "PWD_P95": "2884.0", "PWD_P96": "3069.7", "PWD_P97": "3161.2", "PWD_P98": "3206.4", "PWD_P99": "3637.6", "PWD_P100": "3693.4" }, "geometry": { "type": "Point", "coordinates": [ 10.940897941589355, -0.301119804382324 ] } },
{ "type": "Feature", "id": 78, "properties": { "lon": 43.675060272216797, "lat": 41.931480407714844, "year": "2010", "ISO": "GEO", "ISO_No": "268", "Name": "Georgia", "PWC_Lat": "41.9314804077148", "PWC_Lon": "43.6750602722168", "Pop": "4099095", "Density": "59.0", "Area": "69484.6", "PWD_A": "3196.2", "PWD_G": "552.7", "PWD_M": "415.0", "PWD_P1": "4.3", "PWD_P2": "6.6", "PWD_P3": "9.1", "PWD_P4": "11.6", "PWD_P5": "14.1", "PWD_P6": "16.5", "PWD_P7": "19.0", "PWD_P8": "21.6", "PWD_P9": "24.1", "PWD_P10": "26.7", "PWD_P11": "29.4", "PWD_P12": "32.4", "PWD_P13": "35.6", "PWD_P14": "39.1", "PWD_P15": "42.6", "PWD_P16": "46.1", "PWD_P17": "50.1", "PWD_P18": "54.4", "PWD_P19": "59.1", "PWD_P20": "64.0", "PWD_P21": "69.1", "PWD_P22": "74.3", "PWD_P23": "79.7", "PWD_P24": "85.7", "PWD_P25": "91.8", "PWD_P26": "98.5", "PWD_P27": "105.4", "PWD_P28": "112.4", "PWD_P29": "119.8", "PWD_P30": "127.4", "PWD_P31": "135.7", "PWD_P32": "144.5", "PWD_P33": "153.5", "PWD_P34": "163.1", "PWD_P35": "173.0", "PWD_P36": "183.9", "PWD_P37": "195.9", "PWD_P38": "208.2", "PWD_P39": "220.8", "PWD_P40": "234.3", "PWD_P41": "247.8", "PWD_P42": "262.1", "PWD_P43": "277.9", "PWD_P44": "294.8", "PWD_P45": "311.7", "PWD_P46": "329.3", "PWD_P47": "348.1", "PWD_P48": "367.8", "PWD_P49": "389.8", "PWD_P50": "415.0", "PWD_P51": "443.1", "PWD_P52": "475.5", "PWD_P53": "510.6", "PWD_P54": "554.0", "PWD_P55": "615.4", "PWD_P56": "694.0", "PWD_P57": "781.4", "PWD_P58": "882.7", "PWD_P59": "1006.7", "PWD_P60": "1163.3", "PWD_P61": "1361.2", "PWD_P62": "1606.5", "PWD_P63": "1870.5", "PWD_P64": "2156.8", "PWD_P65": "2444.5", "PWD_P66": "2763.6", "PWD_P67": "3061.2", "PWD_P68": "3412.1", "PWD_P69": "3762.3", "PWD_P70": "4192.1", "PWD_P71": "4811.6", "PWD_P72": "5473.6", "PWD_P73": "5969.0", "PWD_P74": "6425.1", "PWD_P75": "6811.1", "PWD_P76": "7132.4", "PWD_P77": "7388.8", "PWD_P78": "7611.4", "PWD_P79": "7836.5", "PWD_P80": "8098.9", "PWD_P81": "8339.1", "PWD_P82": "8569.3", "PWD_P83": "8803.4", "PWD_P84": "9058.6", "PWD_P85": "9272.1", "PWD_P86": "9489.7", "PWD_P87": "9722.7", "PWD_P88": "9983.6", "PWD_P89": "10273.1", "PWD_P90": "10529.7", "PWD_P91": "10771.5", "PWD_P92": "10961.8", "PWD_P93": "11126.8", "PWD_P94": "11347.7", "PWD_P95": "11631.7", "PWD_P96": "11929.5", "PWD_P97": "12237.1", "PWD_P98": "13326.6", "PWD_P99": "15835.7", "PWD_P100": "18132.7" }, "geometry": { "type": "Point", "coordinates": [ 43.675060272216797, 41.931480407714844 ] } },
{ "type": "Feature", "id": 79, "properties": { "lon": -15.986451148986816, "lat": 13.414115905761719, "year": "2010", "ISO": "GMB", "ISO_No": "270", "Name": "Gambia", "PWC_Lat": "13.4141159057617", "PWC_Lon": "-15.9864511489868", "Pop": "1793199", "Density": "169.5", "Area": "10576.8", "PWD_A": "2366.3", "PWD_G": "603.0", "PWD_M": "506.1", "PWD_P1": "26.8", "PWD_P2": "33.8", "PWD_P3": "38.1", "PWD_P4": "41.6", "PWD_P5": "44.8", "PWD_P6": "47.6", "PWD_P7": "50.2", "PWD_P8": "52.7", "PWD_P9": "55.3", "PWD_P10": "58.2", "PWD_P11": "61.2", "PWD_P12": "64.4", "PWD_P13": "67.7", "PWD_P14": "70.9", "PWD_P15": "74.1", "PWD_P16": "77.4", "PWD_P17": "81.2", "PWD_P18": "84.9", "PWD_P19": "88.8", "PWD_P20": "92.9", "PWD_P21": "97.1", "PWD_P22": "101.4", "PWD_P23": "105.8", "PWD_P24": "110.0", "PWD_P25": "114.7", "PWD_P26": "119.8", "PWD_P27": "125.4", "PWD_P28": "131.9", "PWD_P29": "138.8", "PWD_P30": "146.6", "PWD_P31": "154.4", "PWD_P32": "163.1", "PWD_P33": "172.2", "PWD_P34": "181.5", "PWD_P35": "190.9", "PWD_P36": "201.3", "PWD_P37": "212.3", "PWD_P38": "223.9", "PWD_P39": "237.0", "PWD_P40": "252.0", "PWD_P41": "268.0", "PWD_P42": "286.9", "PWD_P43": "306.7", "PWD_P44": "328.6", "PWD_P45": "353.2", "PWD_P46": "380.1", "PWD_P47": "408.2", "PWD_P48": "437.9", "PWD_P49": "471.1", "PWD_P50": "506.1", "PWD_P51": "546.7", "PWD_P52": "589.1", "PWD_P53": "638.4", "PWD_P54": "696.3", "PWD_P55": "750.2", "PWD_P56": "796.8", "PWD_P57": "866.8", "PWD_P58": "947.4", "PWD_P59": "1025.0", "PWD_P60": "1105.3", "PWD_P61": "1218.0", "PWD_P62": "1338.2", "PWD_P63": "1424.8", "PWD_P64": "1519.1", "PWD_P65": "1613.0", "PWD_P66": "1706.4", "PWD_P67": "1798.8", "PWD_P68": "1911.4", "PWD_P69": "2041.2", "PWD_P70": "2269.6", "PWD_P71": "2530.2", "PWD_P72": "2806.1", "PWD_P73": "3129.0", "PWD_P74": "3416.5", "PWD_P75": "3644.0", "PWD_P76": "3878.1", "PWD_P77": "4124.1", "PWD_P78": "4391.4", "PWD_P79": "4732.9", "PWD_P80": "5029.4", "PWD_P81": "5276.0", "PWD_P82": "5512.8", "PWD_P83": "5754.7", "PWD_P84": "5975.2", "PWD_P85": "6254.6", "PWD_P86": "6666.8", "PWD_P87": "6996.1", "PWD_P88": "7286.8", "PWD_P89": "7556.3", "PWD_P90": "7820.9", "PWD_P91": "8070.9", "PWD_P92": "8383.3", "PWD_P93": "8743.7", "PWD_P94": "9016.8", "PWD_P95": "9269.1", "PWD_P96": "9547.6", "PWD_P97": "9923.9", "PWD_P98": "10501.9", "PWD_P99": "15150.7", "PWD_P100": "26994.7" }, "geometry": { "type": "Point", "coordinates": [ -15.986451148986816, 13.414115905761719 ] } },
{ "type": "Feature", "id": 80, "properties": { "lon": 34.906753540039062, "lat": 31.767316818237305, "year": "2010", "ISO": "PSE", "ISO_No": "275", "Name": "Palestina", "PWC_Lat": "31.7673168182373", "PWC_Lon": "34.9067535400391", "Pop": "4055631", "Density": "671.9", "Area": "6036.1", "PWD_A": "9643.0", "PWD_G": "4087.0", "PWD_M": "5071.0", "PWD_P1": "36.0", "PWD_P2": "71.0", "PWD_P3": "115.6", "PWD_P4": "157.7", "PWD_P5": "215.4", "PWD_P6": "262.7", "PWD_P7": "305.5", "PWD_P8": "355.6", "PWD_P9": "417.5", "PWD_P10": "478.2", "PWD_P11": "537.5", "PWD_P12": "596.9", "PWD_P13": "653.8", "PWD_P14": "707.5", "PWD_P15": "761.0", "PWD_P16": "817.8", "PWD_P17": "883.3", "PWD_P18": "959.3", "PWD_P19": "1032.5", "PWD_P20": "1102.3", "PWD_P21": "1171.4", "PWD_P22": "1243.4", "PWD_P23": "1315.6", "PWD_P24": "1387.2", "PWD_P25": "1460.1", "PWD_P26": "1535.8", "PWD_P27": "1615.7", "PWD_P28": "1704.5", "PWD_P29": "1799.6", "PWD_P30": "1900.8", "PWD_P31": "2005.9", "PWD_P32": "2112.4", "PWD_P33": "2222.6", "PWD_P34": "2338.4", "PWD_P35": "2456.2", "PWD_P36": "2580.7", "PWD_P37": "2704.8", "PWD_P38": "2829.1", "PWD_P39": "2956.8", "PWD_P40": "3093.4", "PWD_P41": "3239.8", "PWD_P42": "3392.7", "PWD_P43": "3555.1", "PWD_P44": "3720.8", "PWD_P45": "3895.2", "PWD_P46": "4095.5", "PWD_P47": "4307.6", "PWD_P48": "4551.6", "PWD_P49": "4809.5", "PWD_P50": "5071.0", "PWD_P51": "5341.5", "PWD_P52": "5608.4", "PWD_P53": "5914.6", "PWD_P54": "6236.9", "PWD_P55": "6569.7", "PWD_P56": "6922.2", "PWD_P57": "7301.2", "PWD_P58": "7666.0", "PWD_P59": "8048.2", "PWD_P60": "8430.8", "PWD_P61": "8824.3", "PWD_P62": "9209.5", "PWD_P63": "9672.3", "PWD_P64": "10118.1", "PWD_P65": "10569.6", "PWD_P66": "11008.8", "PWD_P67": "11440.0", "PWD_P68": "11925.7", "PWD_P69": "12444.7", "PWD_P70": "13044.3", "PWD_P71": "13649.1", "PWD_P72": "14306.7", "PWD_P73": "14979.4", "PWD_P74": "15657.6", "PWD_P75": "16360.0", "PWD_P76": "16981.8", "PWD_P77": "17730.4", "PWD_P78": "18413.5", "PWD_P79": "19078.7", "PWD_P80": "19760.1", "PWD_P81": "20364.6", "PWD_P82": "21044.0", "PWD_P83": "21795.2", "PWD_P84": "22568.0", "PWD_P85": "23282.4", "PWD_P86": "23997.8", "PWD_P87": "24625.4", "PWD_P88": "25257.3", "PWD_P89": "25797.5", "PWD_P90": "26413.0", "PWD_P91": "27027.6", "PWD_P92": "27717.2", "PWD_P93": "28602.5", "PWD_P94": "29378.3", "PWD_P95": "30121.5", "PWD_P96": "30913.8", "PWD_P97": "31833.8", "PWD_P98": "33177.3", "PWD_P99": "35729.7", "PWD_P100": "45968.4" }, "geometry": { "type": "Point", "coordinates": [ 34.906753540039062, 31.767316818237305 ] } },
{ "type": "Feature", "id": 81, "properties": { "lon": 9.6835603713989258, "lat": 50.842365264892578, "year": "2010", "ISO": "DEU", "ISO_No": "276", "Name": "Germany", "PWC_Lat": "50.8423652648926", "PWC_Lon": "9.68356037139893", "Pop": "80827001", "Density": "228.9", "Area": "353045.5", "PWD_A": "1498.6", "PWD_G": "717.9", "PWD_M": "901.1", "PWD_P1": "22.5", "PWD_P2": "31.3", "PWD_P3": "38.5", "PWD_P4": "45.2", "PWD_P5": "51.9", "PWD_P6": "58.8", "PWD_P7": "65.9", "PWD_P8": "73.3", "PWD_P9": "81.0", "PWD_P10": "89.2", "PWD_P11": "97.7", "PWD_P12": "106.7", "PWD_P13": "116.0", "PWD_P14": "125.7", "PWD_P15": "135.8", "PWD_P16": "146.3", "PWD_P17": "157.1", "PWD_P18": "168.3", "PWD_P19": "179.9", "PWD_P20": "191.8", "PWD_P21": "204.3", "PWD_P22": "217.1", "PWD_P23": "230.5", "PWD_P24": "244.4", "PWD_P25": "258.8", "PWD_P26": "273.8", "PWD_P27": "289.4", "PWD_P28": "305.7", "PWD_P29": "323.0", "PWD_P30": "341.3", "PWD_P31": "360.7", "PWD_P32": "381.1", "PWD_P33": "402.6", "PWD_P34": "425.2", "PWD_P35": "448.8", "PWD_P36": "473.0", "PWD_P37": "497.9", "PWD_P38": "523.3", "PWD_P39": "549.4", "PWD_P40": "576.1", "PWD_P41": "603.6", "PWD_P42": "631.6", "PWD_P43": "660.4", "PWD_P44": "690.4", "PWD_P45": "721.8", "PWD_P46": "754.6", "PWD_P47": "788.9", "PWD_P48": "824.4", "PWD_P49": "861.7", "PWD_P50": "901.1", "PWD_P51": "942.2", "PWD_P52": "985.3", "PWD_P53": "1030.8", "PWD_P54": "1078.8", "PWD_P55": "1128.7", "PWD_P56": "1180.2", "PWD_P57": "1233.6", "PWD_P58": "1288.1", "PWD_P59": "1344.0", "PWD_P60": "1401.1", "PWD_P61": "1459.8", "PWD_P62": "1518.9", "PWD_P63": "1578.7", "PWD_P64": "1640.1", "PWD_P65": "1701.2", "PWD_P66": "1763.3", "PWD_P67": "1827.2", "PWD_P68": "1892.0", "PWD_P69": "1958.1", "PWD_P70": "2026.3", "PWD_P71": "2094.7", "PWD_P72": "2164.1", "PWD_P73": "2233.9", "PWD_P74": "2306.6", "PWD_P75": "2382.4", "PWD_P76": "2458.7", "PWD_P77": "2533.7", "PWD_P78": "2610.6", "PWD_P79": "2691.0", "PWD_P80": "2775.2", "PWD_P81": "2861.8", "PWD_P82": "2953.0", "PWD_P83": "3048.2", "PWD_P84": "3139.2", "PWD_P85": "3227.6", "PWD_P86": "3307.8", "PWD_P87": "3388.1", "PWD_P88": "3477.4", "PWD_P89": "3596.6", "PWD_P90": "3761.2", "PWD_P91": "3938.0", "PWD_P92": "4076.3", "PWD_P93": "4209.1", "PWD_P94": "4344.3", "PWD_P95": "4566.0", "PWD_P96": "5019.2", "PWD_P97": "5658.3", "PWD_P98": "5846.5", "PWD_P99": "6064.5", "PWD_P100": "6914.6" }, "geometry": { "type": "Point", "coordinates": [ 9.683560371398926, 50.842365264892578 ] } },
{ "type": "Feature", "id": 82, "properties": { "lon": -1.0050972700119019, "lat": 6.8941450119018555, "year": "2010", "ISO": "GHA", "ISO_No": "288", "Name": "Ghana", "PWC_Lat": "6.89414501190186", "PWC_Lon": "-1.0050972700119", "Pop": "24779614", "Density": "106.1", "Area": "233480.5", "PWD_A": "2337.9", "PWD_G": "402.8", "PWD_M": "284.0", "PWD_P1": "10.9", "PWD_P2": "16.4", "PWD_P3": "20.8", "PWD_P4": "24.7", "PWD_P5": "28.1", "PWD_P6": "31.3", "PWD_P7": "34.5", "PWD_P8": "37.5", "PWD_P9": "40.4", "PWD_P10": "43.3", "PWD_P11": "46.2", "PWD_P12": "49.0", "PWD_P13": "51.9", "PWD_P14": "54.8", "PWD_P15": "57.7", "PWD_P16": "60.6", "PWD_P17": "63.6", "PWD_P18": "66.7", "PWD_P19": "69.9", "PWD_P20": "73.2", "PWD_P21": "76.6", "PWD_P22": "80.1", "PWD_P23": "83.6", "PWD_P24": "87.3", "PWD_P25": "91.0", "PWD_P26": "94.9", "PWD_P27": "99.0", "PWD_P28": "103.2", "PWD_P29": "107.7", "PWD_P30": "112.3", "PWD_P31": "117.0", "PWD_P32": "122.0", "PWD_P33": "127.3", "PWD_P34": "133.0", "PWD_P35": "139.0", "PWD_P36": "145.4", "PWD_P37": "152.4", "PWD_P38": "159.7", "PWD_P39": "167.5", "PWD_P40": "175.7", "PWD_P41": "184.1", "PWD_P42": "192.9", "PWD_P43": "202.3", "PWD_P44": "212.1", "PWD_P45": "222.5", "PWD_P46": "233.9", "PWD_P47": "245.6", "PWD_P48": "257.8", "PWD_P49": "270.5", "PWD_P50": "284.0", "PWD_P51": "298.5", "PWD_P52": "313.7", "PWD_P53": "330.1", "PWD_P54": "346.8", "PWD_P55": "364.3", "PWD_P56": "382.8", "PWD_P57": "401.7", "PWD_P58": "420.9", "PWD_P59": "441.4", "PWD_P60": "462.8", "PWD_P61": "485.7", "PWD_P62": "509.6", "PWD_P63": "534.6", "PWD_P64": "561.4", "PWD_P65": "589.6", "PWD_P66": "619.8", "PWD_P67": "652.5", "PWD_P68": "691.1", "PWD_P69": "741.8", "PWD_P70": "808.0", "PWD_P71": "890.6", "PWD_P72": "1010.4", "PWD_P73": "1168.9", "PWD_P74": "1359.3", "PWD_P75": "1614.9", "PWD_P76": "1912.3", "PWD_P77": "2208.7", "PWD_P78": "2499.4", "PWD_P79": "2867.5", "PWD_P80": "3328.0", "PWD_P81": "3763.7", "PWD_P82": "4164.1", "PWD_P83": "4785.2", "PWD_P84": "5451.8", "PWD_P85": "6191.0", "PWD_P86": "7049.5", "PWD_P87": "7686.5", "PWD_P88": "8614.9", "PWD_P89": "9843.5", "PWD_P90": "10786.8", "PWD_P91": "11398.5", "PWD_P92": "11995.4", "PWD_P93": "12768.0", "PWD_P94": "13329.3", "PWD_P95": "13779.3", "PWD_P96": "14109.9", "PWD_P97": "14534.2", "PWD_P98": "14997.1", "PWD_P99": "15642.1", "PWD_P100": "18059.8" }, "geometry": { "type": "Point", "coordinates": [ -1.005097270011902, 6.894145011901855 ] } },
{ "type": "Feature", "id": 83, "properties": { "lon": -5.351, "lat": 36.1416, "year": "2010", "ISO": "GIB", "ISO_No": "292", "Name": "Gibraltar", "PWC_Lat": "36.1416", "PWC_Lon": "-5.351", "Pop": "33584", "Density": "4108.2", "Area": "8.2", "PWD_A": "7135.1", "PWD_G": "5830.0", "PWD_M": "8273.9", "PWD_P1": "690.4", "PWD_P2": "832.9", "PWD_P3": "956.8", "PWD_P4": "1044.3", "PWD_P5": "1169.0", "PWD_P6": "1269.2", "PWD_P7": "1387.5", "PWD_P8": "1484.6", "PWD_P9": "1605.3", "PWD_P10": "1736.6", "PWD_P11": "1956.2", "PWD_P12": "2080.6", "PWD_P13": "2253.1", "PWD_P14": "2382.3", "PWD_P15": "2525.7", "PWD_P16": "2620.1", "PWD_P17": "2712.7", "PWD_P18": "2755.8", "PWD_P19": "2925.6", "PWD_P20": "3112.2", "PWD_P21": "3449.8", "PWD_P22": "3585.7", "PWD_P23": "3743.2", "PWD_P24": "3890.0", "PWD_P25": "3945.4", "PWD_P26": "4047.2", "PWD_P27": "4192.5", "PWD_P28": "4302.3", "PWD_P29": "4393.5", "PWD_P30": "4487.9", "PWD_P31": "4552.5", "PWD_P32": "4651.0", "PWD_P33": "4815.9", "PWD_P34": "4997.1", "PWD_P35": "5336.0", "PWD_P36": "5463.4", "PWD_P37": "5909.8", "PWD_P38": "6127.4", "PWD_P39": "6511.2", "PWD_P40": "6586.0", "PWD_P41": "6797.7", "PWD_P42": "7280.2", "PWD_P43": "7605.2", "PWD_P44": "7696.9", "PWD_P45": "7904.9", "PWD_P46": "7962.0", "PWD_P47": "7997.5", "PWD_P48": "8171.8", "PWD_P49": "8220.1", "PWD_P50": "8273.9", "PWD_P51": "8356.4", "PWD_P52": "8424.2", "PWD_P53": "8448.5", "PWD_P54": "8482.5", "PWD_P55": "8550.3", "PWD_P56": "8648.7", "PWD_P57": "8699.7", "PWD_P58": "8786.1", "PWD_P59": "8899.4", "PWD_P60": "8967.7", "PWD_P61": "9039.9", "PWD_P62": "9261.9", "PWD_P63": "9352.3", "PWD_P64": "9376.8", "PWD_P65": "9404.8", "PWD_P66": "9490.0", "PWD_P67": "9531.3", "PWD_P68": "9652.7", "PWD_P69": "9757.5", "PWD_P70": "9880.3", "PWD_P71": "9932.3", "PWD_P72": "9970.3", "PWD_P73": "10055.3", "PWD_P74": "10113.4", "PWD_P75": "10183.8", "PWD_P76": "10264.9", "PWD_P77": "10329.8", "PWD_P78": "10385.0", "PWD_P79": "10486.2", "PWD_P80": "10559.7", "PWD_P81": "10627.6", "PWD_P82": "10648.1", "PWD_P83": "10695.8", "PWD_P84": "10710.3", "PWD_P85": "10749.8", "PWD_P86": "10783.6", "PWD_P87": "10829.7", "PWD_P88": "10910.2", "PWD_P89": "10993.8", "PWD_P90": "11143.9", "PWD_P91": "11243.7", "PWD_P92": "11310.2", "PWD_P93": "11395.6", "PWD_P94": "11475.9", "PWD_P95": "11543.3", "PWD_P96": "11817.0", "PWD_P97": "11988.7", "PWD_P98": "12101.0", "PWD_P99": "12398.8", "PWD_P100": "12701.9" }, "geometry": { "type": "Point", "coordinates": [ -5.351, 36.1416 ] } },
{ "type": "Feature", "id": 84, "properties": { "lon": 141.8928, "lat": 1.1659, "year": "2010", "ISO": "KIR", "ISO_No": "296", "Name": "Kiribati", "PWC_Lat": "1.1659", "PWC_Lon": "141.8928", "Pop": "102930", "Density": "122.1", "Area": "843.0", "PWD_A": "7121.6", "PWD_G": "3012.3", "PWD_M": "3264.2", "PWD_P1": "4.1", "PWD_P2": "180.7", "PWD_P3": "254.5", "PWD_P4": "321.0", "PWD_P5": "363.2", "PWD_P6": "395.9", "PWD_P7": "430.9", "PWD_P8": "470.4", "PWD_P9": "510.7", "PWD_P10": "556.2", "PWD_P11": "601.0", "PWD_P12": "644.8", "PWD_P13": "681.5", "PWD_P14": "713.9", "PWD_P15": "742.6", "PWD_P16": "774.2", "PWD_P17": "805.4", "PWD_P18": "838.1", "PWD_P19": "876.6", "PWD_P20": "913.6", "PWD_P21": "961.9", "PWD_P22": "1011.3", "PWD_P23": "1063.6", "PWD_P24": "1107.1", "PWD_P25": "1164.1", "PWD_P26": "1220.6", "PWD_P27": "1294.4", "PWD_P28": "1357.3", "PWD_P29": "1407.8", "PWD_P30": "1452.0", "PWD_P31": "1510.3", "PWD_P32": "1560.2", "PWD_P33": "1612.0", "PWD_P34": "1670.1", "PWD_P35": "1742.9", "PWD_P36": "1825.4", "PWD_P37": "1912.6", "PWD_P38": "2000.8", "PWD_P39": "2107.7", "PWD_P40": "2204.3", "PWD_P41": "2298.6", "PWD_P42": "2415.5", "PWD_P43": "2514.7", "PWD_P44": "2612.1", "PWD_P45": "2709.7", "PWD_P46": "2820.4", "PWD_P47": "2919.3", "PWD_P48": "3031.4", "PWD_P49": "3142.6", "PWD_P50": "3264.2", "PWD_P51": "3419.8", "PWD_P52": "3580.5", "PWD_P53": "3706.1", "PWD_P54": "3944.5", "PWD_P55": "4107.2", "PWD_P56": "4333.5", "PWD_P57": "4521.7", "PWD_P58": "4683.7", "PWD_P59": "4877.5", "PWD_P60": "4988.5", "PWD_P61": "5125.5", "PWD_P62": "5344.3", "PWD_P63": "5479.1", "PWD_P64": "5635.6", "PWD_P65": "5783.6", "PWD_P66": "5950.9", "PWD_P67": "6234.7", "PWD_P68": "6568.1", "PWD_P69": "6731.0", "PWD_P70": "6910.8", "PWD_P71": "7217.3", "PWD_P72": "7740.6", "PWD_P73": "8041.8", "PWD_P74": "8421.0", "PWD_P75": "8857.9", "PWD_P76": "9244.7", "PWD_P77": "9536.9", "PWD_P78": "9897.9", "PWD_P79": "10521.8", "PWD_P80": "10860.7", "PWD_P81": "11060.8", "PWD_P82": "11830.6", "PWD_P83": "12523.9", "PWD_P84": "13024.2", "PWD_P85": "13453.2", "PWD_P86": "14217.3", "PWD_P87": "14951.6", "PWD_P88": "15665.3", "PWD_P89": "17309.7", "PWD_P90": "18469.4", "PWD_P91": "19539.6", "PWD_P92": "20812.2", "PWD_P93": "21742.6", "PWD_P94": "23176.9", "PWD_P95": "24505.7", "PWD_P96": "27139.3", "PWD_P97": "29182.2", "PWD_P98": "38139.1", "PWD_P99": "66436.5", "PWD_P100": "71439.6" }, "geometry": { "type": "Point", "coordinates": [ 141.8928, 1.1659 ] } },
{ "type": "Feature", "id": 85, "properties": { "lon": 23.314310073852539, "lat": 38.694057464599609, "year": "2010", "ISO": "GRC", "ISO_No": "300", "Name": "Greece", "PWC_Lat": "38.6940574645996", "PWC_Lon": "23.3143100738525", "Pop": "10887640", "Density": "82.3", "Area": "132233.2", "PWD_A": "6465.2", "PWD_G": "1288.6", "PWD_M": "2261.2", "PWD_P1": "5.5", "PWD_P2": "8.5", "PWD_P3": "11.2", "PWD_P4": "14.0", "PWD_P5": "16.8", "PWD_P6": "19.9", "PWD_P7": "23.0", "PWD_P8": "26.5", "PWD_P9": "30.2", "PWD_P10": "34.4", "PWD_P11": "39.0", "PWD_P12": "44.0", "PWD_P13": "49.6", "PWD_P14": "55.8", "PWD_P15": "62.6", "PWD_P16": "70.1", "PWD_P17": "78.4", "PWD_P18": "87.7", "PWD_P19": "98.0", "PWD_P20": "109.6", "PWD_P21": "122.5", "PWD_P22": "136.7", "PWD_P23": "152.3", "PWD_P24": "169.7", "PWD_P25": "189.0", "PWD_P26": "210.5", "PWD_P27": "234.6", "PWD_P28": "261.0", "PWD_P29": "290.4", "PWD_P30": "322.9", "PWD_P31": "358.4", "PWD_P32": "397.0", "PWD_P33": "438.8", "PWD_P34": "484.2", "PWD_P35": "532.8", "PWD_P36": "587.1", "PWD_P37": "647.2", "PWD_P38": "715.1", "PWD_P39": "791.7", "PWD_P40": "874.8", "PWD_P41": "965.2", "PWD_P42": "1065.6", "PWD_P43": "1175.4", "PWD_P44": "1296.4", "PWD_P45": "1428.7", "PWD_P46": "1572.3", "PWD_P47": "1728.8", "PWD_P48": "1892.5", "PWD_P49": "2069.9", "PWD_P50": "2261.2", "PWD_P51": "2462.4", "PWD_P52": "2674.3", "PWD_P53": "2904.4", "PWD_P54": "3143.7", "PWD_P55": "3398.0", "PWD_P56": "3661.0", "PWD_P57": "3942.0", "PWD_P58": "4253.1", "PWD_P59": "4585.4", "PWD_P60": "4940.8", "PWD_P61": "5298.3", "PWD_P62": "5663.3", "PWD_P63": "6034.2", "PWD_P64": "6417.6", "PWD_P65": "6810.5", "PWD_P66": "7196.6", "PWD_P67": "7579.9", "PWD_P68": "7964.8", "PWD_P69": "8316.4", "PWD_P70": "8682.9", "PWD_P71": "9074.4", "PWD_P72": "9492.6", "PWD_P73": "9925.9", "PWD_P74": "10365.5", "PWD_P75": "10848.3", "PWD_P76": "11389.2", "PWD_P77": "11914.3", "PWD_P78": "12426.3", "PWD_P79": "12950.5", "PWD_P80": "13530.8", "PWD_P81": "14126.4", "PWD_P82": "14782.0", "PWD_P83": "15368.4", "PWD_P84": "15959.8", "PWD_P85": "16579.2", "PWD_P86": "17217.8", "PWD_P87": "17856.8", "PWD_P88": "18427.6", "PWD_P89": "19088.8", "PWD_P90": "19725.4", "PWD_P91": "20426.2", "PWD_P92": "21165.6", "PWD_P93": "22064.1", "PWD_P94": "23008.5", "PWD_P95": "24036.3", "PWD_P96": "25026.1", "PWD_P97": "26043.4", "PWD_P98": "27198.0", "PWD_P99": "28789.6", "PWD_P100": "45811.5" }, "geometry": { "type": "Point", "coordinates": [ 23.314310073852539, 38.694057464599609 ] } },
{ "type": "Feature", "id": 86, "properties": { "lon": -61.681598663330078, "lat": 12.113236427307129, "year": "2010", "ISO": "GRD", "ISO_No": "308", "Name": "Grenada", "PWC_Lat": "12.1132364273071", "PWC_Lon": "-61.6815986633301", "Pop": "106227", "Density": "283.5", "Area": "374.7", "PWD_A": "533.5", "PWD_G": "407.2", "PWD_M": "459.0", "PWD_P1": "58.8", "PWD_P2": "71.2", "PWD_P3": "78.9", "PWD_P4": "85.9", "PWD_P5": "91.0", "PWD_P6": "97.4", "PWD_P7": "104.1", "PWD_P8": "110.6", "PWD_P9": "118.2", "PWD_P10": "126.0", "PWD_P11": "133.6", "PWD_P12": "140.5", "PWD_P13": "147.7", "PWD_P14": "154.9", "PWD_P15": "161.9", "PWD_P16": "170.0", "PWD_P17": "177.8", "PWD_P18": "184.8", "PWD_P19": "191.8", "PWD_P20": "198.7", "PWD_P21": "206.8", "PWD_P22": "214.9", "PWD_P23": "222.5", "PWD_P24": "229.9", "PWD_P25": "237.3", "PWD_P26": "244.4", "PWD_P27": "251.2", "PWD_P28": "257.9", "PWD_P29": "264.9", "PWD_P30": "272.3", "PWD_P31": "279.1", "PWD_P32": "286.4", "PWD_P33": "294.1", "PWD_P34": "302.7", "PWD_P35": "309.9", "PWD_P36": "318.2", "PWD_P37": "327.0", "PWD_P38": "336.8", "PWD_P39": "347.1", "PWD_P40": "356.8", "PWD_P41": "366.6", "PWD_P42": "376.9", "PWD_P43": "386.5", "PWD_P44": "397.3", "PWD_P45": "406.4", "PWD_P46": "415.7", "PWD_P47": "425.4", "PWD_P48": "436.8", "PWD_P49": "447.7", "PWD_P50": "459.0", "PWD_P51": "470.3", "PWD_P52": "481.7", "PWD_P53": "492.3", "PWD_P54": "503.0", "PWD_P55": "515.6", "PWD_P56": "528.7", "PWD_P57": "541.7", "PWD_P58": "554.6", "PWD_P59": "567.2", "PWD_P60": "580.5", "PWD_P61": "595.0", "PWD_P62": "607.4", "PWD_P63": "621.7", "PWD_P64": "636.8", "PWD_P65": "651.3", "PWD_P66": "667.1", "PWD_P67": "684.3", "PWD_P68": "702.3", "PWD_P69": "715.7", "PWD_P70": "732.3", "PWD_P71": "748.0", "PWD_P72": "763.5", "PWD_P73": "777.8", "PWD_P74": "791.0", "PWD_P75": "803.8", "PWD_P76": "818.1", "PWD_P77": "834.1", "PWD_P78": "845.1", "PWD_P79": "857.2", "PWD_P80": "869.1", "PWD_P81": "881.2", "PWD_P82": "896.0", "PWD_P83": "912.5", "PWD_P84": "927.1", "PWD_P85": "944.4", "PWD_P86": "957.7", "PWD_P87": "970.9", "PWD_P88": "986.0", "PWD_P89": "1000.9", "PWD_P90": "1019.6", "PWD_P91": "1038.3", "PWD_P92": "1057.6", "PWD_P93": "1081.9", "PWD_P94": "1105.1", "PWD_P95": "1151.3", "PWD_P96": "1199.3", "PWD_P97": "1261.5", "PWD_P98": "1391.1", "PWD_P99": "1501.2", "PWD_P100": "1647.3" }, "geometry": { "type": "Point", "coordinates": [ -61.681598663330078, 12.113236427307129 ] } },
{ "type": "Feature", "id": 87, "properties": { "lon": -61.545825958251953, "lat": 16.20709228515625, "year": "2010", "ISO": "GLP", "ISO_No": "312", "Name": "Guadeloupe", "PWC_Lat": "16.2070922851562", "PWC_Lon": "-61.545825958252", "Pop": "406072", "Density": "241.3", "Area": "1682.6", "PWD_A": "808.7", "PWD_G": "453.0", "PWD_M": "468.4", "PWD_P1": "27.5", "PWD_P2": "35.8", "PWD_P3": "44.3", "PWD_P4": "53.2", "PWD_P5": "63.5", "PWD_P6": "73.8", "PWD_P7": "84.1", "PWD_P8": "94.9", "PWD_P9": "105.8", "PWD_P10": "117.9", "PWD_P11": "128.9", "PWD_P12": "138.5", "PWD_P13": "148.3", "PWD_P14": "157.6", "PWD_P15": "166.4", "PWD_P16": "174.9", "PWD_P17": "183.5", "PWD_P18": "191.9", "PWD_P19": "199.9", "PWD_P20": "207.8", "PWD_P21": "216.0", "PWD_P22": "224.3", "PWD_P23": "232.8", "PWD_P24": "241.4", "PWD_P25": "249.9", "PWD_P26": "258.0", "PWD_P27": "265.9", "PWD_P28": "273.7", "PWD_P29": "281.4", "PWD_P30": "289.2", "PWD_P31": "298.0", "PWD_P32": "306.6", "PWD_P33": "315.5", "PWD_P34": "324.4", "PWD_P35": "333.2", "PWD_P36": "341.9", "PWD_P37": "350.5", "PWD_P38": "359.3", "PWD_P39": "368.4", "PWD_P40": "377.5", "PWD_P41": "386.6", "PWD_P42": "395.3", "PWD_P43": "404.1", "PWD_P44": "413.2", "PWD_P45": "422.4", "PWD_P46": "431.5", "PWD_P47": "440.5", "PWD_P48": "449.9", "PWD_P49": "459.4", "PWD_P50": "468.4", "PWD_P51": "478.4", "PWD_P52": "489.6", "PWD_P53": "501.2", "PWD_P54": "512.2", "PWD_P55": "523.9", "PWD_P56": "537.0", "PWD_P57": "550.1", "PWD_P58": "563.6", "PWD_P59": "577.5", "PWD_P60": "590.9", "PWD_P61": "605.7", "PWD_P62": "621.0", "PWD_P63": "637.5", "PWD_P64": "654.3", "PWD_P65": "671.1", "PWD_P66": "686.5", "PWD_P67": "700.9", "PWD_P68": "717.7", "PWD_P69": "734.0", "PWD_P70": "750.3", "PWD_P71": "768.0", "PWD_P72": "783.6", "PWD_P73": "799.9", "PWD_P74": "817.6", "PWD_P75": "836.3", "PWD_P76": "855.3", "PWD_P77": "875.0", "PWD_P78": "897.4", "PWD_P79": "923.1", "PWD_P80": "950.3", "PWD_P81": "985.0", "PWD_P82": "1024.3", "PWD_P83": "1059.6", "PWD_P84": "1103.7", "PWD_P85": "1181.4", "PWD_P86": "1264.6", "PWD_P87": "1349.9", "PWD_P88": "1437.5", "PWD_P89": "1529.8", "PWD_P90": "1626.4", "PWD_P91": "1699.5", "PWD_P92": "1769.0", "PWD_P93": "1960.6", "PWD_P94": "2347.9", "PWD_P95": "2596.6", "PWD_P96": "4384.4", "PWD_P97": "5490.9", "PWD_P98": "5788.4", "PWD_P99": "6165.3", "PWD_P100": "6710.8" }, "geometry": { "type": "Point", "coordinates": [ -61.545825958251953, 16.20709228515625 ] } },
{ "type": "Feature", "id": 88, "properties": { "lon": 144.8006591796875, "lat": 13.483738899230957, "year": "2010", "ISO": "GUM", "ISO_No": "316", "Name": "Guam", "PWC_Lat": "13.483738899231", "PWC_Lon": "144.800659179688", "Pop": "159438", "Density": "283.8", "Area": "561.8", "PWD_A": "1959.5", "PWD_G": "1170.1", "PWD_M": "1423.0", "PWD_P1": "27.0", "PWD_P2": "50.3", "PWD_P3": "76.0", "PWD_P4": "102.1", "PWD_P5": "121.7", "PWD_P6": "143.1", "PWD_P7": "166.5", "PWD_P8": "191.9", "PWD_P9": "216.7", "PWD_P10": "240.3", "PWD_P11": "264.8", "PWD_P12": "288.2", "PWD_P13": "311.6", "PWD_P14": "338.9", "PWD_P15": "367.7", "PWD_P16": "392.7", "PWD_P17": "418.3", "PWD_P18": "445.3", "PWD_P19": "469.5", "PWD_P20": "495.7", "PWD_P21": "519.0", "PWD_P22": "542.5", "PWD_P23": "566.2", "PWD_P24": "590.5", "PWD_P25": "615.6", "PWD_P26": "642.4", "PWD_P27": "668.1", "PWD_P28": "695.0", "PWD_P29": "721.5", "PWD_P30": "749.9", "PWD_P31": "774.4", "PWD_P32": "798.3", "PWD_P33": "820.8", "PWD_P34": "850.2", "PWD_P35": "880.8", "PWD_P36": "913.3", "PWD_P37": "943.3", "PWD_P38": "974.5", "PWD_P39": "1012.2", "PWD_P40": "1042.7", "PWD_P41": "1081.4", "PWD_P42": "1117.1", "PWD_P43": "1154.4", "PWD_P44": "1189.6", "PWD_P45": "1231.7", "PWD_P46": "1272.1", "PWD_P47": "1305.7", "PWD_P48": "1349.9", "PWD_P49": "1386.2", "PWD_P50": "1423.0", "PWD_P51": "1472.2", "PWD_P52": "1528.2", "PWD_P53": "1576.1", "PWD_P54": "1620.0", "PWD_P55": "1665.2", "PWD_P56": "1706.0", "PWD_P57": "1756.7", "PWD_P58": "1799.8", "PWD_P59": "1844.7", "PWD_P60": "1901.9", "PWD_P61": "1958.6", "PWD_P62": "2023.0", "PWD_P63": "2077.2", "PWD_P64": "2138.6", "PWD_P65": "2200.4", "PWD_P66": "2273.4", "PWD_P67": "2351.3", "PWD_P68": "2423.3", "PWD_P69": "2475.4", "PWD_P70": "2526.1", "PWD_P71": "2587.1", "PWD_P72": "2648.8", "PWD_P73": "2710.4", "PWD_P74": "2776.2", "PWD_P75": "2847.3", "PWD_P76": "2927.8", "PWD_P77": "3010.0", "PWD_P78": "3074.1", "PWD_P79": "3140.7", "PWD_P80": "3206.4", "PWD_P81": "3265.9", "PWD_P82": "3336.4", "PWD_P83": "3403.9", "PWD_P84": "3477.0", "PWD_P85": "3575.1", "PWD_P86": "3663.9", "PWD_P87": "3780.4", "PWD_P88": "3935.4", "PWD_P89": "4076.6", "PWD_P90": "4211.9", "PWD_P91": "4391.7", "PWD_P92": "4605.9", "PWD_P93": "4780.3", "PWD_P94": "5002.6", "PWD_P95": "5286.9", "PWD_P96": "5556.7", "PWD_P97": "5904.5", "PWD_P98": "6375.8", "PWD_P99": "10371.2", "PWD_P100": "13760.0" }, "geometry": { "type": "Point", "coordinates": [ 144.8006591796875, 13.483738899230957 ] } },
{ "type": "Feature", "id": 89, "properties": { "lon": -90.759178161621094, "lat": 14.944429397583008, "year": "2010", "ISO": "GTM", "ISO_No": "320", "Name": "Guatemala", "PWC_Lat": "14.944429397583", "PWC_Lon": "-90.7591781616211", "Pop": "14630419", "Density": "133.9", "Area": "109227.2", "PWD_A": "1704.7", "PWD_G": "444.9", "PWD_M": "349.4", "PWD_P1": "13.7", "PWD_P2": "22.1", "PWD_P3": "28.9", "PWD_P4": "35.2", "PWD_P5": "40.3", "PWD_P6": "44.8", "PWD_P7": "49.7", "PWD_P8": "55.2", "PWD_P9": "60.9", "PWD_P10": "66.8", "PWD_P11": "72.7", "PWD_P12": "78.1", "PWD_P13": "83.1", "PWD_P14": "87.7", "PWD_P15": "92.5", "PWD_P16": "97.2", "PWD_P17": "101.7", "PWD_P18": "106.3", "PWD_P19": "110.8", "PWD_P20": "115.4", "PWD_P21": "120.0", "PWD_P22": "124.8", "PWD_P23": "129.8", "PWD_P24": "134.9", "PWD_P25": "140.3", "PWD_P26": "145.9", "PWD_P27": "151.7", "PWD_P28": "157.4", "PWD_P29": "162.9", "PWD_P30": "168.7", "PWD_P31": "174.8", "PWD_P32": "181.3", "PWD_P33": "187.7", "PWD_P34": "194.3", "PWD_P35": "201.0", "PWD_P36": "208.1", "PWD_P37": "215.8", "PWD_P38": "224.2", "PWD_P39": "232.9", "PWD_P40": "241.8", "PWD_P41": "250.7", "PWD_P42": "259.7", "PWD_P43": "269.0", "PWD_P44": "279.0", "PWD_P45": "289.1", "PWD_P46": "299.8", "PWD_P47": "311.4", "PWD_P48": "323.7", "PWD_P49": "336.6", "PWD_P50": "349.4", "PWD_P51": "363.0", "PWD_P52": "377.6", "PWD_P53": "393.4", "PWD_P54": "410.4", "PWD_P55": "428.1", "PWD_P56": "447.3", "PWD_P57": "468.0", "PWD_P58": "489.7", "PWD_P59": "511.6", "PWD_P60": "534.3", "PWD_P61": "559.5", "PWD_P62": "588.0", "PWD_P63": "618.4", "PWD_P64": "652.2", "PWD_P65": "689.2", "PWD_P66": "729.0", "PWD_P67": "773.9", "PWD_P68": "823.7", "PWD_P69": "877.3", "PWD_P70": "934.7", "PWD_P71": "995.4", "PWD_P72": "1061.9", "PWD_P73": "1135.0", "PWD_P74": "1213.0", "PWD_P75": "1297.4", "PWD_P76": "1393.1", "PWD_P77": "1501.5", "PWD_P78": "1627.6", "PWD_P79": "1769.3", "PWD_P80": "1931.4", "PWD_P81": "2107.4", "PWD_P82": "2304.4", "PWD_P83": "2518.2", "PWD_P84": "2785.2", "PWD_P85": "3147.8", "PWD_P86": "3610.3", "PWD_P87": "4114.4", "PWD_P88": "4639.3", "PWD_P89": "5231.8", "PWD_P90": "5929.2", "PWD_P91": "6591.3", "PWD_P92": "7252.4", "PWD_P93": "7863.7", "PWD_P94": "8481.2", "PWD_P95": "9204.3", "PWD_P96": "10085.8", "PWD_P97": "11041.7", "PWD_P98": "12327.3", "PWD_P99": "15028.4", "PWD_P100": "35173.7" }, "geometry": { "type": "Point", "coordinates": [ -90.759178161621094, 14.944429397583008 ] } },
{ "type": "Feature", "id": 90, "properties": { "lon": -11.597772598266602, "lat": 10.145880699157715, "year": "2010", "ISO": "GIN", "ISO_No": "324", "Name": "Guinea", "PWC_Lat": "10.1458806991577", "PWC_Lon": "-11.5977725982666", "Pop": "10192167", "Density": "41.6", "Area": "245069.9", "PWD_A": "1691.7", "PWD_G": "178.3", "PWD_M": "88.1", "PWD_P1": "5.1", "PWD_P2": "6.9", "PWD_P3": "8.3", "PWD_P4": "9.6", "PWD_P5": "10.9", "PWD_P6": "12.0", "PWD_P7": "13.1", "PWD_P8": "14.2", "PWD_P9": "15.3", "PWD_P10": "16.3", "PWD_P11": "17.4", "PWD_P12": "18.4", "PWD_P13": "19.5", "PWD_P14": "20.5", "PWD_P15": "21.7", "PWD_P16": "22.8", "PWD_P17": "24.0", "PWD_P18": "25.2", "PWD_P19": "26.4", "PWD_P20": "27.6", "PWD_P21": "28.8", "PWD_P22": "30.1", "PWD_P23": "31.4", "PWD_P24": "32.7", "PWD_P25": "34.2", "PWD_P26": "35.6", "PWD_P27": "37.1", "PWD_P28": "38.7", "PWD_P29": "40.2", "PWD_P30": "41.9", "PWD_P31": "43.4", "PWD_P32": "45.0", "PWD_P33": "46.6", "PWD_P34": "48.3", "PWD_P35": "50.0", "PWD_P36": "51.8", "PWD_P37": "53.7", "PWD_P38": "55.6", "PWD_P39": "57.6", "PWD_P40": "59.7", "PWD_P41": "61.9", "PWD_P42": "64.2", "PWD_P43": "66.7", "PWD_P44": "69.2", "PWD_P45": "71.8", "PWD_P46": "74.6", "PWD_P47": "77.6", "PWD_P48": "80.8", "PWD_P49": "84.3", "PWD_P50": "88.1", "PWD_P51": "92.0", "PWD_P52": "96.3", "PWD_P53": "100.9", "PWD_P54": "105.9", "PWD_P55": "111.5", "PWD_P56": "117.9", "PWD_P57": "124.8", "PWD_P58": "132.4", "PWD_P59": "141.0", "PWD_P60": "150.7", "PWD_P61": "162.5", "PWD_P62": "176.2", "PWD_P63": "192.9", "PWD_P64": "212.2", "PWD_P65": "234.9", "PWD_P66": "263.4", "PWD_P67": "295.9", "PWD_P68": "336.0", "PWD_P69": "392.2", "PWD_P70": "466.0", "PWD_P71": "558.6", "PWD_P72": "673.8", "PWD_P73": "800.1", "PWD_P74": "922.5", "PWD_P75": "1065.6", "PWD_P76": "1318.1", "PWD_P77": "1620.4", "PWD_P78": "1997.6", "PWD_P79": "2306.5", "PWD_P80": "2577.3", "PWD_P81": "2904.2", "PWD_P82": "3188.3", "PWD_P83": "3444.7", "PWD_P84": "3720.7", "PWD_P85": "4042.5", "PWD_P86": "4353.7", "PWD_P87": "4659.6", "PWD_P88": "5072.1", "PWD_P89": "5568.7", "PWD_P90": "6058.7", "PWD_P91": "6544.8", "PWD_P92": "7021.6", "PWD_P93": "7499.3", "PWD_P94": "8262.0", "PWD_P95": "9335.5", "PWD_P96": "10952.2", "PWD_P97": "12866.7", "PWD_P98": "15578.7", "PWD_P99": "17924.8", "PWD_P100": "24299.7" }, "geometry": { "type": "Point", "coordinates": [ -11.597772598266602, 10.145880699157715 ] } },
{ "type": "Feature", "id": 91, "properties": { "lon": -58.174823760986328, "lat": 6.5189685821533203, "year": "2010", "ISO": "GUY", "ISO_No": "328", "Name": "Guyana", "PWC_Lat": "6.51896858215332", "PWC_Lon": "-58.1748237609863", "Pop": "749430", "Density": "3.6", "Area": "210153.5", "PWD_A": "1187.1", "PWD_G": "277.2", "PWD_M": "426.2", "PWD_P1": "0.2", "PWD_P2": "0.4", "PWD_P3": "0.7", "PWD_P4": "1.2", "PWD_P5": "1.6", "PWD_P6": "2.2", "PWD_P7": "3.0", "PWD_P8": "4.3", "PWD_P9": "6.5", "PWD_P10": "9.7", "PWD_P11": "13.3", "PWD_P12": "17.3", "PWD_P13": "21.7", "PWD_P14": "27.1", "PWD_P15": "33.0", "PWD_P16": "39.0", "PWD_P17": "45.2", "PWD_P18": "51.5", "PWD_P19": "58.1", "PWD_P20": "64.9", "PWD_P21": "71.9", "PWD_P22": "79.1", "PWD_P23": "86.3", "PWD_P24": "93.1", "PWD_P25": "100.2", "PWD_P26": "108.3", "PWD_P27": "117.5", "PWD_P28": "127.0", "PWD_P29": "136.7", "PWD_P30": "146.4", "PWD_P31": "156.8", "PWD_P32": "167.2", "PWD_P33": "178.2", "PWD_P34": "190.4", "PWD_P35": "203.2", "PWD_P36": "216.5", "PWD_P37": "231.3", "PWD_P38": "246.3", "PWD_P39": "261.2", "PWD_P40": "275.3", "PWD_P41": "289.7", "PWD_P42": "305.3", "PWD_P43": "321.1", "PWD_P44": "336.2", "PWD_P45": "350.2", "PWD_P46": "364.8", "PWD_P47": "380.6", "PWD_P48": "396.2", "PWD_P49": "411.5", "PWD_P50": "426.2", "PWD_P51": "443.2", "PWD_P52": "461.2", "PWD_P53": "480.1", "PWD_P54": "500.3", "PWD_P55": "520.4", "PWD_P56": "542.2", "PWD_P57": "565.1", "PWD_P58": "588.0", "PWD_P59": "613.4", "PWD_P60": "640.1", "PWD_P61": "669.1", "PWD_P62": "702.4", "PWD_P63": "735.3", "PWD_P64": "768.8", "PWD_P65": "804.4", "PWD_P66": "839.6", "PWD_P67": "876.8", "PWD_P68": "920.1", "PWD_P69": "965.1", "PWD_P70": "1015.4", "PWD_P71": "1066.2", "PWD_P72": "1124.4", "PWD_P73": "1182.8", "PWD_P74": "1251.4", "PWD_P75": "1338.8", "PWD_P76": "1443.0", "PWD_P77": "1595.7", "PWD_P78": "1813.6", "PWD_P79": "2053.7", "PWD_P80": "2319.5", "PWD_P81": "2590.5", "PWD_P82": "2904.4", "PWD_P83": "3144.9", "PWD_P84": "3316.9", "PWD_P85": "3520.6", "PWD_P86": "3676.3", "PWD_P87": "3804.8", "PWD_P88": "3914.9", "PWD_P89": "4009.1", "PWD_P90": "4131.3", "PWD_P91": "4255.6", "PWD_P92": "4367.3", "PWD_P93": "4510.0", "PWD_P94": "4613.0", "PWD_P95": "4751.3", "PWD_P96": "4936.6", "PWD_P97": "5111.0", "PWD_P98": "5396.7", "PWD_P99": "5814.0", "PWD_P100": "8666.6" }, "geometry": { "type": "Point", "coordinates": [ -58.174823760986328, 6.51896858215332 ] } },
{ "type": "Feature", "id": 92, "properties": { "lon": -72.6031494140625, "lat": 18.887365341186523, "year": "2010", "ISO": "HTI", "ISO_No": "332", "Name": "Haiti", "PWC_Lat": "18.8873653411865", "PWC_Lon": "-72.6031494140625", "Pop": "9949318", "Density": "367.5", "Area": "27074.7", "PWD_A": "5545.5", "PWD_G": "1144.2", "PWD_M": "635.8", "PWD_P1": "64.6", "PWD_P2": "83.6", "PWD_P3": "95.9", "PWD_P4": "105.5", "PWD_P5": "113.5", "PWD_P6": "121.0", "PWD_P7": "128.2", "PWD_P8": "134.8", "PWD_P9": "141.3", "PWD_P10": "148.0", "PWD_P11": "154.9", "PWD_P12": "161.6", "PWD_P13": "167.9", "PWD_P14": "173.9", "PWD_P15": "180.0", "PWD_P16": "186.1", "PWD_P17": "192.1", "PWD_P18": "198.0", "PWD_P19": "204.1", "PWD_P20": "210.3", "PWD_P21": "216.5", "PWD_P22": "222.9", "PWD_P23": "229.6", "PWD_P24": "236.8", "PWD_P25": "244.4", "PWD_P26": "252.3", "PWD_P27": "260.2", "PWD_P28": "268.4", "PWD_P29": "277.1", "PWD_P30": "286.0", "PWD_P31": "295.5", "PWD_P32": "305.3", "PWD_P33": "315.4", "PWD_P34": "326.1", "PWD_P35": "337.2", "PWD_P36": "349.3", "PWD_P37": "361.8", "PWD_P38": "374.3", "PWD_P39": "387.2", "PWD_P40": "400.9", "PWD_P41": "415.8", "PWD_P42": "432.6", "PWD_P43": "450.5", "PWD_P44": "469.3", "PWD_P45": "490.1", "PWD_P46": "514.6", "PWD_P47": "541.7", "PWD_P48": "571.3", "PWD_P49": "602.1", "PWD_P50": "635.8", "PWD_P51": "674.0", "PWD_P52": "716.4", "PWD_P53": "765.0", "PWD_P54": "821.2", "PWD_P55": "876.6", "PWD_P56": "938.9", "PWD_P57": "1007.8", "PWD_P58": "1084.5", "PWD_P59": "1171.4", "PWD_P60": "1276.9", "PWD_P61": "1405.0", "PWD_P62": "1547.3", "PWD_P63": "1710.6", "PWD_P64": "1908.4", "PWD_P65": "2133.2", "PWD_P66": "2418.6", "PWD_P67": "2769.3", "PWD_P68": "3165.2", "PWD_P69": "3552.8", "PWD_P70": "4069.6", "PWD_P71": "4566.1", "PWD_P72": "5065.1", "PWD_P73": "5563.6", "PWD_P74": "6100.3", "PWD_P75": "6604.0", "PWD_P76": "7162.3", "PWD_P77": "7842.1", "PWD_P78": "8612.8", "PWD_P79": "9311.7", "PWD_P80": "9832.9", "PWD_P81": "10620.7", "PWD_P82": "11748.4", "PWD_P83": "12863.0", "PWD_P84": "13618.0", "PWD_P85": "14377.7", "PWD_P86": "15002.2", "PWD_P87": "15586.3", "PWD_P88": "16266.5", "PWD_P89": "17080.5", "PWD_P90": "18441.6", "PWD_P91": "20323.0", "PWD_P92": "22736.5", "PWD_P93": "24637.5", "PWD_P94": "26537.3", "PWD_P95": "28255.7", "PWD_P96": "29826.4", "PWD_P97": "32506.0", "PWD_P98": "39085.5", "PWD_P99": "42472.6", "PWD_P100": "50819.4" }, "geometry": { "type": "Point", "coordinates": [ -72.6031494140625, 18.887365341186523 ] } },
{ "type": "Feature", "id": 93, "properties": { "lon": -87.46337890625, "lat": 14.751872062683105, "year": "2010", "ISO": "HND", "ISO_No": "340", "Name": "Honduras", "PWC_Lat": "14.7518720626831", "PWC_Lon": "-87.46337890625", "Pop": "8317466", "Density": "74.2", "Area": "112024.5", "PWD_A": "1041.3", "PWD_G": "332.6", "PWD_M": "300.9", "PWD_P1": "7.1", "PWD_P2": "11.3", "PWD_P3": "14.8", "PWD_P4": "18.1", "PWD_P5": "21.2", "PWD_P6": "24.1", "PWD_P7": "27.1", "PWD_P8": "30.0", "PWD_P9": "32.9", "PWD_P10": "35.7", "PWD_P11": "38.6", "PWD_P12": "41.4", "PWD_P13": "44.1", "PWD_P14": "46.9", "PWD_P15": "49.7", "PWD_P16": "52.6", "PWD_P17": "55.6", "PWD_P18": "58.7", "PWD_P19": "61.9", "PWD_P20": "65.2", "PWD_P21": "68.6", "PWD_P22": "72.2", "PWD_P23": "75.9", "PWD_P24": "79.8", "PWD_P25": "83.8", "PWD_P26": "88.0", "PWD_P27": "92.2", "PWD_P28": "96.5", "PWD_P29": "100.9", "PWD_P30": "105.6", "PWD_P31": "110.5", "PWD_P32": "115.7", "PWD_P33": "121.2", "PWD_P34": "127.0", "PWD_P35": "133.1", "PWD_P36": "139.7", "PWD_P37": "146.5", "PWD_P38": "153.7", "PWD_P39": "161.4", "PWD_P40": "169.6", "PWD_P41": "178.6", "PWD_P42": "188.2", "PWD_P43": "198.3", "PWD_P44": "208.9", "PWD_P45": "220.5", "PWD_P46": "233.5", "PWD_P47": "247.9", "PWD_P48": "264.1", "PWD_P49": "281.8", "PWD_P50": "300.9", "PWD_P51": "321.6", "PWD_P52": "344.4", "PWD_P53": "369.0", "PWD_P54": "395.7", "PWD_P55": "424.3", "PWD_P56": "456.0", "PWD_P57": "492.2", "PWD_P58": "531.2", "PWD_P59": "573.3", "PWD_P60": "619.9", "PWD_P61": "670.4", "PWD_P62": "724.5", "PWD_P63": "782.9", "PWD_P64": "845.3", "PWD_P65": "911.1", "PWD_P66": "976.7", "PWD_P67": "1046.6", "PWD_P68": "1133.0", "PWD_P69": "1228.2", "PWD_P70": "1345.2", "PWD_P71": "1468.3", "PWD_P72": "1583.7", "PWD_P73": "1694.7", "PWD_P74": "1796.8", "PWD_P75": "1893.1", "PWD_P76": "1984.5", "PWD_P77": "2092.9", "PWD_P78": "2206.5", "PWD_P79": "2321.1", "PWD_P80": "2427.1", "PWD_P81": "2534.6", "PWD_P82": "2654.4", "PWD_P83": "2771.3", "PWD_P84": "2881.7", "PWD_P85": "2974.7", "PWD_P86": "3071.1", "PWD_P87": "3158.6", "PWD_P88": "3225.1", "PWD_P89": "3278.2", "PWD_P90": "3327.4", "PWD_P91": "3382.9", "PWD_P92": "3441.1", "PWD_P93": "3492.1", "PWD_P94": "3541.9", "PWD_P95": "3610.3", "PWD_P96": "3701.8", "PWD_P97": "3823.9", "PWD_P98": "3929.0", "PWD_P99": "4091.8", "PWD_P100": "5421.9" }, "geometry": { "type": "Point", "coordinates": [ -87.46337890625, 14.751872062683105 ] } },
{ "type": "Feature", "id": 94, "properties": { "lon": 114.15181732177734, "lat": 22.352609634399414, "year": "2010", "ISO": "HKG", "ISO_No": "344", "Name": "Hong Kong", "PWC_Lat": "22.3526096343994", "PWC_Lon": "114.151817321777", "Pop": "6966323", "Density": "6028.8", "Area": "1155.5", "PWD_A": "78007.6", "PWD_G": "43423.6", "PWD_M": "64040.3", "PWD_P1": "339.9", "PWD_P2": "773.2", "PWD_P3": "1264.7", "PWD_P4": "1804.2", "PWD_P5": "2406.9", "PWD_P6": "3003.5", "PWD_P7": "3692.0", "PWD_P8": "4424.0", "PWD_P9": "5215.9", "PWD_P10": "6104.0", "PWD_P11": "7065.7", "PWD_P12": "8032.5", "PWD_P13": "9004.9", "PWD_P14": "9963.7", "PWD_P15": "11065.8", "PWD_P16": "12226.7", "PWD_P17": "13503.4", "PWD_P18": "14849.1", "PWD_P19": "16248.7", "PWD_P20": "17708.0", "PWD_P21": "19197.3", "PWD_P22": "20788.1", "PWD_P23": "22396.6", "PWD_P24": "23872.7", "PWD_P25": "25330.1", "PWD_P26": "26701.1", "PWD_P27": "28215.1", "PWD_P28": "29798.7", "PWD_P29": "31210.1", "PWD_P30": "32746.1", "PWD_P31": "34098.1", "PWD_P32": "35522.0", "PWD_P33": "36887.7", "PWD_P34": "38232.3", "PWD_P35": "39642.6", "PWD_P36": "41055.0", "PWD_P37": "42359.3", "PWD_P38": "43975.5", "PWD_P39": "45541.1", "PWD_P40": "46983.1", "PWD_P41": "48654.7", "PWD_P42": "50258.7", "PWD_P43": "51762.2", "PWD_P44": "53563.9", "PWD_P45": "55257.8", "PWD_P46": "56934.6", "PWD_P47": "58404.5", "PWD_P48": "60192.4", "PWD_P49": "62142.7", "PWD_P50": "64040.3", "PWD_P51": "66248.5", "PWD_P52": "67836.2", "PWD_P53": "69495.6", "PWD_P54": "71355.2", "PWD_P55": "72756.8", "PWD_P56": "74432.2", "PWD_P57": "76157.6", "PWD_P58": "78058.7", "PWD_P59": "79687.8", "PWD_P60": "81209.4", "PWD_P61": "82845.8", "PWD_P62": "84669.7", "PWD_P63": "86731.3", "PWD_P64": "88261.5", "PWD_P65": "90088.1", "PWD_P66": "91770.0", "PWD_P67": "93526.3", "PWD_P68": "95409.4", "PWD_P69": "97656.9", "PWD_P70": "100353.8", "PWD_P71": "102521.4", "PWD_P72": "105224.4", "PWD_P73": "107851.4", "PWD_P74": "110247.0", "PWD_P75": "112998.4", "PWD_P76": "115579.7", "PWD_P77": "118488.1", "PWD_P78": "121609.7", "PWD_P79": "124530.7", "PWD_P80": "127735.1", "PWD_P81": "130391.0", "PWD_P82": "134042.7", "PWD_P83": "137235.6", "PWD_P84": "140555.1", "PWD_P85": "144655.1", "PWD_P86": "148754.5", "PWD_P87": "153138.8", "PWD_P88": "156689.9", "PWD_P89": "160710.7", "PWD_P90": "166983.8", "PWD_P91": "172601.0", "PWD_P92": "178588.1", "PWD_P93": "186266.6", "PWD_P94": "196221.5", "PWD_P95": "205727.4", "PWD_P96": "215269.3", "PWD_P97": "231020.1", "PWD_P98": "249377.7", "PWD_P99": "287078.0", "PWD_P100": "554003.7" }, "geometry": { "type": "Point", "coordinates": [ 114.151817321777344, 22.352609634399414 ] } },
{ "type": "Feature", "id": 95, "properties": { "lon": 19.3648681640625, "lat": 47.291908264160156, "year": "2010", "ISO": "HUN", "ISO_No": "348", "Name": "Hungary", "PWC_Lat": "47.2919082641602", "PWC_Lon": "19.3648681640625", "Pop": "9927380", "Density": "108.9", "Area": "91162.6", "PWD_A": "2081.2", "PWD_G": "562.5", "PWD_M": "682.0", "PWD_P1": "9.0", "PWD_P2": "11.9", "PWD_P3": "15.3", "PWD_P4": "19.3", "PWD_P5": "23.4", "PWD_P6": "27.4", "PWD_P7": "31.0", "PWD_P8": "34.3", "PWD_P9": "37.5", "PWD_P10": "40.6", "PWD_P11": "43.7", "PWD_P12": "47.1", "PWD_P13": "50.6", "PWD_P14": "54.4", "PWD_P15": "58.7", "PWD_P16": "63.3", "PWD_P17": "68.5", "PWD_P18": "74.3", "PWD_P19": "80.8", "PWD_P20": "88.1", "PWD_P21": "96.2", "PWD_P22": "105.1", "PWD_P23": "114.7", "PWD_P24": "125.1", "PWD_P25": "136.2", "PWD_P26": "148.1", "PWD_P27": "160.7", "PWD_P28": "174.1", "PWD_P29": "188.3", "PWD_P30": "203.0", "PWD_P31": "218.2", "PWD_P32": "234.3", "PWD_P33": "251.0", "PWD_P34": "268.3", "PWD_P35": "286.3", "PWD_P36": "304.9", "PWD_P37": "324.5", "PWD_P38": "345.1", "PWD_P39": "366.6", "PWD_P40": "388.7", "PWD_P41": "412.0", "PWD_P42": "436.6", "PWD_P43": "462.5", "PWD_P44": "489.7", "PWD_P45": "517.8", "PWD_P46": "547.9", "PWD_P47": "579.5", "PWD_P48": "612.2", "PWD_P49": "646.5", "PWD_P50": "682.0", "PWD_P51": "719.3", "PWD_P52": "758.1", "PWD_P53": "798.6", "PWD_P54": "841.0", "PWD_P55": "885.5", "PWD_P56": "931.5", "PWD_P57": "980.7", "PWD_P58": "1031.8", "PWD_P59": "1084.4", "PWD_P60": "1140.4", "PWD_P61": "1199.4", "PWD_P62": "1262.8", "PWD_P63": "1328.7", "PWD_P64": "1397.2", "PWD_P65": "1468.6", "PWD_P66": "1544.5", "PWD_P67": "1626.3", "PWD_P68": "1709.8", "PWD_P69": "1800.6", "PWD_P70": "1895.6", "PWD_P71": "1995.9", "PWD_P72": "2103.1", "PWD_P73": "2216.1", "PWD_P74": "2338.4", "PWD_P75": "2461.7", "PWD_P76": "2597.1", "PWD_P77": "2746.6", "PWD_P78": "2899.2", "PWD_P79": "3061.8", "PWD_P80": "3226.4", "PWD_P81": "3410.5", "PWD_P82": "3610.4", "PWD_P83": "3821.4", "PWD_P84": "4070.4", "PWD_P85": "4341.0", "PWD_P86": "4611.6", "PWD_P87": "4885.3", "PWD_P88": "5196.4", "PWD_P89": "5538.5", "PWD_P90": "5937.8", "PWD_P91": "6366.7", "PWD_P92": "6851.5", "PWD_P93": "7410.6", "PWD_P94": "7959.2", "PWD_P95": "8472.9", "PWD_P96": "9304.1", "PWD_P97": "10367.8", "PWD_P98": "12719.2", "PWD_P99": "17020.3", "PWD_P100": "36536.1" }, "geometry": { "type": "Point", "coordinates": [ 19.3648681640625, 47.291908264160156 ] } },
{ "type": "Feature", "id": 96, "properties": { "lon": -21.156967163085938, "lat": 64.364845275878906, "year": "2010", "ISO": "ISL", "ISO_No": "352", "Name": "Iceland", "PWC_Lat": "64.3648452758789", "PWC_Lon": "-21.1569671630859", "Pop": "320341", "Density": "3.2", "Area": "100429.1", "PWD_A": "616.6", "PWD_G": "192.7", "PWD_M": "415.1", "PWD_P1": "0.1", "PWD_P2": "0.3", "PWD_P3": "0.5", "PWD_P4": "0.7", "PWD_P5": "1.0", "PWD_P6": "1.5", "PWD_P7": "2.0", "PWD_P8": "2.7", "PWD_P9": "3.6", "PWD_P10": "4.7", "PWD_P11": "6.0", "PWD_P12": "7.7", "PWD_P13": "9.8", "PWD_P14": "12.1", "PWD_P15": "15.0", "PWD_P16": "18.2", "PWD_P17": "21.4", "PWD_P18": "25.2", "PWD_P19": "29.8", "PWD_P20": "34.7", "PWD_P21": "40.4", "PWD_P22": "46.5", "PWD_P23": "56.1", "PWD_P24": "66.9", "PWD_P25": "83.0", "PWD_P26": "101.6", "PWD_P27": "117.5", "PWD_P28": "130.3", "PWD_P29": "142.0", "PWD_P30": "153.1", "PWD_P31": "162.4", "PWD_P32": "173.8", "PWD_P33": "186.6", "PWD_P34": "198.3", "PWD_P35": "209.9", "PWD_P36": "220.8", "PWD_P37": "231.0", "PWD_P38": "241.0", "PWD_P39": "251.9", "PWD_P40": "264.1", "PWD_P41": "279.2", "PWD_P42": "294.6", "PWD_P43": "309.3", "PWD_P44": "323.4", "PWD_P45": "336.3", "PWD_P46": "349.3", "PWD_P47": "362.9", "PWD_P48": "376.7", "PWD_P49": "395.4", "PWD_P50": "415.1", "PWD_P51": "434.8", "PWD_P52": "456.6", "PWD_P53": "483.2", "PWD_P54": "511.9", "PWD_P55": "540.6", "PWD_P56": "564.1", "PWD_P57": "588.7", "PWD_P58": "618.3", "PWD_P59": "647.9", "PWD_P60": "678.1", "PWD_P61": "717.7", "PWD_P62": "751.3", "PWD_P63": "785.0", "PWD_P64": "819.6", "PWD_P65": "852.8", "PWD_P66": "883.8", "PWD_P67": "915.7", "PWD_P68": "948.9", "PWD_P69": "982.0", "PWD_P70": "1014.6", "PWD_P71": "1046.1", "PWD_P72": "1069.1", "PWD_P73": "1089.6", "PWD_P74": "1110.1", "PWD_P75": "1127.7", "PWD_P76": "1144.5", "PWD_P77": "1162.6", "PWD_P78": "1181.4", "PWD_P79": "1201.1", "PWD_P80": "1222.8", "PWD_P81": "1243.8", "PWD_P82": "1268.2", "PWD_P83": "1293.9", "PWD_P84": "1315.6", "PWD_P85": "1339.1", "PWD_P86": "1361.7", "PWD_P87": "1385.0", "PWD_P88": "1406.2", "PWD_P89": "1429.3", "PWD_P90": "1452.7", "PWD_P91": "1477.8", "PWD_P92": "1503.7", "PWD_P93": "1531.1", "PWD_P94": "1558.8", "PWD_P95": "1596.4", "PWD_P96": "1650.2", "PWD_P97": "1709.4", "PWD_P98": "1797.3", "PWD_P99": "1941.2", "PWD_P100": "2521.1" }, "geometry": { "type": "Point", "coordinates": [ -21.156967163085938, 64.364845275878906 ] } },
{ "type": "Feature", "id": 97, "properties": { "lon": 80.1339, "lat": 22.4758, "year": "2010", "ISO": "IND", "ISO_No": "356", "Name": "India", "PWC_Lat": "22.4758", "PWC_Lon": "80.1339", "Pop": "1234281162", "Density": "388.9", "Area": "3173835.8", "PWD_A": "4296.6", "PWD_G": "1017.3", "PWD_M": "820.7", "PWD_P1": "59.5", "PWD_P2": "84.1", "PWD_P3": "102.0", "PWD_P4": "116.5", "PWD_P5": "129.0", "PWD_P6": "140.4", "PWD_P7": "151.3", "PWD_P8": "161.8", "PWD_P9": "172.2", "PWD_P10": "182.4", "PWD_P11": "192.6", "PWD_P12": "202.8", "PWD_P13": "213.3", "PWD_P14": "223.8", "PWD_P15": "234.5", "PWD_P16": "245.3", "PWD_P17": "256.3", "PWD_P18": "267.5", "PWD_P19": "279.0", "PWD_P20": "290.8", "PWD_P21": "302.9", "PWD_P22": "315.3", "PWD_P23": "328.0", "PWD_P24": "341.1", "PWD_P25": "354.5", "PWD_P26": "368.4", "PWD_P27": "382.7", "PWD_P28": "397.6", "PWD_P29": "413.0", "PWD_P30": "429.0", "PWD_P31": "445.5", "PWD_P32": "462.5", "PWD_P33": "480.0", "PWD_P34": "497.9", "PWD_P35": "516.1", "PWD_P36": "534.7", "PWD_P37": "553.6", "PWD_P38": "572.6", "PWD_P39": "591.7", "PWD_P40": "611.0", "PWD_P41": "630.5", "PWD_P42": "650.2", "PWD_P43": "670.2", "PWD_P44": "690.5", "PWD_P45": "711.2", "PWD_P46": "732.4", "PWD_P47": "753.9", "PWD_P48": "775.8", "PWD_P49": "798.0", "PWD_P50": "820.7", "PWD_P51": "843.9", "PWD_P52": "867.8", "PWD_P53": "892.2", "PWD_P54": "917.4", "PWD_P55": "943.6", "PWD_P56": "970.8", "PWD_P57": "999.1", "PWD_P58": "1028.6", "PWD_P59": "1059.4", "PWD_P60": "1091.6", "PWD_P61": "1125.5", "PWD_P62": "1161.5", "PWD_P63": "1199.8", "PWD_P64": "1240.6", "PWD_P65": "1284.4", "PWD_P66": "1331.4", "PWD_P67": "1382.9", "PWD_P68": "1439.3", "PWD_P69": "1501.2", "PWD_P70": "1569.4", "PWD_P71": "1645.2", "PWD_P72": "1729.3", "PWD_P73": "1823.0", "PWD_P74": "1928.0", "PWD_P75": "2046.3", "PWD_P76": "2180.1", "PWD_P77": "2332.5", "PWD_P78": "2507.9", "PWD_P79": "2712.2", "PWD_P80": "2954.6", "PWD_P81": "3245.2", "PWD_P82": "3605.8", "PWD_P83": "4056.9", "PWD_P84": "4619.7", "PWD_P85": "5313.2", "PWD_P86": "6152.1", "PWD_P87": "7137.1", "PWD_P88": "8266.1", "PWD_P89": "9550.8", "PWD_P90": "11078.4", "PWD_P91": "12871.8", "PWD_P92": "14966.9", "PWD_P93": "17589.1", "PWD_P94": "20600.9", "PWD_P95": "24413.4", "PWD_P96": "29166.1", "PWD_P97": "34692.3", "PWD_P98": "40912.0", "PWD_P99": "51439.1", "PWD_P100": "230028.1" }, "geometry": { "type": "Point", "coordinates": [ 80.1339, 22.4758 ] } },
{ "type": "Feature", "id": 98, "properties": { "lon": 51.8537, "lat": 34.1764, "year": "2010", "ISO": "IRN", "ISO_No": "364", "Name": "Iran", "PWC_Lat": "34.1764", "PWC_Lon": "51.8537", "Pop": "73762519", "Density": "45.7", "Area": "1615773.7", "PWD_A": "1584.8", "PWD_G": "334.5", "PWD_M": "356.4", "PWD_P1": "3.3", "PWD_P2": "4.9", "PWD_P3": "6.3", "PWD_P4": "7.9", "PWD_P5": "9.7", "PWD_P6": "11.8", "PWD_P7": "14.1", "PWD_P8": "16.6", "PWD_P9": "19.3", "PWD_P10": "22.2", "PWD_P11": "25.1", "PWD_P12": "27.9", "PWD_P13": "31.0", "PWD_P14": "34.1", "PWD_P15": "37.4", "PWD_P16": "40.7", "PWD_P17": "44.1", "PWD_P18": "47.7", "PWD_P19": "51.4", "PWD_P20": "55.2", "PWD_P21": "59.1", "PWD_P22": "63.2", "PWD_P23": "67.4", "PWD_P24": "71.9", "PWD_P25": "76.5", "PWD_P26": "81.3", "PWD_P27": "86.5", "PWD_P28": "92.1", "PWD_P29": "98.0", "PWD_P30": "104.3", "PWD_P31": "111.0", "PWD_P32": "118.2", "PWD_P33": "125.6", "PWD_P34": "133.1", "PWD_P35": "140.9", "PWD_P36": "149.2", "PWD_P37": "158.3", "PWD_P38": "168.1", "PWD_P39": "178.6", "PWD_P40": "190.0", "PWD_P41": "202.2", "PWD_P42": "215.3", "PWD_P43": "229.4", "PWD_P44": "244.3", "PWD_P45": "260.0", "PWD_P46": "276.9", "PWD_P47": "294.9", "PWD_P48": "314.2", "PWD_P49": "334.8", "PWD_P50": "356.4", "PWD_P51": "379.3", "PWD_P52": "403.8", "PWD_P53": "429.7", "PWD_P54": "457.2", "PWD_P55": "485.6", "PWD_P56": "516.1", "PWD_P57": "548.1", "PWD_P58": "581.8", "PWD_P59": "618.1", "PWD_P60": "657.6", "PWD_P61": "698.9", "PWD_P62": "741.8", "PWD_P63": "787.1", "PWD_P64": "836.0", "PWD_P65": "886.4", "PWD_P66": "941.5", "PWD_P67": "999.4", "PWD_P68": "1061.1", "PWD_P69": "1125.4", "PWD_P70": "1194.8", "PWD_P71": "1275.9", "PWD_P72": "1368.3", "PWD_P73": "1461.0", "PWD_P74": "1551.2", "PWD_P75": "1639.0", "PWD_P76": "1730.1", "PWD_P77": "1828.9", "PWD_P78": "1934.3", "PWD_P79": "2032.8", "PWD_P80": "2137.0", "PWD_P81": "2259.9", "PWD_P82": "2414.6", "PWD_P83": "2651.3", "PWD_P84": "2935.7", "PWD_P85": "3260.2", "PWD_P86": "3601.6", "PWD_P87": "3993.8", "PWD_P88": "4362.5", "PWD_P89": "4746.0", "PWD_P90": "5425.4", "PWD_P91": "6696.4", "PWD_P92": "7512.4", "PWD_P93": "8162.3", "PWD_P94": "8685.5", "PWD_P95": "9086.0", "PWD_P96": "9438.3", "PWD_P97": "9792.3", "PWD_P98": "10186.7", "PWD_P99": "10686.5", "PWD_P100": "12327.4" }, "geometry": { "type": "Point", "coordinates": [ 51.8537, 34.1764 ] } },
{ "type": "Feature", "id": 99, "properties": { "lon": 44.646381378173828, "lat": 33.601627349853516, "year": "2010", "ISO": "IRQ", "ISO_No": "368", "Name": "Iraq", "PWC_Lat": "33.6016273498535", "PWC_Lon": "44.6463813781738", "Pop": "29741977", "Density": "67.5", "Area": "440607.9", "PWD_A": "1533.7", "PWD_G": "562.5", "PWD_M": "669.6", "PWD_P1": "6.5", "PWD_P2": "11.0", "PWD_P3": "15.4", "PWD_P4": "19.8", "PWD_P5": "24.5", "PWD_P6": "28.9", "PWD_P7": "33.1", "PWD_P8": "37.6", "PWD_P9": "43.0", "PWD_P10": "49.3", "PWD_P11": "56.3", "PWD_P12": "63.8", "PWD_P13": "72.2", "PWD_P14": "81.1", "PWD_P15": "91.0", "PWD_P16": "101.4", "PWD_P17": "111.9", "PWD_P18": "123.0", "PWD_P19": "133.7", "PWD_P20": "143.2", "PWD_P21": "152.9", "PWD_P22": "162.8", "PWD_P23": "173.6", "PWD_P24": "184.5", "PWD_P25": "195.9", "PWD_P26": "207.4", "PWD_P27": "219.1", "PWD_P28": "232.0", "PWD_P29": "245.6", "PWD_P30": "259.8", "PWD_P31": "274.9", "PWD_P32": "290.2", "PWD_P33": "305.7", "PWD_P34": "322.0", "PWD_P35": "338.7", "PWD_P36": "355.5", "PWD_P37": "373.7", "PWD_P38": "392.7", "PWD_P39": "412.4", "PWD_P40": "432.8", "PWD_P41": "453.3", "PWD_P42": "474.5", "PWD_P43": "496.2", "PWD_P44": "518.2", "PWD_P45": "541.3", "PWD_P46": "565.1", "PWD_P47": "589.7", "PWD_P48": "615.8", "PWD_P49": "642.5", "PWD_P50": "669.6", "PWD_P51": "697.9", "PWD_P52": "727.4", "PWD_P53": "758.0", "PWD_P54": "790.4", "PWD_P55": "826.3", "PWD_P56": "864.3", "PWD_P57": "904.9", "PWD_P58": "949.8", "PWD_P59": "1000.4", "PWD_P60": "1053.6", "PWD_P61": "1106.7", "PWD_P62": "1163.1", "PWD_P63": "1222.7", "PWD_P64": "1285.1", "PWD_P65": "1348.5", "PWD_P66": "1420.2", "PWD_P67": "1504.0", "PWD_P68": "1593.9", "PWD_P69": "1682.7", "PWD_P70": "1767.4", "PWD_P71": "1847.2", "PWD_P72": "1936.3", "PWD_P73": "2024.5", "PWD_P74": "2107.8", "PWD_P75": "2196.2", "PWD_P76": "2287.5", "PWD_P77": "2381.2", "PWD_P78": "2476.5", "PWD_P79": "2585.0", "PWD_P80": "2702.0", "PWD_P81": "2827.8", "PWD_P82": "2955.9", "PWD_P83": "3086.4", "PWD_P84": "3225.2", "PWD_P85": "3397.9", "PWD_P86": "3602.7", "PWD_P87": "3807.5", "PWD_P88": "4008.1", "PWD_P89": "4274.7", "PWD_P90": "4631.2", "PWD_P91": "4965.9", "PWD_P92": "5235.0", "PWD_P93": "5498.2", "PWD_P94": "5797.7", "PWD_P95": "6129.0", "PWD_P96": "6466.7", "PWD_P97": "6818.2", "PWD_P98": "7266.4", "PWD_P99": "7710.9", "PWD_P100": "8823.0" }, "geometry": { "type": "Point", "coordinates": [ 44.646381378173828, 33.601627349853516 ] } },
{ "type": "Feature", "id": 100, "properties": { "lon": -7.421168327331543, "lat": 53.117969512939453, "year": "2010", "ISO": "IRL", "ISO_No": "372", "Name": "Ireland", "PWC_Lat": "53.1179695129395", "PWC_Lon": "-7.42116832733154", "Pop": "4554330", "Density": "66.0", "Area": "68958.7", "PWD_A": "3628.9", "PWD_G": "936.1", "PWD_M": "1777.5", "PWD_P1": "4.6", "PWD_P2": "6.4", "PWD_P3": "7.9", "PWD_P4": "9.6", "PWD_P5": "11.3", "PWD_P6": "13.3", "PWD_P7": "15.6", "PWD_P8": "18.5", "PWD_P9": "21.9", "PWD_P10": "26.0", "PWD_P11": "31.1", "PWD_P12": "37.2", "PWD_P13": "44.5", "PWD_P14": "53.1", "PWD_P15": "63.2", "PWD_P16": "74.6", "PWD_P17": "87.5", "PWD_P18": "101.7", "PWD_P19": "117.4", "PWD_P20": "134.4", "PWD_P21": "153.1", "PWD_P22": "173.1", "PWD_P23": "195.4", "PWD_P24": "220.0", "PWD_P25": "246.7", "PWD_P26": "275.5", "PWD_P27": "305.3", "PWD_P28": "336.2", "PWD_P29": "368.8", "PWD_P30": "402.8", "PWD_P31": "438.0", "PWD_P32": "474.8", "PWD_P33": "512.6", "PWD_P34": "551.9", "PWD_P35": "594.0", "PWD_P36": "637.9", "PWD_P37": "684.3", "PWD_P38": "733.4", "PWD_P39": "786.4", "PWD_P40": "844.1", "PWD_P41": "908.3", "PWD_P42": "978.7", "PWD_P43": "1054.2", "PWD_P44": "1136.9", "PWD_P45": "1229.0", "PWD_P46": "1329.8", "PWD_P47": "1437.0", "PWD_P48": "1547.1", "PWD_P49": "1659.1", "PWD_P50": "1777.5", "PWD_P51": "1893.9", "PWD_P52": "2011.7", "PWD_P53": "2137.7", "PWD_P54": "2267.0", "PWD_P55": "2401.4", "PWD_P56": "2527.4", "PWD_P57": "2660.5", "PWD_P58": "2798.3", "PWD_P59": "2933.7", "PWD_P60": "3061.9", "PWD_P61": "3194.8", "PWD_P62": "3333.2", "PWD_P63": "3467.2", "PWD_P64": "3607.3", "PWD_P65": "3744.6", "PWD_P66": "3883.1", "PWD_P67": "4022.9", "PWD_P68": "4167.0", "PWD_P69": "4315.0", "PWD_P70": "4464.3", "PWD_P71": "4617.0", "PWD_P72": "4770.2", "PWD_P73": "4923.6", "PWD_P74": "5084.8", "PWD_P75": "5243.9", "PWD_P76": "5415.3", "PWD_P77": "5585.3", "PWD_P78": "5772.6", "PWD_P79": "5963.6", "PWD_P80": "6158.4", "PWD_P81": "6360.0", "PWD_P82": "6567.6", "PWD_P83": "6808.1", "PWD_P84": "7046.8", "PWD_P85": "7299.6", "PWD_P86": "7546.8", "PWD_P87": "7832.9", "PWD_P88": "8144.8", "PWD_P89": "8485.7", "PWD_P90": "8852.4", "PWD_P91": "9230.9", "PWD_P92": "9691.9", "PWD_P93": "10217.2", "PWD_P94": "10838.1", "PWD_P95": "11640.5", "PWD_P96": "12738.5", "PWD_P97": "14476.9", "PWD_P98": "17554.5", "PWD_P99": "25490.9", "PWD_P100": "136915.5" }, "geometry": { "type": "Point", "coordinates": [ -7.421168327331543, 53.117969512939453 ] } },
{ "type": "Feature", "id": 101, "properties": { "lon": 34.980133056640625, "lat": 32.140110015869141, "year": "2010", "ISO": "ISR", "ISO_No": "376", "Name": "Israel", "PWC_Lat": "32.1401100158691", "PWC_Lon": "34.9801330566406", "Pop": "7346446", "Density": "335.2", "Area": "21919.6", "PWD_A": "4012.2", "PWD_G": "2062.0", "PWD_M": "2523.1", "PWD_P1": "25.7", "PWD_P2": "53.5", "PWD_P3": "84.8", "PWD_P4": "119.4", "PWD_P5": "153.7", "PWD_P6": "187.1", "PWD_P7": "220.2", "PWD_P8": "253.5", "PWD_P9": "288.9", "PWD_P10": "327.5", "PWD_P11": "366.9", "PWD_P12": "406.2", "PWD_P13": "447.5", "PWD_P14": "491.0", "PWD_P15": "535.5", "PWD_P16": "580.5", "PWD_P17": "626.8", "PWD_P18": "672.8", "PWD_P19": "718.6", "PWD_P20": "762.5", "PWD_P21": "805.5", "PWD_P22": "849.1", "PWD_P23": "892.4", "PWD_P24": "934.9", "PWD_P25": "978.4", "PWD_P26": "1022.9", "PWD_P27": "1067.5", "PWD_P28": "1114.2", "PWD_P29": "1161.8", "PWD_P30": "1209.7", "PWD_P31": "1260.4", "PWD_P32": "1311.3", "PWD_P33": "1363.8", "PWD_P34": "1418.0", "PWD_P35": "1473.7", "PWD_P36": "1531.1", "PWD_P37": "1588.9", "PWD_P38": "1649.8", "PWD_P39": "1712.1", "PWD_P40": "1776.9", "PWD_P41": "1841.2", "PWD_P42": "1908.5", "PWD_P43": "1977.5", "PWD_P44": "2048.3", "PWD_P45": "2120.0", "PWD_P46": "2196.5", "PWD_P47": "2276.0", "PWD_P48": "2355.2", "PWD_P49": "2439.6", "PWD_P50": "2523.1", "PWD_P51": "2604.9", "PWD_P52": "2692.7", "PWD_P53": "2783.3", "PWD_P54": "2877.0", "PWD_P55": "2975.9", "PWD_P56": "3078.2", "PWD_P57": "3177.4", "PWD_P58": "3286.1", "PWD_P59": "3390.7", "PWD_P60": "3495.2", "PWD_P61": "3603.6", "PWD_P62": "3705.7", "PWD_P63": "3808.2", "PWD_P64": "3918.2", "PWD_P65": "4039.2", "PWD_P66": "4175.6", "PWD_P67": "4300.0", "PWD_P68": "4419.1", "PWD_P69": "4557.7", "PWD_P70": "4706.0", "PWD_P71": "4880.7", "PWD_P72": "5056.5", "PWD_P73": "5263.7", "PWD_P74": "5472.7", "PWD_P75": "5686.0", "PWD_P76": "5911.1", "PWD_P77": "6171.2", "PWD_P78": "6507.1", "PWD_P79": "6822.5", "PWD_P80": "7078.5", "PWD_P81": "7311.4", "PWD_P82": "7567.7", "PWD_P83": "7844.6", "PWD_P84": "8142.3", "PWD_P85": "8453.6", "PWD_P86": "8878.9", "PWD_P87": "9539.4", "PWD_P88": "10249.6", "PWD_P89": "10845.5", "PWD_P90": "11311.0", "PWD_P91": "11805.2", "PWD_P92": "12212.1", "PWD_P93": "12541.4", "PWD_P94": "12833.5", "PWD_P95": "13061.4", "PWD_P96": "13291.3", "PWD_P97": "13665.0", "PWD_P98": "14212.9", "PWD_P99": "14944.8", "PWD_P100": "16861.9" }, "geometry": { "type": "Point", "coordinates": [ 34.980133056640625, 32.140110015869141 ] } },
{ "type": "Feature", "id": 102, "properties": { "lon": 12.093216896057129, "lat": 42.917865753173828, "year": "2010", "ISO": "ITA", "ISO_No": "380", "Name": "Italy", "PWC_Lat": "42.9178657531738", "PWC_Lon": "12.0932168960571", "Pop": "59325232", "Density": "199.0", "Area": "298067.4", "PWD_A": "10090.6", "PWD_G": "4665.0", "PWD_M": "5512.8", "PWD_P1": "22.7", "PWD_P2": "50.1", "PWD_P3": "85.8", "PWD_P4": "137.5", "PWD_P5": "218.5", "PWD_P6": "346.4", "PWD_P7": "508.5", "PWD_P8": "670.2", "PWD_P9": "819.4", "PWD_P10": "955.4", "PWD_P11": "1081.3", "PWD_P12": "1200.7", "PWD_P13": "1317.2", "PWD_P14": "1429.6", "PWD_P15": "1538.4", "PWD_P16": "1645.0", "PWD_P17": "1750.0", "PWD_P18": "1854.7", "PWD_P19": "1958.3", "PWD_P20": "2060.8", "PWD_P21": "2163.0", "PWD_P22": "2265.2", "PWD_P23": "2366.5", "PWD_P24": "2469.1", "PWD_P25": "2572.3", "PWD_P26": "2675.0", "PWD_P27": "2778.8", "PWD_P28": "2882.3", "PWD_P29": "2984.7", "PWD_P30": "3086.8", "PWD_P31": "3191.4", "PWD_P32": "3297.4", "PWD_P33": "3405.1", "PWD_P34": "3512.9", "PWD_P35": "3620.4", "PWD_P36": "3731.6", "PWD_P37": "3843.6", "PWD_P38": "3957.1", "PWD_P39": "4072.5", "PWD_P40": "4189.0", "PWD_P41": "4308.5", "PWD_P42": "4429.1", "PWD_P43": "4548.6", "PWD_P44": "4675.6", "PWD_P45": "4804.4", "PWD_P46": "4937.8", "PWD_P47": "5075.5", "PWD_P48": "5216.7", "PWD_P49": "5364.0", "PWD_P50": "5512.8", "PWD_P51": "5664.9", "PWD_P52": "5821.2", "PWD_P53": "5982.8", "PWD_P54": "6151.6", "PWD_P55": "6324.9", "PWD_P56": "6506.7", "PWD_P57": "6693.1", "PWD_P58": "6883.8", "PWD_P59": "7088.5", "PWD_P60": "7296.2", "PWD_P61": "7517.3", "PWD_P62": "7747.7", "PWD_P63": "7983.1", "PWD_P64": "8230.2", "PWD_P65": "8492.4", "PWD_P66": "8764.2", "PWD_P67": "9050.2", "PWD_P68": "9352.8", "PWD_P69": "9659.0", "PWD_P70": "9981.1", "PWD_P71": "10318.7", "PWD_P72": "10675.5", "PWD_P73": "11061.4", "PWD_P74": "11472.8", "PWD_P75": "11901.8", "PWD_P76": "12355.7", "PWD_P77": "12844.0", "PWD_P78": "13359.2", "PWD_P79": "13903.3", "PWD_P80": "14470.6", "PWD_P81": "15100.3", "PWD_P82": "15751.9", "PWD_P83": "16469.7", "PWD_P84": "17236.9", "PWD_P85": "18087.5", "PWD_P86": "19025.1", "PWD_P87": "20016.8", "PWD_P88": "21114.5", "PWD_P89": "22315.3", "PWD_P90": "23651.5", "PWD_P91": "25206.3", "PWD_P92": "26876.6", "PWD_P93": "28829.2", "PWD_P94": "31220.8", "PWD_P95": "34136.5", "PWD_P96": "37852.2", "PWD_P97": "42884.0", "PWD_P98": "50122.0", "PWD_P99": "63525.0", "PWD_P100": "1039968.4" }, "geometry": { "type": "Point", "coordinates": [ 12.093216896057129, 42.917865753173828 ] } },
{ "type": "Feature", "id": 103, "properties": { "lon": -5.3109831809997559, "lat": 6.6656475067138672, "year": "2010", "ISO": "CIV", "ISO_No": "384", "Name": "CIte dIvoire", "PWC_Lat": "6.66564750671387", "PWC_Lon": "-5.31098318099976", "Pop": "20532944", "Density": "64.0", "Area": "320755.8", "PWD_A": "4003.0", "PWD_G": "316.9", "PWD_M": "140.8", "PWD_P1": "8.8", "PWD_P2": "11.7", "PWD_P3": "14.0", "PWD_P4": "16.0", "PWD_P5": "17.7", "PWD_P6": "19.4", "PWD_P7": "21.0", "PWD_P8": "22.6", "PWD_P9": "24.1", "PWD_P10": "25.7", "PWD_P11": "27.3", "PWD_P12": "28.8", "PWD_P13": "30.3", "PWD_P14": "31.9", "PWD_P15": "33.5", "PWD_P16": "35.1", "PWD_P17": "36.6", "PWD_P18": "38.2", "PWD_P19": "39.7", "PWD_P20": "41.3", "PWD_P21": "42.9", "PWD_P22": "44.6", "PWD_P23": "46.3", "PWD_P24": "48.0", "PWD_P25": "49.9", "PWD_P26": "51.8", "PWD_P27": "53.7", "PWD_P28": "55.6", "PWD_P29": "57.7", "PWD_P30": "59.8", "PWD_P31": "62.0", "PWD_P32": "64.2", "PWD_P33": "66.6", "PWD_P34": "69.1", "PWD_P35": "71.7", "PWD_P36": "74.5", "PWD_P37": "77.4", "PWD_P38": "80.4", "PWD_P39": "83.5", "PWD_P40": "86.9", "PWD_P41": "90.6", "PWD_P42": "94.7", "PWD_P43": "99.1", "PWD_P44": "103.8", "PWD_P45": "108.8", "PWD_P46": "114.1", "PWD_P47": "120.0", "PWD_P48": "126.4", "PWD_P49": "133.3", "PWD_P50": "140.8", "PWD_P51": "149.0", "PWD_P52": "158.1", "PWD_P53": "168.0", "PWD_P54": "179.3", "PWD_P55": "192.3", "PWD_P56": "206.9", "PWD_P57": "223.7", "PWD_P58": "243.0", "PWD_P59": "265.0", "PWD_P60": "290.2", "PWD_P61": "319.5", "PWD_P62": "354.3", "PWD_P63": "396.6", "PWD_P64": "445.0", "PWD_P65": "497.4", "PWD_P66": "558.6", "PWD_P67": "626.5", "PWD_P68": "708.7", "PWD_P69": "808.3", "PWD_P70": "936.6", "PWD_P71": "1102.7", "PWD_P72": "1311.4", "PWD_P73": "1550.1", "PWD_P74": "1853.5", "PWD_P75": "2194.5", "PWD_P76": "2538.5", "PWD_P77": "2976.4", "PWD_P78": "3489.4", "PWD_P79": "4098.4", "PWD_P80": "4869.8", "PWD_P81": "5415.3", "PWD_P82": "5873.4", "PWD_P83": "6830.0", "PWD_P84": "7826.5", "PWD_P85": "8530.5", "PWD_P86": "9913.7", "PWD_P87": "11836.1", "PWD_P88": "13783.4", "PWD_P89": "15615.5", "PWD_P90": "17986.5", "PWD_P91": "18873.4", "PWD_P92": "19816.4", "PWD_P93": "21603.3", "PWD_P94": "24224.4", "PWD_P95": "26989.9", "PWD_P96": "28733.3", "PWD_P97": "30130.8", "PWD_P98": "32038.6", "PWD_P99": "36805.2", "PWD_P100": "47295.9" }, "geometry": { "type": "Point", "coordinates": [ -5.310983180999756, 6.665647506713867 ] } },
{ "type": "Feature", "id": 104, "properties": { "lon": -77.189132690429688, "lat": 18.11181640625, "year": "2010", "ISO": "JAM", "ISO_No": "388", "Name": "Jamaica", "PWC_Lat": "18.11181640625", "PWC_Lon": "-77.1891326904297", "Pop": "2810463", "Density": "253.7", "Area": "11076.9", "PWD_A": "1490.0", "PWD_G": "661.8", "PWD_M": "790.3", "PWD_P1": "37.4", "PWD_P2": "45.3", "PWD_P3": "51.0", "PWD_P4": "56.2", "PWD_P5": "61.1", "PWD_P6": "66.2", "PWD_P7": "71.5", "PWD_P8": "76.9", "PWD_P9": "82.6", "PWD_P10": "88.4", "PWD_P11": "94.3", "PWD_P12": "100.1", "PWD_P13": "105.9", "PWD_P14": "112.0", "PWD_P15": "118.6", "PWD_P16": "125.5", "PWD_P17": "132.6", "PWD_P18": "139.9", "PWD_P19": "147.7", "PWD_P20": "156.1", "PWD_P21": "164.7", "PWD_P22": "173.7", "PWD_P23": "183.3", "PWD_P24": "193.0", "PWD_P25": "203.5", "PWD_P26": "214.9", "PWD_P27": "227.2", "PWD_P28": "240.5", "PWD_P29": "254.6", "PWD_P30": "269.8", "PWD_P31": "285.7", "PWD_P32": "303.2", "PWD_P33": "321.9", "PWD_P34": "341.3", "PWD_P35": "361.5", "PWD_P36": "382.2", "PWD_P37": "404.6", "PWD_P38": "428.3", "PWD_P39": "452.3", "PWD_P40": "477.6", "PWD_P41": "504.3", "PWD_P42": "533.0", "PWD_P43": "562.2", "PWD_P44": "592.5", "PWD_P45": "623.2", "PWD_P46": "654.5", "PWD_P47": "686.8", "PWD_P48": "720.1", "PWD_P49": "754.7", "PWD_P50": "790.3", "PWD_P51": "827.4", "PWD_P52": "863.2", "PWD_P53": "899.5", "PWD_P54": "936.0", "PWD_P55": "974.3", "PWD_P56": "1012.3", "PWD_P57": "1052.4", "PWD_P58": "1093.2", "PWD_P59": "1135.0", "PWD_P60": "1179.5", "PWD_P61": "1225.5", "PWD_P62": "1272.6", "PWD_P63": "1319.9", "PWD_P64": "1368.2", "PWD_P65": "1416.4", "PWD_P66": "1464.8", "PWD_P67": "1515.8", "PWD_P68": "1567.5", "PWD_P69": "1621.4", "PWD_P70": "1677.4", "PWD_P71": "1736.1", "PWD_P72": "1801.2", "PWD_P73": "1866.5", "PWD_P74": "1937.9", "PWD_P75": "2019.2", "PWD_P76": "2100.1", "PWD_P77": "2180.2", "PWD_P78": "2272.7", "PWD_P79": "2373.0", "PWD_P80": "2476.6", "PWD_P81": "2576.2", "PWD_P82": "2711.1", "PWD_P83": "2981.2", "PWD_P84": "3326.4", "PWD_P85": "3629.1", "PWD_P86": "3868.8", "PWD_P87": "4061.6", "PWD_P88": "4220.4", "PWD_P89": "4343.8", "PWD_P90": "4440.6", "PWD_P91": "4538.3", "PWD_P92": "4624.5", "PWD_P93": "4690.6", "PWD_P94": "4746.9", "PWD_P95": "4809.2", "PWD_P96": "4915.2", "PWD_P97": "5582.5", "PWD_P98": "7487.3", "PWD_P99": "7924.5", "PWD_P100": "8517.3" }, "geometry": { "type": "Point", "coordinates": [ -77.189132690429688, 18.11181640625 ] } },
{ "type": "Feature", "id": 105, "properties": { "lon": 137.10337829589844, "lat": 35.592548370361328, "year": "2010", "ISO": "JPN", "ISO_No": "392", "Name": "Japan", "PWC_Lat": "35.5925483703613", "PWC_Lon": "137.103378295898", "Pop": "128542349", "Density": "346.3", "Area": "371226.7", "PWD_A": "5204.5", "PWD_G": "2184.4", "PWD_M": "2818.0", "PWD_P1": "21.6", "PWD_P2": "37.8", "PWD_P3": "53.5", "PWD_P4": "70.4", "PWD_P5": "89.6", "PWD_P6": "111.5", "PWD_P7": "135.6", "PWD_P8": "162.4", "PWD_P9": "192.0", "PWD_P10": "224.4", "PWD_P11": "259.1", "PWD_P12": "295.6", "PWD_P13": "332.8", "PWD_P14": "371.7", "PWD_P15": "412.2", "PWD_P16": "453.4", "PWD_P17": "495.2", "PWD_P18": "537.1", "PWD_P19": "579.5", "PWD_P20": "622.7", "PWD_P21": "666.8", "PWD_P22": "712.2", "PWD_P23": "759.3", "PWD_P24": "807.8", "PWD_P25": "857.6", "PWD_P26": "908.4", "PWD_P27": "960.5", "PWD_P28": "1013.8", "PWD_P29": "1068.7", "PWD_P30": "1125.6", "PWD_P31": "1184.4", "PWD_P32": "1245.8", "PWD_P33": "1309.0", "PWD_P34": "1374.4", "PWD_P35": "1442.1", "PWD_P36": "1512.1", "PWD_P37": "1584.8", "PWD_P38": "1659.9", "PWD_P39": "1737.3", "PWD_P40": "1817.9", "PWD_P41": "1900.6", "PWD_P42": "1986.4", "PWD_P43": "2075.3", "PWD_P44": "2168.4", "PWD_P45": "2265.2", "PWD_P46": "2366.5", "PWD_P47": "2472.8", "PWD_P48": "2583.2", "PWD_P49": "2698.2", "PWD_P50": "2818.0", "PWD_P51": "2942.3", "PWD_P52": "3071.8", "PWD_P53": "3206.5", "PWD_P54": "3348.0", "PWD_P55": "3493.3", "PWD_P56": "3642.0", "PWD_P57": "3794.5", "PWD_P58": "3954.4", "PWD_P59": "4121.6", "PWD_P60": "4295.9", "PWD_P61": "4479.0", "PWD_P62": "4670.9", "PWD_P63": "4870.9", "PWD_P64": "5074.8", "PWD_P65": "5288.2", "PWD_P66": "5509.7", "PWD_P67": "5735.8", "PWD_P68": "5971.3", "PWD_P69": "6212.1", "PWD_P70": "6459.7", "PWD_P71": "6712.8", "PWD_P72": "6976.6", "PWD_P73": "7257.9", "PWD_P74": "7554.4", "PWD_P75": "7871.3", "PWD_P76": "8204.8", "PWD_P77": "8555.4", "PWD_P78": "8910.0", "PWD_P79": "9275.3", "PWD_P80": "9642.0", "PWD_P81": "9997.2", "PWD_P82": "10349.4", "PWD_P83": "10700.9", "PWD_P84": "11047.9", "PWD_P85": "11405.1", "PWD_P86": "11774.1", "PWD_P87": "12187.3", "PWD_P88": "12632.5", "PWD_P89": "13138.3", "PWD_P90": "13720.5", "PWD_P91": "14373.6", "PWD_P92": "15140.1", "PWD_P93": "16067.9", "PWD_P94": "17083.2", "PWD_P95": "18048.8", "PWD_P96": "18964.3", "PWD_P97": "19973.9", "PWD_P98": "21370.8", "PWD_P99": "23199.4", "PWD_P100": "152908.9" }, "geometry": { "type": "Point", "coordinates": [ 137.103378295898438, 35.592548370361328 ] } },
{ "type": "Feature", "id": 106, "properties": { "lon": 70.0477, "lat": 47.0549, "year": "2010", "ISO": "KAZ", "ISO_No": "398", "Name": "Kazakhstan", "PWC_Lat": "47.0549", "PWC_Lon": "70.0477", "Pop": "16252273", "Density": "6.1", "Area": "2652616.2", "PWD_A": "710.5", "PWD_G": "99.3", "PWD_M": "151.5", "PWD_P1": "0.4", "PWD_P2": "0.5", "PWD_P3": "0.7", "PWD_P4": "0.8", "PWD_P5": "1.0", "PWD_P6": "1.2", "PWD_P7": "1.4", "PWD_P8": "1.7", "PWD_P9": "2.0", "PWD_P10": "2.4", "PWD_P11": "2.8", "PWD_P12": "3.2", "PWD_P13": "3.7", "PWD_P14": "4.3", "PWD_P15": "4.9", "PWD_P16": "5.7", "PWD_P17": "6.6", "PWD_P18": "7.7", "PWD_P19": "9.2", "PWD_P20": "11.0", "PWD_P21": "13.2", "PWD_P22": "15.8", "PWD_P23": "18.6", "PWD_P24": "21.6", "PWD_P25": "25.0", "PWD_P26": "28.4", "PWD_P27": "32.0", "PWD_P28": "35.8", "PWD_P29": "39.6", "PWD_P30": "43.8", "PWD_P31": "48.1", "PWD_P32": "52.7", "PWD_P33": "57.4", "PWD_P34": "62.0", "PWD_P35": "66.7", "PWD_P36": "71.6", "PWD_P37": "76.4", "PWD_P38": "81.4", "PWD_P39": "86.3", "PWD_P40": "91.5", "PWD_P41": "96.8", "PWD_P42": "102.3", "PWD_P43": "108.0", "PWD_P44": "113.8", "PWD_P45": "119.7", "PWD_P46": "125.7", "PWD_P47": "131.9", "PWD_P48": "138.2", "PWD_P49": "144.7", "PWD_P50": "151.5", "PWD_P51": "158.5", "PWD_P52": "165.9", "PWD_P53": "173.6", "PWD_P54": "181.2", "PWD_P55": "189.1", "PWD_P56": "197.2", "PWD_P57": "205.7", "PWD_P58": "214.1", "PWD_P59": "222.6", "PWD_P60": "232.0", "PWD_P61": "241.7", "PWD_P62": "251.7", "PWD_P63": "262.1", "PWD_P64": "273.2", "PWD_P65": "285.0", "PWD_P66": "297.4", "PWD_P67": "310.9", "PWD_P68": "325.1", "PWD_P69": "338.9", "PWD_P70": "353.1", "PWD_P71": "368.6", "PWD_P72": "384.1", "PWD_P73": "400.3", "PWD_P74": "418.6", "PWD_P75": "438.8", "PWD_P76": "460.5", "PWD_P77": "482.2", "PWD_P78": "506.8", "PWD_P79": "534.1", "PWD_P80": "564.6", "PWD_P81": "600.3", "PWD_P82": "638.9", "PWD_P83": "692.8", "PWD_P84": "754.2", "PWD_P85": "822.7", "PWD_P86": "906.3", "PWD_P87": "1031.6", "PWD_P88": "1390.0", "PWD_P89": "2239.1", "PWD_P90": "2712.1", "PWD_P91": "3083.9", "PWD_P92": "4153.8", "PWD_P93": "4696.4", "PWD_P94": "4949.6", "PWD_P95": "5131.7", "PWD_P96": "5301.8", "PWD_P97": "5479.0", "PWD_P98": "5667.2", "PWD_P99": "5929.6", "PWD_P100": "6818.3" }, "geometry": { "type": "Point", "coordinates": [ 70.0477, 47.0549 ] } },
{ "type": "Feature", "id": 107, "properties": { "lon": 35.899776458740234, "lat": 31.982959747314453, "year": "2010", "ISO": "JOR", "ISO_No": "400", "Name": "Jordan", "PWC_Lat": "31.9829597473145", "PWC_Lon": "35.8997764587402", "Pop": "7261540", "Density": "81.8", "Area": "88742.6", "PWD_A": "4618.5", "PWD_G": "1738.7", "PWD_M": "2212.2", "PWD_P1": "8.0", "PWD_P2": "23.1", "PWD_P3": "39.2", "PWD_P4": "54.2", "PWD_P5": "70.5", "PWD_P6": "85.8", "PWD_P7": "103.3", "PWD_P8": "124.1", "PWD_P9": "147.7", "PWD_P10": "171.3", "PWD_P11": "195.7", "PWD_P12": "220.7", "PWD_P13": "245.7", "PWD_P14": "272.1", "PWD_P15": "299.3", "PWD_P16": "327.6", "PWD_P17": "356.5", "PWD_P18": "386.3", "PWD_P19": "418.7", "PWD_P20": "450.6", "PWD_P21": "482.8", "PWD_P22": "515.4", "PWD_P23": "548.5", "PWD_P24": "583.8", "PWD_P25": "622.2", "PWD_P26": "663.5", "PWD_P27": "706.6", "PWD_P28": "750.4", "PWD_P29": "795.1", "PWD_P30": "841.9", "PWD_P31": "890.8", "PWD_P32": "940.1", "PWD_P33": "989.9", "PWD_P34": "1041.9", "PWD_P35": "1093.0", "PWD_P36": "1146.3", "PWD_P37": "1202.5", "PWD_P38": "1261.4", "PWD_P39": "1323.9", "PWD_P40": "1389.6", "PWD_P41": "1458.1", "PWD_P42": "1529.3", "PWD_P43": "1605.8", "PWD_P44": "1682.1", "PWD_P45": "1757.7", "PWD_P46": "1837.3", "PWD_P47": "1923.2", "PWD_P48": "2011.8", "PWD_P49": "2108.3", "PWD_P50": "2212.2", "PWD_P51": "2322.7", "PWD_P52": "2433.6", "PWD_P53": "2547.9", "PWD_P54": "2668.4", "PWD_P55": "2800.4", "PWD_P56": "2935.0", "PWD_P57": "3072.9", "PWD_P58": "3200.7", "PWD_P59": "3334.1", "PWD_P60": "3466.0", "PWD_P61": "3601.1", "PWD_P62": "3739.9", "PWD_P63": "3884.3", "PWD_P64": "4043.8", "PWD_P65": "4215.9", "PWD_P66": "4407.8", "PWD_P67": "4606.2", "PWD_P68": "4826.8", "PWD_P69": "5032.8", "PWD_P70": "5241.2", "PWD_P71": "5458.7", "PWD_P72": "5710.3", "PWD_P73": "5946.9", "PWD_P74": "6205.7", "PWD_P75": "6556.5", "PWD_P76": "7001.5", "PWD_P77": "7396.6", "PWD_P78": "7880.7", "PWD_P79": "8562.8", "PWD_P80": "9374.8", "PWD_P81": "10184.0", "PWD_P82": "10802.5", "PWD_P83": "11257.6", "PWD_P84": "11672.2", "PWD_P85": "12066.1", "PWD_P86": "12452.7", "PWD_P87": "12855.7", "PWD_P88": "13340.1", "PWD_P89": "13934.8", "PWD_P90": "14544.6", "PWD_P91": "15032.2", "PWD_P92": "15399.6", "PWD_P93": "15737.8", "PWD_P94": "16012.8", "PWD_P95": "16268.9", "PWD_P96": "16546.1", "PWD_P97": "16866.3", "PWD_P98": "17279.7", "PWD_P99": "17814.2", "PWD_P100": "19640.7" }, "geometry": { "type": "Point", "coordinates": [ 35.899776458740234, 31.982959747314453 ] } },
{ "type": "Feature", "id": 108, "properties": { "lon": 36.564922332763672, "lat": -0.42779546976089478, "year": "2010", "ISO": "KEN", "ISO_No": "404", "Name": "Kenya", "PWC_Lat": "-0.427795469760895", "PWC_Lon": "36.5649223327637", "Pop": "42030684", "Density": "72.3", "Area": "581399.6", "PWD_A": "4732.4", "PWD_G": "579.1", "PWD_M": "531.8", "PWD_P1": "5.0", "PWD_P2": "8.5", "PWD_P3": "12.0", "PWD_P4": "15.8", "PWD_P5": "20.1", "PWD_P6": "25.0", "PWD_P7": "30.3", "PWD_P8": "36.9", "PWD_P9": "44.2", "PWD_P10": "52.4", "PWD_P11": "60.9", "PWD_P12": "69.2", "PWD_P13": "78.2", "PWD_P14": "87.9", "PWD_P15": "97.7", "PWD_P16": "107.9", "PWD_P17": "118.1", "PWD_P18": "128.6", "PWD_P19": "139.4", "PWD_P20": "150.2", "PWD_P21": "161.3", "PWD_P22": "172.7", "PWD_P23": "184.2", "PWD_P24": "195.6", "PWD_P25": "206.8", "PWD_P26": "218.1", "PWD_P27": "229.8", "PWD_P28": "241.5", "PWD_P29": "253.2", "PWD_P30": "265.2", "PWD_P31": "277.2", "PWD_P32": "289.5", "PWD_P33": "302.1", "PWD_P34": "314.9", "PWD_P35": "327.9", "PWD_P36": "340.9", "PWD_P37": "354.0", "PWD_P38": "367.3", "PWD_P39": "380.8", "PWD_P40": "394.7", "PWD_P41": "408.4", "PWD_P42": "422.0", "PWD_P43": "435.5", "PWD_P44": "448.8", "PWD_P45": "462.5", "PWD_P46": "476.4", "PWD_P47": "490.1", "PWD_P48": "503.8", "PWD_P49": "517.5", "PWD_P50": "531.8", "PWD_P51": "546.6", "PWD_P52": "561.7", "PWD_P53": "577.4", "PWD_P54": "594.0", "PWD_P55": "611.2", "PWD_P56": "629.3", "PWD_P57": "648.8", "PWD_P58": "669.4", "PWD_P59": "691.5", "PWD_P60": "714.9", "PWD_P61": "739.8", "PWD_P62": "767.1", "PWD_P63": "796.6", "PWD_P64": "828.7", "PWD_P65": "864.4", "PWD_P66": "902.9", "PWD_P67": "944.2", "PWD_P68": "988.8", "PWD_P69": "1038.5", "PWD_P70": "1094.9", "PWD_P71": "1156.5", "PWD_P72": "1224.2", "PWD_P73": "1300.5", "PWD_P74": "1387.5", "PWD_P75": "1484.4", "PWD_P76": "1598.2", "PWD_P77": "1733.8", "PWD_P78": "1894.9", "PWD_P79": "2085.2", "PWD_P80": "2310.2", "PWD_P81": "2575.5", "PWD_P82": "2891.8", "PWD_P83": "3255.9", "PWD_P84": "3683.5", "PWD_P85": "4173.8", "PWD_P86": "4712.1", "PWD_P87": "5376.2", "PWD_P88": "6122.2", "PWD_P89": "7005.7", "PWD_P90": "8171.1", "PWD_P91": "9727.5", "PWD_P92": "11673.7", "PWD_P93": "14442.0", "PWD_P94": "17756.3", "PWD_P95": "22533.3", "PWD_P96": "27976.6", "PWD_P97": "38844.5", "PWD_P98": "53105.4", "PWD_P99": "82739.2", "PWD_P100": "1240218.0" }, "geometry": { "type": "Point", "coordinates": [ 36.564922332763672, -0.427795469760895 ] } },
{ "type": "Feature", "id": 109, "properties": { "lon": 126.59575653076172, "lat": 39.626579284667969, "year": "2010", "ISO": "PRK", "ISO_No": "408", "Name": "North Korea", "PWC_Lat": "39.626579284668", "PWC_Lon": "126.595756530762", "Pop": "24548839", "Density": "202.0", "Area": "121536.2", "PWD_A": "1490.8", "PWD_G": "655.9", "PWD_M": "813.3", "PWD_P1": "17.6", "PWD_P2": "24.7", "PWD_P3": "31.7", "PWD_P4": "38.8", "PWD_P5": "46.0", "PWD_P6": "53.2", "PWD_P7": "60.5", "PWD_P8": "67.6", "PWD_P9": "74.7", "PWD_P10": "81.9", "PWD_P11": "89.2", "PWD_P12": "96.7", "PWD_P13": "104.3", "PWD_P14": "112.4", "PWD_P15": "120.8", "PWD_P16": "129.4", "PWD_P17": "138.5", "PWD_P18": "147.8", "PWD_P19": "157.4", "PWD_P20": "167.2", "PWD_P21": "177.6", "PWD_P22": "188.4", "PWD_P23": "199.5", "PWD_P24": "211.7", "PWD_P25": "224.8", "PWD_P26": "238.6", "PWD_P27": "253.2", "PWD_P28": "268.7", "PWD_P29": "285.5", "PWD_P30": "303.3", "PWD_P31": "322.1", "PWD_P32": "341.9", "PWD_P33": "363.0", "PWD_P34": "385.4", "PWD_P35": "409.1", "PWD_P36": "434.0", "PWD_P37": "459.8", "PWD_P38": "486.3", "PWD_P39": "512.7", "PWD_P40": "539.7", "PWD_P41": "566.7", "PWD_P42": "593.9", "PWD_P43": "621.4", "PWD_P44": "648.6", "PWD_P45": "675.5", "PWD_P46": "703.0", "PWD_P47": "730.4", "PWD_P48": "758.1", "PWD_P49": "785.7", "PWD_P50": "813.3", "PWD_P51": "841.2", "PWD_P52": "870.1", "PWD_P53": "900.1", "PWD_P54": "930.9", "PWD_P55": "962.6", "PWD_P56": "995.6", "PWD_P57": "1029.4", "PWD_P58": "1064.9", "PWD_P59": "1101.7", "PWD_P60": "1140.0", "PWD_P61": "1179.9", "PWD_P62": "1221.4", "PWD_P63": "1265.6", "PWD_P64": "1313.0", "PWD_P65": "1363.1", "PWD_P66": "1416.3", "PWD_P67": "1473.2", "PWD_P68": "1534.2", "PWD_P69": "1601.4", "PWD_P70": "1673.4", "PWD_P71": "1751.8", "PWD_P72": "1837.4", "PWD_P73": "1923.0", "PWD_P74": "2009.0", "PWD_P75": "2099.8", "PWD_P76": "2199.6", "PWD_P77": "2306.9", "PWD_P78": "2420.9", "PWD_P79": "2535.9", "PWD_P80": "2654.1", "PWD_P81": "2781.9", "PWD_P82": "2917.9", "PWD_P83": "3060.9", "PWD_P84": "3203.9", "PWD_P85": "3346.4", "PWD_P86": "3495.2", "PWD_P87": "3642.2", "PWD_P88": "3790.8", "PWD_P89": "3933.9", "PWD_P90": "4076.3", "PWD_P91": "4234.9", "PWD_P92": "4406.0", "PWD_P93": "4571.6", "PWD_P94": "4756.3", "PWD_P95": "4974.2", "PWD_P96": "5233.2", "PWD_P97": "5571.0", "PWD_P98": "6217.7", "PWD_P99": "7359.3", "PWD_P100": "15178.8" }, "geometry": { "type": "Point", "coordinates": [ 126.595756530761719, 39.626579284667969 ] } },
{ "type": "Feature", "id": 110, "properties": { "lon": 127.51652526855469, "lat": 36.616668701171875, "year": "2010", "ISO": "KOR", "ISO_No": "410", "Name": "South Korea", "PWC_Lat": "36.6166687011719", "PWC_Lon": "127.516525268555", "Pop": "49545638", "Density": "496.4", "Area": "99820.0", "PWD_A": "9300.0", "PWD_G": "3962.9", "PWD_M": "6512.1", "PWD_P1": "25.5", "PWD_P2": "42.9", "PWD_P3": "63.9", "PWD_P4": "88.7", "PWD_P5": "117.6", "PWD_P6": "150.2", "PWD_P7": "186.7", "PWD_P8": "227.1", "PWD_P9": "271.4", "PWD_P10": "318.5", "PWD_P11": "368.3", "PWD_P12": "420.0", "PWD_P13": "475.0", "PWD_P14": "534.3", "PWD_P15": "596.3", "PWD_P16": "661.9", "PWD_P17": "731.8", "PWD_P18": "805.9", "PWD_P19": "884.3", "PWD_P20": "967.7", "PWD_P21": "1057.1", "PWD_P22": "1153.6", "PWD_P23": "1254.8", "PWD_P24": "1363.3", "PWD_P25": "1477.4", "PWD_P26": "1596.9", "PWD_P27": "1721.8", "PWD_P28": "1851.3", "PWD_P29": "1985.8", "PWD_P30": "2123.6", "PWD_P31": "2269.1", "PWD_P32": "2424.3", "PWD_P33": "2587.4", "PWD_P34": "2759.5", "PWD_P35": "2941.2", "PWD_P36": "3131.0", "PWD_P37": "3325.9", "PWD_P38": "3526.4", "PWD_P39": "3738.7", "PWD_P40": "3960.5", "PWD_P41": "4183.9", "PWD_P42": "4415.5", "PWD_P43": "4648.6", "PWD_P44": "4893.2", "PWD_P45": "5150.4", "PWD_P46": "5418.7", "PWD_P47": "5686.1", "PWD_P48": "5958.0", "PWD_P49": "6235.9", "PWD_P50": "6512.1", "PWD_P51": "6788.4", "PWD_P52": "7079.3", "PWD_P53": "7384.2", "PWD_P54": "7692.4", "PWD_P55": "8022.4", "PWD_P56": "8361.8", "PWD_P57": "8696.8", "PWD_P58": "9019.6", "PWD_P59": "9353.3", "PWD_P60": "9700.3", "PWD_P61": "10075.7", "PWD_P62": "10438.5", "PWD_P63": "10810.9", "PWD_P64": "11194.8", "PWD_P65": "11576.3", "PWD_P66": "11952.3", "PWD_P67": "12308.9", "PWD_P68": "12649.8", "PWD_P69": "12962.7", "PWD_P70": "13309.1", "PWD_P71": "13666.8", "PWD_P72": "14042.3", "PWD_P73": "14423.6", "PWD_P74": "14792.9", "PWD_P75": "15185.1", "PWD_P76": "15592.4", "PWD_P77": "16033.1", "PWD_P78": "16491.2", "PWD_P79": "16979.4", "PWD_P80": "17515.2", "PWD_P81": "18041.9", "PWD_P82": "18562.9", "PWD_P83": "19104.0", "PWD_P84": "19654.3", "PWD_P85": "20214.6", "PWD_P86": "20793.6", "PWD_P87": "21419.7", "PWD_P88": "21997.6", "PWD_P89": "22574.8", "PWD_P90": "23169.8", "PWD_P91": "23792.2", "PWD_P92": "24531.9", "PWD_P93": "25304.5", "PWD_P94": "26113.1", "PWD_P95": "26955.1", "PWD_P96": "27802.3", "PWD_P97": "28691.6", "PWD_P98": "29941.5", "PWD_P99": "32319.3", "PWD_P100": "38568.5" }, "geometry": { "type": "Point", "coordinates": [ 127.516525268554688, 36.616668701171875 ] } },
{ "type": "Feature", "id": 111, "properties": { "lon": 47.960277557373047, "lat": 29.245693206787109, "year": "2010", "ISO": "KWT", "ISO_No": "414", "Name": "Kuwait", "PWC_Lat": "29.2456932067871", "PWC_Lon": "47.960277557373", "Pop": "2991884", "Density": "171.4", "Area": "17454.4", "PWD_A": "4630.4", "PWD_G": "1811.0", "PWD_M": "3975.4", "PWD_P1": "10.1", "PWD_P2": "17.5", "PWD_P3": "24.8", "PWD_P4": "32.5", "PWD_P5": "40.4", "PWD_P6": "48.5", "PWD_P7": "58.2", "PWD_P8": "70.1", "PWD_P9": "82.5", "PWD_P10": "93.4", "PWD_P11": "106.3", "PWD_P12": "121.4", "PWD_P13": "132.3", "PWD_P14": "148.9", "PWD_P15": "168.1", "PWD_P16": "182.9", "PWD_P17": "196.4", "PWD_P18": "205.2", "PWD_P19": "213.3", "PWD_P20": "224.5", "PWD_P21": "241.1", "PWD_P22": "255.4", "PWD_P23": "267.1", "PWD_P24": "279.9", "PWD_P25": "288.2", "PWD_P26": "294.2", "PWD_P27": "300.5", "PWD_P28": "306.6", "PWD_P29": "316.5", "PWD_P30": "3203.8", "PWD_P31": "3417.4", "PWD_P32": "3463.1", "PWD_P33": "3510.2", "PWD_P34": "3549.2", "PWD_P35": "3582.0", "PWD_P36": "3610.6", "PWD_P37": "3635.7", "PWD_P38": "3664.9", "PWD_P39": "3699.0", "PWD_P40": "3727.9", "PWD_P41": "3764.0", "PWD_P42": "3798.3", "PWD_P43": "3831.7", "PWD_P44": "3866.3", "PWD_P45": "3893.0", "PWD_P46": "3913.9", "PWD_P47": "3932.7", "PWD_P48": "3948.5", "PWD_P49": "3961.8", "PWD_P50": "3975.4", "PWD_P51": "3989.2", "PWD_P52": "4007.1", "PWD_P53": "4024.0", "PWD_P54": "4041.0", "PWD_P55": "4056.6", "PWD_P56": "4073.3", "PWD_P57": "4090.1", "PWD_P58": "4106.0", "PWD_P59": "4121.8", "PWD_P60": "4136.9", "PWD_P61": "4154.8", "PWD_P62": "4172.3", "PWD_P63": "4191.2", "PWD_P64": "4212.6", "PWD_P65": "4242.4", "PWD_P66": "4287.3", "PWD_P67": "6679.9", "PWD_P68": "6780.5", "PWD_P69": "6837.7", "PWD_P70": "6906.1", "PWD_P71": "6970.6", "PWD_P72": "7026.3", "PWD_P73": "7069.8", "PWD_P74": "7123.8", "PWD_P75": "7204.7", "PWD_P76": "7285.9", "PWD_P77": "7386.2", "PWD_P78": "9097.3", "PWD_P79": "10161.0", "PWD_P80": "10208.7", "PWD_P81": "10263.6", "PWD_P82": "10354.2", "PWD_P83": "10388.8", "PWD_P84": "10415.2", "PWD_P85": "10437.4", "PWD_P86": "10465.6", "PWD_P87": "10484.7", "PWD_P88": "10504.7", "PWD_P89": "10528.2", "PWD_P90": "10562.0", "PWD_P91": "10605.0", "PWD_P92": "10706.0", "PWD_P93": "10804.9", "PWD_P94": "10881.4", "PWD_P95": "10939.7", "PWD_P96": "11045.1", "PWD_P97": "11186.5", "PWD_P98": "11330.4", "PWD_P99": "11474.2", "PWD_P100": "12043.9" }, "geometry": { "type": "Point", "coordinates": [ 47.960277557373047, 29.245693206787109 ] } },
{ "type": "Feature", "id": 112, "properties": { "lon": 73.688804626464844, "lat": 41.624538421630859, "year": "2010", "ISO": "KGZ", "ISO_No": "417", "Name": "Kyrgyzstan", "PWC_Lat": "41.6245384216309", "PWC_Lon": "73.6888046264648", "Pop": "5422297", "Density": "28.2", "Area": "192192.6", "PWD_A": "3474.1", "PWD_G": "278.5", "PWD_M": "190.0", "PWD_P1": "1.6", "PWD_P2": "2.6", "PWD_P3": "3.7", "PWD_P4": "5.0", "PWD_P5": "6.5", "PWD_P6": "8.0", "PWD_P7": "9.5", "PWD_P8": "11.1", "PWD_P9": "12.7", "PWD_P10": "14.4", "PWD_P11": "16.1", "PWD_P12": "17.8", "PWD_P13": "19.7", "PWD_P14": "21.6", "PWD_P15": "23.7", "PWD_P16": "25.9", "PWD_P17": "28.3", "PWD_P18": "30.7", "PWD_P19": "33.2", "PWD_P20": "35.9", "PWD_P21": "38.7", "PWD_P22": "41.5", "PWD_P23": "44.4", "PWD_P24": "47.4", "PWD_P25": "50.5", "PWD_P26": "53.6", "PWD_P27": "57.0", "PWD_P28": "60.7", "PWD_P29": "64.3", "PWD_P30": "67.9", "PWD_P31": "71.7", "PWD_P32": "75.7", "PWD_P33": "79.8", "PWD_P34": "84.1", "PWD_P35": "88.6", "PWD_P36": "93.3", "PWD_P37": "98.3", "PWD_P38": "103.4", "PWD_P39": "108.8", "PWD_P40": "114.4", "PWD_P41": "120.0", "PWD_P42": "125.9", "PWD_P43": "132.0", "PWD_P44": "138.8", "PWD_P45": "145.9", "PWD_P46": "153.7", "PWD_P47": "161.8", "PWD_P48": "170.4", "PWD_P49": "179.9", "PWD_P50": "190.0", "PWD_P51": "201.1", "PWD_P52": "213.1", "PWD_P53": "226.3", "PWD_P54": "239.9", "PWD_P55": "254.4", "PWD_P56": "269.5", "PWD_P57": "285.0", "PWD_P58": "302.3", "PWD_P59": "320.6", "PWD_P60": "340.6", "PWD_P61": "362.1", "PWD_P62": "384.6", "PWD_P63": "407.3", "PWD_P64": "433.2", "PWD_P65": "462.5", "PWD_P66": "494.4", "PWD_P67": "530.4", "PWD_P68": "571.4", "PWD_P69": "616.2", "PWD_P70": "660.8", "PWD_P71": "711.0", "PWD_P72": "771.3", "PWD_P73": "849.6", "PWD_P74": "947.5", "PWD_P75": "1046.1", "PWD_P76": "1183.9", "PWD_P77": "1377.4", "PWD_P78": "1691.8", "PWD_P79": "2572.0", "PWD_P80": "6619.7", "PWD_P81": "9265.1", "PWD_P82": "10536.5", "PWD_P83": "11654.6", "PWD_P84": "12378.7", "PWD_P85": "13055.9", "PWD_P86": "13787.1", "PWD_P87": "14374.7", "PWD_P88": "15260.4", "PWD_P89": "15910.3", "PWD_P90": "16553.9", "PWD_P91": "17027.4", "PWD_P92": "17459.9", "PWD_P93": "17976.5", "PWD_P94": "18495.0", "PWD_P95": "19181.4", "PWD_P96": "19863.6", "PWD_P97": "20811.2", "PWD_P98": "21650.6", "PWD_P99": "22426.8", "PWD_P100": "23693.2" }, "geometry": { "type": "Point", "coordinates": [ 73.688804626464844, 41.624538421630859 ] } },
{ "type": "Feature", "id": 113, "properties": { "lon": 103.79061889648438, "lat": 17.965814590454102, "year": "2010", "ISO": "LAO", "ISO_No": "418", "Name": "Laos", "PWC_Lat": "17.9658145904541", "PWC_Lon": "103.790618896484", "Pop": "6249168", "Density": "27.3", "Area": "228853.4", "PWD_A": "1530.7", "PWD_G": "211.8", "PWD_M": "237.8", "PWD_P1": "2.0", "PWD_P2": "3.3", "PWD_P3": "4.4", "PWD_P4": "5.5", "PWD_P5": "6.6", "PWD_P6": "7.7", "PWD_P7": "8.8", "PWD_P8": "10.0", "PWD_P9": "11.2", "PWD_P10": "12.4", "PWD_P11": "13.7", "PWD_P12": "15.0", "PWD_P13": "16.4", "PWD_P14": "17.9", "PWD_P15": "19.5", "PWD_P16": "21.1", "PWD_P17": "22.9", "PWD_P18": "24.8", "PWD_P19": "26.7", "PWD_P20": "28.8", "PWD_P21": "31.1", "PWD_P22": "33.5", "PWD_P23": "36.1", "PWD_P24": "38.9", "PWD_P25": "41.8", "PWD_P26": "45.0", "PWD_P27": "48.4", "PWD_P28": "52.1", "PWD_P29": "56.0", "PWD_P30": "60.2", "PWD_P31": "64.7", "PWD_P32": "69.5", "PWD_P33": "74.8", "PWD_P34": "80.4", "PWD_P35": "86.5", "PWD_P36": "92.9", "PWD_P37": "99.8", "PWD_P38": "107.1", "PWD_P39": "114.8", "PWD_P40": "123.0", "PWD_P41": "131.8", "PWD_P42": "141.2", "PWD_P43": "151.0", "PWD_P44": "161.4", "PWD_P45": "172.4", "PWD_P46": "184.0", "PWD_P47": "196.4", "PWD_P48": "209.3", "PWD_P49": "223.1", "PWD_P50": "237.8", "PWD_P51": "253.1", "PWD_P52": "269.3", "PWD_P53": "286.4", "PWD_P54": "304.1", "PWD_P55": "322.5", "PWD_P56": "341.3", "PWD_P57": "361.4", "PWD_P58": "382.2", "PWD_P59": "403.9", "PWD_P60": "426.8", "PWD_P61": "450.3", "PWD_P62": "475.0", "PWD_P63": "501.3", "PWD_P64": "528.9", "PWD_P65": "558.4", "PWD_P66": "589.9", "PWD_P67": "622.6", "PWD_P68": "657.1", "PWD_P69": "693.2", "PWD_P70": "731.7", "PWD_P71": "773.2", "PWD_P72": "818.1", "PWD_P73": "865.7", "PWD_P74": "918.6", "PWD_P75": "974.6", "PWD_P76": "1035.0", "PWD_P77": "1102.3", "PWD_P78": "1174.4", "PWD_P79": "1255.4", "PWD_P80": "1347.0", "PWD_P81": "1450.0", "PWD_P82": "1561.9", "PWD_P83": "1691.5", "PWD_P84": "1839.4", "PWD_P85": "2009.4", "PWD_P86": "2204.7", "PWD_P87": "2426.4", "PWD_P88": "2672.7", "PWD_P89": "2967.6", "PWD_P90": "3305.7", "PWD_P91": "3685.2", "PWD_P92": "4148.6", "PWD_P93": "4712.7", "PWD_P94": "5410.3", "PWD_P95": "6380.5", "PWD_P96": "7846.3", "PWD_P97": "9708.9", "PWD_P98": "13028.4", "PWD_P99": "21892.5", "PWD_P100": "188439.3" }, "geometry": { "type": "Point", "coordinates": [ 103.790618896484375, 17.965814590454102 ] } },
{ "type": "Feature", "id": 114, "properties": { "lon": 35.642436981201172, "lat": 33.868705749511719, "year": "2010", "ISO": "LBN", "ISO_No": "422", "Name": "Lebanon", "PWC_Lat": "33.8687057495117", "PWC_Lon": "35.6424369812012", "Pop": "4953063", "Density": "474.9", "Area": "10429.9", "PWD_A": "22085.0", "PWD_G": "5005.1", "PWD_M": "5152.0", "PWD_P1": "33.2", "PWD_P2": "56.8", "PWD_P3": "83.5", "PWD_P4": "112.1", "PWD_P5": "142.6", "PWD_P6": "174.2", "PWD_P7": "207.1", "PWD_P8": "242.1", "PWD_P9": "280.0", "PWD_P10": "318.3", "PWD_P11": "358.1", "PWD_P12": "401.2", "PWD_P13": "444.8", "PWD_P14": "488.9", "PWD_P15": "535.2", "PWD_P16": "581.5", "PWD_P17": "628.6", "PWD_P18": "678.2", "PWD_P19": "730.1", "PWD_P20": "782.9", "PWD_P21": "838.8", "PWD_P22": "894.2", "PWD_P23": "951.1", "PWD_P24": "1011.7", "PWD_P25": "1075.6", "PWD_P26": "1140.7", "PWD_P27": "1209.3", "PWD_P28": "1282.7", "PWD_P29": "1358.4", "PWD_P30": "1438.2", "PWD_P31": "1521.1", "PWD_P32": "1608.8", "PWD_P33": "1700.3", "PWD_P34": "1796.2", "PWD_P35": "1898.3", "PWD_P36": "2009.9", "PWD_P37": "2129.5", "PWD_P38": "2255.6", "PWD_P39": "2394.1", "PWD_P40": "2544.8", "PWD_P41": "2708.8", "PWD_P42": "2886.2", "PWD_P43": "3087.0", "PWD_P44": "3296.6", "PWD_P45": "3519.8", "PWD_P46": "3781.9", "PWD_P47": "4072.8", "PWD_P48": "4385.4", "PWD_P49": "4738.0", "PWD_P50": "5152.0", "PWD_P51": "5610.8", "PWD_P52": "6108.0", "PWD_P53": "6651.3", "PWD_P54": "7223.8", "PWD_P55": "7820.8", "PWD_P56": "8436.6", "PWD_P57": "9139.3", "PWD_P58": "9868.5", "PWD_P59": "10660.4", "PWD_P60": "11643.5", "PWD_P61": "12635.1", "PWD_P62": "13710.9", "PWD_P63": "15044.8", "PWD_P64": "16474.2", "PWD_P65": "18009.3", "PWD_P66": "19633.9", "PWD_P67": "21187.4", "PWD_P68": "22810.4", "PWD_P69": "24340.1", "PWD_P70": "25940.5", "PWD_P71": "27594.6", "PWD_P72": "28913.2", "PWD_P73": "30534.4", "PWD_P74": "32026.7", "PWD_P75": "33479.5", "PWD_P76": "35284.0", "PWD_P77": "37219.3", "PWD_P78": "39010.6", "PWD_P79": "40913.5", "PWD_P80": "42775.5", "PWD_P81": "45184.1", "PWD_P82": "47573.1", "PWD_P83": "49905.7", "PWD_P84": "51814.9", "PWD_P85": "53258.4", "PWD_P86": "55281.6", "PWD_P87": "57314.5", "PWD_P88": "59337.5", "PWD_P89": "60917.1", "PWD_P90": "62863.7", "PWD_P91": "65366.0", "PWD_P92": "68411.8", "PWD_P93": "71762.9", "PWD_P94": "75083.6", "PWD_P95": "78598.8", "PWD_P96": "84446.4", "PWD_P97": "117611.4", "PWD_P98": "146293.2", "PWD_P99": "162639.5", "PWD_P100": "212948.5" }, "geometry": { "type": "Point", "coordinates": [ 35.642436981201172, 33.868705749511719 ] } },
{ "type": "Feature", "id": 115, "properties": { "lon": 27.943078994750977, "lat": -29.459140777587891, "year": "2010", "ISO": "LSO", "ISO_No": "426", "Name": "Lesotho", "PWC_Lat": "-29.4591407775879", "PWC_Lon": "27.943078994751", "Pop": "1995574", "Density": "65.6", "Area": "30408.5", "PWD_A": "456.6", "PWD_G": "145.6", "PWD_M": "112.4", "PWD_P1": "13.6", "PWD_P2": "15.1", "PWD_P3": "16.2", "PWD_P4": "17.2", "PWD_P5": "18.1", "PWD_P6": "19.0", "PWD_P7": "19.9", "PWD_P8": "20.8", "PWD_P9": "21.8", "PWD_P10": "23.0", "PWD_P11": "24.3", "PWD_P12": "25.7", "PWD_P13": "27.2", "PWD_P14": "28.8", "PWD_P15": "30.4", "PWD_P16": "32.0", "PWD_P17": "33.8", "PWD_P18": "35.5", "PWD_P19": "37.4", "PWD_P20": "39.4", "PWD_P21": "41.7", "PWD_P22": "44.0", "PWD_P23": "46.3", "PWD_P24": "48.6", "PWD_P25": "50.8", "PWD_P26": "52.8", "PWD_P27": "54.7", "PWD_P28": "56.6", "PWD_P29": "58.5", "PWD_P30": "60.4", "PWD_P31": "62.4", "PWD_P32": "64.7", "PWD_P33": "66.9", "PWD_P34": "69.3", "PWD_P35": "71.7", "PWD_P36": "74.0", "PWD_P37": "76.4", "PWD_P38": "78.7", "PWD_P39": "81.2", "PWD_P40": "83.7", "PWD_P41": "86.1", "PWD_P42": "88.6", "PWD_P43": "91.2", "PWD_P44": "93.6", "PWD_P45": "96.3", "PWD_P46": "99.0", "PWD_P47": "101.9", "PWD_P48": "105.1", "PWD_P49": "108.7", "PWD_P50": "112.4", "PWD_P51": "116.3", "PWD_P52": "120.4", "PWD_P53": "124.9", "PWD_P54": "129.8", "PWD_P55": "135.6", "PWD_P56": "142.0", "PWD_P57": "148.7", "PWD_P58": "155.6", "PWD_P59": "162.8", "PWD_P60": "169.6", "PWD_P61": "176.3", "PWD_P62": "183.1", "PWD_P63": "190.2", "PWD_P64": "198.0", "PWD_P65": "207.0", "PWD_P66": "217.1", "PWD_P67": "228.0", "PWD_P68": "239.9", "PWD_P69": "252.5", "PWD_P70": "265.9", "PWD_P71": "280.4", "PWD_P72": "296.3", "PWD_P73": "313.2", "PWD_P74": "333.3", "PWD_P75": "355.5", "PWD_P76": "379.4", "PWD_P77": "407.3", "PWD_P78": "441.0", "PWD_P79": "477.4", "PWD_P80": "517.2", "PWD_P81": "565.5", "PWD_P82": "624.8", "PWD_P83": "695.1", "PWD_P84": "784.0", "PWD_P85": "881.3", "PWD_P86": "985.0", "PWD_P87": "1094.9", "PWD_P88": "1227.1", "PWD_P89": "1397.1", "PWD_P90": "1611.4", "PWD_P91": "1817.7", "PWD_P92": "2008.5", "PWD_P93": "2134.6", "PWD_P94": "2275.1", "PWD_P95": "2434.6", "PWD_P96": "2716.0", "PWD_P97": "3012.0", "PWD_P98": "3437.0", "PWD_P99": "3746.3", "PWD_P100": "4521.1" }, "geometry": { "type": "Point", "coordinates": [ 27.943078994750977, -29.459140777587891 ] } },
{ "type": "Feature", "id": 116, "properties": { "lon": 24.444292068481445, "lat": 56.833995819091797, "year": "2010", "ISO": "LVA", "ISO_No": "428", "Name": "Latvia", "PWC_Lat": "56.8339958190918", "PWC_Lon": "24.4442920684814", "Pop": "2118855", "Density": "33.3", "Area": "63542.7", "PWD_A": "1297.9", "PWD_G": "342.4", "PWD_M": "639.3", "PWD_P1": "2.9", "PWD_P2": "3.6", "PWD_P3": "4.2", "PWD_P4": "4.8", "PWD_P5": "5.4", "PWD_P6": "6.1", "PWD_P7": "7.0", "PWD_P8": "7.8", "PWD_P9": "8.9", "PWD_P10": "10.0", "PWD_P11": "11.3", "PWD_P12": "12.7", "PWD_P13": "14.2", "PWD_P14": "15.8", "PWD_P15": "17.6", "PWD_P16": "19.7", "PWD_P17": "22.0", "PWD_P18": "24.5", "PWD_P19": "27.4", "PWD_P20": "30.6", "PWD_P21": "34.2", "PWD_P22": "38.4", "PWD_P23": "43.1", "PWD_P24": "48.6", "PWD_P25": "55.0", "PWD_P26": "62.2", "PWD_P27": "70.7", "PWD_P28": "79.9", "PWD_P29": "90.4", "PWD_P30": "102.3", "PWD_P31": "115.4", "PWD_P32": "130.0", "PWD_P33": "146.2", "PWD_P34": "163.5", "PWD_P35": "182.0", "PWD_P36": "202.0", "PWD_P37": "222.8", "PWD_P38": "244.1", "PWD_P39": "267.3", "PWD_P40": "292.7", "PWD_P41": "317.3", "PWD_P42": "344.3", "PWD_P43": "373.4", "PWD_P44": "401.7", "PWD_P45": "430.8", "PWD_P46": "463.7", "PWD_P47": "508.5", "PWD_P48": "545.9", "PWD_P49": "580.5", "PWD_P50": "639.3", "PWD_P51": "728.8", "PWD_P52": "825.4", "PWD_P53": "898.0", "PWD_P54": "970.4", "PWD_P55": "1053.6", "PWD_P56": "1156.8", "PWD_P57": "1269.3", "PWD_P58": "1363.3", "PWD_P59": "1427.3", "PWD_P60": "1488.0", "PWD_P61": "1548.1", "PWD_P62": "1613.0", "PWD_P63": "1690.7", "PWD_P64": "1794.1", "PWD_P65": "1887.1", "PWD_P66": "1989.9", "PWD_P67": "2081.3", "PWD_P68": "2154.9", "PWD_P69": "2223.2", "PWD_P70": "2280.6", "PWD_P71": "2351.4", "PWD_P72": "2406.7", "PWD_P73": "2460.0", "PWD_P74": "2507.6", "PWD_P75": "2553.8", "PWD_P76": "2613.1", "PWD_P77": "2678.0", "PWD_P78": "2763.3", "PWD_P79": "2846.1", "PWD_P80": "2913.0", "PWD_P81": "2964.2", "PWD_P82": "3004.3", "PWD_P83": "3042.2", "PWD_P84": "3079.6", "PWD_P85": "3117.9", "PWD_P86": "3164.5", "PWD_P87": "3211.4", "PWD_P88": "3257.8", "PWD_P89": "3303.1", "PWD_P90": "3351.5", "PWD_P91": "3400.2", "PWD_P92": "3452.6", "PWD_P93": "3502.3", "PWD_P94": "3544.5", "PWD_P95": "3590.5", "PWD_P96": "3631.1", "PWD_P97": "3671.6", "PWD_P98": "3723.0", "PWD_P99": "3798.6", "PWD_P100": "4249.1" }, "geometry": { "type": "Point", "coordinates": [ 24.444292068481445, 56.833995819091797 ] } },
{ "type": "Feature", "id": 117, "properties": { "lon": -9.8431921005249023, "lat": 6.5062394142150879, "year": "2010", "ISO": "LBR", "ISO_No": "430", "Name": "Liberia", "PWC_Lat": "6.50623941421509", "PWC_Lon": "-9.8431921005249", "Pop": "3891357", "Density": "40.5", "Area": "96081.5", "PWD_A": "1743.5", "PWD_G": "197.4", "PWD_M": "81.1", "PWD_P1": "4.4", "PWD_P2": "6.1", "PWD_P3": "7.7", "PWD_P4": "9.2", "PWD_P5": "10.6", "PWD_P6": "12.0", "PWD_P7": "13.3", "PWD_P8": "14.5", "PWD_P9": "15.7", "PWD_P10": "16.9", "PWD_P11": "18.0", "PWD_P12": "19.2", "PWD_P13": "20.3", "PWD_P14": "21.6", "PWD_P15": "22.8", "PWD_P16": "24.0", "PWD_P17": "25.2", "PWD_P18": "26.4", "PWD_P19": "27.5", "PWD_P20": "28.7", "PWD_P21": "29.8", "PWD_P22": "31.0", "PWD_P23": "32.3", "PWD_P24": "33.6", "PWD_P25": "34.9", "PWD_P26": "36.2", "PWD_P27": "37.4", "PWD_P28": "38.8", "PWD_P29": "40.1", "PWD_P30": "41.5", "PWD_P31": "42.9", "PWD_P32": "44.4", "PWD_P33": "45.9", "PWD_P34": "47.5", "PWD_P35": "49.0", "PWD_P36": "50.7", "PWD_P37": "52.3", "PWD_P38": "53.9", "PWD_P39": "55.6", "PWD_P40": "57.3", "PWD_P41": "59.2", "PWD_P42": "61.3", "PWD_P43": "63.4", "PWD_P44": "65.4", "PWD_P45": "67.7", "PWD_P46": "70.1", "PWD_P47": "72.7", "PWD_P48": "75.2", "PWD_P49": "78.0", "PWD_P50": "81.1", "PWD_P51": "84.5", "PWD_P52": "88.1", "PWD_P53": "92.0", "PWD_P54": "96.3", "PWD_P55": "101.2", "PWD_P56": "106.7", "PWD_P57": "112.2", "PWD_P58": "118.6", "PWD_P59": "125.8", "PWD_P60": "134.1", "PWD_P61": "144.4", "PWD_P62": "156.9", "PWD_P63": "171.0", "PWD_P64": "190.3", "PWD_P65": "220.0", "PWD_P66": "272.4", "PWD_P67": "349.4", "PWD_P68": "481.1", "PWD_P69": "655.2", "PWD_P70": "965.3", "PWD_P71": "1709.0", "PWD_P72": "2249.1", "PWD_P73": "2706.2", "PWD_P74": "3118.4", "PWD_P75": "3490.5", "PWD_P76": "3818.8", "PWD_P77": "4118.4", "PWD_P78": "4367.8", "PWD_P79": "4562.5", "PWD_P80": "4809.8", "PWD_P81": "5034.5", "PWD_P82": "5201.3", "PWD_P83": "5372.9", "PWD_P84": "5540.6", "PWD_P85": "5725.8", "PWD_P86": "5969.2", "PWD_P87": "6206.3", "PWD_P88": "6419.8", "PWD_P89": "6559.1", "PWD_P90": "6718.9", "PWD_P91": "6911.7", "PWD_P92": "7081.2", "PWD_P93": "7265.1", "PWD_P94": "7552.1", "PWD_P95": "7992.6", "PWD_P96": "8141.3", "PWD_P97": "8221.6", "PWD_P98": "8263.2", "PWD_P99": "8370.5", "PWD_P100": "8877.6" }, "geometry": { "type": "Point", "coordinates": [ -9.843192100524902, 6.506239414215088 ] } },
{ "type": "Feature", "id": 118, "properties": { "lon": 15.729389190673828, "lat": 31.807071685791016, "year": "2010", "ISO": "LBY", "ISO_No": "434", "Name": "Libya", "PWC_Lat": "31.807071685791", "PWC_Lon": "15.7293891906738", "Pop": "6197667", "Density": "3.8", "Area": "1618544.8", "PWD_A": "917.3", "PWD_G": "191.1", "PWD_M": "296.6", "PWD_P1": "0.1", "PWD_P2": "0.2", "PWD_P3": "0.3", "PWD_P4": "0.5", "PWD_P5": "1.0", "PWD_P6": "1.6", "PWD_P7": "2.3", "PWD_P8": "3.2", "PWD_P9": "4.6", "PWD_P10": "6.3", "PWD_P11": "8.4", "PWD_P12": "10.9", "PWD_P13": "13.9", "PWD_P14": "17.3", "PWD_P15": "20.5", "PWD_P16": "23.6", "PWD_P17": "26.4", "PWD_P18": "29.2", "PWD_P19": "32.2", "PWD_P20": "35.4", "PWD_P21": "38.7", "PWD_P22": "42.3", "PWD_P23": "46.2", "PWD_P24": "50.3", "PWD_P25": "54.7", "PWD_P26": "59.6", "PWD_P27": "64.8", "PWD_P28": "70.5", "PWD_P29": "76.7", "PWD_P30": "83.5", "PWD_P31": "90.6", "PWD_P32": "97.9", "PWD_P33": "105.5", "PWD_P34": "113.7", "PWD_P35": "122.3", "PWD_P36": "130.9", "PWD_P37": "139.6", "PWD_P38": "148.7", "PWD_P39": "158.0", "PWD_P40": "167.6", "PWD_P41": "177.5", "PWD_P42": "187.9", "PWD_P43": "198.8", "PWD_P44": "210.4", "PWD_P45": "223.0", "PWD_P46": "236.2", "PWD_P47": "250.1", "PWD_P48": "264.8", "PWD_P49": "280.4", "PWD_P50": "296.6", "PWD_P51": "313.8", "PWD_P52": "331.4", "PWD_P53": "350.4", "PWD_P54": "370.5", "PWD_P55": "391.9", "PWD_P56": "414.7", "PWD_P57": "437.6", "PWD_P58": "461.7", "PWD_P59": "486.9", "PWD_P60": "513.1", "PWD_P61": "540.9", "PWD_P62": "571.3", "PWD_P63": "603.6", "PWD_P64": "638.3", "PWD_P65": "675.9", "PWD_P66": "716.8", "PWD_P67": "761.5", "PWD_P68": "813.0", "PWD_P69": "865.6", "PWD_P70": "919.5", "PWD_P71": "975.1", "PWD_P72": "1030.4", "PWD_P73": "1086.1", "PWD_P74": "1145.3", "PWD_P75": "1206.2", "PWD_P76": "1269.5", "PWD_P77": "1336.8", "PWD_P78": "1413.9", "PWD_P79": "1491.4", "PWD_P80": "1573.8", "PWD_P81": "1659.1", "PWD_P82": "1745.9", "PWD_P83": "1848.4", "PWD_P84": "1965.8", "PWD_P85": "2100.7", "PWD_P86": "2257.5", "PWD_P87": "2426.5", "PWD_P88": "2594.1", "PWD_P89": "2742.0", "PWD_P90": "2868.2", "PWD_P91": "3031.6", "PWD_P92": "3194.3", "PWD_P93": "3317.4", "PWD_P94": "3564.0", "PWD_P95": "3884.7", "PWD_P96": "4571.7", "PWD_P97": "5176.4", "PWD_P98": "5556.3", "PWD_P99": "5981.1", "PWD_P100": "6618.9" }, "geometry": { "type": "Point", "coordinates": [ 15.729389190673828, 31.807071685791016 ] } },
{ "type": "Feature", "id": 119, "properties": { "lon": 9.5369234085083008, "lat": 47.158359527587891, "year": "2010", "ISO": "LIE", "ISO_No": "438", "Name": "Liechtenstein", "PWC_Lat": "47.1583595275879", "PWC_Lon": "9.5369234085083", "Pop": "35995", "Density": "223.1", "Area": "161.3", "PWD_A": "348.4", "PWD_G": "295.0", "PWD_M": "347.1", "PWD_P1": "44.2", "PWD_P2": "51.7", "PWD_P3": "55.6", "PWD_P4": "65.1", "PWD_P5": "71.2", "PWD_P6": "74.8", "PWD_P7": "81.4", "PWD_P8": "87.8", "PWD_P9": "93.0", "PWD_P10": "101.2", "PWD_P11": "106.7", "PWD_P12": "110.5", "PWD_P13": "117.3", "PWD_P14": "125.4", "PWD_P15": "132.1", "PWD_P16": "141.8", "PWD_P17": "150.0", "PWD_P18": "158.2", "PWD_P19": "162.6", "PWD_P20": "172.5", "PWD_P21": "185.2", "PWD_P22": "196.2", "PWD_P23": "214.6", "PWD_P24": "234.6", "PWD_P25": "249.5", "PWD_P26": "257.2", "PWD_P27": "261.3", "PWD_P28": "267.1", "PWD_P29": "271.6", "PWD_P30": "275.8", "PWD_P31": "280.6", "PWD_P32": "283.6", "PWD_P33": "286.5", "PWD_P34": "290.3", "PWD_P35": "294.8", "PWD_P36": "299.0", "PWD_P37": "303.1", "PWD_P38": "308.0", "PWD_P39": "312.3", "PWD_P40": "315.5", "PWD_P41": "317.9", "PWD_P42": "320.8", "PWD_P43": "325.2", "PWD_P44": "328.0", "PWD_P45": "331.0", "PWD_P46": "334.4", "PWD_P47": "337.0", "PWD_P48": "341.0", "PWD_P49": "343.6", "PWD_P50": "347.1", "PWD_P51": "350.9", "PWD_P52": "355.6", "PWD_P53": "362.1", "PWD_P54": "374.8", "PWD_P55": "393.4", "PWD_P56": "406.4", "PWD_P57": "413.5", "PWD_P58": "421.1", "PWD_P59": "426.6", "PWD_P60": "430.0", "PWD_P61": "432.4", "PWD_P62": "434.4", "PWD_P63": "437.4", "PWD_P64": "440.1", "PWD_P65": "443.3", "PWD_P66": "445.8", "PWD_P67": "448.6", "PWD_P68": "451.8", "PWD_P69": "455.7", "PWD_P70": "458.4", "PWD_P71": "460.6", "PWD_P72": "462.7", "PWD_P73": "464.3", "PWD_P74": "466.3", "PWD_P75": "468.3", "PWD_P76": "471.1", "PWD_P77": "473.6", "PWD_P78": "477.3", "PWD_P79": "480.6", "PWD_P80": "484.1", "PWD_P81": "486.8", "PWD_P82": "491.2", "PWD_P83": "497.3", "PWD_P84": "504.2", "PWD_P85": "511.2", "PWD_P86": "516.8", "PWD_P87": "520.8", "PWD_P88": "526.5", "PWD_P89": "535.8", "PWD_P90": "548.3", "PWD_P91": "564.5", "PWD_P92": "586.2", "PWD_P93": "594.9", "PWD_P94": "601.8", "PWD_P95": "607.4", "PWD_P96": "614.6", "PWD_P97": "620.0", "PWD_P98": "626.6", "PWD_P99": "635.6", "PWD_P100": "659.5" }, "geometry": { "type": "Point", "coordinates": [ 9.536923408508301, 47.158359527587891 ] } },
{ "type": "Feature", "id": 120, "properties": { "lon": 23.897071838378906, "lat": 55.19873046875, "year": "2010", "ISO": "LTU", "ISO_No": "440", "Name": "Lithuania", "PWC_Lat": "55.19873046875", "PWC_Lon": "23.8970718383789", "Pop": "3123824", "Density": "48.9", "Area": "63864.0", "PWD_A": "814.7", "PWD_G": "241.0", "PWD_M": "209.6", "PWD_P1": "4.9", "PWD_P2": "5.8", "PWD_P3": "6.7", "PWD_P4": "7.7", "PWD_P5": "8.8", "PWD_P6": "9.9", "PWD_P7": "11.3", "PWD_P8": "12.8", "PWD_P9": "14.5", "PWD_P10": "16.3", "PWD_P11": "18.1", "PWD_P12": "20.1", "PWD_P13": "22.2", "PWD_P14": "24.6", "PWD_P15": "27.1", "PWD_P16": "29.7", "PWD_P17": "32.6", "PWD_P18": "36.0", "PWD_P19": "39.5", "PWD_P20": "43.2", "PWD_P21": "46.9", "PWD_P22": "50.8", "PWD_P23": "54.5", "PWD_P24": "58.2", "PWD_P25": "61.8", "PWD_P26": "65.6", "PWD_P27": "69.4", "PWD_P28": "73.1", "PWD_P29": "76.8", "PWD_P30": "80.6", "PWD_P31": "84.5", "PWD_P32": "88.4", "PWD_P33": "92.4", "PWD_P34": "96.6", "PWD_P35": "101.2", "PWD_P36": "105.8", "PWD_P37": "110.7", "PWD_P38": "115.7", "PWD_P39": "120.9", "PWD_P40": "126.6", "PWD_P41": "132.6", "PWD_P42": "138.9", "PWD_P43": "145.4", "PWD_P44": "152.4", "PWD_P45": "160.3", "PWD_P46": "168.4", "PWD_P47": "177.2", "PWD_P48": "186.9", "PWD_P49": "197.7", "PWD_P50": "209.6", "PWD_P51": "221.6", "PWD_P52": "234.6", "PWD_P53": "248.0", "PWD_P54": "262.5", "PWD_P55": "283.6", "PWD_P56": "312.5", "PWD_P57": "349.5", "PWD_P58": "391.8", "PWD_P59": "438.8", "PWD_P60": "495.5", "PWD_P61": "623.5", "PWD_P62": "785.4", "PWD_P63": "957.8", "PWD_P64": "1092.2", "PWD_P65": "1195.7", "PWD_P66": "1290.3", "PWD_P67": "1361.3", "PWD_P68": "1418.4", "PWD_P69": "1470.9", "PWD_P70": "1516.0", "PWD_P71": "1554.0", "PWD_P72": "1592.8", "PWD_P73": "1633.0", "PWD_P74": "1675.1", "PWD_P75": "1714.5", "PWD_P76": "1756.4", "PWD_P77": "1799.9", "PWD_P78": "1841.7", "PWD_P79": "1883.8", "PWD_P80": "1926.2", "PWD_P81": "1969.1", "PWD_P82": "2010.2", "PWD_P83": "2050.4", "PWD_P84": "2088.7", "PWD_P85": "2124.8", "PWD_P86": "2158.0", "PWD_P87": "2190.6", "PWD_P88": "2218.9", "PWD_P89": "2247.1", "PWD_P90": "2275.1", "PWD_P91": "2302.8", "PWD_P92": "2331.8", "PWD_P93": "2362.7", "PWD_P94": "2400.4", "PWD_P95": "2437.6", "PWD_P96": "2478.1", "PWD_P97": "2518.6", "PWD_P98": "2569.2", "PWD_P99": "2658.2", "PWD_P100": "4816.9" }, "geometry": { "type": "Point", "coordinates": [ 23.897071838378906, 55.19873046875 ] } },
{ "type": "Feature", "id": 121, "properties": { "lon": 6.0867643356323242, "lat": 49.644271850585938, "year": "2010", "ISO": "LUX", "ISO_No": "442", "Name": "Luxembourg", "PWC_Lat": "49.6442718505859", "PWC_Lon": "6.08676433563232", "Pop": "507890", "Density": "198.9", "Area": "2553.2", "PWD_A": "1416.3", "PWD_G": "573.8", "PWD_M": "631.3", "PWD_P1": "22.0", "PWD_P2": "28.1", "PWD_P3": "34.2", "PWD_P4": "39.7", "PWD_P5": "44.8", "PWD_P6": "49.9", "PWD_P7": "55.2", "PWD_P8": "60.6", "PWD_P9": "66.3", "PWD_P10": "72.1", "PWD_P11": "77.9", "PWD_P12": "83.8", "PWD_P13": "89.9", "PWD_P14": "96.5", "PWD_P15": "103.3", "PWD_P16": "110.8", "PWD_P17": "118.6", "PWD_P18": "126.6", "PWD_P19": "135.4", "PWD_P20": "144.2", "PWD_P21": "153.8", "PWD_P22": "163.8", "PWD_P23": "174.0", "PWD_P24": "184.3", "PWD_P25": "195.1", "PWD_P26": "206.5", "PWD_P27": "217.7", "PWD_P28": "229.5", "PWD_P29": "240.9", "PWD_P30": "252.4", "PWD_P31": "264.7", "PWD_P32": "277.6", "PWD_P33": "290.7", "PWD_P34": "304.4", "PWD_P35": "318.5", "PWD_P36": "333.1", "PWD_P37": "348.1", "PWD_P38": "363.9", "PWD_P39": "381.0", "PWD_P40": "398.5", "PWD_P41": "417.3", "PWD_P42": "437.2", "PWD_P43": "457.8", "PWD_P44": "479.2", "PWD_P45": "502.1", "PWD_P46": "525.8", "PWD_P47": "550.1", "PWD_P48": "575.4", "PWD_P49": "603.0", "PWD_P50": "631.3", "PWD_P51": "661.4", "PWD_P52": "693.4", "PWD_P53": "729.8", "PWD_P54": "766.9", "PWD_P55": "805.3", "PWD_P56": "846.5", "PWD_P57": "886.1", "PWD_P58": "925.5", "PWD_P59": "963.4", "PWD_P60": "1004.9", "PWD_P61": "1047.9", "PWD_P62": "1094.7", "PWD_P63": "1139.6", "PWD_P64": "1185.0", "PWD_P65": "1234.9", "PWD_P66": "1287.1", "PWD_P67": "1336.7", "PWD_P68": "1386.8", "PWD_P69": "1436.5", "PWD_P70": "1487.8", "PWD_P71": "1541.7", "PWD_P72": "1599.0", "PWD_P73": "1662.6", "PWD_P74": "1732.0", "PWD_P75": "1796.4", "PWD_P76": "1863.5", "PWD_P77": "1936.6", "PWD_P78": "2016.5", "PWD_P79": "2103.8", "PWD_P80": "2193.1", "PWD_P81": "2299.8", "PWD_P82": "2391.2", "PWD_P83": "2496.4", "PWD_P84": "2610.3", "PWD_P85": "2739.0", "PWD_P86": "2872.8", "PWD_P87": "3012.2", "PWD_P88": "3163.0", "PWD_P89": "3330.7", "PWD_P90": "3515.6", "PWD_P91": "3713.3", "PWD_P92": "4036.5", "PWD_P93": "4953.8", "PWD_P94": "5800.9", "PWD_P95": "6569.7", "PWD_P96": "7310.3", "PWD_P97": "7815.1", "PWD_P98": "8171.6", "PWD_P99": "8771.6", "PWD_P100": "10176.2" }, "geometry": { "type": "Point", "coordinates": [ 6.086764335632324, 49.644271850585938 ] } },
{ "type": "Feature", "id": 122, "properties": { "lon": 113.56118774414062, "lat": 22.195756912231445, "year": "2010", "ISO": "MAC", "ISO_No": "446", "Name": "Macao", "PWC_Lat": "22.1957569122314", "PWC_Lon": "113.561187744141", "Pop": "538214", "Density": "18180.4", "Area": "29.6", "PWD_A": "77448.6", "PWD_G": "56336.6", "PWD_M": "70414.9", "PWD_P1": "1726.5", "PWD_P2": "3341.2", "PWD_P3": "5178.9", "PWD_P4": "6929.2", "PWD_P5": "7715.4", "PWD_P6": "9011.2", "PWD_P7": "10203.3", "PWD_P8": "11572.4", "PWD_P9": "13827.5", "PWD_P10": "15754.4", "PWD_P11": "17948.8", "PWD_P12": "19425.8", "PWD_P13": "21207.0", "PWD_P14": "22702.0", "PWD_P15": "24498.1", "PWD_P16": "26043.9", "PWD_P17": "27570.7", "PWD_P18": "29190.9", "PWD_P19": "30570.3", "PWD_P20": "31473.8", "PWD_P21": "32836.6", "PWD_P22": "33866.1", "PWD_P23": "34997.0", "PWD_P24": "36486.4", "PWD_P25": "38455.0", "PWD_P26": "40802.4", "PWD_P27": "42128.3", "PWD_P28": "43055.3", "PWD_P29": "44215.2", "PWD_P30": "45253.0", "PWD_P31": "46456.0", "PWD_P32": "47690.5", "PWD_P33": "48885.9", "PWD_P34": "49754.1", "PWD_P35": "50994.7", "PWD_P36": "52313.8", "PWD_P37": "53778.3", "PWD_P38": "55025.4", "PWD_P39": "55908.2", "PWD_P40": "57783.5", "PWD_P41": "59266.2", "PWD_P42": "60226.8", "PWD_P43": "61137.9", "PWD_P44": "62138.8", "PWD_P45": "63915.0", "PWD_P46": "64874.7", "PWD_P47": "65528.3", "PWD_P48": "67212.5", "PWD_P49": "68396.8", "PWD_P50": "70414.9", "PWD_P51": "72993.3", "PWD_P52": "74128.9", "PWD_P53": "75290.1", "PWD_P54": "76043.8", "PWD_P55": "78266.9", "PWD_P56": "79347.8", "PWD_P57": "80584.7", "PWD_P58": "82091.8", "PWD_P59": "84200.3", "PWD_P60": "85501.6", "PWD_P61": "87618.6", "PWD_P62": "89174.3", "PWD_P63": "91049.1", "PWD_P64": "92742.3", "PWD_P65": "94199.3", "PWD_P66": "95469.0", "PWD_P67": "98117.7", "PWD_P68": "99694.4", "PWD_P69": "101978.4", "PWD_P70": "103473.0", "PWD_P71": "105354.6", "PWD_P72": "107713.6", "PWD_P73": "109970.9", "PWD_P74": "111059.7", "PWD_P75": "113564.2", "PWD_P76": "115289.4", "PWD_P77": "117253.1", "PWD_P78": "119152.8", "PWD_P79": "120575.9", "PWD_P80": "123106.0", "PWD_P81": "123798.6", "PWD_P82": "127887.3", "PWD_P83": "129561.9", "PWD_P84": "132677.5", "PWD_P85": "137441.1", "PWD_P86": "138556.3", "PWD_P87": "140566.3", "PWD_P88": "143048.1", "PWD_P89": "145881.5", "PWD_P90": "151852.3", "PWD_P91": "153834.5", "PWD_P92": "157994.4", "PWD_P93": "160928.0", "PWD_P94": "162658.4", "PWD_P95": "167730.0", "PWD_P96": "170144.6", "PWD_P97": "171789.9", "PWD_P98": "175353.0", "PWD_P99": "182214.1", "PWD_P100": "189281.2" }, "geometry": { "type": "Point", "coordinates": [ 113.561187744140625, 22.195756912231445 ] } },
{ "type": "Feature", "id": 123, "properties": { "lon": 47.348121643066406, "lat": -19.346714019775391, "year": "2010", "ISO": "MDG", "ISO_No": "450", "Name": "Madagascar", "PWC_Lat": "-19.3467140197754", "PWC_Lon": "47.3481216430664", "Pop": "21151639", "Density": "35.9", "Area": "589171.1", "PWD_A": "1270.4", "PWD_G": "129.5", "PWD_M": "94.7", "PWD_P1": "3.7", "PWD_P2": "5.1", "PWD_P3": "6.4", "PWD_P4": "7.6", "PWD_P5": "8.9", "PWD_P6": "10.1", "PWD_P7": "11.3", "PWD_P8": "12.5", "PWD_P9": "13.7", "PWD_P10": "14.9", "PWD_P11": "16.1", "PWD_P12": "17.2", "PWD_P13": "18.4", "PWD_P14": "19.7", "PWD_P15": "21.0", "PWD_P16": "22.3", "PWD_P17": "23.6", "PWD_P18": "24.9", "PWD_P19": "26.2", "PWD_P20": "27.6", "PWD_P21": "29.0", "PWD_P22": "30.4", "PWD_P23": "31.9", "PWD_P24": "33.4", "PWD_P25": "35.0", "PWD_P26": "36.7", "PWD_P27": "38.4", "PWD_P28": "40.1", "PWD_P29": "42.0", "PWD_P30": "43.9", "PWD_P31": "45.8", "PWD_P32": "47.8", "PWD_P33": "49.9", "PWD_P34": "52.1", "PWD_P35": "54.3", "PWD_P36": "56.5", "PWD_P37": "58.8", "PWD_P38": "61.1", "PWD_P39": "63.5", "PWD_P40": "65.9", "PWD_P41": "68.4", "PWD_P42": "71.0", "PWD_P43": "73.6", "PWD_P44": "76.3", "PWD_P45": "79.1", "PWD_P46": "82.0", "PWD_P47": "85.0", "PWD_P48": "88.1", "PWD_P49": "91.3", "PWD_P50": "94.7", "PWD_P51": "98.1", "PWD_P52": "101.7", "PWD_P53": "105.4", "PWD_P54": "109.2", "PWD_P55": "113.3", "PWD_P56": "117.7", "PWD_P57": "122.2", "PWD_P58": "127.0", "PWD_P59": "132.0", "PWD_P60": "137.3", "PWD_P61": "142.8", "PWD_P62": "148.5", "PWD_P63": "154.5", "PWD_P64": "161.0", "PWD_P65": "168.1", "PWD_P66": "175.8", "PWD_P67": "184.1", "PWD_P68": "193.1", "PWD_P69": "202.8", "PWD_P70": "213.5", "PWD_P71": "225.5", "PWD_P72": "239.4", "PWD_P73": "255.4", "PWD_P74": "274.2", "PWD_P75": "295.5", "PWD_P76": "321.7", "PWD_P77": "354.2", "PWD_P78": "393.6", "PWD_P79": "442.7", "PWD_P80": "497.1", "PWD_P81": "563.0", "PWD_P82": "647.8", "PWD_P83": "745.7", "PWD_P84": "855.5", "PWD_P85": "998.1", "PWD_P86": "1172.1", "PWD_P87": "1423.5", "PWD_P88": "1759.5", "PWD_P89": "2148.4", "PWD_P90": "2720.8", "PWD_P91": "3402.6", "PWD_P92": "4541.2", "PWD_P93": "6454.0", "PWD_P94": "7750.0", "PWD_P95": "9152.6", "PWD_P96": "11033.6", "PWD_P97": "12818.3", "PWD_P98": "16133.1", "PWD_P99": "20682.0", "PWD_P100": "38278.2" }, "geometry": { "type": "Point", "coordinates": [ 47.348121643066406, -19.346714019775391 ] } },
{ "type": "Feature", "id": 124, "properties": { "lon": 34.451210021972656, "lat": -14.238310813903809, "year": "2010", "ISO": "MWI", "ISO_No": "454", "Name": "Malawi", "PWC_Lat": "-14.2383108139038", "PWC_Lon": "34.4512100219727", "Pop": "14539609", "Density": "154.2", "Area": "94297.5", "PWD_A": "2288.4", "PWD_G": "468.2", "PWD_M": "346.5", "PWD_P1": "24.8", "PWD_P2": "36.6", "PWD_P3": "45.6", "PWD_P4": "53.4", "PWD_P5": "60.4", "PWD_P6": "66.9", "PWD_P7": "73.0", "PWD_P8": "78.6", "PWD_P9": "83.9", "PWD_P10": "89.1", "PWD_P11": "94.1", "PWD_P12": "99.0", "PWD_P13": "103.8", "PWD_P14": "108.6", "PWD_P15": "113.5", "PWD_P16": "118.4", "PWD_P17": "123.3", "PWD_P18": "128.2", "PWD_P19": "133.1", "PWD_P20": "138.0", "PWD_P21": "142.9", "PWD_P22": "147.9", "PWD_P23": "153.0", "PWD_P24": "158.2", "PWD_P25": "163.5", "PWD_P26": "169.0", "PWD_P27": "174.6", "PWD_P28": "180.3", "PWD_P29": "186.0", "PWD_P30": "191.8", "PWD_P31": "197.8", "PWD_P32": "204.1", "PWD_P33": "210.5", "PWD_P34": "216.9", "PWD_P35": "223.4", "PWD_P36": "230.0", "PWD_P37": "237.0", "PWD_P38": "244.1", "PWD_P39": "251.4", "PWD_P40": "259.0", "PWD_P41": "266.7", "PWD_P42": "274.7", "PWD_P43": "282.7", "PWD_P44": "291.1", "PWD_P45": "299.6", "PWD_P46": "308.5", "PWD_P47": "317.6", "PWD_P48": "327.1", "PWD_P49": "336.7", "PWD_P50": "346.5", "PWD_P51": "356.8", "PWD_P52": "367.4", "PWD_P53": "378.4", "PWD_P54": "390.0", "PWD_P55": "402.1", "PWD_P56": "415.1", "PWD_P57": "429.2", "PWD_P58": "444.1", "PWD_P59": "459.6", "PWD_P60": "475.8", "PWD_P61": "492.8", "PWD_P62": "510.9", "PWD_P63": "530.1", "PWD_P64": "550.8", "PWD_P65": "573.4", "PWD_P66": "598.5", "PWD_P67": "626.4", "PWD_P68": "657.1", "PWD_P69": "690.6", "PWD_P70": "726.7", "PWD_P71": "768.4", "PWD_P72": "815.0", "PWD_P73": "866.6", "PWD_P74": "926.6", "PWD_P75": "994.2", "PWD_P76": "1068.7", "PWD_P77": "1157.6", "PWD_P78": "1257.5", "PWD_P79": "1364.4", "PWD_P80": "1490.2", "PWD_P81": "1635.1", "PWD_P82": "1802.7", "PWD_P83": "2000.1", "PWD_P84": "2227.9", "PWD_P85": "2495.1", "PWD_P86": "2822.7", "PWD_P87": "3214.0", "PWD_P88": "3723.8", "PWD_P89": "4361.5", "PWD_P90": "5121.0", "PWD_P91": "6046.2", "PWD_P92": "7122.4", "PWD_P93": "8434.6", "PWD_P94": "10054.1", "PWD_P95": "11998.9", "PWD_P96": "14715.9", "PWD_P97": "18094.7", "PWD_P98": "23003.8", "PWD_P99": "35386.0", "PWD_P100": "126089.3" }, "geometry": { "type": "Point", "coordinates": [ 34.451210021972656, -14.238310813903809 ] } },
{ "type": "Feature", "id": 125, "properties": { "lon": 104.48131561279297, "lat": 3.8439140319824219, "year": "2010", "ISO": "MYS", "ISO_No": "458", "Name": "Malaysia", "PWC_Lat": "3.84391403198242", "PWC_Lon": "104.481315612793", "Pop": "28208027", "Density": "85.5", "Area": "329946.9", "PWD_A": "2377.4", "PWD_G": "794.3", "PWD_M": "1273.7", "PWD_P1": "5.3", "PWD_P2": "9.6", "PWD_P3": "13.7", "PWD_P4": "17.9", "PWD_P5": "22.1", "PWD_P6": "26.6", "PWD_P7": "31.4", "PWD_P8": "36.7", "PWD_P9": "42.4", "PWD_P10": "48.5", "PWD_P11": "54.5", "PWD_P12": "61.1", "PWD_P13": "68.5", "PWD_P14": "76.7", "PWD_P15": "85.2", "PWD_P16": "94.3", "PWD_P17": "104.5", "PWD_P18": "115.7", "PWD_P19": "127.6", "PWD_P20": "140.5", "PWD_P21": "154.3", "PWD_P22": "168.8", "PWD_P23": "184.2", "PWD_P24": "200.7", "PWD_P25": "218.6", "PWD_P26": "237.5", "PWD_P27": "257.7", "PWD_P28": "279.3", "PWD_P29": "302.9", "PWD_P30": "328.7", "PWD_P31": "357.2", "PWD_P32": "387.8", "PWD_P33": "420.2", "PWD_P34": "454.1", "PWD_P35": "490.2", "PWD_P36": "529.0", "PWD_P37": "570.5", "PWD_P38": "613.9", "PWD_P39": "658.7", "PWD_P40": "705.2", "PWD_P41": "753.9", "PWD_P42": "803.8", "PWD_P43": "855.6", "PWD_P44": "909.6", "PWD_P45": "966.0", "PWD_P46": "1023.7", "PWD_P47": "1082.8", "PWD_P48": "1143.7", "PWD_P49": "1207.7", "PWD_P50": "1273.7", "PWD_P51": "1341.2", "PWD_P52": "1410.0", "PWD_P53": "1480.6", "PWD_P54": "1551.6", "PWD_P55": "1625.4", "PWD_P56": "1700.3", "PWD_P57": "1778.3", "PWD_P58": "1860.9", "PWD_P59": "1947.8", "PWD_P60": "2038.7", "PWD_P61": "2130.6", "PWD_P62": "2222.1", "PWD_P63": "2314.9", "PWD_P64": "2411.4", "PWD_P65": "2515.5", "PWD_P66": "2618.1", "PWD_P67": "2721.8", "PWD_P68": "2830.3", "PWD_P69": "2944.1", "PWD_P70": "3058.4", "PWD_P71": "3178.0", "PWD_P72": "3301.7", "PWD_P73": "3425.5", "PWD_P74": "3553.4", "PWD_P75": "3682.8", "PWD_P76": "3807.0", "PWD_P77": "3927.9", "PWD_P78": "4046.6", "PWD_P79": "4164.8", "PWD_P80": "4287.0", "PWD_P81": "4410.1", "PWD_P82": "4541.1", "PWD_P83": "4683.6", "PWD_P84": "4835.6", "PWD_P85": "5015.5", "PWD_P86": "5213.3", "PWD_P87": "5432.7", "PWD_P88": "5670.3", "PWD_P89": "5920.3", "PWD_P90": "6196.4", "PWD_P91": "6486.8", "PWD_P92": "6847.8", "PWD_P93": "7283.7", "PWD_P94": "7716.3", "PWD_P95": "8214.1", "PWD_P96": "8774.7", "PWD_P97": "9716.2", "PWD_P98": "11726.3", "PWD_P99": "12868.2", "PWD_P100": "19852.4" }, "geometry": { "type": "Point", "coordinates": [ 104.481315612792969, 3.843914031982422 ] } },
{ "type": "Feature", "id": 126, "properties": { "lon": 73.31, "lat": 3.9055, "year": "2010", "ISO": "MDV", "ISO_No": "462", "Name": "Maldives", "PWC_Lat": "3.9055", "PWC_Lon": "73.31", "Pop": "365729", "Density": "860.4", "Area": "425.1", "PWD_A": "19488.2", "PWD_G": "5639.1", "PWD_M": "3726.9", "PWD_P1": "158.2", "PWD_P2": "218.1", "PWD_P3": "251.9", "PWD_P4": "283.2", "PWD_P5": "314.9", "PWD_P6": "352.2", "PWD_P7": "399.5", "PWD_P8": "447.5", "PWD_P9": "499.4", "PWD_P10": "554.7", "PWD_P11": "613.2", "PWD_P12": "668.6", "PWD_P13": "722.9", "PWD_P14": "777.2", "PWD_P15": "834.7", "PWD_P16": "887.1", "PWD_P17": "937.9", "PWD_P18": "991.9", "PWD_P19": "1048.6", "PWD_P20": "1105.3", "PWD_P21": "1162.7", "PWD_P22": "1229.8", "PWD_P23": "1289.9", "PWD_P24": "1359.3", "PWD_P25": "1426.9", "PWD_P26": "1500.9", "PWD_P27": "1583.3", "PWD_P28": "1653.4", "PWD_P29": "1722.0", "PWD_P30": "1783.5", "PWD_P31": "1846.0", "PWD_P32": "1915.2", "PWD_P33": "1990.9", "PWD_P34": "2059.1", "PWD_P35": "2136.5", "PWD_P36": "2213.1", "PWD_P37": "2300.8", "PWD_P38": "2367.2", "PWD_P39": "2426.4", "PWD_P40": "2499.2", "PWD_P41": "2576.5", "PWD_P42": "2657.4", "PWD_P43": "2749.5", "PWD_P44": "2851.6", "PWD_P45": "2976.6", "PWD_P46": "3097.5", "PWD_P47": "3218.9", "PWD_P48": "3345.2", "PWD_P49": "3520.9", "PWD_P50": "3726.9", "PWD_P51": "3887.5", "PWD_P52": "4108.9", "PWD_P53": "4376.8", "PWD_P54": "4656.2", "PWD_P55": "4860.2", "PWD_P56": "5125.5", "PWD_P57": "5559.5", "PWD_P58": "6083.3", "PWD_P59": "6512.9", "PWD_P60": "8111.9", "PWD_P61": "10000.6", "PWD_P62": "13137.8", "PWD_P63": "15138.6", "PWD_P64": "18200.2", "PWD_P65": "23202.7", "PWD_P66": "26521.1", "PWD_P67": "29851.9", "PWD_P68": "31523.7", "PWD_P69": "33486.5", "PWD_P70": "34928.7", "PWD_P71": "36817.1", "PWD_P72": "40074.5", "PWD_P73": "42114.4", "PWD_P74": "46048.7", "PWD_P75": "47214.9", "PWD_P76": "49160.0", "PWD_P77": "49420.5", "PWD_P78": "50307.3", "PWD_P79": "51248.8", "PWD_P80": "51844.7", "PWD_P81": "52786.4", "PWD_P82": "53274.7", "PWD_P83": "53742.7", "PWD_P84": "54497.3", "PWD_P85": "54852.6", "PWD_P86": "55348.9", "PWD_P87": "55902.5", "PWD_P88": "56006.8", "PWD_P89": "56412.6", "PWD_P90": "56886.8", "PWD_P91": "57173.6", "PWD_P92": "57656.9", "PWD_P93": "58198.1", "PWD_P94": "58469.1", "PWD_P95": "58962.3", "PWD_P96": "59135.3", "PWD_P97": "59580.0", "PWD_P98": "60173.2", "PWD_P99": "63273.8", "PWD_P100": "67985.9" }, "geometry": { "type": "Point", "coordinates": [ 73.31, 3.9055 ] } },
{ "type": "Feature", "id": 127, "properties": { "lon": -6.394, "lat": 13.4353, "year": "2010", "ISO": "MLI", "ISO_No": "466", "Name": "Mali", "PWC_Lat": "13.4353", "PWC_Lon": "-6.394", "Pop": "15049352", "Density": "12.0", "Area": "1251658.8", "PWD_A": "2755.1", "PWD_G": "153.5", "PWD_M": "91.3", "PWD_P1": "1.1", "PWD_P2": "2.4", "PWD_P3": "3.7", "PWD_P4": "4.8", "PWD_P5": "5.9", "PWD_P6": "6.9", "PWD_P7": "8.0", "PWD_P8": "9.0", "PWD_P9": "10.0", "PWD_P10": "10.9", "PWD_P11": "11.8", "PWD_P12": "12.7", "PWD_P13": "13.5", "PWD_P14": "14.3", "PWD_P15": "15.1", "PWD_P16": "15.9", "PWD_P17": "16.7", "PWD_P18": "17.5", "PWD_P19": "18.3", "PWD_P20": "19.2", "PWD_P21": "20.0", "PWD_P22": "20.8", "PWD_P23": "21.7", "PWD_P24": "22.5", "PWD_P25": "23.4", "PWD_P26": "24.4", "PWD_P27": "25.3", "PWD_P28": "26.4", "PWD_P29": "27.5", "PWD_P30": "28.7", "PWD_P31": "30.0", "PWD_P32": "31.4", "PWD_P33": "32.9", "PWD_P34": "34.5", "PWD_P35": "36.2", "PWD_P36": "38.0", "PWD_P37": "39.9", "PWD_P38": "42.0", "PWD_P39": "44.3", "PWD_P40": "46.8", "PWD_P41": "49.5", "PWD_P42": "52.5", "PWD_P43": "55.9", "PWD_P44": "59.7", "PWD_P45": "63.8", "PWD_P46": "68.4", "PWD_P47": "73.6", "PWD_P48": "79.0", "PWD_P49": "85.1", "PWD_P50": "91.3", "PWD_P51": "98.1", "PWD_P52": "105.4", "PWD_P53": "112.8", "PWD_P54": "120.0", "PWD_P55": "127.1", "PWD_P56": "134.5", "PWD_P57": "142.1", "PWD_P58": "150.0", "PWD_P59": "157.9", "PWD_P60": "166.2", "PWD_P61": "175.3", "PWD_P62": "185.4", "PWD_P63": "196.3", "PWD_P64": "208.4", "PWD_P65": "223.3", "PWD_P66": "239.4", "PWD_P67": "258.1", "PWD_P68": "281.1", "PWD_P69": "308.2", "PWD_P70": "340.6", "PWD_P71": "382.0", "PWD_P72": "436.5", "PWD_P73": "497.7", "PWD_P74": "581.3", "PWD_P75": "697.6", "PWD_P76": "836.9", "PWD_P77": "1016.0", "PWD_P78": "1246.8", "PWD_P79": "1572.2", "PWD_P80": "2047.5", "PWD_P81": "2596.2", "PWD_P82": "3124.2", "PWD_P83": "3804.0", "PWD_P84": "4430.7", "PWD_P85": "5226.5", "PWD_P86": "6429.2", "PWD_P87": "7730.7", "PWD_P88": "8835.2", "PWD_P89": "9754.5", "PWD_P90": "10960.8", "PWD_P91": "12286.6", "PWD_P92": "13595.8", "PWD_P93": "14954.8", "PWD_P94": "16450.7", "PWD_P95": "17986.3", "PWD_P96": "20084.2", "PWD_P97": "22597.5", "PWD_P98": "25315.2", "PWD_P99": "30060.9", "PWD_P100": "89132.8" }, "geometry": { "type": "Point", "coordinates": [ -6.394, 13.4353 ] } },
{ "type": "Feature", "id": 128, "properties": { "lon": 14.458128929138184, "lat": 35.899436950683594, "year": "2010", "ISO": "MLT", "ISO_No": "470", "Name": "Malta", "PWC_Lat": "35.8994369506836", "PWC_Lon": "14.4581289291382", "Pop": "414256", "Density": "1234.3", "Area": "335.6", "PWD_A": "3915.7", "PWD_G": "2441.0", "PWD_M": "2817.8", "PWD_P1": "157.1", "PWD_P2": "200.8", "PWD_P3": "237.4", "PWD_P4": "269.9", "PWD_P5": "306.9", "PWD_P6": "344.5", "PWD_P7": "382.8", "PWD_P8": "420.0", "PWD_P9": "460.9", "PWD_P10": "501.5", "PWD_P11": "542.6", "PWD_P12": "580.5", "PWD_P13": "624.9", "PWD_P14": "674.3", "PWD_P15": "724.3", "PWD_P16": "768.1", "PWD_P17": "811.4", "PWD_P18": "857.9", "PWD_P19": "902.1", "PWD_P20": "950.1", "PWD_P21": "998.1", "PWD_P22": "1044.6", "PWD_P23": "1085.9", "PWD_P24": "1130.7", "PWD_P25": "1177.4", "PWD_P26": "1226.3", "PWD_P27": "1273.3", "PWD_P28": "1317.7", "PWD_P29": "1369.5", "PWD_P30": "1418.5", "PWD_P31": "1468.8", "PWD_P32": "1521.5", "PWD_P33": "1570.1", "PWD_P34": "1630.2", "PWD_P35": "1692.6", "PWD_P36": "1757.0", "PWD_P37": "1820.3", "PWD_P38": "1886.2", "PWD_P39": "1956.8", "PWD_P40": "2031.1", "PWD_P41": "2110.5", "PWD_P42": "2182.7", "PWD_P43": "2258.1", "PWD_P44": "2331.5", "PWD_P45": "2408.3", "PWD_P46": "2489.0", "PWD_P47": "2568.3", "PWD_P48": "2648.6", "PWD_P49": "2725.1", "PWD_P50": "2817.8", "PWD_P51": "2901.9", "PWD_P52": "2983.3", "PWD_P53": "3076.3", "PWD_P54": "3179.1", "PWD_P55": "3281.5", "PWD_P56": "3385.2", "PWD_P57": "3511.4", "PWD_P58": "3649.0", "PWD_P59": "3779.2", "PWD_P60": "3910.5", "PWD_P61": "4053.5", "PWD_P62": "4170.8", "PWD_P63": "4288.8", "PWD_P64": "4411.3", "PWD_P65": "4549.0", "PWD_P66": "4687.0", "PWD_P67": "4818.5", "PWD_P68": "4955.0", "PWD_P69": "5137.9", "PWD_P70": "5263.4", "PWD_P71": "5397.2", "PWD_P72": "5573.9", "PWD_P73": "5726.6", "PWD_P74": "5904.0", "PWD_P75": "6078.5", "PWD_P76": "6281.2", "PWD_P77": "6531.5", "PWD_P78": "6789.5", "PWD_P79": "6960.5", "PWD_P80": "7121.9", "PWD_P81": "7289.8", "PWD_P82": "7459.0", "PWD_P83": "7617.3", "PWD_P84": "7770.0", "PWD_P85": "7911.2", "PWD_P86": "8089.7", "PWD_P87": "8261.6", "PWD_P88": "8432.9", "PWD_P89": "8639.3", "PWD_P90": "8833.1", "PWD_P91": "9013.3", "PWD_P92": "9212.7", "PWD_P93": "9498.4", "PWD_P94": "9881.6", "PWD_P95": "10267.4", "PWD_P96": "10737.2", "PWD_P97": "11562.1", "PWD_P98": "12254.6", "PWD_P99": "13370.4", "PWD_P100": "21117.4" }, "geometry": { "type": "Point", "coordinates": [ 14.458128929138184, 35.899436950683594 ] } },
{ "type": "Feature", "id": 129, "properties": { "lon": -61.010635375976562, "lat": 14.631464004516602, "year": "2010", "ISO": "MTQ", "ISO_No": "474", "Name": "Martinique", "PWC_Lat": "14.6314640045166", "PWC_Lon": "-61.0106353759766", "Pop": "394666", "Density": "359.3", "Area": "1098.4", "PWD_A": "900.7", "PWD_G": "566.2", "PWD_M": "508.0", "PWD_P1": "61.6", "PWD_P2": "77.6", "PWD_P3": "92.3", "PWD_P4": "104.5", "PWD_P5": "116.6", "PWD_P6": "129.3", "PWD_P7": "141.4", "PWD_P8": "152.3", "PWD_P9": "163.5", "PWD_P10": "175.5", "PWD_P11": "184.9", "PWD_P12": "193.3", "PWD_P13": "203.6", "PWD_P14": "213.8", "PWD_P15": "223.6", "PWD_P16": "232.7", "PWD_P17": "241.5", "PWD_P18": "250.7", "PWD_P19": "259.6", "PWD_P20": "268.4", "PWD_P21": "276.2", "PWD_P22": "284.3", "PWD_P23": "292.1", "PWD_P24": "301.3", "PWD_P25": "310.8", "PWD_P26": "318.7", "PWD_P27": "327.3", "PWD_P28": "335.8", "PWD_P29": "344.4", "PWD_P30": "352.2", "PWD_P31": "360.3", "PWD_P32": "367.4", "PWD_P33": "374.8", "PWD_P34": "382.7", "PWD_P35": "391.9", "PWD_P36": "400.2", "PWD_P37": "409.2", "PWD_P38": "417.4", "PWD_P39": "423.9", "PWD_P40": "430.2", "PWD_P41": "436.4", "PWD_P42": "443.3", "PWD_P43": "449.9", "PWD_P44": "455.7", "PWD_P45": "462.3", "PWD_P46": "469.6", "PWD_P47": "477.3", "PWD_P48": "486.0", "PWD_P49": "496.7", "PWD_P50": "508.0", "PWD_P51": "517.9", "PWD_P52": "529.2", "PWD_P53": "538.6", "PWD_P54": "548.7", "PWD_P55": "557.1", "PWD_P56": "566.9", "PWD_P57": "576.3", "PWD_P58": "584.0", "PWD_P59": "592.3", "PWD_P60": "601.3", "PWD_P61": "610.2", "PWD_P62": "618.6", "PWD_P63": "625.4", "PWD_P64": "635.5", "PWD_P65": "649.3", "PWD_P66": "666.7", "PWD_P67": "690.1", "PWD_P68": "721.8", "PWD_P69": "743.3", "PWD_P70": "754.8", "PWD_P71": "768.4", "PWD_P72": "793.5", "PWD_P73": "880.8", "PWD_P74": "949.9", "PWD_P75": "1030.7", "PWD_P76": "1157.4", "PWD_P77": "1239.0", "PWD_P78": "1421.7", "PWD_P79": "1555.8", "PWD_P80": "1643.2", "PWD_P81": "1946.7", "PWD_P82": "2077.6", "PWD_P83": "2111.7", "PWD_P84": "2187.5", "PWD_P85": "2255.9", "PWD_P86": "2305.5", "PWD_P87": "2332.6", "PWD_P88": "2366.2", "PWD_P89": "2430.1", "PWD_P90": "2496.3", "PWD_P91": "2635.6", "PWD_P92": "2843.3", "PWD_P93": "2896.7", "PWD_P94": "2933.0", "PWD_P95": "2984.6", "PWD_P96": "3025.4", "PWD_P97": "3084.0", "PWD_P98": "3155.1", "PWD_P99": "3246.0", "PWD_P100": "3412.5" }, "geometry": { "type": "Point", "coordinates": [ -61.010635375976562, 14.631464004516602 ] } },
{ "type": "Feature", "id": 130, "properties": { "lon": -13.015670776367188, "lat": 17.14771842956543, "year": "2010", "ISO": "MRT", "ISO_No": "478", "Name": "Mauritania", "PWC_Lat": "17.1477184295654", "PWC_Lon": "-13.0156707763672", "Pop": "3494200", "Density": "3.3", "Area": "1043611.8", "PWD_A": "3159.6", "PWD_G": "126.1", "PWD_M": "60.7", "PWD_P1": "0.3", "PWD_P2": "0.7", "PWD_P3": "1.3", "PWD_P4": "1.9", "PWD_P5": "2.4", "PWD_P6": "3.0", "PWD_P7": "3.5", "PWD_P8": "4.0", "PWD_P9": "4.4", "PWD_P10": "4.8", "PWD_P11": "5.2", "PWD_P12": "5.6", "PWD_P13": "6.0", "PWD_P14": "6.4", "PWD_P15": "6.9", "PWD_P16": "7.3", "PWD_P17": "7.9", "PWD_P18": "8.4", "PWD_P19": "9.0", "PWD_P20": "9.6", "PWD_P21": "10.2", "PWD_P22": "10.9", "PWD_P23": "11.7", "PWD_P24": "12.6", "PWD_P25": "13.5", "PWD_P26": "14.4", "PWD_P27": "15.4", "PWD_P28": "16.4", "PWD_P29": "17.3", "PWD_P30": "18.3", "PWD_P31": "19.4", "PWD_P32": "20.6", "PWD_P33": "21.8", "PWD_P34": "23.2", "PWD_P35": "24.5", "PWD_P36": "25.9", "PWD_P37": "27.3", "PWD_P38": "28.8", "PWD_P39": "30.2", "PWD_P40": "31.9", "PWD_P41": "33.5", "PWD_P42": "35.4", "PWD_P43": "37.6", "PWD_P44": "40.1", "PWD_P45": "42.8", "PWD_P46": "45.7", "PWD_P47": "49.2", "PWD_P48": "52.9", "PWD_P49": "56.7", "PWD_P50": "60.7", "PWD_P51": "65.3", "PWD_P52": "70.4", "PWD_P53": "76.4", "PWD_P54": "83.5", "PWD_P55": "91.4", "PWD_P56": "100.6", "PWD_P57": "111.4", "PWD_P58": "123.6", "PWD_P59": "138.9", "PWD_P60": "159.7", "PWD_P61": "186.5", "PWD_P62": "218.5", "PWD_P63": "257.6", "PWD_P64": "299.5", "PWD_P65": "351.7", "PWD_P66": "414.0", "PWD_P67": "498.2", "PWD_P68": "585.1", "PWD_P69": "684.3", "PWD_P70": "807.7", "PWD_P71": "949.7", "PWD_P72": "1111.3", "PWD_P73": "1297.7", "PWD_P74": "1515.6", "PWD_P75": "1772.2", "PWD_P76": "2035.7", "PWD_P77": "2224.1", "PWD_P78": "2489.9", "PWD_P79": "3016.2", "PWD_P80": "3459.4", "PWD_P81": "3787.3", "PWD_P82": "4280.9", "PWD_P83": "4708.9", "PWD_P84": "5280.8", "PWD_P85": "5996.9", "PWD_P86": "6616.7", "PWD_P87": "7227.6", "PWD_P88": "7737.3", "PWD_P89": "8134.7", "PWD_P90": "8730.0", "PWD_P91": "9466.2", "PWD_P92": "10288.2", "PWD_P93": "15063.7", "PWD_P94": "19590.0", "PWD_P95": "21031.2", "PWD_P96": "22485.5", "PWD_P97": "31955.6", "PWD_P98": "35324.8", "PWD_P99": "39700.0", "PWD_P100": "50474.3" }, "geometry": { "type": "Point", "coordinates": [ -13.015670776367188, 17.14771842956543 ] } },
{ "type": "Feature", "id": 131, "properties": { "lon": 57.74615478515625, "lat": -20.219694137573242, "year": "2010", "ISO": "MUS", "ISO_No": "480", "Name": "Mauritius", "PWC_Lat": "-20.2196941375732", "PWC_Lon": "57.7461547851562", "Pop": "1247952", "Density": "609.1", "Area": "2049.0", "PWD_A": "2989.8", "PWD_G": "1701.6", "PWD_M": "2061.6", "PWD_P1": "48.0", "PWD_P2": "81.2", "PWD_P3": "114.2", "PWD_P4": "145.9", "PWD_P5": "177.5", "PWD_P6": "209.7", "PWD_P7": "242.0", "PWD_P8": "273.4", "PWD_P9": "303.7", "PWD_P10": "334.5", "PWD_P11": "363.8", "PWD_P12": "393.2", "PWD_P13": "423.1", "PWD_P14": "453.1", "PWD_P15": "482.5", "PWD_P16": "512.1", "PWD_P17": "541.0", "PWD_P18": "570.5", "PWD_P19": "598.9", "PWD_P20": "627.4", "PWD_P21": "658.2", "PWD_P22": "688.2", "PWD_P23": "719.0", "PWD_P24": "751.7", "PWD_P25": "785.6", "PWD_P26": "820.1", "PWD_P27": "855.4", "PWD_P28": "891.0", "PWD_P29": "927.6", "PWD_P30": "968.0", "PWD_P31": "1006.7", "PWD_P32": "1047.9", "PWD_P33": "1091.9", "PWD_P34": "1137.2", "PWD_P35": "1184.3", "PWD_P36": "1231.0", "PWD_P37": "1279.3", "PWD_P38": "1327.5", "PWD_P39": "1382.0", "PWD_P40": "1435.5", "PWD_P41": "1491.6", "PWD_P42": "1549.1", "PWD_P43": "1607.0", "PWD_P44": "1665.6", "PWD_P45": "1724.7", "PWD_P46": "1791.3", "PWD_P47": "1862.9", "PWD_P48": "1925.3", "PWD_P49": "1991.5", "PWD_P50": "2061.6", "PWD_P51": "2131.5", "PWD_P52": "2205.1", "PWD_P53": "2275.5", "PWD_P54": "2342.9", "PWD_P55": "2415.3", "PWD_P56": "2500.7", "PWD_P57": "2574.8", "PWD_P58": "2656.2", "PWD_P59": "2741.4", "PWD_P60": "2829.5", "PWD_P61": "2913.4", "PWD_P62": "2993.1", "PWD_P63": "3075.1", "PWD_P64": "3168.5", "PWD_P65": "3255.6", "PWD_P66": "3343.8", "PWD_P67": "3436.5", "PWD_P68": "3530.1", "PWD_P69": "3629.6", "PWD_P70": "3736.4", "PWD_P71": "3828.4", "PWD_P72": "3934.3", "PWD_P73": "4035.2", "PWD_P74": "4139.4", "PWD_P75": "4258.4", "PWD_P76": "4387.6", "PWD_P77": "4529.7", "PWD_P78": "4683.6", "PWD_P79": "4843.3", "PWD_P80": "5001.9", "PWD_P81": "5155.8", "PWD_P82": "5318.7", "PWD_P83": "5478.6", "PWD_P84": "5677.3", "PWD_P85": "5865.3", "PWD_P86": "6079.2", "PWD_P87": "6338.4", "PWD_P88": "6565.9", "PWD_P89": "6802.1", "PWD_P90": "7070.7", "PWD_P91": "7328.8", "PWD_P92": "7739.7", "PWD_P93": "8207.3", "PWD_P94": "8666.3", "PWD_P95": "9171.5", "PWD_P96": "9630.0", "PWD_P97": "10146.0", "PWD_P98": "10808.3", "PWD_P99": "12794.4", "PWD_P100": "17241.3" }, "geometry": { "type": "Point", "coordinates": [ 57.74615478515625, -20.219694137573242 ] } },
{ "type": "Feature", "id": 132, "properties": { "lon": -100.1611, "lat": 21.1997, "year": "2010", "ISO": "MEX", "ISO_No": "484", "Name": "Mexico", "PWC_Lat": "21.1997", "PWC_Lon": "-100.1611", "Pop": "114092961", "Density": "58.8", "Area": "1941066.7", "PWD_A": "8169.5", "PWD_G": "3100.7", "PWD_M": "5883.1", "PWD_P1": "5.8", "PWD_P2": "14.1", "PWD_P3": "25.5", "PWD_P4": "39.7", "PWD_P5": "56.0", "PWD_P6": "73.3", "PWD_P7": "91.9", "PWD_P8": "112.7", "PWD_P9": "135.4", "PWD_P10": "160.6", "PWD_P11": "189.7", "PWD_P12": "222.9", "PWD_P13": "260.8", "PWD_P14": "303.4", "PWD_P15": "351.0", "PWD_P16": "404.0", "PWD_P17": "463.5", "PWD_P18": "531.1", "PWD_P19": "607.5", "PWD_P20": "693.9", "PWD_P21": "790.3", "PWD_P22": "900.5", "PWD_P23": "1021.3", "PWD_P24": "1157.4", "PWD_P25": "1306.6", "PWD_P26": "1468.1", "PWD_P27": "1638.9", "PWD_P28": "1815.3", "PWD_P29": "1999.9", "PWD_P30": "2187.2", "PWD_P31": "2377.4", "PWD_P32": "2564.1", "PWD_P33": "2752.2", "PWD_P34": "2934.5", "PWD_P35": "3116.2", "PWD_P36": "3300.0", "PWD_P37": "3482.8", "PWD_P38": "3664.3", "PWD_P39": "3846.7", "PWD_P40": "4031.6", "PWD_P41": "4216.2", "PWD_P42": "4397.6", "PWD_P43": "4578.1", "PWD_P44": "4758.9", "PWD_P45": "4941.4", "PWD_P46": "5127.4", "PWD_P47": "5315.3", "PWD_P48": "5505.8", "PWD_P49": "5695.5", "PWD_P50": "5883.1", "PWD_P51": "6073.8", "PWD_P52": "6265.3", "PWD_P53": "6458.3", "PWD_P54": "6656.8", "PWD_P55": "6855.9", "PWD_P56": "7063.1", "PWD_P57": "7272.2", "PWD_P58": "7484.8", "PWD_P59": "7703.0", "PWD_P60": "7928.0", "PWD_P61": "8155.8", "PWD_P62": "8387.1", "PWD_P63": "8626.1", "PWD_P64": "8868.6", "PWD_P65": "9115.1", "PWD_P66": "9372.2", "PWD_P67": "9632.4", "PWD_P68": "9907.7", "PWD_P69": "10191.8", "PWD_P70": "10476.6", "PWD_P71": "10768.4", "PWD_P72": "11064.2", "PWD_P73": "11373.3", "PWD_P74": "11703.4", "PWD_P75": "12040.1", "PWD_P76": "12389.6", "PWD_P77": "12758.7", "PWD_P78": "13152.7", "PWD_P79": "13552.2", "PWD_P80": "13963.9", "PWD_P81": "14400.4", "PWD_P82": "14861.7", "PWD_P83": "15356.8", "PWD_P84": "15859.0", "PWD_P85": "16404.2", "PWD_P86": "17008.3", "PWD_P87": "17629.0", "PWD_P88": "18317.0", "PWD_P89": "19066.0", "PWD_P90": "19828.6", "PWD_P91": "20679.5", "PWD_P92": "21606.5", "PWD_P93": "22611.1", "PWD_P94": "23693.3", "PWD_P95": "24998.4", "PWD_P96": "26571.4", "PWD_P97": "28513.8", "PWD_P98": "31111.3", "PWD_P99": "36378.2", "PWD_P100": "152400.9" }, "geometry": { "type": "Point", "coordinates": [ -100.1611, 21.1997 ] } },
{ "type": "Feature", "id": 133, "properties": { "lon": 7.4233, "lat": 43.7378, "year": "2010", "ISO": "MCO", "ISO_No": "492", "Name": "Monaco", "PWC_Lat": "43.7378", "PWC_Lon": "7.4233", "Pop": "35609", "Density": "13965.2", "Area": "2.5", "PWD_A": "23537.4", "PWD_G": "19036.1", "PWD_M": "20174.0", "PWD_P1": "2627.5", "PWD_P2": "2953.0", "PWD_P3": "3700.7", "PWD_P4": "4046.4", "PWD_P5": "4284.8", "PWD_P6": "4844.8", "PWD_P7": "5248.0", "PWD_P8": "5768.7", "PWD_P9": "6000.8", "PWD_P10": "6548.9", "PWD_P11": "6983.7", "PWD_P12": "7368.7", "PWD_P13": "7998.7", "PWD_P14": "8155.4", "PWD_P15": "8663.2", "PWD_P16": "9573.6", "PWD_P17": "10062.1", "PWD_P18": "10207.3", "PWD_P19": "10447.7", "PWD_P20": "10858.5", "PWD_P21": "11064.5", "PWD_P22": "11930.9", "PWD_P23": "12366.6", "PWD_P24": "12769.8", "PWD_P25": "12961.4", "PWD_P26": "13923.1", "PWD_P27": "14115.1", "PWD_P28": "15081.8", "PWD_P29": "15555.7", "PWD_P30": "16058.0", "PWD_P31": "16531.9", "PWD_P32": "16559.1", "PWD_P33": "16909.6", "PWD_P34": "17085.0", "PWD_P35": "17297.2", "PWD_P36": "17562.3", "PWD_P37": "17799.8", "PWD_P38": "18031.4", "PWD_P39": "18100.5", "PWD_P40": "18256.3", "PWD_P41": "18369.1", "PWD_P42": "18580.1", "PWD_P43": "18847.9", "PWD_P44": "19074.1", "PWD_P45": "19229.6", "PWD_P46": "19349.1", "PWD_P47": "19569.7", "PWD_P48": "19864.8", "PWD_P49": "19988.8", "PWD_P50": "20174.0", "PWD_P51": "20502.4", "PWD_P52": "20886.2", "PWD_P53": "21203.5", "PWD_P54": "21490.3", "PWD_P55": "22370.9", "PWD_P56": "22647.1", "PWD_P57": "23167.8", "PWD_P58": "23735.4", "PWD_P59": "24414.7", "PWD_P60": "24650.4", "PWD_P61": "25115.7", "PWD_P62": "26124.0", "PWD_P63": "26331.2", "PWD_P64": "27089.4", "PWD_P65": "27473.3", "PWD_P66": "28692.1", "PWD_P67": "28982.8", "PWD_P68": "29048.3", "PWD_P69": "30170.7", "PWD_P70": "30511.9", "PWD_P71": "30784.5", "PWD_P72": "31361.5", "PWD_P73": "31485.5", "PWD_P74": "32468.7", "PWD_P75": "32639.4", "PWD_P76": "34791.2", "PWD_P77": "35183.6", "PWD_P78": "35572.5", "PWD_P79": "36075.7", "PWD_P80": "36576.1", "PWD_P81": "37331.5", "PWD_P82": "37789.1", "PWD_P83": "38151.3", "PWD_P84": "38875.1", "PWD_P85": "40567.0", "PWD_P86": "40616.1", "PWD_P87": "40634.7", "PWD_P88": "40840.3", "PWD_P89": "41643.2", "PWD_P90": "42370.1", "PWD_P91": "42382.3", "PWD_P92": "42475.2", "PWD_P93": "43103.3", "PWD_P94": "43178.8", "PWD_P95": "45243.6", "PWD_P96": "47923.7", "PWD_P97": "55000.3", "PWD_P98": "61501.5", "PWD_P99": "64585.5", "PWD_P100": "64585.5" }, "geometry": { "type": "Point", "coordinates": [ 7.4233, 43.7378 ] } },
{ "type": "Feature", "id": 134, "properties": { "lon": 104.4373, "lat": 47.829, "year": "2010", "ISO": "MNG", "ISO_No": "496", "Name": "Mongolia", "PWC_Lat": "47.829", "PWC_Lon": "104.4373", "Pop": "2719901", "Density": "1.8", "Area": "1547871.4", "PWD_A": "1061.0", "PWD_G": "100.9", "PWD_M": "371.7", "PWD_P1": "0.1", "PWD_P2": "0.2", "PWD_P3": "0.2", "PWD_P4": "0.3", "PWD_P5": "0.3", "PWD_P6": "0.4", "PWD_P7": "0.4", "PWD_P8": "0.5", "PWD_P9": "0.5", "PWD_P10": "0.6", "PWD_P11": "0.6", "PWD_P12": "0.7", "PWD_P13": "0.8", "PWD_P14": "0.9", "PWD_P15": "1.0", "PWD_P16": "1.2", "PWD_P17": "1.3", "PWD_P18": "1.5", "PWD_P19": "1.7", "PWD_P20": "1.9", "PWD_P21": "2.2", "PWD_P22": "2.5", "PWD_P23": "2.9", "PWD_P24": "3.4", "PWD_P25": "3.9", "PWD_P26": "4.5", "PWD_P27": "5.4", "PWD_P28": "6.5", "PWD_P29": "8.1", "PWD_P30": "10.6", "PWD_P31": "14.5", "PWD_P32": "21.7", "PWD_P33": "35.3", "PWD_P34": "58.0", "PWD_P35": "82.8", "PWD_P36": "104.6", "PWD_P37": "123.9", "PWD_P38": "142.4", "PWD_P39": "158.6", "PWD_P40": "175.3", "PWD_P41": "194.1", "PWD_P42": "212.8", "PWD_P43": "232.2", "PWD_P44": "252.9", "PWD_P45": "273.2", "PWD_P46": "293.3", "PWD_P47": "312.7", "PWD_P48": "332.2", "PWD_P49": "352.0", "PWD_P50": "371.7", "PWD_P51": "393.3", "PWD_P52": "414.2", "PWD_P53": "436.1", "PWD_P54": "459.1", "PWD_P55": "485.5", "PWD_P56": "511.8", "PWD_P57": "537.0", "PWD_P58": "562.2", "PWD_P59": "586.8", "PWD_P60": "612.5", "PWD_P61": "639.3", "PWD_P62": "668.4", "PWD_P63": "701.7", "PWD_P64": "738.1", "PWD_P65": "776.1", "PWD_P66": "814.7", "PWD_P67": "851.6", "PWD_P68": "890.7", "PWD_P69": "929.0", "PWD_P70": "972.3", "PWD_P71": "1022.3", "PWD_P72": "1082.0", "PWD_P73": "1152.6", "PWD_P74": "1223.6", "PWD_P75": "1294.6", "PWD_P76": "1372.5", "PWD_P77": "1450.5", "PWD_P78": "1540.0", "PWD_P79": "1653.6", "PWD_P80": "1739.1", "PWD_P81": "1837.3", "PWD_P82": "1934.7", "PWD_P83": "2030.8", "PWD_P84": "2131.6", "PWD_P85": "2233.0", "PWD_P86": "2349.7", "PWD_P87": "2551.1", "PWD_P88": "2729.6", "PWD_P89": "2926.6", "PWD_P90": "3192.4", "PWD_P91": "3535.0", "PWD_P92": "3900.5", "PWD_P93": "4549.0", "PWD_P94": "5245.8", "PWD_P95": "5705.4", "PWD_P96": "6091.8", "PWD_P97": "6309.9", "PWD_P98": "6510.8", "PWD_P99": "6617.8", "PWD_P100": "6962.9" }, "geometry": { "type": "Point", "coordinates": [ 104.4373, 47.829 ] } },
{ "type": "Feature", "id": 135, "properties": { "lon": 28.592565536499023, "lat": 47.170200347900391, "year": "2010", "ISO": "MDA", "ISO_No": "498", "Name": "Moldova", "PWC_Lat": "47.1702003479004", "PWC_Lon": "28.592565536499", "Pop": "4086090", "Density": "122.1", "Area": "33472.2", "PWD_A": "724.0", "PWD_G": "275.6", "PWD_M": "238.8", "PWD_P1": "22.3", "PWD_P2": "24.6", "PWD_P3": "26.5", "PWD_P4": "28.3", "PWD_P5": "30.2", "PWD_P6": "32.2", "PWD_P7": "34.1", "PWD_P8": "36.0", "PWD_P9": "38.1", "PWD_P10": "40.4", "PWD_P11": "42.9", "PWD_P12": "45.9", "PWD_P13": "49.1", "PWD_P14": "52.5", "PWD_P15": "56.2", "PWD_P16": "60.4", "PWD_P17": "64.8", "PWD_P18": "69.6", "PWD_P19": "74.9", "PWD_P20": "80.6", "PWD_P21": "86.3", "PWD_P22": "92.1", "PWD_P23": "97.9", "PWD_P24": "103.6", "PWD_P25": "109.4", "PWD_P26": "115.0", "PWD_P27": "120.5", "PWD_P28": "125.8", "PWD_P29": "131.3", "PWD_P30": "136.6", "PWD_P31": "141.8", "PWD_P32": "146.8", "PWD_P33": "151.7", "PWD_P34": "157.0", "PWD_P35": "162.1", "PWD_P36": "167.1", "PWD_P37": "172.1", "PWD_P38": "177.2", "PWD_P39": "182.4", "PWD_P40": "187.7", "PWD_P41": "192.8", "PWD_P42": "197.9", "PWD_P43": "203.0", "PWD_P44": "208.2", "PWD_P45": "213.2", "PWD_P46": "218.4", "PWD_P47": "223.5", "PWD_P48": "228.5", "PWD_P49": "233.6", "PWD_P50": "238.8", "PWD_P51": "244.0", "PWD_P52": "249.2", "PWD_P53": "254.0", "PWD_P54": "258.9", "PWD_P55": "264.1", "PWD_P56": "269.7", "PWD_P57": "276.0", "PWD_P58": "282.5", "PWD_P59": "289.5", "PWD_P60": "296.6", "PWD_P61": "304.0", "PWD_P62": "311.4", "PWD_P63": "319.2", "PWD_P64": "327.1", "PWD_P65": "335.5", "PWD_P66": "344.2", "PWD_P67": "353.7", "PWD_P68": "366.0", "PWD_P69": "381.6", "PWD_P70": "405.2", "PWD_P71": "438.7", "PWD_P72": "483.1", "PWD_P73": "530.7", "PWD_P74": "669.5", "PWD_P75": "853.5", "PWD_P76": "1032.1", "PWD_P77": "1173.8", "PWD_P78": "1294.4", "PWD_P79": "1402.0", "PWD_P80": "1491.9", "PWD_P81": "1580.6", "PWD_P82": "1661.8", "PWD_P83": "1747.9", "PWD_P84": "1844.2", "PWD_P85": "1930.9", "PWD_P86": "2003.7", "PWD_P87": "2061.2", "PWD_P88": "2105.7", "PWD_P89": "2141.5", "PWD_P90": "2173.9", "PWD_P91": "2209.1", "PWD_P92": "2257.5", "PWD_P93": "2305.6", "PWD_P94": "2355.4", "PWD_P95": "2421.1", "PWD_P96": "2526.1", "PWD_P97": "3497.4", "PWD_P98": "5449.5", "PWD_P99": "5976.8", "PWD_P100": "6584.4" }, "geometry": { "type": "Point", "coordinates": [ 28.592565536499023, 47.170200347900391 ] } },
{ "type": "Feature", "id": 136, "properties": { "lon": 19.250982284545898, "lat": 42.588352203369141, "year": "2010", "ISO": "MNE", "ISO_No": "499", "Name": "Montenegro", "PWC_Lat": "42.5883522033691", "PWC_Lon": "19.2509822845459", "Pop": "624279", "Density": "47.7", "Area": "13082.6", "PWD_A": "346.5", "PWD_G": "174.6", "PWD_M": "211.9", "PWD_P1": "3.4", "PWD_P2": "5.0", "PWD_P3": "6.3", "PWD_P4": "7.6", "PWD_P5": "9.2", "PWD_P6": "11.2", "PWD_P7": "13.6", "PWD_P8": "16.0", "PWD_P9": "18.4", "PWD_P10": "21.0", "PWD_P11": "23.9", "PWD_P12": "27.3", "PWD_P13": "30.7", "PWD_P14": "34.7", "PWD_P15": "39.0", "PWD_P16": "43.8", "PWD_P17": "48.9", "PWD_P18": "53.9", "PWD_P19": "59.0", "PWD_P20": "63.9", "PWD_P21": "69.0", "PWD_P22": "73.4", "PWD_P23": "77.3", "PWD_P24": "81.1", "PWD_P25": "85.1", "PWD_P26": "89.1", "PWD_P27": "93.1", "PWD_P28": "97.0", "PWD_P29": "100.6", "PWD_P30": "104.2", "PWD_P31": "107.8", "PWD_P32": "111.5", "PWD_P33": "115.3", "PWD_P34": "119.2", "PWD_P35": "123.3", "PWD_P36": "127.5", "PWD_P37": "131.4", "PWD_P38": "135.6", "PWD_P39": "140.1", "PWD_P40": "144.8", "PWD_P41": "149.6", "PWD_P42": "154.8", "PWD_P43": "160.5", "PWD_P44": "166.1", "PWD_P45": "172.3", "PWD_P46": "178.8", "PWD_P47": "185.6", "PWD_P48": "193.5", "PWD_P49": "202.4", "PWD_P50": "211.9", "PWD_P51": "221.5", "PWD_P52": "231.4", "PWD_P53": "241.0", "PWD_P54": "250.9", "PWD_P55": "261.3", "PWD_P56": "270.6", "PWD_P57": "281.2", "PWD_P58": "293.7", "PWD_P59": "306.6", "PWD_P60": "319.4", "PWD_P61": "331.6", "PWD_P62": "344.3", "PWD_P63": "357.8", "PWD_P64": "372.2", "PWD_P65": "388.2", "PWD_P66": "404.6", "PWD_P67": "421.1", "PWD_P68": "436.8", "PWD_P69": "452.2", "PWD_P70": "468.3", "PWD_P71": "486.1", "PWD_P72": "505.6", "PWD_P73": "522.3", "PWD_P74": "538.9", "PWD_P75": "554.8", "PWD_P76": "572.4", "PWD_P77": "589.7", "PWD_P78": "605.1", "PWD_P79": "624.3", "PWD_P80": "643.7", "PWD_P81": "664.1", "PWD_P82": "684.9", "PWD_P83": "708.0", "PWD_P84": "726.3", "PWD_P85": "754.4", "PWD_P86": "783.7", "PWD_P87": "812.1", "PWD_P88": "839.1", "PWD_P89": "864.6", "PWD_P90": "891.6", "PWD_P91": "928.5", "PWD_P92": "965.2", "PWD_P93": "1003.5", "PWD_P94": "1030.3", "PWD_P95": "1056.9", "PWD_P96": "1078.5", "PWD_P97": "1108.4", "PWD_P98": "1146.2", "PWD_P99": "1204.5", "PWD_P100": "1317.0" }, "geometry": { "type": "Point", "coordinates": [ 19.250982284545898, 42.588352203369141 ] } },
{ "type": "Feature", "id": 137, "properties": { "lon": -62.204998016357422, "lat": 16.779232025146484, "year": "2010", "ISO": "MSR", "ISO_No": "500", "Name": "Montserrat", "PWC_Lat": "16.7792320251465", "PWC_Lon": "-62.2049980163574", "Pop": "4894", "Density": "47.3", "Area": "103.6", "PWD_A": "436.1", "PWD_G": "316.2", "PWD_M": "359.6", "PWD_P1": "15.0", "PWD_P2": "35.0", "PWD_P3": "50.1", "PWD_P4": "57.6", "PWD_P5": "68.4", "PWD_P6": "84.6", "PWD_P7": "88.4", "PWD_P8": "92.5", "PWD_P9": "95.4", "PWD_P10": "99.4", "PWD_P11": "104.9", "PWD_P12": "110.4", "PWD_P13": "117.4", "PWD_P14": "124.6", "PWD_P15": "133.3", "PWD_P16": "137.5", "PWD_P17": "142.2", "PWD_P18": "148.6", "PWD_P19": "154.8", "PWD_P20": "159.4", "PWD_P21": "166.3", "PWD_P22": "172.5", "PWD_P23": "182.4", "PWD_P24": "191.1", "PWD_P25": "196.9", "PWD_P26": "204.0", "PWD_P27": "211.2", "PWD_P28": "215.8", "PWD_P29": "221.1", "PWD_P30": "224.3", "PWD_P31": "229.2", "PWD_P32": "232.7", "PWD_P33": "235.7", "PWD_P34": "239.6", "PWD_P35": "243.6", "PWD_P36": "247.0", "PWD_P37": "252.9", "PWD_P38": "258.7", "PWD_P39": "269.6", "PWD_P40": "282.3", "PWD_P41": "287.8", "PWD_P42": "296.1", "PWD_P43": "301.8", "PWD_P44": "308.7", "PWD_P45": "315.0", "PWD_P46": "321.6", "PWD_P47": "329.8", "PWD_P48": "342.6", "PWD_P49": "353.2", "PWD_P50": "359.6", "PWD_P51": "367.0", "PWD_P52": "372.2", "PWD_P53": "377.6", "PWD_P54": "386.0", "PWD_P55": "390.4", "PWD_P56": "396.2", "PWD_P57": "404.1", "PWD_P58": "411.5", "PWD_P59": "416.8", "PWD_P60": "423.1", "PWD_P61": "428.2", "PWD_P62": "432.9", "PWD_P63": "437.7", "PWD_P64": "443.2", "PWD_P65": "454.3", "PWD_P66": "463.6", "PWD_P67": "486.6", "PWD_P68": "512.7", "PWD_P69": "533.0", "PWD_P70": "561.6", "PWD_P71": "570.7", "PWD_P72": "591.7", "PWD_P73": "607.2", "PWD_P74": "617.2", "PWD_P75": "624.1", "PWD_P76": "631.5", "PWD_P77": "639.2", "PWD_P78": "644.2", "PWD_P79": "651.3", "PWD_P80": "657.4", "PWD_P81": "673.4", "PWD_P82": "679.5", "PWD_P83": "703.0", "PWD_P84": "742.9", "PWD_P85": "754.6", "PWD_P86": "772.5", "PWD_P87": "781.0", "PWD_P88": "798.7", "PWD_P89": "806.5", "PWD_P90": "835.1", "PWD_P91": "852.5", "PWD_P92": "876.2", "PWD_P93": "934.1", "PWD_P94": "1003.5", "PWD_P95": "1022.8", "PWD_P96": "1425.3", "PWD_P97": "1493.9", "PWD_P98": "1517.1", "PWD_P99": "1573.8", "PWD_P100": "1767.6" }, "geometry": { "type": "Point", "coordinates": [ -62.204998016357422, 16.779232025146484 ] } },
{ "type": "Feature", "id": 138, "properties": { "lon": -6.6110658645629883, "lat": 33.170078277587891, "year": "2010", "ISO": "MAR", "ISO_No": "504", "Name": "Morocco", "PWC_Lat": "33.1700782775879", "PWC_Lon": "-6.61106586456299", "Pop": "32343383", "Density": "78.2", "Area": "413403.6", "PWD_A": "7154.8", "PWD_G": "1317.7", "PWD_M": "2400.6", "PWD_P1": "6.1", "PWD_P2": "11.2", "PWD_P3": "16.2", "PWD_P4": "21.2", "PWD_P5": "26.2", "PWD_P6": "31.4", "PWD_P7": "36.7", "PWD_P8": "42.2", "PWD_P9": "48.0", "PWD_P10": "54.3", "PWD_P11": "60.8", "PWD_P12": "67.4", "PWD_P13": "74.3", "PWD_P14": "81.6", "PWD_P15": "89.3", "PWD_P16": "97.4", "PWD_P17": "105.9", "PWD_P18": "114.9", "PWD_P19": "124.4", "PWD_P20": "134.5", "PWD_P21": "145.2", "PWD_P22": "156.5", "PWD_P23": "168.3", "PWD_P24": "180.9", "PWD_P25": "194.5", "PWD_P26": "209.0", "PWD_P27": "224.7", "PWD_P28": "241.5", "PWD_P29": "259.9", "PWD_P30": "280.3", "PWD_P31": "302.7", "PWD_P32": "327.8", "PWD_P33": "355.8", "PWD_P34": "387.3", "PWD_P35": "423.9", "PWD_P36": "465.6", "PWD_P37": "514.3", "PWD_P38": "571.7", "PWD_P39": "638.0", "PWD_P40": "716.2", "PWD_P41": "807.5", "PWD_P42": "915.7", "PWD_P43": "1048.2", "PWD_P44": "1196.3", "PWD_P45": "1359.2", "PWD_P46": "1541.9", "PWD_P47": "1743.9", "PWD_P48": "1961.4", "PWD_P49": "2181.6", "PWD_P50": "2400.6", "PWD_P51": "2622.3", "PWD_P52": "2836.8", "PWD_P53": "3055.4", "PWD_P54": "3280.1", "PWD_P55": "3501.9", "PWD_P56": "3723.5", "PWD_P57": "3952.8", "PWD_P58": "4184.3", "PWD_P59": "4419.4", "PWD_P60": "4655.8", "PWD_P61": "4890.1", "PWD_P62": "5137.0", "PWD_P63": "5387.1", "PWD_P64": "5645.0", "PWD_P65": "5903.3", "PWD_P66": "6172.3", "PWD_P67": "6434.1", "PWD_P68": "6711.4", "PWD_P69": "6989.4", "PWD_P70": "7271.4", "PWD_P71": "7550.1", "PWD_P72": "7839.1", "PWD_P73": "8132.9", "PWD_P74": "8440.1", "PWD_P75": "8736.2", "PWD_P76": "9037.7", "PWD_P77": "9346.8", "PWD_P78": "9660.8", "PWD_P79": "9992.6", "PWD_P80": "10357.4", "PWD_P81": "10758.3", "PWD_P82": "11191.4", "PWD_P83": "11662.2", "PWD_P84": "12186.4", "PWD_P85": "12759.7", "PWD_P86": "13393.1", "PWD_P87": "14192.2", "PWD_P88": "15111.4", "PWD_P89": "16294.0", "PWD_P90": "17682.5", "PWD_P91": "19227.8", "PWD_P92": "21588.2", "PWD_P93": "24282.5", "PWD_P94": "27621.9", "PWD_P95": "33062.2", "PWD_P96": "38186.5", "PWD_P97": "44594.1", "PWD_P98": "53338.9", "PWD_P99": "65264.8", "PWD_P100": "104855.3" }, "geometry": { "type": "Point", "coordinates": [ -6.611065864562988, 33.170078277587891 ] } },
{ "type": "Feature", "id": 139, "properties": { "lon": 36.023895263671875, "lat": -18.064193725585938, "year": "2010", "ISO": "MOZ", "ISO_No": "508", "Name": "Mozambique", "PWC_Lat": "-18.0641937255859", "PWC_Lon": "36.0238952636719", "Pop": "23531566", "Density": "30.3", "Area": "775586.4", "PWD_A": "1289.0", "PWD_G": "151.8", "PWD_M": "93.6", "PWD_P1": "2.7", "PWD_P2": "4.4", "PWD_P3": "5.9", "PWD_P4": "7.3", "PWD_P5": "8.6", "PWD_P6": "9.8", "PWD_P7": "11.0", "PWD_P8": "12.2", "PWD_P9": "13.4", "PWD_P10": "14.6", "PWD_P11": "15.8", "PWD_P12": "17.0", "PWD_P13": "18.2", "PWD_P14": "19.4", "PWD_P15": "20.7", "PWD_P16": "22.0", "PWD_P17": "23.3", "PWD_P18": "24.6", "PWD_P19": "25.9", "PWD_P20": "27.3", "PWD_P21": "28.8", "PWD_P22": "30.3", "PWD_P23": "31.9", "PWD_P24": "33.5", "PWD_P25": "35.1", "PWD_P26": "36.7", "PWD_P27": "38.4", "PWD_P28": "40.1", "PWD_P29": "41.9", "PWD_P30": "43.7", "PWD_P31": "45.6", "PWD_P32": "47.5", "PWD_P33": "49.5", "PWD_P34": "51.5", "PWD_P35": "53.6", "PWD_P36": "55.7", "PWD_P37": "57.9", "PWD_P38": "60.1", "PWD_P39": "62.4", "PWD_P40": "64.7", "PWD_P41": "67.1", "PWD_P42": "69.6", "PWD_P43": "72.1", "PWD_P44": "74.7", "PWD_P45": "77.4", "PWD_P46": "80.3", "PWD_P47": "83.4", "PWD_P48": "86.6", "PWD_P49": "89.9", "PWD_P50": "93.6", "PWD_P51": "97.5", "PWD_P52": "101.5", "PWD_P53": "105.8", "PWD_P54": "110.4", "PWD_P55": "115.5", "PWD_P56": "121.1", "PWD_P57": "127.2", "PWD_P58": "134.2", "PWD_P59": "142.0", "PWD_P60": "150.8", "PWD_P61": "160.9", "PWD_P62": "172.8", "PWD_P63": "186.3", "PWD_P64": "202.4", "PWD_P65": "220.1", "PWD_P66": "240.3", "PWD_P67": "262.2", "PWD_P68": "286.4", "PWD_P69": "313.1", "PWD_P70": "345.9", "PWD_P71": "383.0", "PWD_P72": "426.1", "PWD_P73": "477.5", "PWD_P74": "544.8", "PWD_P75": "626.5", "PWD_P76": "727.3", "PWD_P77": "841.5", "PWD_P78": "967.5", "PWD_P79": "1107.9", "PWD_P80": "1257.1", "PWD_P81": "1428.1", "PWD_P82": "1617.1", "PWD_P83": "1800.5", "PWD_P84": "2007.1", "PWD_P85": "2247.3", "PWD_P86": "2528.6", "PWD_P87": "2860.0", "PWD_P88": "3237.4", "PWD_P89": "3728.1", "PWD_P90": "4306.4", "PWD_P91": "4972.2", "PWD_P92": "5566.0", "PWD_P93": "6228.8", "PWD_P94": "6889.3", "PWD_P95": "7645.1", "PWD_P96": "8488.4", "PWD_P97": "9296.4", "PWD_P98": "11344.9", "PWD_P99": "15919.0", "PWD_P100": "30162.3" }, "geometry": { "type": "Point", "coordinates": [ 36.023895263671875, -18.064193725585938 ] } },
{ "type": "Feature", "id": 140, "properties": { "lon": 57.422817230224609, "lat": 22.838291168212891, "year": "2010", "ISO": "OMN", "ISO_No": "512", "Name": "Oman", "PWC_Lat": "22.8382911682129", "PWC_Lon": "57.4228172302246", "Pop": "3041435", "Density": "9.8", "Area": "310188.1", "PWD_A": "431.9", "PWD_G": "141.7", "PWD_M": "235.5", "PWD_P1": "0.5", "PWD_P2": "0.9", "PWD_P3": "1.6", "PWD_P4": "2.5", "PWD_P5": "3.8", "PWD_P6": "5.1", "PWD_P7": "6.4", "PWD_P8": "7.7", "PWD_P9": "9.2", "PWD_P10": "10.5", "PWD_P11": "11.7", "PWD_P12": "13.0", "PWD_P13": "14.4", "PWD_P14": "15.8", "PWD_P15": "17.4", "PWD_P16": "19.0", "PWD_P17": "20.7", "PWD_P18": "22.7", "PWD_P19": "24.8", "PWD_P20": "26.9", "PWD_P21": "29.1", "PWD_P22": "31.6", "PWD_P23": "34.2", "PWD_P24": "37.0", "PWD_P25": "40.1", "PWD_P26": "43.4", "PWD_P27": "46.9", "PWD_P28": "50.8", "PWD_P29": "55.3", "PWD_P30": "60.3", "PWD_P31": "65.7", "PWD_P32": "71.4", "PWD_P33": "78.0", "PWD_P34": "84.7", "PWD_P35": "91.8", "PWD_P36": "99.2", "PWD_P37": "107.4", "PWD_P38": "116.7", "PWD_P39": "126.2", "PWD_P40": "135.6", "PWD_P41": "144.9", "PWD_P42": "154.5", "PWD_P43": "164.3", "PWD_P44": "174.1", "PWD_P45": "184.0", "PWD_P46": "195.2", "PWD_P47": "205.1", "PWD_P48": "215.7", "PWD_P49": "226.2", "PWD_P50": "235.5", "PWD_P51": "244.3", "PWD_P52": "253.6", "PWD_P53": "262.6", "PWD_P54": "272.9", "PWD_P55": "283.7", "PWD_P56": "295.9", "PWD_P57": "307.9", "PWD_P58": "320.6", "PWD_P59": "332.4", "PWD_P60": "343.3", "PWD_P61": "354.9", "PWD_P62": "365.9", "PWD_P63": "376.8", "PWD_P64": "387.6", "PWD_P65": "397.4", "PWD_P66": "408.9", "PWD_P67": "422.1", "PWD_P68": "438.9", "PWD_P69": "455.8", "PWD_P70": "469.4", "PWD_P71": "480.8", "PWD_P72": "491.1", "PWD_P73": "502.2", "PWD_P74": "515.1", "PWD_P75": "532.9", "PWD_P76": "553.5", "PWD_P77": "589.8", "PWD_P78": "640.6", "PWD_P79": "711.5", "PWD_P80": "790.0", "PWD_P81": "855.9", "PWD_P82": "912.1", "PWD_P83": "940.9", "PWD_P84": "963.9", "PWD_P85": "996.2", "PWD_P86": "1033.3", "PWD_P87": "1068.2", "PWD_P88": "1100.7", "PWD_P89": "1137.4", "PWD_P90": "1235.7", "PWD_P91": "1285.8", "PWD_P92": "1318.9", "PWD_P93": "1363.2", "PWD_P94": "1435.5", "PWD_P95": "1640.4", "PWD_P96": "2021.4", "PWD_P97": "2111.5", "PWD_P98": "2141.2", "PWD_P99": "2175.6", "PWD_P100": "2301.5" }, "geometry": { "type": "Point", "coordinates": [ 57.422817230224609, 22.838291168212891 ] } },
{ "type": "Feature", "id": 141, "properties": { "lon": 17.062122344970703, "lat": -19.860855102539062, "year": "2010", "ISO": "NAM", "ISO_No": "516", "Name": "Namibia", "PWC_Lat": "-19.8608551025391", "PWC_Lon": "17.0621223449707", "Pop": "2118876", "Density": "2.6", "Area": "821229.5", "PWD_A": "3311.1", "PWD_G": "227.7", "PWD_M": "137.0", "PWD_P1": "0.2", "PWD_P2": "0.4", "PWD_P3": "0.6", "PWD_P4": "0.9", "PWD_P5": "1.3", "PWD_P6": "1.8", "PWD_P7": "2.4", "PWD_P8": "3.2", "PWD_P9": "4.1", "PWD_P10": "5.1", "PWD_P11": "6.4", "PWD_P12": "7.7", "PWD_P13": "9.2", "PWD_P14": "10.8", "PWD_P15": "12.6", "PWD_P16": "14.4", "PWD_P17": "16.2", "PWD_P18": "18.1", "PWD_P19": "19.9", "PWD_P20": "21.8", "PWD_P21": "23.6", "PWD_P22": "25.4", "PWD_P23": "27.3", "PWD_P24": "29.2", "PWD_P25": "31.1", "PWD_P26": "33.1", "PWD_P27": "35.1", "PWD_P28": "37.3", "PWD_P29": "39.6", "PWD_P30": "41.9", "PWD_P31": "44.3", "PWD_P32": "46.8", "PWD_P33": "49.4", "PWD_P34": "52.1", "PWD_P35": "54.9", "PWD_P36": "57.8", "PWD_P37": "60.9", "PWD_P38": "64.1", "PWD_P39": "67.5", "PWD_P40": "71.0", "PWD_P41": "74.7", "PWD_P42": "78.5", "PWD_P43": "82.9", "PWD_P44": "87.7", "PWD_P45": "93.0", "PWD_P46": "99.0", "PWD_P47": "106.0", "PWD_P48": "114.5", "PWD_P49": "124.6", "PWD_P50": "137.0", "PWD_P51": "152.7", "PWD_P52": "171.4", "PWD_P53": "194.0", "PWD_P54": "221.9", "PWD_P55": "257.5", "PWD_P56": "304.3", "PWD_P57": "362.8", "PWD_P58": "438.6", "PWD_P59": "532.3", "PWD_P60": "649.1", "PWD_P61": "775.8", "PWD_P62": "908.8", "PWD_P63": "1064.9", "PWD_P64": "1230.1", "PWD_P65": "1407.2", "PWD_P66": "1596.3", "PWD_P67": "1784.2", "PWD_P68": "1982.3", "PWD_P69": "2197.9", "PWD_P70": "2422.8", "PWD_P71": "2661.4", "PWD_P72": "2900.2", "PWD_P73": "3160.1", "PWD_P74": "3453.2", "PWD_P75": "3778.0", "PWD_P76": "4131.0", "PWD_P77": "4455.1", "PWD_P78": "4850.2", "PWD_P79": "5245.4", "PWD_P80": "5623.8", "PWD_P81": "6046.4", "PWD_P82": "6515.5", "PWD_P83": "6994.5", "PWD_P84": "7496.8", "PWD_P85": "8035.8", "PWD_P86": "8604.6", "PWD_P87": "9231.4", "PWD_P88": "9875.7", "PWD_P89": "10578.7", "PWD_P90": "11320.2", "PWD_P91": "12212.6", "PWD_P92": "12999.2", "PWD_P93": "14054.5", "PWD_P94": "15216.3", "PWD_P95": "16736.7", "PWD_P96": "18206.4", "PWD_P97": "20244.8", "PWD_P98": "23757.1", "PWD_P99": "28776.1", "PWD_P100": "70926.3" }, "geometry": { "type": "Point", "coordinates": [ 17.062122344970703, -19.860855102539062 ] } },
{ "type": "Feature", "id": 142, "properties": { "lon": 166.90478515625, "lat": -0.52948898077011108, "year": "2010", "ISO": "NRU", "ISO_No": "520", "Name": "Nauru", "PWC_Lat": "-0.529488980770111", "PWC_Lon": "166.90478515625", "Pop": "10008", "Density": "430.5", "Area": "23.2", "PWD_A": "929.8", "PWD_G": "651.1", "PWD_M": "633.4", "PWD_P1": "59.3", "PWD_P2": "101.8", "PWD_P3": "132.6", "PWD_P4": "172.3", "PWD_P5": "179.0", "PWD_P6": "189.7", "PWD_P7": "202.5", "PWD_P8": "205.3", "PWD_P9": "207.6", "PWD_P10": "215.8", "PWD_P11": "221.1", "PWD_P12": "222.6", "PWD_P13": "224.1", "PWD_P14": "225.5", "PWD_P15": "228.1", "PWD_P16": "231.9", "PWD_P17": "236.6", "PWD_P18": "240.6", "PWD_P19": "246.0", "PWD_P20": "251.8", "PWD_P21": "266.5", "PWD_P22": "284.6", "PWD_P23": "306.4", "PWD_P24": "327.4", "PWD_P25": "335.8", "PWD_P26": "348.3", "PWD_P27": "361.7", "PWD_P28": "373.7", "PWD_P29": "388.5", "PWD_P30": "399.2", "PWD_P31": "416.7", "PWD_P32": "430.8", "PWD_P33": "450.2", "PWD_P34": "458.7", "PWD_P35": "467.6", "PWD_P36": "482.7", "PWD_P37": "496.6", "PWD_P38": "509.9", "PWD_P39": "519.1", "PWD_P40": "528.9", "PWD_P41": "545.0", "PWD_P42": "559.2", "PWD_P43": "567.8", "PWD_P44": "580.5", "PWD_P45": "593.1", "PWD_P46": "604.4", "PWD_P47": "611.9", "PWD_P48": "618.3", "PWD_P49": "625.9", "PWD_P50": "633.4", "PWD_P51": "642.2", "PWD_P52": "649.9", "PWD_P53": "660.8", "PWD_P54": "668.2", "PWD_P55": "681.2", "PWD_P56": "699.5", "PWD_P57": "732.0", "PWD_P58": "779.5", "PWD_P59": "802.5", "PWD_P60": "834.5", "PWD_P61": "883.9", "PWD_P62": "893.8", "PWD_P63": "906.4", "PWD_P64": "918.8", "PWD_P65": "942.0", "PWD_P66": "993.5", "PWD_P67": "1044.8", "PWD_P68": "1086.2", "PWD_P69": "1112.8", "PWD_P70": "1130.3", "PWD_P71": "1181.6", "PWD_P72": "1227.4", "PWD_P73": "1238.5", "PWD_P74": "1259.2", "PWD_P75": "1302.1", "PWD_P76": "1327.4", "PWD_P77": "1348.9", "PWD_P78": "1425.9", "PWD_P79": "1515.7", "PWD_P80": "1732.2", "PWD_P81": "1812.1", "PWD_P82": "1869.5", "PWD_P83": "1895.5", "PWD_P84": "1965.5", "PWD_P85": "2000.8", "PWD_P86": "2067.9", "PWD_P87": "2118.7", "PWD_P88": "2157.5", "PWD_P89": "2193.4", "PWD_P90": "2258.1", "PWD_P91": "2293.9", "PWD_P92": "2382.7", "PWD_P93": "2424.6", "PWD_P94": "2444.4", "PWD_P95": "2473.2", "PWD_P96": "2510.0", "PWD_P97": "2549.3", "PWD_P98": "2639.4", "PWD_P99": "2741.7", "PWD_P100": "2814.7" }, "geometry": { "type": "Point", "coordinates": [ 166.90478515625, -0.529488980770111 ] } },
{ "type": "Feature", "id": 143, "properties": { "lon": 84.560073852539062, "lat": 27.638429641723633, "year": "2010", "ISO": "NPL", "ISO_No": "524", "Name": "Nepal", "PWC_Lat": "27.6384296417236", "PWC_Lon": "84.5600738525391", "Pop": "27013206", "Density": "183.0", "Area": "147641.2", "PWD_A": "2171.9", "PWD_G": "582.9", "PWD_M": "513.7", "PWD_P1": "23.8", "PWD_P2": "40.0", "PWD_P3": "53.2", "PWD_P4": "64.3", "PWD_P5": "73.9", "PWD_P6": "82.6", "PWD_P7": "90.5", "PWD_P8": "98.0", "PWD_P9": "105.0", "PWD_P10": "111.8", "PWD_P11": "118.3", "PWD_P12": "125.0", "PWD_P13": "131.4", "PWD_P14": "137.8", "PWD_P15": "144.2", "PWD_P16": "150.6", "PWD_P17": "157.0", "PWD_P18": "163.5", "PWD_P19": "170.0", "PWD_P20": "176.6", "PWD_P21": "183.2", "PWD_P22": "189.9", "PWD_P23": "196.8", "PWD_P24": "203.8", "PWD_P25": "211.0", "PWD_P26": "218.6", "PWD_P27": "226.4", "PWD_P28": "234.4", "PWD_P29": "242.9", "PWD_P30": "251.7", "PWD_P31": "261.0", "PWD_P32": "270.7", "PWD_P33": "280.8", "PWD_P34": "291.2", "PWD_P35": "302.0", "PWD_P36": "313.2", "PWD_P37": "324.8", "PWD_P38": "336.9", "PWD_P39": "349.4", "PWD_P40": "362.5", "PWD_P41": "376.1", "PWD_P42": "390.1", "PWD_P43": "404.4", "PWD_P44": "419.0", "PWD_P45": "433.9", "PWD_P46": "449.2", "PWD_P47": "464.8", "PWD_P48": "480.8", "PWD_P49": "497.1", "PWD_P50": "513.7", "PWD_P51": "530.3", "PWD_P52": "547.2", "PWD_P53": "564.5", "PWD_P54": "582.3", "PWD_P55": "600.2", "PWD_P56": "619.0", "PWD_P57": "638.3", "PWD_P58": "658.4", "PWD_P59": "679.5", "PWD_P60": "701.4", "PWD_P61": "724.3", "PWD_P62": "748.2", "PWD_P63": "773.3", "PWD_P64": "799.3", "PWD_P65": "826.8", "PWD_P66": "855.2", "PWD_P67": "884.9", "PWD_P68": "916.0", "PWD_P69": "948.6", "PWD_P70": "982.9", "PWD_P71": "1018.7", "PWD_P72": "1056.9", "PWD_P73": "1099.1", "PWD_P74": "1144.6", "PWD_P75": "1195.2", "PWD_P76": "1252.0", "PWD_P77": "1314.5", "PWD_P78": "1382.5", "PWD_P79": "1456.7", "PWD_P80": "1539.7", "PWD_P81": "1634.0", "PWD_P82": "1751.7", "PWD_P83": "1891.3", "PWD_P84": "2055.9", "PWD_P85": "2265.2", "PWD_P86": "2554.9", "PWD_P87": "2935.1", "PWD_P88": "3431.1", "PWD_P89": "4101.0", "PWD_P90": "4915.8", "PWD_P91": "6133.8", "PWD_P92": "7691.0", "PWD_P93": "9857.0", "PWD_P94": "12337.8", "PWD_P95": "15231.5", "PWD_P96": "18234.3", "PWD_P97": "20408.5", "PWD_P98": "22253.3", "PWD_P99": "23738.1", "PWD_P100": "42918.4" }, "geometry": { "type": "Point", "coordinates": [ 84.560073852539062, 27.638429641723633 ] } },
{ "type": "Feature", "id": 144, "properties": { "lon": 5.2993302345275879, "lat": 52.089496612548828, "year": "2010", "ISO": "NLD", "ISO_No": "528", "Name": "Netherlands", "PWC_Lat": "52.0894966125488", "PWC_Lon": "5.29933023452759", "Pop": "16682927", "Density": "483.2", "Area": "34525.3", "PWD_A": "2178.2", "PWD_G": "1210.2", "PWD_M": "1516.8", "PWD_P1": "48.3", "PWD_P2": "64.0", "PWD_P3": "79.3", "PWD_P4": "94.9", "PWD_P5": "111.0", "PWD_P6": "127.4", "PWD_P7": "144.2", "PWD_P8": "160.9", "PWD_P9": "177.9", "PWD_P10": "195.2", "PWD_P11": "212.8", "PWD_P12": "231.0", "PWD_P13": "250.2", "PWD_P14": "270.2", "PWD_P15": "290.6", "PWD_P16": "311.8", "PWD_P17": "333.6", "PWD_P18": "356.0", "PWD_P19": "378.9", "PWD_P20": "402.6", "PWD_P21": "426.6", "PWD_P22": "451.0", "PWD_P23": "475.7", "PWD_P24": "500.9", "PWD_P25": "526.7", "PWD_P26": "553.0", "PWD_P27": "580.0", "PWD_P28": "607.6", "PWD_P29": "636.2", "PWD_P30": "666.0", "PWD_P31": "696.5", "PWD_P32": "728.1", "PWD_P33": "760.6", "PWD_P34": "794.2", "PWD_P35": "829.2", "PWD_P36": "865.0", "PWD_P37": "902.3", "PWD_P38": "940.9", "PWD_P39": "981.2", "PWD_P40": "1022.6", "PWD_P41": "1065.6", "PWD_P42": "1109.7", "PWD_P43": "1155.1", "PWD_P44": "1202.1", "PWD_P45": "1250.6", "PWD_P46": "1300.4", "PWD_P47": "1352.0", "PWD_P48": "1404.9", "PWD_P49": "1460.1", "PWD_P50": "1516.8", "PWD_P51": "1574.9", "PWD_P52": "1634.4", "PWD_P53": "1693.5", "PWD_P54": "1753.2", "PWD_P55": "1814.9", "PWD_P56": "1877.9", "PWD_P57": "1942.2", "PWD_P58": "2007.4", "PWD_P59": "2073.5", "PWD_P60": "2141.1", "PWD_P61": "2207.9", "PWD_P62": "2273.0", "PWD_P63": "2338.1", "PWD_P64": "2403.8", "PWD_P65": "2469.6", "PWD_P66": "2540.8", "PWD_P67": "2616.7", "PWD_P68": "2698.0", "PWD_P69": "2782.2", "PWD_P70": "2865.7", "PWD_P71": "2951.8", "PWD_P72": "3040.2", "PWD_P73": "3132.5", "PWD_P74": "3227.4", "PWD_P75": "3325.8", "PWD_P76": "3425.8", "PWD_P77": "3523.6", "PWD_P78": "3620.7", "PWD_P79": "3716.2", "PWD_P80": "3813.9", "PWD_P81": "3919.8", "PWD_P82": "4032.6", "PWD_P83": "4154.9", "PWD_P84": "4270.7", "PWD_P85": "4376.7", "PWD_P86": "4492.5", "PWD_P87": "4637.0", "PWD_P88": "4785.1", "PWD_P89": "4925.2", "PWD_P90": "5060.8", "PWD_P91": "5232.3", "PWD_P92": "5525.4", "PWD_P93": "5870.4", "PWD_P94": "6164.0", "PWD_P95": "6539.6", "PWD_P96": "7098.0", "PWD_P97": "7473.1", "PWD_P98": "7769.2", "PWD_P99": "8455.7", "PWD_P100": "9501.0" }, "geometry": { "type": "Point", "coordinates": [ 5.299330234527588, 52.089496612548828 ] } },
{ "type": "Feature", "id": 145, "properties": { "lon": -68.9248, "lat": 12.1467, "year": "2010", "ISO": "CUW", "ISO_No": "531", "Name": "Curacao", "PWC_Lat": "12.1467", "PWC_Lon": "-68.9248", "Pop": "149188", "Density": "331.5", "Area": "450.1", "PWD_A": "1456.6", "PWD_G": "1047.8", "PWD_M": "1307.8", "PWD_P1": "32.1", "PWD_P2": "62.4", "PWD_P3": "94.9", "PWD_P4": "125.9", "PWD_P5": "154.4", "PWD_P6": "180.9", "PWD_P7": "203.8", "PWD_P8": "230.1", "PWD_P9": "258.7", "PWD_P10": "288.5", "PWD_P11": "317.9", "PWD_P12": "346.7", "PWD_P13": "377.3", "PWD_P14": "406.9", "PWD_P15": "437.8", "PWD_P16": "470.5", "PWD_P17": "508.1", "PWD_P18": "538.6", "PWD_P19": "567.5", "PWD_P20": "593.5", "PWD_P21": "616.4", "PWD_P22": "644.1", "PWD_P23": "676.6", "PWD_P24": "707.3", "PWD_P25": "731.6", "PWD_P26": "756.7", "PWD_P27": "782.1", "PWD_P28": "809.6", "PWD_P29": "837.9", "PWD_P30": "865.9", "PWD_P31": "895.5", "PWD_P32": "921.1", "PWD_P33": "944.2", "PWD_P34": "967.6", "PWD_P35": "987.9", "PWD_P36": "1012.2", "PWD_P37": "1033.2", "PWD_P38": "1053.7", "PWD_P39": "1073.2", "PWD_P40": "1092.5", "PWD_P41": "1110.8", "PWD_P42": "1135.6", "PWD_P43": "1157.9", "PWD_P44": "1181.2", "PWD_P45": "1200.8", "PWD_P46": "1220.3", "PWD_P47": "1242.7", "PWD_P48": "1264.4", "PWD_P49": "1285.2", "PWD_P50": "1307.8", "PWD_P51": "1331.4", "PWD_P52": "1354.7", "PWD_P53": "1381.9", "PWD_P54": "1405.6", "PWD_P55": "1436.2", "PWD_P56": "1465.3", "PWD_P57": "1496.7", "PWD_P58": "1525.9", "PWD_P59": "1552.4", "PWD_P60": "1575.1", "PWD_P61": "1604.3", "PWD_P62": "1623.5", "PWD_P63": "1647.3", "PWD_P64": "1671.2", "PWD_P65": "1698.4", "PWD_P66": "1723.6", "PWD_P67": "1747.1", "PWD_P68": "1777.6", "PWD_P69": "1803.1", "PWD_P70": "1830.4", "PWD_P71": "1852.8", "PWD_P72": "1882.3", "PWD_P73": "1910.3", "PWD_P74": "1937.8", "PWD_P75": "1965.9", "PWD_P76": "2003.0", "PWD_P77": "2035.6", "PWD_P78": "2066.2", "PWD_P79": "2091.9", "PWD_P80": "2123.9", "PWD_P81": "2170.5", "PWD_P82": "2208.1", "PWD_P83": "2248.5", "PWD_P84": "2290.1", "PWD_P85": "2338.5", "PWD_P86": "2386.2", "PWD_P87": "2435.0", "PWD_P88": "2490.7", "PWD_P89": "2528.4", "PWD_P90": "2565.8", "PWD_P91": "2607.5", "PWD_P92": "2646.4", "PWD_P93": "2751.2", "PWD_P94": "2822.0", "PWD_P95": "2920.1", "PWD_P96": "3075.3", "PWD_P97": "3487.4", "PWD_P98": "5264.7", "PWD_P99": "5842.9", "PWD_P100": "6667.2" }, "geometry": { "type": "Point", "coordinates": [ -68.9248, 12.1467 ] } },
{ "type": "Feature", "id": 146, "properties": { "lon": -69.9914, "lat": 12.5109, "year": "2010", "ISO": "ABW", "ISO_No": "533", "Name": "Aruba", "PWC_Lat": "12.5109", "PWC_Lon": "-69.9914", "Pop": "101664", "Density": "543.0", "Area": "187.2", "PWD_A": "1695.0", "PWD_G": "1235.9", "PWD_M": "1366.4", "PWD_P1": "112.3", "PWD_P2": "169.2", "PWD_P3": "207.7", "PWD_P4": "243.6", "PWD_P5": "274.9", "PWD_P6": "304.8", "PWD_P7": "330.5", "PWD_P8": "353.6", "PWD_P9": "378.2", "PWD_P10": "402.3", "PWD_P11": "426.9", "PWD_P12": "449.8", "PWD_P13": "476.3", "PWD_P14": "501.9", "PWD_P15": "529.4", "PWD_P16": "554.9", "PWD_P17": "575.2", "PWD_P18": "599.5", "PWD_P19": "625.6", "PWD_P20": "654.1", "PWD_P21": "678.1", "PWD_P22": "701.6", "PWD_P23": "724.0", "PWD_P24": "747.8", "PWD_P25": "769.8", "PWD_P26": "791.5", "PWD_P27": "811.7", "PWD_P28": "834.8", "PWD_P29": "856.8", "PWD_P30": "877.6", "PWD_P31": "900.3", "PWD_P32": "920.4", "PWD_P33": "942.4", "PWD_P34": "961.6", "PWD_P35": "979.2", "PWD_P36": "1004.2", "PWD_P37": "1028.5", "PWD_P38": "1055.5", "PWD_P39": "1079.6", "PWD_P40": "1112.5", "PWD_P41": "1137.0", "PWD_P42": "1163.5", "PWD_P43": "1187.6", "PWD_P44": "1212.4", "PWD_P45": "1239.5", "PWD_P46": "1261.4", "PWD_P47": "1288.9", "PWD_P48": "1314.9", "PWD_P49": "1338.0", "PWD_P50": "1366.4", "PWD_P51": "1393.1", "PWD_P52": "1421.9", "PWD_P53": "1449.1", "PWD_P54": "1475.0", "PWD_P55": "1499.7", "PWD_P56": "1523.3", "PWD_P57": "1545.5", "PWD_P58": "1570.2", "PWD_P59": "1590.4", "PWD_P60": "1611.9", "PWD_P61": "1636.0", "PWD_P62": "1657.8", "PWD_P63": "1683.4", "PWD_P64": "1709.9", "PWD_P65": "1739.6", "PWD_P66": "1765.7", "PWD_P67": "1792.5", "PWD_P68": "1820.1", "PWD_P69": "1843.1", "PWD_P70": "1873.5", "PWD_P71": "1902.9", "PWD_P72": "1933.5", "PWD_P73": "1969.4", "PWD_P74": "2005.9", "PWD_P75": "2069.8", "PWD_P76": "2131.1", "PWD_P77": "2198.0", "PWD_P78": "2269.8", "PWD_P79": "2343.8", "PWD_P80": "2431.5", "PWD_P81": "2516.0", "PWD_P82": "2588.6", "PWD_P83": "2659.5", "PWD_P84": "2737.3", "PWD_P85": "2816.4", "PWD_P86": "2924.6", "PWD_P87": "3018.9", "PWD_P88": "3126.9", "PWD_P89": "3248.8", "PWD_P90": "3350.8", "PWD_P91": "3499.8", "PWD_P92": "3731.1", "PWD_P93": "3985.6", "PWD_P94": "4204.9", "PWD_P95": "4397.2", "PWD_P96": "4766.1", "PWD_P97": "5118.9", "PWD_P98": "6321.4", "PWD_P99": "7449.5", "PWD_P100": "9881.0" }, "geometry": { "type": "Point", "coordinates": [ -69.9914, 12.5109 ] } },
{ "type": "Feature", "id": 147, "properties": { "lon": -63.0596, "lat": 18.0406, "year": "2010", "ISO": "SXM", "ISO_No": "534", "Name": "Sint Maarten (Dutch part)", "PWC_Lat": "18.0406", "PWC_Lon": "-63.0596", "Pop": "34166", "Density": "921.0", "Area": "37.1", "PWD_A": "1336.9", "PWD_G": "1163.9", "PWD_M": "1371.9", "PWD_P1": "174.5", "PWD_P2": "211.6", "PWD_P3": "267.1", "PWD_P4": "304.7", "PWD_P5": "339.4", "PWD_P6": "365.5", "PWD_P7": "379.5", "PWD_P8": "392.5", "PWD_P9": "407.8", "PWD_P10": "432.3", "PWD_P11": "454.1", "PWD_P12": "475.0", "PWD_P13": "500.3", "PWD_P14": "535.7", "PWD_P15": "580.7", "PWD_P16": "607.8", "PWD_P17": "625.8", "PWD_P18": "663.2", "PWD_P19": "719.7", "PWD_P20": "760.3", "PWD_P21": "804.1", "PWD_P22": "852.2", "PWD_P23": "905.7", "PWD_P24": "945.0", "PWD_P25": "979.1", "PWD_P26": "995.4", "PWD_P27": "1025.1", "PWD_P28": "1043.9", "PWD_P29": "1062.7", "PWD_P30": "1084.2", "PWD_P31": "1111.5", "PWD_P32": "1133.1", "PWD_P33": "1152.6", "PWD_P34": "1169.9", "PWD_P35": "1185.8", "PWD_P36": "1202.3", "PWD_P37": "1222.2", "PWD_P38": "1243.5", "PWD_P39": "1258.1", "PWD_P40": "1276.3", "PWD_P41": "1289.2", "PWD_P42": "1298.0", "PWD_P43": "1308.0", "PWD_P44": "1313.9", "PWD_P45": "1323.1", "PWD_P46": "1332.3", "PWD_P47": "1340.7", "PWD_P48": "1350.9", "PWD_P49": "1361.0", "PWD_P50": "1371.9", "PWD_P51": "1383.7", "PWD_P52": "1400.5", "PWD_P53": "1414.6", "PWD_P54": "1440.9", "PWD_P55": "1460.7", "PWD_P56": "1483.6", "PWD_P57": "1523.0", "PWD_P58": "1543.4", "PWD_P59": "1562.6", "PWD_P60": "1577.8", "PWD_P61": "1595.8", "PWD_P62": "1608.4", "PWD_P63": "1622.0", "PWD_P64": "1641.3", "PWD_P65": "1650.3", "PWD_P66": "1661.3", "PWD_P67": "1677.2", "PWD_P68": "1690.6", "PWD_P69": "1704.8", "PWD_P70": "1717.8", "PWD_P71": "1733.2", "PWD_P72": "1749.5", "PWD_P73": "1763.1", "PWD_P74": "1773.1", "PWD_P75": "1785.6", "PWD_P76": "1800.0", "PWD_P77": "1816.8", "PWD_P78": "1828.4", "PWD_P79": "1837.7", "PWD_P80": "1856.8", "PWD_P81": "1870.0", "PWD_P82": "1882.0", "PWD_P83": "1899.4", "PWD_P84": "1911.1", "PWD_P85": "1922.2", "PWD_P86": "1934.5", "PWD_P87": "1944.4", "PWD_P88": "1964.3", "PWD_P89": "1975.4", "PWD_P90": "1998.3", "PWD_P91": "2015.8", "PWD_P92": "2042.0", "PWD_P93": "2064.8", "PWD_P94": "2105.0", "PWD_P95": "2139.4", "PWD_P96": "2171.5", "PWD_P97": "2221.9", "PWD_P98": "2294.8", "PWD_P99": "2380.3", "PWD_P100": "2981.4" }, "geometry": { "type": "Point", "coordinates": [ -63.0596, 18.0406 ] } },
{ "type": "Feature", "id": 148, "properties": { "lon": -66.940437316894531, "lat": 13.550909042358398, "year": "2010", "ISO": "BES", "ISO_No": "535", "Name": "Bonaire, Sint Eustatius and Saba", "PWC_Lat": "13.5509090423584", "PWC_Lon": "-66.9404373168945", "Pop": "20941", "Density": "63.2", "Area": "331.2", "PWD_A": "215.3", "PWD_G": "131.0", "PWD_M": "164.9", "PWD_P1": "8.2", "PWD_P2": "9.4", "PWD_P3": "10.6", "PWD_P4": "12.2", "PWD_P5": "14.4", "PWD_P6": "16.9", "PWD_P7": "19.1", "PWD_P8": "21.2", "PWD_P9": "23.5", "PWD_P10": "25.8", "PWD_P11": "28.4", "PWD_P12": "30.2", "PWD_P13": "32.0", "PWD_P14": "33.5", "PWD_P15": "35.2", "PWD_P16": "37.3", "PWD_P17": "39.9", "PWD_P18": "42.3", "PWD_P19": "44.5", "PWD_P20": "47.1", "PWD_P21": "49.6", "PWD_P22": "51.5", "PWD_P23": "52.8", "PWD_P24": "54.2", "PWD_P25": "56.1", "PWD_P26": "58.5", "PWD_P27": "61.2", "PWD_P28": "64.6", "PWD_P29": "67.9", "PWD_P30": "71.1", "PWD_P31": "74.2", "PWD_P32": "77.4", "PWD_P33": "80.7", "PWD_P34": "84.0", "PWD_P35": "87.5", "PWD_P36": "91.0", "PWD_P37": "94.7", "PWD_P38": "98.3", "PWD_P39": "102.1", "PWD_P40": "106.1", "PWD_P41": "110.1", "PWD_P42": "114.0", "PWD_P43": "118.5", "PWD_P44": "122.5", "PWD_P45": "128.1", "PWD_P46": "135.5", "PWD_P47": "143.3", "PWD_P48": "150.6", "PWD_P49": "157.7", "PWD_P50": "164.9", "PWD_P51": "172.8", "PWD_P52": "179.5", "PWD_P53": "186.6", "PWD_P54": "193.3", "PWD_P55": "198.6", "PWD_P56": "205.0", "PWD_P57": "212.2", "PWD_P58": "218.4", "PWD_P59": "223.8", "PWD_P60": "229.6", "PWD_P61": "236.0", "PWD_P62": "242.4", "PWD_P63": "249.3", "PWD_P64": "258.2", "PWD_P65": "265.9", "PWD_P66": "273.3", "PWD_P67": "281.1", "PWD_P68": "289.6", "PWD_P69": "297.7", "PWD_P70": "305.4", "PWD_P71": "314.4", "PWD_P72": "322.8", "PWD_P73": "332.8", "PWD_P74": "341.2", "PWD_P75": "352.6", "PWD_P76": "363.3", "PWD_P77": "373.2", "PWD_P78": "382.0", "PWD_P79": "388.8", "PWD_P80": "397.3", "PWD_P81": "405.8", "PWD_P82": "414.4", "PWD_P83": "422.0", "PWD_P84": "430.2", "PWD_P85": "437.3", "PWD_P86": "447.6", "PWD_P87": "454.5", "PWD_P88": "464.2", "PWD_P89": "474.4", "PWD_P90": "490.2", "PWD_P91": "503.6", "PWD_P92": "520.7", "PWD_P93": "536.0", "PWD_P94": "550.4", "PWD_P95": "568.3", "PWD_P96": "584.0", "PWD_P97": "601.4", "PWD_P98": "619.1", "PWD_P99": "631.6", "PWD_P100": "664.2" }, "geometry": { "type": "Point", "coordinates": [ -66.940437316894531, 13.550909042358398 ] } },
{ "type": "Feature", "id": 149, "properties": { "lon": 166.23640441894531, "lat": -21.883111953735352, "year": "2010", "ISO": "NCL", "ISO_No": "540", "Name": "New Caledonia", "PWC_Lat": "-21.8831119537354", "PWC_Lon": "166.236404418945", "Pop": "253528", "Density": "13.3", "Area": "19016.5", "PWD_A": "945.9", "PWD_G": "167.0", "PWD_M": "333.7", "PWD_P1": "1.1", "PWD_P2": "1.6", "PWD_P3": "2.0", "PWD_P4": "2.3", "PWD_P5": "2.7", "PWD_P6": "3.2", "PWD_P7": "3.5", "PWD_P8": "3.9", "PWD_P9": "4.2", "PWD_P10": "4.6", "PWD_P11": "5.0", "PWD_P12": "5.4", "PWD_P13": "5.9", "PWD_P14": "6.4", "PWD_P15": "7.0", "PWD_P16": "7.6", "PWD_P17": "8.1", "PWD_P18": "8.7", "PWD_P19": "9.4", "PWD_P20": "10.2", "PWD_P21": "11.0", "PWD_P22": "12.0", "PWD_P23": "13.0", "PWD_P24": "14.2", "PWD_P25": "15.5", "PWD_P26": "16.9", "PWD_P27": "18.5", "PWD_P28": "20.3", "PWD_P29": "22.2", "PWD_P30": "24.2", "PWD_P31": "26.4", "PWD_P32": "28.7", "PWD_P33": "31.4", "PWD_P34": "34.6", "PWD_P35": "38.6", "PWD_P36": "43.6", "PWD_P37": "49.7", "PWD_P38": "56.9", "PWD_P39": "65.0", "PWD_P40": "75.9", "PWD_P41": "89.2", "PWD_P42": "105.9", "PWD_P43": "124.6", "PWD_P44": "150.2", "PWD_P45": "178.5", "PWD_P46": "204.3", "PWD_P47": "232.4", "PWD_P48": "260.4", "PWD_P49": "298.4", "PWD_P50": "333.7", "PWD_P51": "371.3", "PWD_P52": "411.1", "PWD_P53": "454.8", "PWD_P54": "498.9", "PWD_P55": "539.9", "PWD_P56": "576.8", "PWD_P57": "616.0", "PWD_P58": "659.4", "PWD_P59": "705.2", "PWD_P60": "756.1", "PWD_P61": "831.1", "PWD_P62": "926.8", "PWD_P63": "1086.2", "PWD_P64": "1426.2", "PWD_P65": "1638.9", "PWD_P66": "1744.1", "PWD_P67": "1800.8", "PWD_P68": "1840.9", "PWD_P69": "1873.3", "PWD_P70": "1905.9", "PWD_P71": "1938.7", "PWD_P72": "1968.4", "PWD_P73": "1992.5", "PWD_P74": "2018.7", "PWD_P75": "2040.0", "PWD_P76": "2065.7", "PWD_P77": "2086.9", "PWD_P78": "2110.5", "PWD_P79": "2136.0", "PWD_P80": "2159.8", "PWD_P81": "2186.0", "PWD_P82": "2212.3", "PWD_P83": "2238.0", "PWD_P84": "2261.7", "PWD_P85": "2293.3", "PWD_P86": "2324.4", "PWD_P87": "2357.5", "PWD_P88": "2393.1", "PWD_P89": "2430.4", "PWD_P90": "2474.7", "PWD_P91": "2521.2", "PWD_P92": "2581.4", "PWD_P93": "2645.2", "PWD_P94": "2722.1", "PWD_P95": "2804.3", "PWD_P96": "2884.8", "PWD_P97": "2996.9", "PWD_P98": "3119.9", "PWD_P99": "3367.4", "PWD_P100": "5300.4" }, "geometry": { "type": "Point", "coordinates": [ 166.236404418945312, -21.883111953735352 ] } },
{ "type": "Feature", "id": 150, "properties": { "lon": 168.04216003417969, "lat": -16.800666809082031, "year": "2010", "ISO": "VUT", "ISO_No": "548", "Name": "Vanuatu", "PWC_Lat": "-16.800666809082", "PWC_Lon": "168.04216003418", "Pop": "236215", "Density": "18.8", "Area": "12552.5", "PWD_A": "1093.0", "PWD_G": "139.2", "PWD_M": "110.7", "PWD_P1": "1.4", "PWD_P2": "2.3", "PWD_P3": "3.0", "PWD_P4": "3.7", "PWD_P5": "4.5", "PWD_P6": "5.2", "PWD_P7": "6.0", "PWD_P8": "7.0", "PWD_P9": "7.9", "PWD_P10": "8.9", "PWD_P11": "10.0", "PWD_P12": "11.0", "PWD_P13": "12.1", "PWD_P14": "13.3", "PWD_P15": "14.5", "PWD_P16": "15.7", "PWD_P17": "17.1", "PWD_P18": "18.5", "PWD_P19": "19.9", "PWD_P20": "21.5", "PWD_P21": "23.1", "PWD_P22": "24.8", "PWD_P23": "26.6", "PWD_P24": "28.5", "PWD_P25": "30.4", "PWD_P26": "32.5", "PWD_P27": "34.6", "PWD_P28": "36.7", "PWD_P29": "38.9", "PWD_P30": "41.1", "PWD_P31": "43.5", "PWD_P32": "46.0", "PWD_P33": "48.5", "PWD_P34": "51.0", "PWD_P35": "53.5", "PWD_P36": "56.2", "PWD_P37": "58.9", "PWD_P38": "61.6", "PWD_P39": "64.4", "PWD_P40": "67.5", "PWD_P41": "70.7", "PWD_P42": "73.9", "PWD_P43": "77.6", "PWD_P44": "81.4", "PWD_P45": "85.6", "PWD_P46": "90.1", "PWD_P47": "94.9", "PWD_P48": "99.9", "PWD_P49": "105.3", "PWD_P50": "110.7", "PWD_P51": "116.1", "PWD_P52": "121.8", "PWD_P53": "127.5", "PWD_P54": "133.9", "PWD_P55": "140.7", "PWD_P56": "148.4", "PWD_P57": "156.5", "PWD_P58": "166.1", "PWD_P59": "176.5", "PWD_P60": "187.0", "PWD_P61": "199.2", "PWD_P62": "212.4", "PWD_P63": "227.2", "PWD_P64": "242.5", "PWD_P65": "258.8", "PWD_P66": "278.3", "PWD_P67": "300.8", "PWD_P68": "327.2", "PWD_P69": "361.5", "PWD_P70": "399.3", "PWD_P71": "444.4", "PWD_P72": "503.1", "PWD_P73": "572.9", "PWD_P74": "645.1", "PWD_P75": "720.0", "PWD_P76": "788.1", "PWD_P77": "861.9", "PWD_P78": "965.0", "PWD_P79": "1065.7", "PWD_P80": "1188.7", "PWD_P81": "1326.8", "PWD_P82": "1473.2", "PWD_P83": "1713.6", "PWD_P84": "1931.9", "PWD_P85": "2164.8", "PWD_P86": "2452.8", "PWD_P87": "2792.3", "PWD_P88": "3110.6", "PWD_P89": "3495.1", "PWD_P90": "3806.5", "PWD_P91": "4160.8", "PWD_P92": "4499.9", "PWD_P93": "4968.7", "PWD_P94": "5398.4", "PWD_P95": "5695.0", "PWD_P96": "6293.1", "PWD_P97": "7201.0", "PWD_P98": "9200.5", "PWD_P99": "11420.1", "PWD_P100": "37677.9" }, "geometry": { "type": "Point", "coordinates": [ 168.042160034179688, -16.800666809082031 ] } },
{ "type": "Feature", "id": 151, "properties": { "lon": 174.2719, "lat": -39.4904, "year": "2010", "ISO": "NZL", "ISO_No": "554", "Name": "New Zealand", "PWC_Lat": "-39.4904", "PWC_Lon": "174.2719", "Pop": "4370059", "Density": "16.0", "Area": "272569.0", "PWD_A": "3017.3", "PWD_G": "1289.5", "PWD_M": "2544.2", "PWD_P1": "1.3", "PWD_P2": "3.0", "PWD_P3": "5.2", "PWD_P4": "8.5", "PWD_P5": "12.9", "PWD_P6": "18.9", "PWD_P7": "27.0", "PWD_P8": "37.4", "PWD_P9": "50.8", "PWD_P10": "68.1", "PWD_P11": "91.1", "PWD_P12": "121.1", "PWD_P13": "158.9", "PWD_P14": "206.4", "PWD_P15": "263.3", "PWD_P16": "328.3", "PWD_P17": "400.0", "PWD_P18": "476.8", "PWD_P19": "555.2", "PWD_P20": "634.9", "PWD_P21": "714.7", "PWD_P22": "796.3", "PWD_P23": "876.3", "PWD_P24": "955.5", "PWD_P25": "1033.8", "PWD_P26": "1113.9", "PWD_P27": "1188.1", "PWD_P28": "1262.8", "PWD_P29": "1337.4", "PWD_P30": "1410.9", "PWD_P31": "1479.6", "PWD_P32": "1545.7", "PWD_P33": "1611.6", "PWD_P34": "1674.3", "PWD_P35": "1738.2", "PWD_P36": "1798.6", "PWD_P37": "1857.0", "PWD_P38": "1916.0", "PWD_P39": "1972.7", "PWD_P40": "2028.6", "PWD_P41": "2084.8", "PWD_P42": "2137.8", "PWD_P43": "2189.6", "PWD_P44": "2241.6", "PWD_P45": "2292.9", "PWD_P46": "2343.9", "PWD_P47": "2394.1", "PWD_P48": "2444.1", "PWD_P49": "2494.9", "PWD_P50": "2544.2", "PWD_P51": "2593.6", "PWD_P52": "2645.8", "PWD_P53": "2692.9", "PWD_P54": "2742.9", "PWD_P55": "2792.0", "PWD_P56": "2842.9", "PWD_P57": "2892.1", "PWD_P58": "2942.7", "PWD_P59": "2993.1", "PWD_P60": "3045.3", "PWD_P61": "3094.1", "PWD_P62": "3144.0", "PWD_P63": "3193.7", "PWD_P64": "3244.7", "PWD_P65": "3297.8", "PWD_P66": "3348.6", "PWD_P67": "3402.0", "PWD_P68": "3455.1", "PWD_P69": "3510.5", "PWD_P70": "3563.9", "PWD_P71": "3618.9", "PWD_P72": "3675.3", "PWD_P73": "3735.6", "PWD_P74": "3797.1", "PWD_P75": "3857.7", "PWD_P76": "3920.2", "PWD_P77": "3986.6", "PWD_P78": "4053.3", "PWD_P79": "4116.6", "PWD_P80": "4188.9", "PWD_P81": "4267.6", "PWD_P82": "4349.5", "PWD_P83": "4440.7", "PWD_P84": "4530.7", "PWD_P85": "4636.0", "PWD_P86": "4746.7", "PWD_P87": "4872.7", "PWD_P88": "4995.3", "PWD_P89": "5143.6", "PWD_P90": "5298.7", "PWD_P91": "5486.7", "PWD_P92": "5716.8", "PWD_P93": "5971.1", "PWD_P94": "6278.1", "PWD_P95": "6696.2", "PWD_P96": "7299.8", "PWD_P97": "8221.3", "PWD_P98": "10052.2", "PWD_P99": "15555.5", "PWD_P100": "107385.6" }, "geometry": { "type": "Point", "coordinates": [ 174.2719, -39.4904 ] } },
{ "type": "Feature", "id": 152, "properties": { "lon": -85.922676086425781, "lat": 12.576421737670898, "year": "2010", "ISO": "NIC", "ISO_No": "558", "Name": "Nicaragua", "PWC_Lat": "12.5764217376709", "PWC_Lon": "-85.9226760864258", "Pop": "5824057", "Density": "48.9", "Area": "119136.3", "PWD_A": "1096.6", "PWD_G": "226.7", "PWD_M": "207.4", "PWD_P1": "5.2", "PWD_P2": "7.3", "PWD_P3": "8.9", "PWD_P4": "10.2", "PWD_P5": "11.4", "PWD_P6": "12.6", "PWD_P7": "13.7", "PWD_P8": "14.8", "PWD_P9": "15.9", "PWD_P10": "17.0", "PWD_P11": "18.1", "PWD_P12": "19.4", "PWD_P13": "20.9", "PWD_P14": "22.4", "PWD_P15": "24.1", "PWD_P16": "25.8", "PWD_P17": "27.6", "PWD_P18": "29.4", "PWD_P19": "31.3", "PWD_P20": "33.2", "PWD_P21": "35.3", "PWD_P22": "37.5", "PWD_P23": "39.7", "PWD_P24": "42.1", "PWD_P25": "44.6", "PWD_P26": "47.0", "PWD_P27": "49.6", "PWD_P28": "52.3", "PWD_P29": "55.0", "PWD_P30": "57.8", "PWD_P31": "60.6", "PWD_P32": "63.7", "PWD_P33": "67.1", "PWD_P34": "70.7", "PWD_P35": "74.8", "PWD_P36": "79.3", "PWD_P37": "84.4", "PWD_P38": "90.2", "PWD_P39": "97.0", "PWD_P40": "104.6", "PWD_P41": "113.0", "PWD_P42": "122.7", "PWD_P43": "132.5", "PWD_P44": "141.7", "PWD_P45": "151.2", "PWD_P46": "161.3", "PWD_P47": "171.8", "PWD_P48": "183.1", "PWD_P49": "194.9", "PWD_P50": "207.4", "PWD_P51": "220.5", "PWD_P52": "234.9", "PWD_P53": "251.3", "PWD_P54": "267.4", "PWD_P55": "283.4", "PWD_P56": "300.8", "PWD_P57": "320.1", "PWD_P58": "340.8", "PWD_P59": "362.8", "PWD_P60": "386.4", "PWD_P61": "412.1", "PWD_P62": "438.4", "PWD_P63": "466.1", "PWD_P64": "495.8", "PWD_P65": "529.4", "PWD_P66": "566.2", "PWD_P67": "602.7", "PWD_P68": "644.1", "PWD_P69": "694.2", "PWD_P70": "753.1", "PWD_P71": "810.6", "PWD_P72": "885.0", "PWD_P73": "965.9", "PWD_P74": "1041.3", "PWD_P75": "1117.0", "PWD_P76": "1215.6", "PWD_P77": "1326.2", "PWD_P78": "1477.7", "PWD_P79": "1609.4", "PWD_P80": "1755.3", "PWD_P81": "2055.4", "PWD_P82": "2538.0", "PWD_P83": "2875.9", "PWD_P84": "2996.5", "PWD_P85": "3502.9", "PWD_P86": "4040.9", "PWD_P87": "4403.0", "PWD_P88": "4617.4", "PWD_P89": "4734.4", "PWD_P90": "4787.0", "PWD_P91": "4841.0", "PWD_P92": "4906.3", "PWD_P93": "4955.9", "PWD_P94": "5007.1", "PWD_P95": "5065.3", "PWD_P96": "5160.8", "PWD_P97": "5286.8", "PWD_P98": "5403.5", "PWD_P99": "5583.2", "PWD_P100": "6190.8" }, "geometry": { "type": "Point", "coordinates": [ -85.922676086425781, 12.576421737670898 ] } },
{ "type": "Feature", "id": 153, "properties": { "lon": 5.9094858169555664, "lat": 13.945314407348633, "year": "2010", "ISO": "NER", "ISO_No": "562", "Name": "Niger", "PWC_Lat": "13.9453144073486", "PWC_Lon": "5.90948581695557", "Pop": "16464024", "Density": "13.9", "Area": "1187186.1", "PWD_A": "486.0", "PWD_G": "106.5", "PWD_M": "95.1", "PWD_P1": "1.3", "PWD_P2": "3.4", "PWD_P3": "5.7", "PWD_P4": "7.5", "PWD_P5": "9.0", "PWD_P6": "10.3", "PWD_P7": "11.7", "PWD_P8": "13.1", "PWD_P9": "14.5", "PWD_P10": "15.9", "PWD_P11": "17.2", "PWD_P12": "18.6", "PWD_P13": "20.0", "PWD_P14": "21.4", "PWD_P15": "22.9", "PWD_P16": "24.4", "PWD_P17": "25.8", "PWD_P18": "27.3", "PWD_P19": "28.9", "PWD_P20": "30.4", "PWD_P21": "31.9", "PWD_P22": "33.4", "PWD_P23": "35.0", "PWD_P24": "36.6", "PWD_P25": "38.3", "PWD_P26": "40.0", "PWD_P27": "41.8", "PWD_P28": "43.7", "PWD_P29": "45.6", "PWD_P30": "47.5", "PWD_P31": "49.3", "PWD_P32": "51.1", "PWD_P33": "53.0", "PWD_P34": "54.8", "PWD_P35": "56.7", "PWD_P36": "58.7", "PWD_P37": "60.7", "PWD_P38": "62.7", "PWD_P39": "64.8", "PWD_P40": "67.0", "PWD_P41": "69.3", "PWD_P42": "71.8", "PWD_P43": "74.4", "PWD_P44": "77.0", "PWD_P45": "79.8", "PWD_P46": "82.7", "PWD_P47": "85.6", "PWD_P48": "88.6", "PWD_P49": "91.8", "PWD_P50": "95.1", "PWD_P51": "98.7", "PWD_P52": "102.2", "PWD_P53": "105.8", "PWD_P54": "109.5", "PWD_P55": "113.5", "PWD_P56": "117.5", "PWD_P57": "121.5", "PWD_P58": "125.8", "PWD_P59": "130.3", "PWD_P60": "134.9", "PWD_P61": "140.0", "PWD_P62": "145.4", "PWD_P63": "150.9", "PWD_P64": "156.9", "PWD_P65": "163.5", "PWD_P66": "170.3", "PWD_P67": "177.3", "PWD_P68": "184.2", "PWD_P69": "191.2", "PWD_P70": "198.7", "PWD_P71": "207.1", "PWD_P72": "215.6", "PWD_P73": "225.0", "PWD_P74": "234.8", "PWD_P75": "245.9", "PWD_P76": "258.0", "PWD_P77": "271.6", "PWD_P78": "287.5", "PWD_P79": "304.3", "PWD_P80": "326.6", "PWD_P81": "354.2", "PWD_P82": "388.0", "PWD_P83": "424.7", "PWD_P84": "464.1", "PWD_P85": "518.6", "PWD_P86": "592.0", "PWD_P87": "668.6", "PWD_P88": "771.4", "PWD_P89": "909.4", "PWD_P90": "1079.5", "PWD_P91": "1407.9", "PWD_P92": "2208.2", "PWD_P93": "2749.7", "PWD_P94": "3363.2", "PWD_P95": "3703.8", "PWD_P96": "3841.8", "PWD_P97": "3942.5", "PWD_P98": "4298.4", "PWD_P99": "5796.7", "PWD_P100": "7313.8" }, "geometry": { "type": "Point", "coordinates": [ 5.909485816955566, 13.945314407348633 ] } },
{ "type": "Feature", "id": 154, "properties": { "lon": 7.2215189933776855, "lat": 8.6447896957397461, "year": "2010", "ISO": "NGA", "ISO_No": "566", "Name": "Nigeria", "PWC_Lat": "8.64478969573975", "PWC_Lon": "7.22151899337769", "Pop": "158503202", "Density": "175.0", "Area": "905669.4", "PWD_A": "3037.4", "PWD_G": "638.9", "PWD_M": "572.7", "PWD_P1": "17.7", "PWD_P2": "23.9", "PWD_P3": "29.7", "PWD_P4": "35.2", "PWD_P5": "40.8", "PWD_P6": "46.2", "PWD_P7": "51.6", "PWD_P8": "57.1", "PWD_P9": "62.7", "PWD_P10": "68.4", "PWD_P11": "74.3", "PWD_P12": "80.4", "PWD_P13": "86.6", "PWD_P14": "93.0", "PWD_P15": "99.5", "PWD_P16": "106.2", "PWD_P17": "112.9", "PWD_P18": "119.8", "PWD_P19": "127.0", "PWD_P20": "134.3", "PWD_P21": "141.9", "PWD_P22": "149.7", "PWD_P23": "157.7", "PWD_P24": "166.0", "PWD_P25": "174.5", "PWD_P26": "183.4", "PWD_P27": "192.6", "PWD_P28": "202.0", "PWD_P29": "212.0", "PWD_P30": "222.2", "PWD_P31": "232.9", "PWD_P32": "244.1", "PWD_P33": "255.9", "PWD_P34": "268.0", "PWD_P35": "280.7", "PWD_P36": "293.9", "PWD_P37": "307.8", "PWD_P38": "322.4", "PWD_P39": "337.6", "PWD_P40": "353.5", "PWD_P41": "370.3", "PWD_P42": "387.9", "PWD_P43": "406.4", "PWD_P44": "426.2", "PWD_P45": "447.2", "PWD_P46": "469.3", "PWD_P47": "492.7", "PWD_P48": "517.8", "PWD_P49": "544.4", "PWD_P50": "572.7", "PWD_P51": "602.4", "PWD_P52": "634.0", "PWD_P53": "667.3", "PWD_P54": "702.7", "PWD_P55": "740.2", "PWD_P56": "779.2", "PWD_P57": "820.5", "PWD_P58": "865.1", "PWD_P59": "912.8", "PWD_P60": "963.6", "PWD_P61": "1017.9", "PWD_P62": "1075.0", "PWD_P63": "1135.5", "PWD_P64": "1199.1", "PWD_P65": "1266.2", "PWD_P66": "1335.9", "PWD_P67": "1410.3", "PWD_P68": "1488.2", "PWD_P69": "1572.1", "PWD_P70": "1662.1", "PWD_P71": "1759.3", "PWD_P72": "1862.2", "PWD_P73": "1970.5", "PWD_P74": "2085.1", "PWD_P75": "2206.6", "PWD_P76": "2334.2", "PWD_P77": "2471.2", "PWD_P78": "2618.5", "PWD_P79": "2774.1", "PWD_P80": "2936.2", "PWD_P81": "3111.4", "PWD_P82": "3306.7", "PWD_P83": "3536.4", "PWD_P84": "3800.0", "PWD_P85": "4105.6", "PWD_P86": "4453.9", "PWD_P87": "4850.7", "PWD_P88": "5361.9", "PWD_P89": "5990.5", "PWD_P90": "6787.2", "PWD_P91": "7800.2", "PWD_P92": "9084.7", "PWD_P93": "10654.6", "PWD_P94": "12843.9", "PWD_P95": "15338.1", "PWD_P96": "18740.4", "PWD_P97": "22741.8", "PWD_P98": "29378.9", "PWD_P99": "40046.9", "PWD_P100": "88092.5" }, "geometry": { "type": "Point", "coordinates": [ 7.221518993377686, 8.644789695739746 ] } },
{ "type": "Feature", "id": 155, "properties": { "lon": -169.8888, "lat": -19.0612, "year": "2010", "ISO": "NIU", "ISO_No": "570", "Name": "Niue", "PWC_Lat": "-19.0612", "PWC_Lon": "-169.8888", "Pop": "1622", "Density": "6.0", "Area": "271.4", "PWD_A": "28.3", "PWD_G": "11.9", "PWD_M": "9.3", "PWD_P1": "1.3", "PWD_P2": "1.5", "PWD_P3": "1.7", "PWD_P4": "1.8", "PWD_P5": "1.9", "PWD_P6": "2.0", "PWD_P7": "2.2", "PWD_P8": "2.3", "PWD_P9": "2.5", "PWD_P10": "2.6", "PWD_P11": "2.7", "PWD_P12": "2.7", "PWD_P13": "2.8", "PWD_P14": "2.9", "PWD_P15": "2.9", "PWD_P16": "3.0", "PWD_P17": "3.1", "PWD_P18": "3.2", "PWD_P19": "3.2", "PWD_P20": "3.3", "PWD_P21": "3.4", "PWD_P22": "3.5", "PWD_P23": "3.6", "PWD_P24": "3.7", "PWD_P25": "3.8", "PWD_P26": "3.9", "PWD_P27": "4.1", "PWD_P28": "4.2", "PWD_P29": "4.3", "PWD_P30": "4.5", "PWD_P31": "4.6", "PWD_P32": "4.7", "PWD_P33": "4.9", "PWD_P34": "5.1", "PWD_P35": "5.4", "PWD_P36": "5.8", "PWD_P37": "6.1", "PWD_P38": "6.3", "PWD_P39": "6.5", "PWD_P40": "6.7", "PWD_P41": "6.9", "PWD_P42": "7.1", "PWD_P43": "7.4", "PWD_P44": "7.6", "PWD_P45": "7.8", "PWD_P46": "8.1", "PWD_P47": "8.4", "PWD_P48": "8.7", "PWD_P49": "9.0", "PWD_P50": "9.3", "PWD_P51": "9.6", "PWD_P52": "9.9", "PWD_P53": "10.3", "PWD_P54": "10.7", "PWD_P55": "11.5", "PWD_P56": "12.1", "PWD_P57": "12.9", "PWD_P58": "13.8", "PWD_P59": "14.8", "PWD_P60": "15.6", "PWD_P61": "16.5", "PWD_P62": "17.4", "PWD_P63": "18.3", "PWD_P64": "19.0", "PWD_P65": "20.1", "PWD_P66": "21.1", "PWD_P67": "22.0", "PWD_P68": "22.9", "PWD_P69": "23.7", "PWD_P70": "24.7", "PWD_P71": "25.6", "PWD_P72": "26.8", "PWD_P73": "28.2", "PWD_P74": "30.0", "PWD_P75": "33.2", "PWD_P76": "35.4", "PWD_P77": "38.5", "PWD_P78": "40.9", "PWD_P79": "43.7", "PWD_P80": "47.4", "PWD_P81": "50.6", "PWD_P82": "54.7", "PWD_P83": "58.7", "PWD_P84": "63.6", "PWD_P85": "68.3", "PWD_P86": "70.2", "PWD_P87": "74.1", "PWD_P88": "78.4", "PWD_P89": "83.4", "PWD_P90": "87.1", "PWD_P91": "91.9", "PWD_P92": "98.7", "PWD_P93": "105.7", "PWD_P94": "111.9", "PWD_P95": "117.7", "PWD_P96": "122.3", "PWD_P97": "132.6", "PWD_P98": "148.8", "PWD_P99": "188.3", "PWD_P100": "249.8" }, "geometry": { "type": "Point", "coordinates": [ -169.8888, -19.0612 ] } },
{ "type": "Feature", "id": 156, "properties": { "lon": 9.8969078063964844, "lat": 61.076251983642578, "year": "2010", "ISO": "NOR", "ISO_No": "578", "Name": "Norway", "PWC_Lat": "61.0762519836426", "PWC_Lon": "9.89690780639648", "Pop": "4885877", "Density": "15.6", "Area": "313631.3", "PWD_A": "609.2", "PWD_G": "166.2", "PWD_M": "227.5", "PWD_P1": "0.7", "PWD_P2": "1.5", "PWD_P3": "2.5", "PWD_P4": "3.8", "PWD_P5": "5.1", "PWD_P6": "6.2", "PWD_P7": "7.3", "PWD_P8": "8.4", "PWD_P9": "9.4", "PWD_P10": "10.6", "PWD_P11": "11.7", "PWD_P12": "13.0", "PWD_P13": "14.3", "PWD_P14": "15.7", "PWD_P15": "17.2", "PWD_P16": "18.8", "PWD_P17": "20.5", "PWD_P18": "22.4", "PWD_P19": "24.4", "PWD_P20": "26.5", "PWD_P21": "29.0", "PWD_P22": "31.6", "PWD_P23": "34.4", "PWD_P24": "37.6", "PWD_P25": "41.2", "PWD_P26": "45.2", "PWD_P27": "49.7", "PWD_P28": "54.7", "PWD_P29": "60.2", "PWD_P30": "66.0", "PWD_P31": "72.1", "PWD_P32": "78.6", "PWD_P33": "85.2", "PWD_P34": "91.8", "PWD_P35": "98.6", "PWD_P36": "105.5", "PWD_P37": "112.5", "PWD_P38": "119.8", "PWD_P39": "127.3", "PWD_P40": "135.0", "PWD_P41": "142.8", "PWD_P42": "150.8", "PWD_P43": "159.1", "PWD_P44": "167.5", "PWD_P45": "176.1", "PWD_P46": "185.4", "PWD_P47": "195.1", "PWD_P48": "205.4", "PWD_P49": "216.2", "PWD_P50": "227.5", "PWD_P51": "239.2", "PWD_P52": "251.2", "PWD_P53": "263.6", "PWD_P54": "276.6", "PWD_P55": "289.8", "PWD_P56": "304.0", "PWD_P57": "319.3", "PWD_P58": "335.2", "PWD_P59": "351.1", "PWD_P60": "367.4", "PWD_P61": "384.3", "PWD_P62": "402.7", "PWD_P63": "421.8", "PWD_P64": "441.3", "PWD_P65": "462.1", "PWD_P66": "483.9", "PWD_P67": "507.6", "PWD_P68": "532.1", "PWD_P69": "555.0", "PWD_P70": "577.7", "PWD_P71": "602.8", "PWD_P72": "631.0", "PWD_P73": "664.2", "PWD_P74": "702.2", "PWD_P75": "747.8", "PWD_P76": "796.0", "PWD_P77": "837.7", "PWD_P78": "881.7", "PWD_P79": "921.2", "PWD_P80": "964.0", "PWD_P81": "1015.9", "PWD_P82": "1070.2", "PWD_P83": "1120.3", "PWD_P84": "1158.2", "PWD_P85": "1192.4", "PWD_P86": "1236.5", "PWD_P87": "1326.5", "PWD_P88": "1580.2", "PWD_P89": "1968.0", "PWD_P90": "2241.3", "PWD_P91": "2436.3", "PWD_P92": "2620.2", "PWD_P93": "2777.5", "PWD_P94": "2885.0", "PWD_P95": "2973.5", "PWD_P96": "3043.6", "PWD_P97": "3104.0", "PWD_P98": "3166.4", "PWD_P99": "3248.9", "PWD_P100": "3618.4" }, "geometry": { "type": "Point", "coordinates": [ 9.896907806396484, 61.076251983642578 ] } },
{ "type": "Feature", "id": 157, "properties": { "lon": 145.7169189453125, "lat": 15.110726356506348, "year": "2010", "ISO": "MNP", "ISO_No": "580", "Name": "Northern Mariana Islands", "PWC_Lat": "15.1107263565063", "PWC_Lon": "145.716918945312", "Pop": "53971", "Density": "102.1", "Area": "528.6", "PWD_A": "1572.7", "PWD_G": "950.2", "PWD_M": "1104.1", "PWD_P1": "23.5", "PWD_P2": "46.5", "PWD_P3": "66.0", "PWD_P4": "86.9", "PWD_P5": "108.8", "PWD_P6": "133.1", "PWD_P7": "154.8", "PWD_P8": "175.7", "PWD_P9": "197.0", "PWD_P10": "218.3", "PWD_P11": "240.8", "PWD_P12": "261.6", "PWD_P13": "280.7", "PWD_P14": "299.7", "PWD_P15": "320.7", "PWD_P16": "342.3", "PWD_P17": "366.3", "PWD_P18": "387.3", "PWD_P19": "407.8", "PWD_P20": "431.0", "PWD_P21": "448.4", "PWD_P22": "467.5", "PWD_P23": "490.3", "PWD_P24": "508.1", "PWD_P25": "530.3", "PWD_P26": "549.2", "PWD_P27": "569.3", "PWD_P28": "590.5", "PWD_P29": "609.4", "PWD_P30": "633.5", "PWD_P31": "659.5", "PWD_P32": "683.0", "PWD_P33": "703.4", "PWD_P34": "727.7", "PWD_P35": "754.4", "PWD_P36": "776.1", "PWD_P37": "800.6", "PWD_P38": "822.6", "PWD_P39": "842.5", "PWD_P40": "863.4", "PWD_P41": "885.4", "PWD_P42": "907.2", "PWD_P43": "928.8", "PWD_P44": "952.0", "PWD_P45": "971.9", "PWD_P46": "995.4", "PWD_P47": "1017.3", "PWD_P48": "1044.9", "PWD_P49": "1071.1", "PWD_P50": "1104.1", "PWD_P51": "1134.0", "PWD_P52": "1161.6", "PWD_P53": "1192.6", "PWD_P54": "1220.6", "PWD_P55": "1248.5", "PWD_P56": "1278.6", "PWD_P57": "1309.7", "PWD_P58": "1347.5", "PWD_P59": "1385.6", "PWD_P60": "1428.1", "PWD_P61": "1457.4", "PWD_P62": "1490.7", "PWD_P63": "1530.9", "PWD_P64": "1575.1", "PWD_P65": "1625.4", "PWD_P66": "1663.2", "PWD_P67": "1702.7", "PWD_P68": "1758.6", "PWD_P69": "1816.6", "PWD_P70": "1878.8", "PWD_P71": "1929.2", "PWD_P72": "1987.9", "PWD_P73": "2036.8", "PWD_P74": "2091.8", "PWD_P75": "2133.7", "PWD_P76": "2188.2", "PWD_P77": "2235.5", "PWD_P78": "2304.6", "PWD_P79": "2388.6", "PWD_P80": "2466.1", "PWD_P81": "2608.0", "PWD_P82": "2717.2", "PWD_P83": "2793.9", "PWD_P84": "2904.4", "PWD_P85": "3020.7", "PWD_P86": "3104.1", "PWD_P87": "3177.4", "PWD_P88": "3254.1", "PWD_P89": "3360.0", "PWD_P90": "3469.2", "PWD_P91": "3572.7", "PWD_P92": "3647.9", "PWD_P93": "3729.9", "PWD_P94": "3853.7", "PWD_P95": "3948.3", "PWD_P96": "4087.3", "PWD_P97": "4424.9", "PWD_P98": "5388.7", "PWD_P99": "10931.4", "PWD_P100": "12745.6" }, "geometry": { "type": "Point", "coordinates": [ 145.7169189453125, 15.110726356506348 ] } },
{ "type": "Feature", "id": 158, "properties": { "lon": 153.44607543945312, "lat": 7.1875190734863281, "year": "2010", "ISO": "FSM", "ISO_No": "583", "Name": "Micronesia", "PWC_Lat": "7.18751907348633", "PWC_Lon": "153.446075439453", "Pop": "102916", "Density": "120.1", "Area": "856.9", "PWD_A": "862.1", "PWD_G": "325.2", "PWD_M": "320.3", "PWD_P1": "13.0", "PWD_P2": "19.1", "PWD_P3": "24.2", "PWD_P4": "28.1", "PWD_P5": "32.2", "PWD_P6": "36.2", "PWD_P7": "39.9", "PWD_P8": "43.8", "PWD_P9": "47.7", "PWD_P10": "52.0", "PWD_P11": "56.3", "PWD_P12": "60.8", "PWD_P13": "65.4", "PWD_P14": "70.0", "PWD_P15": "74.6", "PWD_P16": "79.4", "PWD_P17": "84.5", "PWD_P18": "89.4", "PWD_P19": "94.7", "PWD_P20": "101.2", "PWD_P21": "108.1", "PWD_P22": "115.3", "PWD_P23": "122.4", "PWD_P24": "129.0", "PWD_P25": "135.3", "PWD_P26": "141.8", "PWD_P27": "148.5", "PWD_P28": "154.5", "PWD_P29": "160.9", "PWD_P30": "167.0", "PWD_P31": "173.6", "PWD_P32": "179.6", "PWD_P33": "185.6", "PWD_P34": "191.2", "PWD_P35": "197.1", "PWD_P36": "203.9", "PWD_P37": "210.6", "PWD_P38": "217.4", "PWD_P39": "225.0", "PWD_P40": "234.3", "PWD_P41": "242.6", "PWD_P42": "251.2", "PWD_P43": "258.5", "PWD_P44": "266.1", "PWD_P45": "274.3", "PWD_P46": "282.9", "PWD_P47": "292.4", "PWD_P48": "302.0", "PWD_P49": "311.0", "PWD_P50": "320.3", "PWD_P51": "330.5", "PWD_P52": "341.1", "PWD_P53": "350.8", "PWD_P54": "360.8", "PWD_P55": "373.1", "PWD_P56": "386.0", "PWD_P57": "399.6", "PWD_P58": "411.5", "PWD_P59": "424.6", "PWD_P60": "436.3", "PWD_P61": "449.7", "PWD_P62": "464.9", "PWD_P63": "481.8", "PWD_P64": "499.8", "PWD_P65": "519.0", "PWD_P66": "539.2", "PWD_P67": "559.0", "PWD_P68": "579.4", "PWD_P69": "603.2", "PWD_P70": "621.6", "PWD_P71": "650.2", "PWD_P72": "677.7", "PWD_P73": "707.1", "PWD_P74": "737.2", "PWD_P75": "771.7", "PWD_P76": "814.0", "PWD_P77": "858.0", "PWD_P78": "909.0", "PWD_P79": "960.9", "PWD_P80": "1015.5", "PWD_P81": "1076.6", "PWD_P82": "1130.3", "PWD_P83": "1194.7", "PWD_P84": "1275.9", "PWD_P85": "1377.3", "PWD_P86": "1492.1", "PWD_P87": "1588.0", "PWD_P88": "1697.4", "PWD_P89": "1849.9", "PWD_P90": "2117.1", "PWD_P91": "2440.4", "PWD_P92": "2753.3", "PWD_P93": "3116.5", "PWD_P94": "3476.5", "PWD_P95": "3864.1", "PWD_P96": "4390.7", "PWD_P97": "4914.2", "PWD_P98": "6078.0", "PWD_P99": "8691.7", "PWD_P100": "16930.9" }, "geometry": { "type": "Point", "coordinates": [ 153.446075439453125, 7.187519073486328 ] } },
{ "type": "Feature", "id": 159, "properties": { "lon": 169.9355, "lat": 7.6848, "year": "2010", "ISO": "MHL", "ISO_No": "584", "Name": "Marshall Islands", "PWC_Lat": "7.6848", "PWC_Lon": "169.9355", "Pop": "56360", "Density": "126.0", "Area": "447.3", "PWD_A": "1130.3", "PWD_G": "473.8", "PWD_M": "517.6", "PWD_P1": "18.5", "PWD_P2": "24.2", "PWD_P3": "29.5", "PWD_P4": "34.8", "PWD_P5": "37.5", "PWD_P6": "40.3", "PWD_P7": "44.0", "PWD_P8": "47.5", "PWD_P9": "50.6", "PWD_P10": "53.1", "PWD_P11": "55.8", "PWD_P12": "58.4", "PWD_P13": "61.5", "PWD_P14": "65.1", "PWD_P15": "69.0", "PWD_P16": "72.6", "PWD_P17": "76.3", "PWD_P18": "79.7", "PWD_P19": "83.6", "PWD_P20": "88.1", "PWD_P21": "94.1", "PWD_P22": "102.8", "PWD_P23": "111.5", "PWD_P24": "116.2", "PWD_P25": "125.0", "PWD_P26": "138.6", "PWD_P27": "148.3", "PWD_P28": "154.7", "PWD_P29": "159.9", "PWD_P30": "167.7", "PWD_P31": "183.6", "PWD_P32": "199.4", "PWD_P33": "209.3", "PWD_P34": "217.3", "PWD_P35": "224.8", "PWD_P36": "238.3", "PWD_P37": "253.0", "PWD_P38": "281.2", "PWD_P39": "306.7", "PWD_P40": "327.0", "PWD_P41": "345.7", "PWD_P42": "367.7", "PWD_P43": "386.3", "PWD_P44": "402.0", "PWD_P45": "413.9", "PWD_P46": "428.1", "PWD_P47": "443.8", "PWD_P48": "455.9", "PWD_P49": "487.3", "PWD_P50": "517.6", "PWD_P51": "542.9", "PWD_P52": "580.3", "PWD_P53": "625.1", "PWD_P54": "688.3", "PWD_P55": "741.3", "PWD_P56": "796.2", "PWD_P57": "860.7", "PWD_P58": "955.7", "PWD_P59": "1021.9", "PWD_P60": "1080.2", "PWD_P61": "1137.0", "PWD_P62": "1387.5", "PWD_P63": "1522.9", "PWD_P64": "1575.7", "PWD_P65": "1609.4", "PWD_P66": "1651.7", "PWD_P67": "1698.0", "PWD_P68": "1734.3", "PWD_P69": "1769.4", "PWD_P70": "1819.7", "PWD_P71": "1890.1", "PWD_P72": "1974.5", "PWD_P73": "2025.4", "PWD_P74": "2095.8", "PWD_P75": "2152.6", "PWD_P76": "2188.4", "PWD_P77": "2247.0", "PWD_P78": "2280.7", "PWD_P79": "2311.1", "PWD_P80": "2331.8", "PWD_P81": "2360.1", "PWD_P82": "2390.9", "PWD_P83": "2410.8", "PWD_P84": "2429.6", "PWD_P85": "2471.8", "PWD_P86": "2551.8", "PWD_P87": "2706.2", "PWD_P88": "3041.2", "PWD_P89": "3117.8", "PWD_P90": "3173.1", "PWD_P91": "3199.1", "PWD_P92": "3238.3", "PWD_P93": "3265.9", "PWD_P94": "3296.0", "PWD_P95": "3331.2", "PWD_P96": "3370.8", "PWD_P97": "3412.5", "PWD_P98": "3462.6", "PWD_P99": "3545.3", "PWD_P100": "3760.4" }, "geometry": { "type": "Point", "coordinates": [ 169.9355, 7.6848 ] } },
{ "type": "Feature", "id": 160, "properties": { "lon": 134.45869445800781, "lat": 7.3273582458496094, "year": "2010", "ISO": "PLW", "ISO_No": "585", "Name": "Palau", "PWC_Lat": "7.32735824584961", "PWC_Lon": "134.458694458008", "Pop": "17954", "Density": "34.1", "Area": "527.2", "PWD_A": "254.6", "PWD_G": "94.8", "PWD_M": "64.8", "PWD_P1": "3.1", "PWD_P2": "4.0", "PWD_P3": "5.1", "PWD_P4": "6.8", "PWD_P5": "10.1", "PWD_P6": "11.3", "PWD_P7": "12.4", "PWD_P8": "13.9", "PWD_P9": "15.0", "PWD_P10": "15.9", "PWD_P11": "17.3", "PWD_P12": "19.1", "PWD_P13": "20.4", "PWD_P14": "21.5", "PWD_P15": "22.6", "PWD_P16": "23.7", "PWD_P17": "24.8", "PWD_P18": "25.8", "PWD_P19": "26.7", "PWD_P20": "27.5", "PWD_P21": "28.3", "PWD_P22": "29.2", "PWD_P23": "30.4", "PWD_P24": "31.7", "PWD_P25": "33.2", "PWD_P26": "35.0", "PWD_P27": "37.0", "PWD_P28": "39.3", "PWD_P29": "42.3", "PWD_P30": "45.7", "PWD_P31": "47.8", "PWD_P32": "49.6", "PWD_P33": "51.2", "PWD_P34": "52.6", "PWD_P35": "54.0", "PWD_P36": "54.9", "PWD_P37": "55.8", "PWD_P38": "56.5", "PWD_P39": "57.2", "PWD_P40": "57.9", "PWD_P41": "58.5", "PWD_P42": "59.2", "PWD_P43": "59.8", "PWD_P44": "60.4", "PWD_P45": "61.0", "PWD_P46": "61.7", "PWD_P47": "62.4", "PWD_P48": "63.1", "PWD_P49": "63.9", "PWD_P50": "64.8", "PWD_P51": "65.9", "PWD_P52": "67.3", "PWD_P53": "69.2", "PWD_P54": "71.7", "PWD_P55": "74.5", "PWD_P56": "77.7", "PWD_P57": "82.8", "PWD_P58": "89.5", "PWD_P59": "96.1", "PWD_P60": "103.2", "PWD_P61": "110.1", "PWD_P62": "117.2", "PWD_P63": "126.0", "PWD_P64": "133.2", "PWD_P65": "142.2", "PWD_P66": "156.2", "PWD_P67": "168.4", "PWD_P68": "182.6", "PWD_P69": "199.0", "PWD_P70": "214.0", "PWD_P71": "232.9", "PWD_P72": "257.0", "PWD_P73": "293.5", "PWD_P74": "337.2", "PWD_P75": "421.3", "PWD_P76": "472.9", "PWD_P77": "508.9", "PWD_P78": "550.2", "PWD_P79": "579.0", "PWD_P80": "601.5", "PWD_P81": "626.3", "PWD_P82": "645.2", "PWD_P83": "664.6", "PWD_P84": "695.7", "PWD_P85": "716.9", "PWD_P86": "739.1", "PWD_P87": "766.0", "PWD_P88": "793.0", "PWD_P89": "818.2", "PWD_P90": "836.8", "PWD_P91": "863.2", "PWD_P92": "886.4", "PWD_P93": "926.0", "PWD_P94": "962.8", "PWD_P95": "1025.3", "PWD_P96": "1052.7", "PWD_P97": "1099.4", "PWD_P98": "1136.7", "PWD_P99": "1170.6", "PWD_P100": "1228.7" }, "geometry": { "type": "Point", "coordinates": [ 134.458694458007812, 7.327358245849609 ] } },
{ "type": "Feature", "id": 161, "properties": { "lon": 71.4132080078125, "lat": 30.47760009765625, "year": "2010", "ISO": "PAK", "ISO_No": "586", "Name": "Pakistan", "PWC_Lat": "30.4776000976562", "PWC_Lon": "71.4132080078125", "Pop": "179424643", "Density": "206.0", "Area": "870982.2", "PWD_A": "4248.8", "PWD_G": "1049.6", "PWD_M": "779.1", "PWD_P1": "12.8", "PWD_P2": "24.5", "PWD_P3": "38.3", "PWD_P4": "54.4", "PWD_P5": "73.0", "PWD_P6": "92.5", "PWD_P7": "111.9", "PWD_P8": "131.7", "PWD_P9": "150.4", "PWD_P10": "167.9", "PWD_P11": "183.9", "PWD_P12": "199.0", "PWD_P13": "213.1", "PWD_P14": "226.5", "PWD_P15": "239.2", "PWD_P16": "250.8", "PWD_P17": "261.4", "PWD_P18": "271.3", "PWD_P19": "280.9", "PWD_P20": "290.5", "PWD_P21": "299.9", "PWD_P22": "309.3", "PWD_P23": "318.7", "PWD_P24": "328.2", "PWD_P25": "337.8", "PWD_P26": "347.7", "PWD_P27": "358.0", "PWD_P28": "368.6", "PWD_P29": "379.7", "PWD_P30": "391.2", "PWD_P31": "403.2", "PWD_P32": "415.6", "PWD_P33": "428.6", "PWD_P34": "442.1", "PWD_P35": "456.0", "PWD_P36": "470.5", "PWD_P37": "485.5", "PWD_P38": "501.1", "PWD_P39": "517.2", "PWD_P40": "534.2", "PWD_P41": "552.0", "PWD_P42": "571.0", "PWD_P43": "591.3", "PWD_P44": "612.6", "PWD_P45": "635.4", "PWD_P46": "660.0", "PWD_P47": "686.5", "PWD_P48": "715.0", "PWD_P49": "745.8", "PWD_P50": "779.1", "PWD_P51": "814.8", "PWD_P52": "853.4", "PWD_P53": "895.4", "PWD_P54": "941.1", "PWD_P55": "990.3", "PWD_P56": "1043.3", "PWD_P57": "1100.3", "PWD_P58": "1163.3", "PWD_P59": "1232.0", "PWD_P60": "1308.5", "PWD_P61": "1393.6", "PWD_P62": "1487.5", "PWD_P63": "1589.4", "PWD_P64": "1699.1", "PWD_P65": "1817.9", "PWD_P66": "1947.5", "PWD_P67": "2090.4", "PWD_P68": "2244.2", "PWD_P69": "2412.2", "PWD_P70": "2595.8", "PWD_P71": "2798.2", "PWD_P72": "3018.8", "PWD_P73": "3258.5", "PWD_P74": "3523.6", "PWD_P75": "3816.4", "PWD_P76": "4129.8", "PWD_P77": "4465.3", "PWD_P78": "4821.9", "PWD_P79": "5205.0", "PWD_P80": "5652.2", "PWD_P81": "6125.6", "PWD_P82": "6637.8", "PWD_P83": "7191.5", "PWD_P84": "7781.4", "PWD_P85": "8415.4", "PWD_P86": "9016.6", "PWD_P87": "9612.7", "PWD_P88": "10249.9", "PWD_P89": "10910.4", "PWD_P90": "11561.5", "PWD_P91": "12237.1", "PWD_P92": "13104.4", "PWD_P93": "14413.8", "PWD_P94": "18221.3", "PWD_P95": "21219.6", "PWD_P96": "25381.6", "PWD_P97": "30092.8", "PWD_P98": "38680.2", "PWD_P99": "46777.0", "PWD_P100": "68935.0" }, "geometry": { "type": "Point", "coordinates": [ 71.4132080078125, 30.47760009765625 ] } },
{ "type": "Feature", "id": 162, "properties": { "lon": -80.311470031738281, "lat": 8.7842597961425781, "year": "2010", "ISO": "PAN", "ISO_No": "591", "Name": "Panama", "PWC_Lat": "8.78425979614258", "PWC_Lon": "-80.3114700317383", "Pop": "3642690", "Density": "48.1", "Area": "75668.1", "PWD_A": "3247.0", "PWD_G": "562.8", "PWD_M": "1038.3", "PWD_P1": "3.6", "PWD_P2": "5.9", "PWD_P3": "7.8", "PWD_P4": "9.5", "PWD_P5": "10.9", "PWD_P6": "12.5", "PWD_P7": "14.2", "PWD_P8": "15.9", "PWD_P9": "17.6", "PWD_P10": "19.4", "PWD_P11": "21.2", "PWD_P12": "22.9", "PWD_P13": "24.7", "PWD_P14": "26.7", "PWD_P15": "28.8", "PWD_P16": "31.2", "PWD_P17": "33.8", "PWD_P18": "36.9", "PWD_P19": "40.2", "PWD_P20": "43.8", "PWD_P21": "47.9", "PWD_P22": "52.5", "PWD_P23": "57.9", "PWD_P24": "64.0", "PWD_P25": "70.6", "PWD_P26": "78.0", "PWD_P27": "86.2", "PWD_P28": "95.3", "PWD_P29": "105.4", "PWD_P30": "116.8", "PWD_P31": "129.8", "PWD_P32": "143.3", "PWD_P33": "159.1", "PWD_P34": "178.0", "PWD_P35": "199.9", "PWD_P36": "226.7", "PWD_P37": "256.9", "PWD_P38": "289.4", "PWD_P39": "327.5", "PWD_P40": "369.3", "PWD_P41": "415.2", "PWD_P42": "468.4", "PWD_P43": "523.4", "PWD_P44": "581.1", "PWD_P45": "645.3", "PWD_P46": "713.5", "PWD_P47": "788.0", "PWD_P48": "867.1", "PWD_P49": "952.2", "PWD_P50": "1038.3", "PWD_P51": "1128.1", "PWD_P52": "1222.7", "PWD_P53": "1323.5", "PWD_P54": "1425.2", "PWD_P55": "1531.9", "PWD_P56": "1636.2", "PWD_P57": "1742.3", "PWD_P58": "1847.2", "PWD_P59": "1957.3", "PWD_P60": "2066.2", "PWD_P61": "2168.8", "PWD_P62": "2276.1", "PWD_P63": "2388.8", "PWD_P64": "2508.0", "PWD_P65": "2620.5", "PWD_P66": "2738.3", "PWD_P67": "2861.8", "PWD_P68": "2987.2", "PWD_P69": "3117.5", "PWD_P70": "3244.7", "PWD_P71": "3371.0", "PWD_P72": "3495.7", "PWD_P73": "3614.9", "PWD_P74": "3749.1", "PWD_P75": "3887.1", "PWD_P76": "4033.7", "PWD_P77": "4192.1", "PWD_P78": "4368.8", "PWD_P79": "4539.0", "PWD_P80": "4729.0", "PWD_P81": "4929.6", "PWD_P82": "5136.1", "PWD_P83": "5367.4", "PWD_P84": "5618.1", "PWD_P85": "5903.8", "PWD_P86": "6229.5", "PWD_P87": "6635.5", "PWD_P88": "7061.7", "PWD_P89": "7569.7", "PWD_P90": "8087.6", "PWD_P91": "8662.3", "PWD_P92": "9403.0", "PWD_P93": "10107.9", "PWD_P94": "10954.6", "PWD_P95": "11962.5", "PWD_P96": "13072.0", "PWD_P97": "15022.2", "PWD_P98": "18264.7", "PWD_P99": "32393.8", "PWD_P100": "101917.1" }, "geometry": { "type": "Point", "coordinates": [ -80.311470031738281, 8.784259796142578 ] } },
{ "type": "Feature", "id": 163, "properties": { "lon": 146.05604553222656, "lat": -6.1761164665222168, "year": "2010", "ISO": "PNG", "ISO_No": "598", "Name": "Papua New Guinea", "PWC_Lat": "-6.17611646652222", "PWC_Lon": "146.056045532227", "Pop": "7310512", "Density": "15.8", "Area": "461986.1", "PWD_A": "150.7", "PWD_G": "45.4", "PWD_M": "42.9", "PWD_P1": "1.4", "PWD_P2": "2.2", "PWD_P3": "2.9", "PWD_P4": "3.4", "PWD_P5": "4.0", "PWD_P6": "4.6", "PWD_P7": "5.2", "PWD_P8": "5.8", "PWD_P9": "6.3", "PWD_P10": "6.9", "PWD_P11": "7.5", "PWD_P12": "8.1", "PWD_P13": "8.6", "PWD_P14": "9.2", "PWD_P15": "9.8", "PWD_P16": "10.3", "PWD_P17": "10.9", "PWD_P18": "11.5", "PWD_P19": "12.1", "PWD_P20": "12.7", "PWD_P21": "13.3", "PWD_P22": "14.0", "PWD_P23": "14.6", "PWD_P24": "15.3", "PWD_P25": "16.0", "PWD_P26": "16.6", "PWD_P27": "17.4", "PWD_P28": "18.1", "PWD_P29": "18.9", "PWD_P30": "19.8", "PWD_P31": "20.6", "PWD_P32": "21.5", "PWD_P33": "22.4", "PWD_P34": "23.3", "PWD_P35": "24.2", "PWD_P36": "25.2", "PWD_P37": "26.2", "PWD_P38": "27.2", "PWD_P39": "28.2", "PWD_P40": "29.3", "PWD_P41": "30.4", "PWD_P42": "31.6", "PWD_P43": "32.8", "PWD_P44": "34.2", "PWD_P45": "35.5", "PWD_P46": "36.9", "PWD_P47": "38.3", "PWD_P48": "39.7", "PWD_P49": "41.3", "PWD_P50": "42.9", "PWD_P51": "44.6", "PWD_P52": "46.3", "PWD_P53": "48.2", "PWD_P54": "50.2", "PWD_P55": "52.3", "PWD_P56": "54.5", "PWD_P57": "56.7", "PWD_P58": "58.9", "PWD_P59": "61.2", "PWD_P60": "63.6", "PWD_P61": "66.1", "PWD_P62": "68.6", "PWD_P63": "71.1", "PWD_P64": "73.7", "PWD_P65": "76.4", "PWD_P66": "79.3", "PWD_P67": "82.5", "PWD_P68": "85.8", "PWD_P69": "89.2", "PWD_P70": "93.0", "PWD_P71": "96.9", "PWD_P72": "101.1", "PWD_P73": "105.2", "PWD_P74": "109.6", "PWD_P75": "114.4", "PWD_P76": "119.1", "PWD_P77": "124.3", "PWD_P78": "130.5", "PWD_P79": "137.1", "PWD_P80": "144.4", "PWD_P81": "152.5", "PWD_P82": "161.8", "PWD_P83": "172.0", "PWD_P84": "183.0", "PWD_P85": "195.1", "PWD_P86": "210.0", "PWD_P87": "228.4", "PWD_P88": "248.9", "PWD_P89": "284.6", "PWD_P90": "336.1", "PWD_P91": "418.8", "PWD_P92": "507.0", "PWD_P93": "618.3", "PWD_P94": "768.1", "PWD_P95": "1100.8", "PWD_P96": "1221.8", "PWD_P97": "1297.1", "PWD_P98": "1371.1", "PWD_P99": "1424.5", "PWD_P100": "1538.3" }, "geometry": { "type": "Point", "coordinates": [ 146.056045532226562, -6.176116466522217 ] } },
{ "type": "Feature", "id": 164, "properties": { "lon": -56.674278259277344, "lat": -25.308687210083008, "year": "2010", "ISO": "PRY", "ISO_No": "600", "Name": "Paraguay", "PWC_Lat": "-25.308687210083", "PWC_Lon": "-56.6742782592773", "Pop": "6248017", "Density": "15.7", "Area": "397261.7", "PWD_A": "1694.2", "PWD_G": "321.9", "PWD_M": "461.9", "PWD_P1": "0.9", "PWD_P2": "2.6", "PWD_P3": "4.2", "PWD_P4": "5.5", "PWD_P5": "6.6", "PWD_P6": "7.6", "PWD_P7": "8.7", "PWD_P8": "9.8", "PWD_P9": "10.9", "PWD_P10": "12.1", "PWD_P11": "13.2", "PWD_P12": "14.5", "PWD_P13": "15.8", "PWD_P14": "17.2", "PWD_P15": "18.6", "PWD_P16": "20.1", "PWD_P17": "21.8", "PWD_P18": "23.6", "PWD_P19": "25.6", "PWD_P20": "27.9", "PWD_P21": "30.5", "PWD_P22": "33.6", "PWD_P23": "37.2", "PWD_P24": "41.6", "PWD_P25": "46.7", "PWD_P26": "52.3", "PWD_P27": "57.9", "PWD_P28": "63.2", "PWD_P29": "68.5", "PWD_P30": "73.8", "PWD_P31": "79.9", "PWD_P32": "85.9", "PWD_P33": "92.1", "PWD_P34": "98.3", "PWD_P35": "105.0", "PWD_P36": "112.2", "PWD_P37": "120.8", "PWD_P38": "131.3", "PWD_P39": "143.3", "PWD_P40": "156.6", "PWD_P41": "171.9", "PWD_P42": "189.0", "PWD_P43": "208.2", "PWD_P44": "229.7", "PWD_P45": "254.7", "PWD_P46": "284.4", "PWD_P47": "319.8", "PWD_P48": "360.3", "PWD_P49": "408.4", "PWD_P50": "461.9", "PWD_P51": "517.7", "PWD_P52": "578.4", "PWD_P53": "642.8", "PWD_P54": "712.5", "PWD_P55": "786.7", "PWD_P56": "864.9", "PWD_P57": "948.2", "PWD_P58": "1035.8", "PWD_P59": "1125.3", "PWD_P60": "1215.3", "PWD_P61": "1306.7", "PWD_P62": "1402.1", "PWD_P63": "1500.7", "PWD_P64": "1602.8", "PWD_P65": "1708.6", "PWD_P66": "1824.0", "PWD_P67": "1938.8", "PWD_P68": "2054.6", "PWD_P69": "2172.5", "PWD_P70": "2299.1", "PWD_P71": "2427.3", "PWD_P72": "2561.0", "PWD_P73": "2698.7", "PWD_P74": "2833.1", "PWD_P75": "2971.5", "PWD_P76": "3119.6", "PWD_P77": "3264.3", "PWD_P78": "3412.0", "PWD_P79": "3557.8", "PWD_P80": "3701.5", "PWD_P81": "3844.7", "PWD_P82": "3991.0", "PWD_P83": "4134.0", "PWD_P84": "4281.1", "PWD_P85": "4429.3", "PWD_P86": "4577.6", "PWD_P87": "4725.5", "PWD_P88": "4880.4", "PWD_P89": "5059.1", "PWD_P90": "5242.8", "PWD_P91": "5440.9", "PWD_P92": "5690.7", "PWD_P93": "6004.1", "PWD_P94": "6359.8", "PWD_P95": "6642.2", "PWD_P96": "6836.9", "PWD_P97": "6964.3", "PWD_P98": "7097.4", "PWD_P99": "7593.3", "PWD_P100": "8479.2" }, "geometry": { "type": "Point", "coordinates": [ -56.674278259277344, -25.308687210083008 ] } },
{ "type": "Feature", "id": 165, "properties": { "lon": -76.2573, "lat": -10.6973, "year": "2010", "ISO": "PER", "ISO_No": "604", "Name": "Peru", "PWC_Lat": "-10.6973", "PWC_Lon": "-76.2573", "Pop": "29027679", "Density": "22.6", "Area": "1285689.9", "PWD_A": "5800.5", "PWD_G": "780.4", "PWD_M": "1446.1", "PWD_P1": "1.3", "PWD_P2": "2.4", "PWD_P3": "3.6", "PWD_P4": "4.9", "PWD_P5": "6.4", "PWD_P6": "8.0", "PWD_P7": "9.6", "PWD_P8": "11.3", "PWD_P9": "13.1", "PWD_P10": "15.1", "PWD_P11": "17.3", "PWD_P12": "19.6", "PWD_P13": "22.2", "PWD_P14": "25.0", "PWD_P15": "28.0", "PWD_P16": "31.4", "PWD_P17": "35.2", "PWD_P18": "39.2", "PWD_P19": "43.7", "PWD_P20": "48.7", "PWD_P21": "54.3", "PWD_P22": "60.7", "PWD_P23": "67.7", "PWD_P24": "75.5", "PWD_P25": "84.0", "PWD_P26": "93.3", "PWD_P27": "103.2", "PWD_P28": "113.6", "PWD_P29": "124.6", "PWD_P30": "136.1", "PWD_P31": "147.9", "PWD_P32": "160.6", "PWD_P33": "174.8", "PWD_P34": "190.6", "PWD_P35": "208.6", "PWD_P36": "228.5", "PWD_P37": "252.2", "PWD_P38": "280.6", "PWD_P39": "314.8", "PWD_P40": "358.4", "PWD_P41": "410.2", "PWD_P42": "473.1", "PWD_P43": "548.5", "PWD_P44": "637.1", "PWD_P45": "734.9", "PWD_P46": "845.9", "PWD_P47": "973.7", "PWD_P48": "1117.8", "PWD_P49": "1274.6", "PWD_P50": "1446.1", "PWD_P51": "1622.5", "PWD_P52": "1801.4", "PWD_P53": "1989.9", "PWD_P54": "2198.8", "PWD_P55": "2428.4", "PWD_P56": "2688.8", "PWD_P57": "2989.0", "PWD_P58": "3312.0", "PWD_P59": "3635.4", "PWD_P60": "3946.4", "PWD_P61": "4303.2", "PWD_P62": "4672.0", "PWD_P63": "5069.4", "PWD_P64": "5463.2", "PWD_P65": "5816.4", "PWD_P66": "6177.3", "PWD_P67": "6545.5", "PWD_P68": "6921.9", "PWD_P69": "7302.6", "PWD_P70": "7702.0", "PWD_P71": "8142.8", "PWD_P72": "8607.1", "PWD_P73": "9065.3", "PWD_P74": "9509.5", "PWD_P75": "9979.6", "PWD_P76": "10458.3", "PWD_P77": "10935.8", "PWD_P78": "11479.3", "PWD_P79": "12016.2", "PWD_P80": "12554.7", "PWD_P81": "13076.0", "PWD_P82": "13673.2", "PWD_P83": "14287.2", "PWD_P84": "14873.2", "PWD_P85": "15335.0", "PWD_P86": "15789.2", "PWD_P87": "16305.6", "PWD_P88": "16869.1", "PWD_P89": "17441.3", "PWD_P90": "18040.6", "PWD_P91": "18660.7", "PWD_P92": "19274.6", "PWD_P93": "19993.1", "PWD_P94": "20673.8", "PWD_P95": "21312.5", "PWD_P96": "21915.2", "PWD_P97": "22776.9", "PWD_P98": "24151.4", "PWD_P99": "29607.8", "PWD_P100": "62498.0" }, "geometry": { "type": "Point", "coordinates": [ -76.2573, -10.6973 ] } },
{ "type": "Feature", "id": 166, "properties": { "lon": 122.45596313476562, "lat": 12.23287296295166, "year": "2010", "ISO": "PHL", "ISO_No": "608", "Name": "Philippines", "PWC_Lat": "12.2328729629517", "PWC_Lon": "122.455963134766", "Pop": "93966783", "Density": "317.2", "Area": "296205.1", "PWD_A": "13053.4", "PWD_G": "2110.7", "PWD_M": "2071.9", "PWD_P1": "24.8", "PWD_P2": "41.3", "PWD_P3": "56.4", "PWD_P4": "70.4", "PWD_P5": "84.0", "PWD_P6": "97.5", "PWD_P7": "111.2", "PWD_P8": "125.1", "PWD_P9": "139.3", "PWD_P10": "153.7", "PWD_P11": "168.6", "PWD_P12": "184.0", "PWD_P13": "199.9", "PWD_P14": "216.4", "PWD_P15": "233.6", "PWD_P16": "251.2", "PWD_P17": "269.7", "PWD_P18": "289.0", "PWD_P19": "309.2", "PWD_P20": "330.4", "PWD_P21": "352.4", "PWD_P22": "375.6", "PWD_P23": "400.0", "PWD_P24": "425.7", "PWD_P25": "452.8", "PWD_P26": "481.6", "PWD_P27": "512.0", "PWD_P28": "544.4", "PWD_P29": "578.6", "PWD_P30": "615.2", "PWD_P31": "653.9", "PWD_P32": "695.1", "PWD_P33": "738.5", "PWD_P34": "784.8", "PWD_P35": "834.5", "PWD_P36": "886.9", "PWD_P37": "942.7", "PWD_P38": "1001.9", "PWD_P39": "1064.9", "PWD_P40": "1131.8", "PWD_P41": "1203.1", "PWD_P42": "1278.3", "PWD_P43": "1358.8", "PWD_P44": "1443.5", "PWD_P45": "1533.6", "PWD_P46": "1629.7", "PWD_P47": "1731.0", "PWD_P48": "1837.7", "PWD_P49": "1951.9", "PWD_P50": "2071.9", "PWD_P51": "2198.1", "PWD_P52": "2329.8", "PWD_P53": "2470.8", "PWD_P54": "2619.6", "PWD_P55": "2777.0", "PWD_P56": "2941.1", "PWD_P57": "3116.8", "PWD_P58": "3307.4", "PWD_P59": "3508.0", "PWD_P60": "3724.2", "PWD_P61": "3958.7", "PWD_P62": "4208.2", "PWD_P63": "4476.8", "PWD_P64": "4764.7", "PWD_P65": "5067.8", "PWD_P66": "5402.3", "PWD_P67": "5756.7", "PWD_P68": "6132.4", "PWD_P69": "6538.8", "PWD_P70": "6972.4", "PWD_P71": "7443.8", "PWD_P72": "7953.6", "PWD_P73": "8514.4", "PWD_P74": "9117.2", "PWD_P75": "9779.3", "PWD_P76": "10511.0", "PWD_P77": "11295.2", "PWD_P78": "12154.6", "PWD_P79": "13102.9", "PWD_P80": "14103.4", "PWD_P81": "15188.1", "PWD_P82": "16376.5", "PWD_P83": "17646.6", "PWD_P84": "19078.9", "PWD_P85": "20655.4", "PWD_P86": "22350.2", "PWD_P87": "24174.7", "PWD_P88": "26332.8", "PWD_P89": "28760.2", "PWD_P90": "31598.7", "PWD_P91": "34858.2", "PWD_P92": "38581.3", "PWD_P93": "43177.8", "PWD_P94": "49621.9", "PWD_P95": "57504.1", "PWD_P96": "68448.2", "PWD_P97": "86052.1", "PWD_P98": "110252.6", "PWD_P99": "153090.7", "PWD_P100": "1806394.1" }, "geometry": { "type": "Point", "coordinates": [ 122.455963134765625, 12.23287296295166 ] } },
{ "type": "Feature", "id": 167, "properties": { "lon": 19.312435150146484, "lat": 51.716110229492188, "year": "2010", "ISO": "POL", "ISO_No": "616", "Name": "Poland", "PWC_Lat": "51.7161102294922", "PWC_Lon": "19.3124351501465", "Pop": "38329784", "Density": "124.8", "Area": "307116.6", "PWD_A": "1781.2", "PWD_G": "586.5", "PWD_M": "748.5", "PWD_P1": "13.4", "PWD_P2": "16.7", "PWD_P3": "19.2", "PWD_P4": "21.6", "PWD_P5": "24.0", "PWD_P6": "26.5", "PWD_P7": "29.3", "PWD_P8": "32.3", "PWD_P9": "35.6", "PWD_P10": "39.2", "PWD_P11": "43.0", "PWD_P12": "47.2", "PWD_P13": "51.7", "PWD_P14": "56.8", "PWD_P15": "62.4", "PWD_P16": "68.6", "PWD_P17": "75.3", "PWD_P18": "82.7", "PWD_P19": "90.7", "PWD_P20": "99.3", "PWD_P21": "108.6", "PWD_P22": "118.7", "PWD_P23": "129.6", "PWD_P24": "141.2", "PWD_P25": "153.6", "PWD_P26": "166.8", "PWD_P27": "180.7", "PWD_P28": "195.3", "PWD_P29": "210.5", "PWD_P30": "226.3", "PWD_P31": "242.7", "PWD_P32": "259.9", "PWD_P33": "277.7", "PWD_P34": "296.3", "PWD_P35": "315.6", "PWD_P36": "335.6", "PWD_P37": "356.5", "PWD_P38": "378.4", "PWD_P39": "401.5", "PWD_P40": "425.8", "PWD_P41": "451.0", "PWD_P42": "477.7", "PWD_P43": "505.8", "PWD_P44": "535.2", "PWD_P45": "566.4", "PWD_P46": "599.2", "PWD_P47": "633.7", "PWD_P48": "669.9", "PWD_P49": "708.4", "PWD_P50": "748.5", "PWD_P51": "790.7", "PWD_P52": "835.3", "PWD_P53": "881.9", "PWD_P54": "931.0", "PWD_P55": "982.9", "PWD_P56": "1038.3", "PWD_P57": "1096.6", "PWD_P58": "1158.3", "PWD_P59": "1223.0", "PWD_P60": "1291.2", "PWD_P61": "1363.4", "PWD_P62": "1438.8", "PWD_P63": "1518.2", "PWD_P64": "1600.8", "PWD_P65": "1687.3", "PWD_P66": "1777.0", "PWD_P67": "1868.9", "PWD_P68": "1965.7", "PWD_P69": "2063.7", "PWD_P70": "2163.8", "PWD_P71": "2265.6", "PWD_P72": "2371.7", "PWD_P73": "2480.2", "PWD_P74": "2590.8", "PWD_P75": "2705.6", "PWD_P76": "2823.4", "PWD_P77": "2945.8", "PWD_P78": "3073.5", "PWD_P79": "3209.0", "PWD_P80": "3348.4", "PWD_P81": "3492.4", "PWD_P82": "3640.3", "PWD_P83": "3796.5", "PWD_P84": "3959.0", "PWD_P85": "4127.8", "PWD_P86": "4302.1", "PWD_P87": "4482.0", "PWD_P88": "4660.2", "PWD_P89": "4863.4", "PWD_P90": "5091.4", "PWD_P91": "5334.3", "PWD_P92": "5591.8", "PWD_P93": "5879.0", "PWD_P94": "6176.2", "PWD_P95": "6511.2", "PWD_P96": "6892.5", "PWD_P97": "7381.6", "PWD_P98": "8285.0", "PWD_P99": "10239.4", "PWD_P100": "14621.5" }, "geometry": { "type": "Point", "coordinates": [ 19.312435150146484, 51.716110229492188 ] } },
{ "type": "Feature", "id": 168, "properties": { "lon": -9.2073526382446289, "lat": 39.694725036621094, "year": "2010", "ISO": "PRT", "ISO_No": "620", "Name": "Portugal", "PWC_Lat": "39.6947250366211", "PWC_Lon": "-9.20735263824463", "Pop": "10596054", "Density": "115.9", "Area": "91423.6", "PWD_A": "9161.2", "PWD_G": "3034.4", "PWD_M": "3445.7", "PWD_P1": "23.6", "PWD_P2": "56.2", "PWD_P3": "88.3", "PWD_P4": "120.0", "PWD_P5": "152.0", "PWD_P6": "184.7", "PWD_P7": "218.1", "PWD_P8": "252.3", "PWD_P9": "287.3", "PWD_P10": "322.3", "PWD_P11": "358.5", "PWD_P12": "395.2", "PWD_P13": "432.7", "PWD_P14": "470.7", "PWD_P15": "510.1", "PWD_P16": "550.2", "PWD_P17": "591.2", "PWD_P18": "632.1", "PWD_P19": "675.1", "PWD_P20": "718.4", "PWD_P21": "762.5", "PWD_P22": "807.7", "PWD_P23": "855.9", "PWD_P24": "905.2", "PWD_P25": "954.5", "PWD_P26": "1008.3", "PWD_P27": "1062.7", "PWD_P28": "1119.4", "PWD_P29": "1179.1", "PWD_P30": "1239.3", "PWD_P31": "1303.5", "PWD_P32": "1371.9", "PWD_P33": "1442.8", "PWD_P34": "1518.4", "PWD_P35": "1597.6", "PWD_P36": "1682.4", "PWD_P37": "1769.0", "PWD_P38": "1863.0", "PWD_P39": "1961.8", "PWD_P40": "2063.0", "PWD_P41": "2172.0", "PWD_P42": "2287.0", "PWD_P43": "2405.9", "PWD_P44": "2531.6", "PWD_P45": "2667.0", "PWD_P46": "2807.0", "PWD_P47": "2956.8", "PWD_P48": "3114.1", "PWD_P49": "3277.4", "PWD_P50": "3445.7", "PWD_P51": "3625.1", "PWD_P52": "3812.8", "PWD_P53": "4012.1", "PWD_P54": "4219.4", "PWD_P55": "4453.1", "PWD_P56": "4687.1", "PWD_P57": "4925.8", "PWD_P58": "5175.8", "PWD_P59": "5442.6", "PWD_P60": "5723.5", "PWD_P61": "6015.8", "PWD_P62": "6328.5", "PWD_P63": "6647.2", "PWD_P64": "6998.8", "PWD_P65": "7368.0", "PWD_P66": "7756.8", "PWD_P67": "8150.7", "PWD_P68": "8595.7", "PWD_P69": "9042.7", "PWD_P70": "9485.0", "PWD_P71": "9953.8", "PWD_P72": "10444.8", "PWD_P73": "10984.5", "PWD_P74": "11552.0", "PWD_P75": "12122.0", "PWD_P76": "12742.4", "PWD_P77": "13378.6", "PWD_P78": "14048.9", "PWD_P79": "14723.3", "PWD_P80": "15474.1", "PWD_P81": "16299.5", "PWD_P82": "17201.9", "PWD_P83": "18040.9", "PWD_P84": "19068.3", "PWD_P85": "20089.1", "PWD_P86": "21185.9", "PWD_P87": "22288.2", "PWD_P88": "23544.9", "PWD_P89": "24948.6", "PWD_P90": "26306.2", "PWD_P91": "27882.9", "PWD_P92": "29681.4", "PWD_P93": "31698.5", "PWD_P94": "33870.8", "PWD_P95": "36352.1", "PWD_P96": "39874.1", "PWD_P97": "43942.0", "PWD_P98": "50094.3", "PWD_P99": "60136.7", "PWD_P100": "161808.3" }, "geometry": { "type": "Point", "coordinates": [ -9.207352638244629, 39.694725036621094 ] } },
{ "type": "Feature", "id": 169, "properties": { "lon": -15.252201080322266, "lat": 12.020796775817871, "year": "2010", "ISO": "GNB", "ISO_No": "624", "Name": "Guinea-Bissau", "PWC_Lat": "12.0207967758179", "PWC_Lon": "-15.2522010803223", "Pop": "1522602", "Density": "45.3", "Area": "33636.4", "PWD_A": "1395.6", "PWD_G": "157.4", "PWD_M": "63.2", "PWD_P1": "9.1", "PWD_P2": "11.8", "PWD_P3": "13.0", "PWD_P4": "14.2", "PWD_P5": "15.3", "PWD_P6": "16.3", "PWD_P7": "17.1", "PWD_P8": "18.0", "PWD_P9": "18.8", "PWD_P10": "19.6", "PWD_P11": "20.4", "PWD_P12": "21.2", "PWD_P13": "22.0", "PWD_P14": "22.7", "PWD_P15": "23.4", "PWD_P16": "24.2", "PWD_P17": "24.9", "PWD_P18": "25.6", "PWD_P19": "26.3", "PWD_P20": "27.1", "PWD_P21": "27.8", "PWD_P22": "28.6", "PWD_P23": "29.4", "PWD_P24": "30.2", "PWD_P25": "31.1", "PWD_P26": "31.9", "PWD_P27": "32.8", "PWD_P28": "33.8", "PWD_P29": "34.8", "PWD_P30": "35.8", "PWD_P31": "36.8", "PWD_P32": "37.9", "PWD_P33": "39.0", "PWD_P34": "40.2", "PWD_P35": "41.3", "PWD_P36": "42.4", "PWD_P37": "43.6", "PWD_P38": "44.9", "PWD_P39": "46.2", "PWD_P40": "47.6", "PWD_P41": "49.0", "PWD_P42": "50.4", "PWD_P43": "52.0", "PWD_P44": "53.5", "PWD_P45": "55.0", "PWD_P46": "56.6", "PWD_P47": "58.2", "PWD_P48": "59.9", "PWD_P49": "61.5", "PWD_P50": "63.2", "PWD_P51": "65.1", "PWD_P52": "67.2", "PWD_P53": "69.5", "PWD_P54": "71.9", "PWD_P55": "74.4", "PWD_P56": "77.5", "PWD_P57": "81.0", "PWD_P58": "84.7", "PWD_P59": "88.9", "PWD_P60": "94.0", "PWD_P61": "100.1", "PWD_P62": "106.7", "PWD_P63": "115.0", "PWD_P64": "123.1", "PWD_P65": "133.7", "PWD_P66": "146.2", "PWD_P67": "161.0", "PWD_P68": "179.8", "PWD_P69": "199.4", "PWD_P70": "226.6", "PWD_P71": "281.6", "PWD_P72": "340.7", "PWD_P73": "420.7", "PWD_P74": "769.0", "PWD_P75": "1643.2", "PWD_P76": "2409.9", "PWD_P77": "3290.6", "PWD_P78": "3846.3", "PWD_P79": "4172.2", "PWD_P80": "4433.9", "PWD_P81": "4566.6", "PWD_P82": "4663.2", "PWD_P83": "4742.7", "PWD_P84": "4906.1", "PWD_P85": "5073.6", "PWD_P86": "5182.0", "PWD_P87": "5314.4", "PWD_P88": "5441.3", "PWD_P89": "5591.4", "PWD_P90": "5762.7", "PWD_P91": "5903.5", "PWD_P92": "6087.6", "PWD_P93": "6313.5", "PWD_P94": "6464.5", "PWD_P95": "6585.8", "PWD_P96": "6662.4", "PWD_P97": "6756.3", "PWD_P98": "6917.2", "PWD_P99": "7229.2", "PWD_P100": "7645.2" }, "geometry": { "type": "Point", "coordinates": [ -15.252201080322266, 12.020796775817871 ] } },
{ "type": "Feature", "id": 170, "properties": { "lon": 125.66778564453125, "lat": -8.7721633911132812, "year": "2010", "ISO": "TLS", "ISO_No": "626", "Name": "East Timor", "PWC_Lat": "-8.77216339111328", "PWC_Lon": "125.667785644531", "Pop": "1093517", "Density": "73.1", "Area": "14966.9", "PWD_A": "1257.8", "PWD_G": "235.8", "PWD_M": "164.0", "PWD_P1": "9.8", "PWD_P2": "12.8", "PWD_P3": "14.9", "PWD_P4": "17.1", "PWD_P5": "19.2", "PWD_P6": "21.2", "PWD_P7": "23.1", "PWD_P8": "24.9", "PWD_P9": "26.9", "PWD_P10": "29.0", "PWD_P11": "31.1", "PWD_P12": "33.3", "PWD_P13": "35.3", "PWD_P14": "37.3", "PWD_P15": "39.1", "PWD_P16": "41.1", "PWD_P17": "43.2", "PWD_P18": "45.3", "PWD_P19": "47.4", "PWD_P20": "49.5", "PWD_P21": "51.7", "PWD_P22": "53.8", "PWD_P23": "55.9", "PWD_P24": "58.1", "PWD_P25": "60.4", "PWD_P26": "62.9", "PWD_P27": "65.6", "PWD_P28": "68.6", "PWD_P29": "71.8", "PWD_P30": "75.0", "PWD_P31": "78.2", "PWD_P32": "81.4", "PWD_P33": "84.6", "PWD_P34": "87.8", "PWD_P35": "91.0", "PWD_P36": "94.4", "PWD_P37": "98.1", "PWD_P38": "102.3", "PWD_P39": "106.7", "PWD_P40": "111.4", "PWD_P41": "116.2", "PWD_P42": "120.9", "PWD_P43": "125.8", "PWD_P44": "130.6", "PWD_P45": "135.7", "PWD_P46": "141.1", "PWD_P47": "146.6", "PWD_P48": "152.1", "PWD_P49": "157.9", "PWD_P50": "164.0", "PWD_P51": "170.5", "PWD_P52": "177.4", "PWD_P53": "185.0", "PWD_P54": "192.7", "PWD_P55": "201.5", "PWD_P56": "210.8", "PWD_P57": "219.6", "PWD_P58": "229.1", "PWD_P59": "239.1", "PWD_P60": "250.0", "PWD_P61": "261.4", "PWD_P62": "273.6", "PWD_P63": "286.9", "PWD_P64": "302.6", "PWD_P65": "320.3", "PWD_P66": "340.8", "PWD_P67": "361.0", "PWD_P68": "386.0", "PWD_P69": "415.9", "PWD_P70": "447.6", "PWD_P71": "483.1", "PWD_P72": "529.2", "PWD_P73": "578.5", "PWD_P74": "630.9", "PWD_P75": "693.8", "PWD_P76": "756.2", "PWD_P77": "864.9", "PWD_P78": "1029.0", "PWD_P79": "1219.4", "PWD_P80": "1392.1", "PWD_P81": "1779.7", "PWD_P82": "2114.5", "PWD_P83": "2435.9", "PWD_P84": "2781.3", "PWD_P85": "3071.6", "PWD_P86": "3413.0", "PWD_P87": "3747.3", "PWD_P88": "4215.0", "PWD_P89": "4635.6", "PWD_P90": "5057.8", "PWD_P91": "5438.4", "PWD_P92": "5749.7", "PWD_P93": "6014.8", "PWD_P94": "6539.1", "PWD_P95": "7230.2", "PWD_P96": "7928.1", "PWD_P97": "8485.1", "PWD_P98": "10287.5", "PWD_P99": "11351.1", "PWD_P100": "14239.2" }, "geometry": { "type": "Point", "coordinates": [ 125.66778564453125, -8.772163391113281 ] } },
{ "type": "Feature", "id": 171, "properties": { "lon": -66.347427368164062, "lat": 18.280410766601562, "year": "2010", "ISO": "PRI", "ISO_No": "630", "Name": "Puerto Rico", "PWC_Lat": "18.2804107666016", "PWC_Lon": "-66.3474273681641", "Pop": "3579842", "Density": "397.0", "Area": "9018.3", "PWD_A": "4371.4", "PWD_G": "2040.7", "PWD_M": "2614.0", "PWD_P1": "35.2", "PWD_P2": "57.6", "PWD_P3": "79.5", "PWD_P4": "102.3", "PWD_P5": "127.3", "PWD_P6": "154.6", "PWD_P7": "183.9", "PWD_P8": "215.4", "PWD_P9": "247.8", "PWD_P10": "283.2", "PWD_P11": "319.8", "PWD_P12": "356.7", "PWD_P13": "394.5", "PWD_P14": "432.5", "PWD_P15": "471.1", "PWD_P16": "509.5", "PWD_P17": "548.2", "PWD_P18": "588.6", "PWD_P19": "628.1", "PWD_P20": "670.1", "PWD_P21": "711.2", "PWD_P22": "753.9", "PWD_P23": "798.2", "PWD_P24": "842.3", "PWD_P25": "888.2", "PWD_P26": "937.3", "PWD_P27": "985.0", "PWD_P28": "1035.0", "PWD_P29": "1086.8", "PWD_P30": "1140.8", "PWD_P31": "1193.6", "PWD_P32": "1250.4", "PWD_P33": "1306.0", "PWD_P34": "1364.8", "PWD_P35": "1426.6", "PWD_P36": "1491.3", "PWD_P37": "1552.4", "PWD_P38": "1619.8", "PWD_P39": "1686.8", "PWD_P40": "1761.6", "PWD_P41": "1837.6", "PWD_P42": "1913.2", "PWD_P43": "1995.2", "PWD_P44": "2072.1", "PWD_P45": "2154.8", "PWD_P46": "2240.6", "PWD_P47": "2332.7", "PWD_P48": "2425.8", "PWD_P49": "2521.3", "PWD_P50": "2614.0", "PWD_P51": "2709.9", "PWD_P52": "2813.8", "PWD_P53": "2907.1", "PWD_P54": "3007.3", "PWD_P55": "3108.2", "PWD_P56": "3208.6", "PWD_P57": "3307.7", "PWD_P58": "3418.9", "PWD_P59": "3533.8", "PWD_P60": "3651.5", "PWD_P61": "3764.7", "PWD_P62": "3880.1", "PWD_P63": "4000.0", "PWD_P64": "4117.1", "PWD_P65": "4235.3", "PWD_P66": "4358.0", "PWD_P67": "4476.1", "PWD_P68": "4609.4", "PWD_P69": "4745.5", "PWD_P70": "4889.9", "PWD_P71": "5050.7", "PWD_P72": "5188.6", "PWD_P73": "5348.3", "PWD_P74": "5516.7", "PWD_P75": "5673.9", "PWD_P76": "5862.3", "PWD_P77": "6040.2", "PWD_P78": "6249.1", "PWD_P79": "6474.1", "PWD_P80": "6704.0", "PWD_P81": "6955.7", "PWD_P82": "7195.0", "PWD_P83": "7450.5", "PWD_P84": "7776.2", "PWD_P85": "8083.4", "PWD_P86": "8415.4", "PWD_P87": "8821.0", "PWD_P88": "9189.8", "PWD_P89": "9649.5", "PWD_P90": "10118.9", "PWD_P91": "10728.3", "PWD_P92": "11323.3", "PWD_P93": "12057.6", "PWD_P94": "12853.5", "PWD_P95": "13890.8", "PWD_P96": "15328.0", "PWD_P97": "17225.1", "PWD_P98": "20248.0", "PWD_P99": "27262.4", "PWD_P100": "113912.6" }, "geometry": { "type": "Point", "coordinates": [ -66.347427368164062, 18.280410766601562 ] } },
{ "type": "Feature", "id": 172, "properties": { "lon": 51.459480285644531, "lat": 25.324893951416016, "year": "2010", "ISO": "QAT", "ISO_No": "634", "Name": "Qatar", "PWC_Lat": "25.324893951416", "PWC_Lon": "51.4594802856445", "Pop": "1856328", "Density": "164.2", "Area": "11305.1", "PWD_A": "7676.3", "PWD_G": "2514.5", "PWD_M": "4095.9", "PWD_P1": "14.8", "PWD_P2": "32.8", "PWD_P3": "57.4", "PWD_P4": "78.6", "PWD_P5": "97.9", "PWD_P6": "117.7", "PWD_P7": "136.8", "PWD_P8": "156.7", "PWD_P9": "175.1", "PWD_P10": "193.6", "PWD_P11": "211.3", "PWD_P12": "229.5", "PWD_P13": "248.1", "PWD_P14": "268.0", "PWD_P15": "287.4", "PWD_P16": "306.7", "PWD_P17": "326.8", "PWD_P18": "348.1", "PWD_P19": "373.0", "PWD_P20": "400.5", "PWD_P21": "430.0", "PWD_P22": "463.6", "PWD_P23": "502.7", "PWD_P24": "544.4", "PWD_P25": "589.0", "PWD_P26": "636.4", "PWD_P27": "687.0", "PWD_P28": "741.6", "PWD_P29": "801.4", "PWD_P30": "865.0", "PWD_P31": "934.8", "PWD_P32": "1002.6", "PWD_P33": "1074.6", "PWD_P34": "1162.3", "PWD_P35": "1275.5", "PWD_P36": "1411.5", "PWD_P37": "1559.1", "PWD_P38": "1721.5", "PWD_P39": "1877.6", "PWD_P40": "2032.2", "PWD_P41": "2207.5", "PWD_P42": "2390.2", "PWD_P43": "2605.9", "PWD_P44": "2831.7", "PWD_P45": "3065.0", "PWD_P46": "3265.6", "PWD_P47": "3488.3", "PWD_P48": "3698.5", "PWD_P49": "3889.9", "PWD_P50": "4095.9", "PWD_P51": "4321.5", "PWD_P52": "4545.0", "PWD_P53": "4772.5", "PWD_P54": "4981.7", "PWD_P55": "5184.1", "PWD_P56": "5389.2", "PWD_P57": "5625.6", "PWD_P58": "5840.0", "PWD_P59": "6073.7", "PWD_P60": "6332.6", "PWD_P61": "6589.5", "PWD_P62": "6868.5", "PWD_P63": "7145.9", "PWD_P64": "7473.4", "PWD_P65": "7747.2", "PWD_P66": "8078.1", "PWD_P67": "8432.7", "PWD_P68": "8814.7", "PWD_P69": "9246.3", "PWD_P70": "9716.1", "PWD_P71": "10238.5", "PWD_P72": "10733.3", "PWD_P73": "11219.8", "PWD_P74": "11610.3", "PWD_P75": "12056.9", "PWD_P76": "12528.2", "PWD_P77": "12994.7", "PWD_P78": "13505.8", "PWD_P79": "14059.2", "PWD_P80": "14508.2", "PWD_P81": "14958.8", "PWD_P82": "15341.5", "PWD_P83": "15846.4", "PWD_P84": "16422.9", "PWD_P85": "17079.3", "PWD_P86": "17779.2", "PWD_P87": "18599.2", "PWD_P88": "19189.8", "PWD_P89": "20071.7", "PWD_P90": "20940.1", "PWD_P91": "21692.7", "PWD_P92": "22552.6", "PWD_P93": "23256.4", "PWD_P94": "24611.7", "PWD_P95": "25928.2", "PWD_P96": "27388.1", "PWD_P97": "29864.8", "PWD_P98": "35013.8", "PWD_P99": "43485.8", "PWD_P100": "56206.7" }, "geometry": { "type": "Point", "coordinates": [ 51.459480285644531, 25.324893951416016 ] } },
{ "type": "Feature", "id": 173, "properties": { "lon": 55.471450805664062, "lat": -21.090826034545898, "year": "2010", "ISO": "REU", "ISO_No": "638", "Name": "Reunion", "PWC_Lat": "-21.0908260345459", "PWC_Lon": "55.4714508056641", "Pop": "830507", "Density": "331.0", "Area": "2509.3", "PWD_A": "777.4", "PWD_G": "555.6", "PWD_M": "632.0", "PWD_P1": "40.5", "PWD_P2": "57.3", "PWD_P3": "69.0", "PWD_P4": "80.5", "PWD_P5": "95.4", "PWD_P6": "109.5", "PWD_P7": "126.7", "PWD_P8": "144.5", "PWD_P9": "160.1", "PWD_P10": "172.4", "PWD_P11": "184.7", "PWD_P12": "199.2", "PWD_P13": "211.7", "PWD_P14": "222.9", "PWD_P15": "233.4", "PWD_P16": "243.6", "PWD_P17": "253.2", "PWD_P18": "262.8", "PWD_P19": "272.5", "PWD_P20": "282.2", "PWD_P21": "291.9", "PWD_P22": "301.2", "PWD_P23": "311.0", "PWD_P24": "320.6", "PWD_P25": "330.8", "PWD_P26": "341.4", "PWD_P27": "351.8", "PWD_P28": "362.1", "PWD_P29": "372.5", "PWD_P30": "382.4", "PWD_P31": "393.2", "PWD_P32": "403.4", "PWD_P33": "413.8", "PWD_P34": "424.9", "PWD_P35": "436.5", "PWD_P36": "449.2", "PWD_P37": "463.2", "PWD_P38": "476.5", "PWD_P39": "488.8", "PWD_P40": "501.0", "PWD_P41": "512.9", "PWD_P42": "525.0", "PWD_P43": "538.1", "PWD_P44": "550.8", "PWD_P45": "564.2", "PWD_P46": "578.5", "PWD_P47": "592.8", "PWD_P48": "606.0", "PWD_P49": "619.1", "PWD_P50": "632.0", "PWD_P51": "644.9", "PWD_P52": "657.1", "PWD_P53": "669.4", "PWD_P54": "682.3", "PWD_P55": "695.0", "PWD_P56": "707.0", "PWD_P57": "719.6", "PWD_P58": "732.0", "PWD_P59": "744.5", "PWD_P60": "758.2", "PWD_P61": "773.6", "PWD_P62": "789.4", "PWD_P63": "803.9", "PWD_P64": "817.5", "PWD_P65": "830.1", "PWD_P66": "842.2", "PWD_P67": "854.3", "PWD_P68": "866.7", "PWD_P69": "880.5", "PWD_P70": "897.9", "PWD_P71": "919.9", "PWD_P72": "941.7", "PWD_P73": "962.6", "PWD_P74": "983.8", "PWD_P75": "1005.6", "PWD_P76": "1029.0", "PWD_P77": "1054.6", "PWD_P78": "1089.1", "PWD_P79": "1130.8", "PWD_P80": "1170.1", "PWD_P81": "1212.0", "PWD_P82": "1256.0", "PWD_P83": "1301.0", "PWD_P84": "1353.1", "PWD_P85": "1405.4", "PWD_P86": "1463.9", "PWD_P87": "1532.4", "PWD_P88": "1587.7", "PWD_P89": "1640.3", "PWD_P90": "1688.2", "PWD_P91": "1734.1", "PWD_P92": "1786.1", "PWD_P93": "1854.9", "PWD_P94": "1938.3", "PWD_P95": "2040.1", "PWD_P96": "2245.8", "PWD_P97": "2367.6", "PWD_P98": "2498.9", "PWD_P99": "2753.0", "PWD_P100": "3115.1" }, "geometry": { "type": "Point", "coordinates": [ 55.471450805664062, -21.090826034545898 ] } },
{ "type": "Feature", "id": 174, "properties": { "lon": 25.23701286315918, "lat": 45.689727783203125, "year": "2010", "ISO": "ROU", "ISO_No": "642", "Name": "Romania", "PWC_Lat": "45.6897277832031", "PWC_Lon": "25.2370128631592", "Pop": "20471859", "Density": "87.2", "Area": "234887.1", "PWD_A": "2818.7", "PWD_G": "535.1", "PWD_M": "501.4", "PWD_P1": "8.0", "PWD_P2": "11.7", "PWD_P3": "14.8", "PWD_P4": "17.9", "PWD_P5": "20.7", "PWD_P6": "23.5", "PWD_P7": "26.1", "PWD_P8": "28.7", "PWD_P9": "31.2", "PWD_P10": "33.7", "PWD_P11": "36.2", "PWD_P12": "38.6", "PWD_P13": "41.1", "PWD_P14": "43.7", "PWD_P15": "46.4", "PWD_P16": "49.2", "PWD_P17": "52.0", "PWD_P18": "55.0", "PWD_P19": "58.0", "PWD_P20": "61.3", "PWD_P21": "64.8", "PWD_P22": "68.5", "PWD_P23": "72.4", "PWD_P24": "76.8", "PWD_P25": "81.5", "PWD_P26": "86.5", "PWD_P27": "92.1", "PWD_P28": "98.1", "PWD_P29": "104.7", "PWD_P30": "111.9", "PWD_P31": "119.6", "PWD_P32": "128.0", "PWD_P33": "137.2", "PWD_P34": "147.1", "PWD_P35": "158.1", "PWD_P36": "169.8", "PWD_P37": "182.6", "PWD_P38": "196.4", "PWD_P39": "211.4", "PWD_P40": "227.8", "PWD_P41": "245.6", "PWD_P42": "264.9", "PWD_P43": "285.8", "PWD_P44": "309.0", "PWD_P45": "334.9", "PWD_P46": "362.9", "PWD_P47": "393.5", "PWD_P48": "426.6", "PWD_P49": "462.5", "PWD_P50": "501.4", "PWD_P51": "543.6", "PWD_P52": "589.8", "PWD_P53": "640.9", "PWD_P54": "696.6", "PWD_P55": "759.0", "PWD_P56": "829.2", "PWD_P57": "906.6", "PWD_P58": "991.3", "PWD_P59": "1086.6", "PWD_P60": "1189.6", "PWD_P61": "1303.0", "PWD_P62": "1424.5", "PWD_P63": "1555.0", "PWD_P64": "1697.4", "PWD_P65": "1852.8", "PWD_P66": "2018.4", "PWD_P67": "2197.7", "PWD_P68": "2391.7", "PWD_P69": "2599.7", "PWD_P70": "2814.4", "PWD_P71": "3033.0", "PWD_P72": "3274.0", "PWD_P73": "3522.3", "PWD_P74": "3815.0", "PWD_P75": "4105.4", "PWD_P76": "4397.2", "PWD_P77": "4737.6", "PWD_P78": "5002.1", "PWD_P79": "5312.4", "PWD_P80": "5696.6", "PWD_P81": "6016.1", "PWD_P82": "6285.1", "PWD_P83": "6614.2", "PWD_P84": "6975.1", "PWD_P85": "7328.7", "PWD_P86": "7624.9", "PWD_P87": "7849.5", "PWD_P88": "8231.9", "PWD_P89": "8501.8", "PWD_P90": "8696.9", "PWD_P91": "9001.7", "PWD_P92": "9506.5", "PWD_P93": "10765.3", "PWD_P94": "12266.5", "PWD_P95": "14060.5", "PWD_P96": "15659.6", "PWD_P97": "16250.6", "PWD_P98": "16698.8", "PWD_P99": "16999.1", "PWD_P100": "17685.3" }, "geometry": { "type": "Point", "coordinates": [ 25.23701286315918, 45.689727783203125 ] } },
{ "type": "Feature", "id": 175, "properties": { "lon": 29.850469589233398, "lat": -1.9967769384384155, "year": "2010", "ISO": "RWA", "ISO_No": "646", "Name": "Rwanda", "PWC_Lat": "-1.99677693843842", "PWC_Lon": "29.8504695892334", "Pop": "10039338", "Density": "420.4", "Area": "23880.7", "PWD_A": "1137.6", "PWD_G": "627.2", "PWD_M": "511.9", "PWD_P1": "106.1", "PWD_P2": "155.7", "PWD_P3": "188.8", "PWD_P4": "209.7", "PWD_P5": "226.0", "PWD_P6": "240.1", "PWD_P7": "252.1", "PWD_P8": "262.9", "PWD_P9": "272.1", "PWD_P10": "280.5", "PWD_P11": "288.0", "PWD_P12": "295.0", "PWD_P13": "301.6", "PWD_P14": "308.0", "PWD_P15": "314.3", "PWD_P16": "320.4", "PWD_P17": "326.3", "PWD_P18": "331.9", "PWD_P19": "337.3", "PWD_P20": "342.7", "PWD_P21": "348.1", "PWD_P22": "353.3", "PWD_P23": "358.4", "PWD_P24": "363.4", "PWD_P25": "368.3", "PWD_P26": "373.1", "PWD_P27": "377.9", "PWD_P28": "382.7", "PWD_P29": "387.7", "PWD_P30": "392.6", "PWD_P31": "397.6", "PWD_P32": "402.7", "PWD_P33": "408.0", "PWD_P34": "413.5", "PWD_P35": "419.1", "PWD_P36": "424.8", "PWD_P37": "430.4", "PWD_P38": "436.0", "PWD_P39": "441.8", "PWD_P40": "447.6", "PWD_P41": "453.5", "PWD_P42": "459.5", "PWD_P43": "465.7", "PWD_P44": "472.0", "PWD_P45": "478.4", "PWD_P46": "485.1", "PWD_P47": "491.6", "PWD_P48": "498.2", "PWD_P49": "504.9", "PWD_P50": "511.9", "PWD_P51": "519.1", "PWD_P52": "526.4", "PWD_P53": "534.0", "PWD_P54": "542.0", "PWD_P55": "550.5", "PWD_P56": "559.4", "PWD_P57": "568.6", "PWD_P58": "578.6", "PWD_P59": "589.3", "PWD_P60": "600.5", "PWD_P61": "612.0", "PWD_P62": "623.9", "PWD_P63": "636.3", "PWD_P64": "649.4", "PWD_P65": "662.9", "PWD_P66": "677.6", "PWD_P67": "692.6", "PWD_P68": "708.7", "PWD_P69": "725.1", "PWD_P70": "742.3", "PWD_P71": "760.2", "PWD_P72": "778.9", "PWD_P73": "799.5", "PWD_P74": "822.8", "PWD_P75": "848.3", "PWD_P76": "876.7", "PWD_P77": "906.1", "PWD_P78": "937.6", "PWD_P79": "971.4", "PWD_P80": "1008.5", "PWD_P81": "1051.0", "PWD_P82": "1100.7", "PWD_P83": "1159.8", "PWD_P84": "1223.8", "PWD_P85": "1295.9", "PWD_P86": "1380.2", "PWD_P87": "1493.2", "PWD_P88": "1637.7", "PWD_P89": "1837.5", "PWD_P90": "2090.8", "PWD_P91": "2383.5", "PWD_P92": "2784.2", "PWD_P93": "3273.1", "PWD_P94": "3836.1", "PWD_P95": "4536.5", "PWD_P96": "5317.9", "PWD_P97": "6208.3", "PWD_P98": "7494.6", "PWD_P99": "12746.0", "PWD_P100": "30711.1" }, "geometry": { "type": "Point", "coordinates": [ 29.850469589233398, -1.996776938438416 ] } },
{ "type": "Feature", "id": 176, "properties": { "lon": -62.8322, "lat": 17.9033, "year": "2010", "ISO": "BLM", "ISO_No": "652", "Name": "Saint Barthelemy", "PWC_Lat": "17.9033", "PWC_Lon": "-62.8322", "Pop": "9233", "Density": "324.3", "Area": "28.5", "PWD_A": "431.9", "PWD_G": "400.3", "PWD_M": "445.5", "PWD_P1": "62.3", "PWD_P2": "88.7", "PWD_P3": "121.4", "PWD_P4": "147.9", "PWD_P5": "172.1", "PWD_P6": "190.3", "PWD_P7": "215.2", "PWD_P8": "233.6", "PWD_P9": "248.0", "PWD_P10": "256.5", "PWD_P11": "265.4", "PWD_P12": "273.8", "PWD_P13": "280.8", "PWD_P14": "288.6", "PWD_P15": "299.0", "PWD_P16": "305.3", "PWD_P17": "309.7", "PWD_P18": "315.6", "PWD_P19": "323.9", "PWD_P20": "328.9", "PWD_P21": "334.1", "PWD_P22": "338.2", "PWD_P23": "343.2", "PWD_P24": "347.7", "PWD_P25": "352.0", "PWD_P26": "355.5", "PWD_P27": "360.6", "PWD_P28": "363.9", "PWD_P29": "368.4", "PWD_P30": "373.9", "PWD_P31": "379.2", "PWD_P32": "383.1", "PWD_P33": "387.6", "PWD_P34": "391.4", "PWD_P35": "394.1", "PWD_P36": "397.1", "PWD_P37": "401.3", "PWD_P38": "404.3", "PWD_P39": "407.6", "PWD_P40": "410.9", "PWD_P41": "414.2", "PWD_P42": "417.3", "PWD_P43": "420.7", "PWD_P44": "424.5", "PWD_P45": "428.6", "PWD_P46": "431.6", "PWD_P47": "435.2", "PWD_P48": "437.7", "PWD_P49": "441.3", "PWD_P50": "445.5", "PWD_P51": "448.8", "PWD_P52": "452.8", "PWD_P53": "457.1", "PWD_P54": "460.3", "PWD_P55": "463.7", "PWD_P56": "468.0", "PWD_P57": "471.0", "PWD_P58": "474.1", "PWD_P59": "478.3", "PWD_P60": "481.5", "PWD_P61": "485.1", "PWD_P62": "487.6", "PWD_P63": "490.9", "PWD_P64": "494.2", "PWD_P65": "498.3", "PWD_P66": "501.6", "PWD_P67": "504.3", "PWD_P68": "507.8", "PWD_P69": "511.6", "PWD_P70": "513.8", "PWD_P71": "516.8", "PWD_P72": "520.2", "PWD_P73": "522.4", "PWD_P74": "525.1", "PWD_P75": "528.5", "PWD_P76": "531.8", "PWD_P77": "535.5", "PWD_P78": "538.5", "PWD_P79": "541.4", "PWD_P80": "546.1", "PWD_P81": "549.4", "PWD_P82": "553.2", "PWD_P83": "559.1", "PWD_P84": "564.8", "PWD_P85": "569.3", "PWD_P86": "574.2", "PWD_P87": "578.0", "PWD_P88": "583.1", "PWD_P89": "589.1", "PWD_P90": "592.1", "PWD_P91": "596.3", "PWD_P92": "602.1", "PWD_P93": "610.5", "PWD_P94": "617.1", "PWD_P95": "625.8", "PWD_P96": "633.3", "PWD_P97": "641.8", "PWD_P98": "656.7", "PWD_P99": "670.3", "PWD_P100": "687.7" }, "geometry": { "type": "Point", "coordinates": [ -62.8322, 17.9033 ] } },
{ "type": "Feature", "id": 177, "properties": { "lon": -7.3912, "lat": -15.9889, "year": "2010", "ISO": "SHN", "ISO_No": "654", "Name": "Saint Helena", "PWC_Lat": "-15.9889", "PWC_Lon": "-7.3912", "Pop": "5183", "Density": "16.6", "Area": "312.7", "PWD_A": "300.2", "PWD_G": "162.2", "PWD_M": "385.8", "PWD_P1": "1.9", "PWD_P2": "2.3", "PWD_P3": "2.4", "PWD_P4": "2.6", "PWD_P5": "2.8", "PWD_P6": "3.3", "PWD_P7": "9.2", "PWD_P8": "10.5", "PWD_P9": "10.8", "PWD_P10": "11.1", "PWD_P11": "11.7", "PWD_P12": "12.3", "PWD_P13": "13.1", "PWD_P14": "13.6", "PWD_P15": "13.9", "PWD_P16": "14.8", "PWD_P17": "15.7", "PWD_P18": "16.7", "PWD_P19": "18.0", "PWD_P20": "19.5", "PWD_P21": "49.4", "PWD_P22": "53.4", "PWD_P23": "57.7", "PWD_P24": "61.6", "PWD_P25": "326.3", "PWD_P26": "339.7", "PWD_P27": "345.6", "PWD_P28": "346.8", "PWD_P29": "348.6", "PWD_P30": "350.2", "PWD_P31": "351.3", "PWD_P32": "352.7", "PWD_P33": "354.3", "PWD_P34": "355.8", "PWD_P35": "356.2", "PWD_P36": "357.1", "PWD_P37": "358.0", "PWD_P38": "360.4", "PWD_P39": "362.0", "PWD_P40": "364.9", "PWD_P41": "366.7", "PWD_P42": "369.8", "PWD_P43": "373.3", "PWD_P44": "375.5", "PWD_P45": "376.8", "PWD_P46": "378.5", "PWD_P47": "381.1", "PWD_P48": "383.3", "PWD_P49": "384.9", "PWD_P50": "385.8", "PWD_P51": "386.6", "PWD_P52": "388.2", "PWD_P53": "389.8", "PWD_P54": "390.5", "PWD_P55": "391.8", "PWD_P56": "393.1", "PWD_P57": "395.2", "PWD_P58": "396.9", "PWD_P59": "397.9", "PWD_P60": "398.5", "PWD_P61": "399.5", "PWD_P62": "400.0", "PWD_P63": "400.5", "PWD_P64": "401.2", "PWD_P65": "401.8", "PWD_P66": "402.6", "PWD_P67": "402.9", "PWD_P68": "403.2", "PWD_P69": "403.6", "PWD_P70": "403.7", "PWD_P71": "404.4", "PWD_P72": "404.7", "PWD_P73": "405.1", "PWD_P74": "405.3", "PWD_P75": "405.8", "PWD_P76": "406.2", "PWD_P77": "406.8", "PWD_P78": "407.6", "PWD_P79": "408.9", "PWD_P80": "409.7", "PWD_P81": "410.6", "PWD_P82": "411.2", "PWD_P83": "412.3", "PWD_P84": "413.0", "PWD_P85": "413.9", "PWD_P86": "414.8", "PWD_P87": "415.8", "PWD_P88": "416.5", "PWD_P89": "417.1", "PWD_P90": "417.9", "PWD_P91": "418.8", "PWD_P92": "419.9", "PWD_P93": "420.6", "PWD_P94": "421.2", "PWD_P95": "422.4", "PWD_P96": "422.8", "PWD_P97": "423.6", "PWD_P98": "426.1", "PWD_P99": "427.2", "PWD_P100": "431.2" }, "geometry": { "type": "Point", "coordinates": [ -7.3912, -15.9889 ] } },
{ "type": "Feature", "id": 178, "properties": { "lon": -62.714252471923828, "lat": 17.283285140991211, "year": "2010", "ISO": "KNA", "ISO_No": "659", "Name": "Saint Kitts and Nevis", "PWC_Lat": "17.2832851409912", "PWC_Lon": "-62.7142524719238", "Pop": "49010", "Density": "178.7", "Area": "274.3", "PWD_A": "403.3", "PWD_G": "272.2", "PWD_M": "260.8", "PWD_P1": "31.7", "PWD_P2": "40.1", "PWD_P3": "46.2", "PWD_P4": "51.6", "PWD_P5": "59.4", "PWD_P6": "65.8", "PWD_P7": "71.3", "PWD_P8": "77.2", "PWD_P9": "83.0", "PWD_P10": "87.9", "PWD_P11": "91.3", "PWD_P12": "93.8", "PWD_P13": "96.2", "PWD_P14": "99.5", "PWD_P15": "102.7", "PWD_P16": "106.0", "PWD_P17": "109.0", "PWD_P18": "111.6", "PWD_P19": "114.5", "PWD_P20": "118.4", "PWD_P21": "121.4", "PWD_P22": "125.4", "PWD_P23": "129.1", "PWD_P24": "133.2", "PWD_P25": "137.9", "PWD_P26": "142.5", "PWD_P27": "147.7", "PWD_P28": "152.7", "PWD_P29": "157.4", "PWD_P30": "162.0", "PWD_P31": "166.8", "PWD_P32": "171.2", "PWD_P33": "175.4", "PWD_P34": "179.7", "PWD_P35": "184.4", "PWD_P36": "189.5", "PWD_P37": "194.2", "PWD_P38": "199.1", "PWD_P39": "204.5", "PWD_P40": "210.4", "PWD_P41": "215.2", "PWD_P42": "220.3", "PWD_P43": "225.5", "PWD_P44": "230.8", "PWD_P45": "236.2", "PWD_P46": "241.7", "PWD_P47": "246.4", "PWD_P48": "251.2", "PWD_P49": "255.9", "PWD_P50": "260.8", "PWD_P51": "265.1", "PWD_P52": "269.8", "PWD_P53": "274.9", "PWD_P54": "279.8", "PWD_P55": "284.6", "PWD_P56": "290.5", "PWD_P57": "297.7", "PWD_P58": "304.7", "PWD_P59": "313.2", "PWD_P60": "321.4", "PWD_P61": "330.3", "PWD_P62": "340.5", "PWD_P63": "351.6", "PWD_P64": "364.3", "PWD_P65": "378.4", "PWD_P66": "394.4", "PWD_P67": "409.6", "PWD_P68": "424.0", "PWD_P69": "440.9", "PWD_P70": "462.6", "PWD_P71": "488.4", "PWD_P72": "513.5", "PWD_P73": "537.1", "PWD_P74": "559.3", "PWD_P75": "578.5", "PWD_P76": "612.3", "PWD_P77": "649.3", "PWD_P78": "685.5", "PWD_P79": "724.0", "PWD_P80": "758.2", "PWD_P81": "787.1", "PWD_P82": "811.9", "PWD_P83": "838.2", "PWD_P84": "863.5", "PWD_P85": "886.8", "PWD_P86": "912.3", "PWD_P87": "941.5", "PWD_P88": "969.7", "PWD_P89": "993.2", "PWD_P90": "1019.1", "PWD_P91": "1043.6", "PWD_P92": "1077.0", "PWD_P93": "1103.6", "PWD_P94": "1134.5", "PWD_P95": "1157.7", "PWD_P96": "1182.0", "PWD_P97": "1209.5", "PWD_P98": "1232.3", "PWD_P99": "1257.5", "PWD_P100": "1332.2" }, "geometry": { "type": "Point", "coordinates": [ -62.714252471923828, 17.283285140991211 ] } },
{ "type": "Feature", "id": 179, "properties": { "lon": -63.0608, "lat": 18.2125, "year": "2010", "ISO": "AIA", "ISO_No": "660", "Name": "Anguilla", "PWC_Lat": "18.2125", "PWC_Lon": "-63.0608", "Pop": "13435", "Density": "150.4", "Area": "89.3", "PWD_A": "240.0", "PWD_G": "202.4", "PWD_M": "186.2", "PWD_P1": "35.9", "PWD_P2": "54.7", "PWD_P3": "73.7", "PWD_P4": "84.4", "PWD_P5": "89.9", "PWD_P6": "94.8", "PWD_P7": "99.7", "PWD_P8": "104.0", "PWD_P9": "107.6", "PWD_P10": "110.1", "PWD_P11": "112.6", "PWD_P12": "115.1", "PWD_P13": "117.5", "PWD_P14": "119.8", "PWD_P15": "121.9", "PWD_P16": "124.5", "PWD_P17": "127.2", "PWD_P18": "129.9", "PWD_P19": "131.5", "PWD_P20": "133.4", "PWD_P21": "135.2", "PWD_P22": "136.9", "PWD_P23": "138.3", "PWD_P24": "139.8", "PWD_P25": "141.0", "PWD_P26": "142.4", "PWD_P27": "143.7", "PWD_P28": "144.9", "PWD_P29": "146.1", "PWD_P30": "147.3", "PWD_P31": "148.7", "PWD_P32": "150.0", "PWD_P33": "151.4", "PWD_P34": "152.6", "PWD_P35": "153.9", "PWD_P36": "155.5", "PWD_P37": "157.1", "PWD_P38": "158.6", "PWD_P39": "160.3", "PWD_P40": "162.0", "PWD_P41": "164.0", "PWD_P42": "166.7", "PWD_P43": "168.7", "PWD_P44": "170.6", "PWD_P45": "172.9", "PWD_P46": "175.6", "PWD_P47": "178.2", "PWD_P48": "181.0", "PWD_P49": "183.5", "PWD_P50": "186.2", "PWD_P51": "188.5", "PWD_P52": "191.4", "PWD_P53": "194.5", "PWD_P54": "197.0", "PWD_P55": "200.5", "PWD_P56": "204.4", "PWD_P57": "210.6", "PWD_P58": "216.6", "PWD_P59": "221.0", "PWD_P60": "225.5", "PWD_P61": "229.7", "PWD_P62": "234.3", "PWD_P63": "238.5", "PWD_P64": "242.8", "PWD_P65": "250.0", "PWD_P66": "256.2", "PWD_P67": "262.5", "PWD_P68": "270.5", "PWD_P69": "277.8", "PWD_P70": "286.5", "PWD_P71": "294.0", "PWD_P72": "300.8", "PWD_P73": "306.1", "PWD_P74": "313.2", "PWD_P75": "321.9", "PWD_P76": "329.1", "PWD_P77": "336.0", "PWD_P78": "341.3", "PWD_P79": "346.6", "PWD_P80": "353.5", "PWD_P81": "361.1", "PWD_P82": "369.6", "PWD_P83": "380.4", "PWD_P84": "390.0", "PWD_P85": "405.4", "PWD_P86": "417.4", "PWD_P87": "430.9", "PWD_P88": "442.1", "PWD_P89": "451.8", "PWD_P90": "466.3", "PWD_P91": "482.5", "PWD_P92": "503.9", "PWD_P93": "520.5", "PWD_P94": "533.2", "PWD_P95": "552.8", "PWD_P96": "569.1", "PWD_P97": "581.5", "PWD_P98": "593.5", "PWD_P99": "602.1", "PWD_P100": "631.1" }, "geometry": { "type": "Point", "coordinates": [ -63.0608, 18.2125 ] } },
{ "type": "Feature", "id": 180, "properties": { "lon": -60.972743988037109, "lat": 13.929079055786133, "year": "2010", "ISO": "LCA", "ISO_No": "662", "Name": "Saint Lucia", "PWC_Lat": "13.9290790557861", "PWC_Lon": "-60.9727439880371", "Pop": "174092", "Density": "277.7", "Area": "626.8", "PWD_A": "944.8", "PWD_G": "552.2", "PWD_M": "615.0", "PWD_P1": "45.7", "PWD_P2": "55.6", "PWD_P3": "65.4", "PWD_P4": "72.9", "PWD_P5": "80.5", "PWD_P6": "87.4", "PWD_P7": "94.9", "PWD_P8": "101.7", "PWD_P9": "108.3", "PWD_P10": "116.6", "PWD_P11": "125.3", "PWD_P12": "135.4", "PWD_P13": "144.2", "PWD_P14": "152.8", "PWD_P15": "161.6", "PWD_P16": "172.0", "PWD_P17": "183.5", "PWD_P18": "194.3", "PWD_P19": "205.1", "PWD_P20": "216.2", "PWD_P21": "226.1", "PWD_P22": "236.0", "PWD_P23": "246.0", "PWD_P24": "255.2", "PWD_P25": "265.2", "PWD_P26": "276.7", "PWD_P27": "289.2", "PWD_P28": "300.7", "PWD_P29": "311.4", "PWD_P30": "321.0", "PWD_P31": "332.5", "PWD_P32": "343.8", "PWD_P33": "356.7", "PWD_P34": "371.4", "PWD_P35": "386.5", "PWD_P36": "400.1", "PWD_P37": "413.4", "PWD_P38": "425.4", "PWD_P39": "437.4", "PWD_P40": "450.4", "PWD_P41": "463.0", "PWD_P42": "476.1", "PWD_P43": "492.0", "PWD_P44": "508.8", "PWD_P45": "524.3", "PWD_P46": "542.2", "PWD_P47": "561.2", "PWD_P48": "577.4", "PWD_P49": "597.2", "PWD_P50": "615.0", "PWD_P51": "634.6", "PWD_P52": "654.7", "PWD_P53": "673.3", "PWD_P54": "694.7", "PWD_P55": "714.6", "PWD_P56": "732.2", "PWD_P57": "751.0", "PWD_P58": "768.6", "PWD_P59": "783.6", "PWD_P60": "798.6", "PWD_P61": "814.9", "PWD_P62": "831.5", "PWD_P63": "847.8", "PWD_P64": "865.1", "PWD_P65": "880.2", "PWD_P66": "896.1", "PWD_P67": "915.7", "PWD_P68": "937.6", "PWD_P69": "959.8", "PWD_P70": "980.6", "PWD_P71": "1005.7", "PWD_P72": "1031.9", "PWD_P73": "1058.7", "PWD_P74": "1089.0", "PWD_P75": "1123.5", "PWD_P76": "1156.4", "PWD_P77": "1188.2", "PWD_P78": "1226.5", "PWD_P79": "1265.3", "PWD_P80": "1305.9", "PWD_P81": "1351.6", "PWD_P82": "1395.7", "PWD_P83": "1466.4", "PWD_P84": "1542.7", "PWD_P85": "1651.6", "PWD_P86": "1792.4", "PWD_P87": "1910.1", "PWD_P88": "1993.5", "PWD_P89": "2112.8", "PWD_P90": "2235.1", "PWD_P91": "2346.5", "PWD_P92": "2470.6", "PWD_P93": "2610.4", "PWD_P94": "2788.6", "PWD_P95": "3731.1", "PWD_P96": "4169.3", "PWD_P97": "4359.5", "PWD_P98": "4750.6", "PWD_P99": "4998.4", "PWD_P100": "5253.8" }, "geometry": { "type": "Point", "coordinates": [ -60.972743988037109, 13.929079055786133 ] } },
{ "type": "Feature", "id": 181, "properties": { "lon": -63.0594, "lat": 18.076, "year": "2010", "ISO": "MAF", "ISO_No": "663", "Name": "Saint Martin (French part)", "PWC_Lat": "18.076", "PWC_Lon": "-63.0594", "Pop": "37581", "Density": "692.5", "Area": "54.3", "PWD_A": "914.6", "PWD_G": "825.4", "PWD_M": "879.7", "PWD_P1": "185.2", "PWD_P2": "236.9", "PWD_P3": "281.0", "PWD_P4": "318.0", "PWD_P5": "345.9", "PWD_P6": "373.5", "PWD_P7": "400.0", "PWD_P8": "416.2", "PWD_P9": "429.9", "PWD_P10": "446.1", "PWD_P11": "462.0", "PWD_P12": "479.5", "PWD_P13": "492.5", "PWD_P14": "508.6", "PWD_P15": "521.5", "PWD_P16": "534.7", "PWD_P17": "548.0", "PWD_P18": "560.9", "PWD_P19": "571.4", "PWD_P20": "584.3", "PWD_P21": "596.8", "PWD_P22": "612.3", "PWD_P23": "622.6", "PWD_P24": "632.3", "PWD_P25": "641.7", "PWD_P26": "650.6", "PWD_P27": "659.9", "PWD_P28": "670.4", "PWD_P29": "676.8", "PWD_P30": "683.2", "PWD_P31": "692.6", "PWD_P32": "700.3", "PWD_P33": "707.7", "PWD_P34": "715.3", "PWD_P35": "722.8", "PWD_P36": "732.2", "PWD_P37": "742.5", "PWD_P38": "754.0", "PWD_P39": "763.1", "PWD_P40": "774.1", "PWD_P41": "782.5", "PWD_P42": "794.3", "PWD_P43": "803.1", "PWD_P44": "812.6", "PWD_P45": "822.9", "PWD_P46": "834.2", "PWD_P47": "845.3", "PWD_P48": "856.4", "PWD_P49": "867.6", "PWD_P50": "879.7", "PWD_P51": "889.7", "PWD_P52": "899.3", "PWD_P53": "910.6", "PWD_P54": "920.3", "PWD_P55": "932.9", "PWD_P56": "946.0", "PWD_P57": "959.1", "PWD_P58": "968.6", "PWD_P59": "978.3", "PWD_P60": "987.4", "PWD_P61": "996.7", "PWD_P62": "1008.3", "PWD_P63": "1021.2", "PWD_P64": "1035.7", "PWD_P65": "1046.9", "PWD_P66": "1061.4", "PWD_P67": "1076.9", "PWD_P68": "1091.2", "PWD_P69": "1102.4", "PWD_P70": "1114.2", "PWD_P71": "1127.9", "PWD_P72": "1135.1", "PWD_P73": "1145.3", "PWD_P74": "1157.8", "PWD_P75": "1167.2", "PWD_P76": "1178.9", "PWD_P77": "1190.3", "PWD_P78": "1203.4", "PWD_P79": "1220.6", "PWD_P80": "1241.4", "PWD_P81": "1260.6", "PWD_P82": "1290.5", "PWD_P83": "1313.7", "PWD_P84": "1333.6", "PWD_P85": "1359.3", "PWD_P86": "1387.4", "PWD_P87": "1423.2", "PWD_P88": "1459.9", "PWD_P89": "1490.3", "PWD_P90": "1507.3", "PWD_P91": "1524.4", "PWD_P92": "1542.7", "PWD_P93": "1558.9", "PWD_P94": "1570.7", "PWD_P95": "1586.4", "PWD_P96": "1600.5", "PWD_P97": "1619.5", "PWD_P98": "1633.7", "PWD_P99": "1658.3", "PWD_P100": "1746.2" }, "geometry": { "type": "Point", "coordinates": [ -63.0594, 18.076 ] } },
{ "type": "Feature", "id": 182, "properties": { "lon": -56.203323364257812, "lat": 46.798881530761719, "year": "2010", "ISO": "SPM", "ISO_No": "666", "Name": "Saint Pierre and Miquelon", "PWC_Lat": "46.7988815307617", "PWC_Lon": "-56.2033233642578", "Pop": "6360", "Density": "27.5", "Area": "231.2", "PWD_A": "300.2", "PWD_G": "185.2", "PWD_M": "294.0", "PWD_P1": "1.5", "PWD_P2": "1.6", "PWD_P3": "1.9", "PWD_P4": "2.5", "PWD_P5": "3.6", "PWD_P6": "6.7", "PWD_P7": "10.2", "PWD_P8": "17.6", "PWD_P9": "28.9", "PWD_P10": "35.4", "PWD_P11": "42.2", "PWD_P12": "46.0", "PWD_P13": "50.6", "PWD_P14": "59.7", "PWD_P15": "67.7", "PWD_P16": "74.5", "PWD_P17": "83.7", "PWD_P18": "93.8", "PWD_P19": "102.9", "PWD_P20": "110.5", "PWD_P21": "117.4", "PWD_P22": "123.8", "PWD_P23": "130.0", "PWD_P24": "135.9", "PWD_P25": "141.5", "PWD_P26": "146.6", "PWD_P27": "151.6", "PWD_P28": "157.0", "PWD_P29": "162.1", "PWD_P30": "169.5", "PWD_P31": "176.3", "PWD_P32": "182.7", "PWD_P33": "189.5", "PWD_P34": "196.2", "PWD_P35": "202.2", "PWD_P36": "208.0", "PWD_P37": "216.5", "PWD_P38": "221.4", "PWD_P39": "227.2", "PWD_P40": "232.0", "PWD_P41": "237.8", "PWD_P42": "243.4", "PWD_P43": "250.7", "PWD_P44": "258.3", "PWD_P45": "263.2", "PWD_P46": "268.4", "PWD_P47": "274.2", "PWD_P48": "281.0", "PWD_P49": "287.4", "PWD_P50": "294.0", "PWD_P51": "301.0", "PWD_P52": "305.5", "PWD_P53": "313.9", "PWD_P54": "320.6", "PWD_P55": "331.9", "PWD_P56": "338.4", "PWD_P57": "352.1", "PWD_P58": "361.7", "PWD_P59": "373.7", "PWD_P60": "384.1", "PWD_P61": "395.1", "PWD_P62": "403.2", "PWD_P63": "409.8", "PWD_P64": "417.4", "PWD_P65": "426.5", "PWD_P66": "432.1", "PWD_P67": "437.7", "PWD_P68": "442.1", "PWD_P69": "447.1", "PWD_P70": "452.7", "PWD_P71": "456.4", "PWD_P72": "460.2", "PWD_P73": "463.7", "PWD_P74": "468.4", "PWD_P75": "472.4", "PWD_P76": "475.7", "PWD_P77": "480.0", "PWD_P78": "483.7", "PWD_P79": "490.9", "PWD_P80": "496.3", "PWD_P81": "499.5", "PWD_P82": "505.4", "PWD_P83": "509.5", "PWD_P84": "515.6", "PWD_P85": "519.5", "PWD_P86": "524.2", "PWD_P87": "528.9", "PWD_P88": "531.8", "PWD_P89": "537.2", "PWD_P90": "542.8", "PWD_P91": "547.5", "PWD_P92": "551.0", "PWD_P93": "555.2", "PWD_P94": "562.1", "PWD_P95": "568.9", "PWD_P96": "573.6", "PWD_P97": "579.4", "PWD_P98": "588.5", "PWD_P99": "595.9", "PWD_P100": "613.9" }, "geometry": { "type": "Point", "coordinates": [ -56.203323364257812, 46.798881530761719 ] } },
{ "type": "Feature", "id": 183, "properties": { "lon": -61.205352783203125, "lat": 13.167793273925781, "year": "2010", "ISO": "VCT", "ISO_No": "670", "Name": "Saint Vincent and the Grenadines", "PWC_Lat": "13.1677932739258", "PWC_Lon": "-61.2053527832031", "Pop": "108259", "Density": "260.8", "Area": "415.1", "PWD_A": "796.8", "PWD_G": "481.5", "PWD_M": "510.0", "PWD_P1": "44.1", "PWD_P2": "54.1", "PWD_P3": "59.6", "PWD_P4": "65.3", "PWD_P5": "70.1", "PWD_P6": "73.7", "PWD_P7": "78.2", "PWD_P8": "84.3", "PWD_P9": "90.5", "PWD_P10": "98.1", "PWD_P11": "104.3", "PWD_P12": "111.5", "PWD_P13": "118.6", "PWD_P14": "126.9", "PWD_P15": "136.2", "PWD_P16": "145.8", "PWD_P17": "156.5", "PWD_P18": "165.0", "PWD_P19": "173.9", "PWD_P20": "182.6", "PWD_P21": "191.1", "PWD_P22": "198.1", "PWD_P23": "205.9", "PWD_P24": "214.5", "PWD_P25": "223.6", "PWD_P26": "231.2", "PWD_P27": "238.6", "PWD_P28": "246.5", "PWD_P29": "254.7", "PWD_P30": "263.0", "PWD_P31": "271.0", "PWD_P32": "278.7", "PWD_P33": "285.9", "PWD_P34": "294.1", "PWD_P35": "302.3", "PWD_P36": "313.1", "PWD_P37": "324.7", "PWD_P38": "336.7", "PWD_P39": "350.0", "PWD_P40": "364.4", "PWD_P41": "380.3", "PWD_P42": "395.2", "PWD_P43": "410.8", "PWD_P44": "426.6", "PWD_P45": "441.2", "PWD_P46": "454.5", "PWD_P47": "467.5", "PWD_P48": "481.3", "PWD_P49": "495.5", "PWD_P50": "510.0", "PWD_P51": "525.6", "PWD_P52": "544.0", "PWD_P53": "561.5", "PWD_P54": "578.0", "PWD_P55": "594.9", "PWD_P56": "607.6", "PWD_P57": "620.8", "PWD_P58": "638.0", "PWD_P59": "654.0", "PWD_P60": "669.1", "PWD_P61": "689.3", "PWD_P62": "711.9", "PWD_P63": "744.3", "PWD_P64": "776.0", "PWD_P65": "804.2", "PWD_P66": "841.3", "PWD_P67": "885.4", "PWD_P68": "937.4", "PWD_P69": "989.9", "PWD_P70": "1043.1", "PWD_P71": "1090.1", "PWD_P72": "1138.0", "PWD_P73": "1190.9", "PWD_P74": "1256.1", "PWD_P75": "1321.5", "PWD_P76": "1390.6", "PWD_P77": "1444.7", "PWD_P78": "1493.8", "PWD_P79": "1537.1", "PWD_P80": "1580.8", "PWD_P81": "1633.3", "PWD_P82": "1682.9", "PWD_P83": "1718.3", "PWD_P84": "1764.8", "PWD_P85": "1802.1", "PWD_P86": "1849.2", "PWD_P87": "1887.5", "PWD_P88": "1918.5", "PWD_P89": "1957.5", "PWD_P90": "2004.5", "PWD_P91": "2049.6", "PWD_P92": "2076.8", "PWD_P93": "2107.3", "PWD_P94": "2135.7", "PWD_P95": "2202.4", "PWD_P96": "2296.2", "PWD_P97": "2365.6", "PWD_P98": "2487.2", "PWD_P99": "2557.5", "PWD_P100": "2743.7" }, "geometry": { "type": "Point", "coordinates": [ -61.205352783203125, 13.167793273925781 ] } },
{ "type": "Feature", "id": 184, "properties": { "lon": 12.463925361633301, "lat": 43.945396423339844, "year": "2010", "ISO": "SMR", "ISO_No": "674", "Name": "San Marino", "PWC_Lat": "43.9453964233398", "PWC_Lon": "12.4639253616333", "Pop": "31220", "Density": "546.8", "Area": "57.1", "PWD_A": "1505.6", "PWD_G": "1150.0", "PWD_M": "1485.4", "PWD_P1": "35.0", "PWD_P2": "80.8", "PWD_P3": "123.2", "PWD_P4": "175.4", "PWD_P5": "226.8", "PWD_P6": "262.8", "PWD_P7": "299.4", "PWD_P8": "332.3", "PWD_P9": "352.4", "PWD_P10": "371.1", "PWD_P11": "391.3", "PWD_P12": "414.9", "PWD_P13": "435.6", "PWD_P14": "456.6", "PWD_P15": "474.8", "PWD_P16": "496.9", "PWD_P17": "522.2", "PWD_P18": "544.9", "PWD_P19": "569.1", "PWD_P20": "592.2", "PWD_P21": "615.0", "PWD_P22": "644.6", "PWD_P23": "669.5", "PWD_P24": "700.3", "PWD_P25": "728.5", "PWD_P26": "761.8", "PWD_P27": "783.2", "PWD_P28": "811.1", "PWD_P29": "840.6", "PWD_P30": "883.0", "PWD_P31": "915.1", "PWD_P32": "955.2", "PWD_P33": "983.8", "PWD_P34": "1018.8", "PWD_P35": "1039.1", "PWD_P36": "1067.7", "PWD_P37": "1097.1", "PWD_P38": "1125.2", "PWD_P39": "1158.3", "PWD_P40": "1190.1", "PWD_P41": "1220.9", "PWD_P42": "1263.4", "PWD_P43": "1300.6", "PWD_P44": "1333.8", "PWD_P45": "1363.0", "PWD_P46": "1381.2", "PWD_P47": "1394.9", "PWD_P48": "1416.2", "PWD_P49": "1447.6", "PWD_P50": "1485.4", "PWD_P51": "1513.7", "PWD_P52": "1543.8", "PWD_P53": "1576.5", "PWD_P54": "1620.1", "PWD_P55": "1663.6", "PWD_P56": "1704.8", "PWD_P57": "1760.4", "PWD_P58": "1824.9", "PWD_P59": "1866.3", "PWD_P60": "1895.8", "PWD_P61": "1929.9", "PWD_P62": "1960.5", "PWD_P63": "1995.3", "PWD_P64": "2030.5", "PWD_P65": "2073.6", "PWD_P66": "2116.4", "PWD_P67": "2142.6", "PWD_P68": "2170.8", "PWD_P69": "2192.5", "PWD_P70": "2213.0", "PWD_P71": "2241.3", "PWD_P72": "2270.5", "PWD_P73": "2291.6", "PWD_P74": "2306.5", "PWD_P75": "2323.4", "PWD_P76": "2337.3", "PWD_P77": "2348.1", "PWD_P78": "2363.8", "PWD_P79": "2375.8", "PWD_P80": "2389.4", "PWD_P81": "2402.9", "PWD_P82": "2418.4", "PWD_P83": "2443.1", "PWD_P84": "2457.7", "PWD_P85": "2468.5", "PWD_P86": "2483.6", "PWD_P87": "2503.6", "PWD_P88": "2518.1", "PWD_P89": "2538.8", "PWD_P90": "2556.8", "PWD_P91": "2582.5", "PWD_P92": "2608.4", "PWD_P93": "2641.8", "PWD_P94": "2669.6", "PWD_P95": "2713.6", "PWD_P96": "2765.4", "PWD_P97": "2799.6", "PWD_P98": "2853.1", "PWD_P99": "2884.2", "PWD_P100": "3075.1" }, "geometry": { "type": "Point", "coordinates": [ 12.463925361633301, 43.945396423339844 ] } },
{ "type": "Feature", "id": 185, "properties": { "lon": 6.7090945243835449, "lat": 0.36431267857551575, "year": "2010", "ISO": "STP", "ISO_No": "678", "Name": "Sao Tome and Principe", "PWC_Lat": "0.364312678575516", "PWC_Lon": "6.70909452438354", "Pop": "180372", "Density": "176.3", "Area": "1023.2", "PWD_A": "2860.8", "PWD_G": "726.9", "PWD_M": "401.5", "PWD_P1": "18.6", "PWD_P2": "24.5", "PWD_P3": "31.4", "PWD_P4": "38.7", "PWD_P5": "42.7", "PWD_P6": "46.9", "PWD_P7": "50.2", "PWD_P8": "52.9", "PWD_P9": "56.7", "PWD_P10": "60.5", "PWD_P11": "63.3", "PWD_P12": "67.9", "PWD_P13": "73.3", "PWD_P14": "79.8", "PWD_P15": "84.7", "PWD_P16": "92.2", "PWD_P17": "104.3", "PWD_P18": "115.8", "PWD_P19": "131.7", "PWD_P20": "144.1", "PWD_P21": "157.9", "PWD_P22": "163.7", "PWD_P23": "169.5", "PWD_P24": "174.2", "PWD_P25": "180.4", "PWD_P26": "186.4", "PWD_P27": "193.5", "PWD_P28": "203.5", "PWD_P29": "210.9", "PWD_P30": "217.7", "PWD_P31": "226.2", "PWD_P32": "232.6", "PWD_P33": "241.7", "PWD_P34": "249.2", "PWD_P35": "257.2", "PWD_P36": "263.8", "PWD_P37": "279.3", "PWD_P38": "292.6", "PWD_P39": "300.4", "PWD_P40": "304.9", "PWD_P41": "322.8", "PWD_P42": "332.8", "PWD_P43": "338.9", "PWD_P44": "345.9", "PWD_P45": "354.3", "PWD_P46": "361.5", "PWD_P47": "369.9", "PWD_P48": "378.0", "PWD_P49": "387.9", "PWD_P50": "401.5", "PWD_P51": "410.6", "PWD_P52": "426.3", "PWD_P53": "437.7", "PWD_P54": "446.3", "PWD_P55": "454.7", "PWD_P56": "467.0", "PWD_P57": "488.6", "PWD_P58": "537.3", "PWD_P59": "570.6", "PWD_P60": "694.2", "PWD_P61": "805.0", "PWD_P62": "4154.0", "PWD_P63": "4318.0", "PWD_P64": "4650.9", "PWD_P65": "4772.0", "PWD_P66": "4904.2", "PWD_P67": "5256.9", "PWD_P68": "5292.5", "PWD_P69": "5298.1", "PWD_P70": "5539.1", "PWD_P71": "5655.2", "PWD_P72": "5750.5", "PWD_P73": "5826.1", "PWD_P74": "5878.6", "PWD_P75": "5953.1", "PWD_P76": "6888.4", "PWD_P77": "7071.8", "PWD_P78": "7071.8", "PWD_P79": "7084.8", "PWD_P80": "7087.3", "PWD_P81": "7090.4", "PWD_P82": "7098.2", "PWD_P83": "7100.7", "PWD_P84": "7100.7", "PWD_P85": "7135.9", "PWD_P86": "7341.9", "PWD_P87": "7396.6", "PWD_P88": "7516.3", "PWD_P89": "7549.1", "PWD_P90": "9180.3", "PWD_P91": "9197.1", "PWD_P92": "9214.5", "PWD_P93": "9217.8", "PWD_P94": "9217.8", "PWD_P95": "9221.2", "PWD_P96": "9240.7", "PWD_P97": "9240.7", "PWD_P98": "9263.5", "PWD_P99": "9318.0", "PWD_P100": "9352.3" }, "geometry": { "type": "Point", "coordinates": [ 6.709094524383545, 0.364312678575516 ] } },
{ "type": "Feature", "id": 186, "properties": { "lon": 43.4765, "lat": 23.396, "year": "2010", "ISO": "SAU", "ISO_No": "682", "Name": "Saudi Arabia", "PWC_Lat": "23.396", "PWC_Lon": "43.4765", "Pop": "27421467", "Density": "14.3", "Area": "1912957.9", "PWD_A": "617.3", "PWD_G": "166.5", "PWD_M": "229.5", "PWD_P1": "0.9", "PWD_P2": "1.2", "PWD_P3": "1.5", "PWD_P4": "2.0", "PWD_P5": "2.5", "PWD_P6": "3.1", "PWD_P7": "3.8", "PWD_P8": "4.5", "PWD_P9": "5.4", "PWD_P10": "6.4", "PWD_P11": "7.7", "PWD_P12": "9.2", "PWD_P13": "10.7", "PWD_P14": "12.4", "PWD_P15": "14.2", "PWD_P16": "16.0", "PWD_P17": "17.9", "PWD_P18": "19.9", "PWD_P19": "22.3", "PWD_P20": "25.0", "PWD_P21": "27.7", "PWD_P22": "30.8", "PWD_P23": "34.0", "PWD_P24": "37.3", "PWD_P25": "40.7", "PWD_P26": "44.5", "PWD_P27": "48.4", "PWD_P28": "52.6", "PWD_P29": "57.3", "PWD_P30": "62.1", "PWD_P31": "66.9", "PWD_P32": "71.9", "PWD_P33": "77.3", "PWD_P34": "83.0", "PWD_P35": "89.3", "PWD_P36": "96.1", "PWD_P37": "103.4", "PWD_P38": "110.3", "PWD_P39": "117.9", "PWD_P40": "126.3", "PWD_P41": "134.6", "PWD_P42": "143.5", "PWD_P43": "152.5", "PWD_P44": "160.9", "PWD_P45": "169.9", "PWD_P46": "177.8", "PWD_P47": "187.3", "PWD_P48": "200.8", "PWD_P49": "214.6", "PWD_P50": "229.5", "PWD_P51": "247.0", "PWD_P52": "262.9", "PWD_P53": "281.6", "PWD_P54": "299.2", "PWD_P55": "316.4", "PWD_P56": "339.8", "PWD_P57": "374.5", "PWD_P58": "406.6", "PWD_P59": "440.8", "PWD_P60": "484.6", "PWD_P61": "513.4", "PWD_P62": "565.2", "PWD_P63": "617.3", "PWD_P64": "650.8", "PWD_P65": "678.6", "PWD_P66": "723.2", "PWD_P67": "787.2", "PWD_P68": "851.4", "PWD_P69": "899.1", "PWD_P70": "946.3", "PWD_P71": "1006.9", "PWD_P72": "1118.8", "PWD_P73": "1206.1", "PWD_P74": "1270.2", "PWD_P75": "1324.0", "PWD_P76": "1358.0", "PWD_P77": "1381.0", "PWD_P78": "1399.4", "PWD_P79": "1415.2", "PWD_P80": "1429.7", "PWD_P81": "1445.5", "PWD_P82": "1461.9", "PWD_P83": "1478.8", "PWD_P84": "1501.3", "PWD_P85": "1530.7", "PWD_P86": "1559.9", "PWD_P87": "1588.7", "PWD_P88": "1613.1", "PWD_P89": "1634.3", "PWD_P90": "1655.1", "PWD_P91": "1681.8", "PWD_P92": "1711.9", "PWD_P93": "1790.5", "PWD_P94": "1931.1", "PWD_P95": "2039.4", "PWD_P96": "2100.8", "PWD_P97": "2169.2", "PWD_P98": "2255.0", "PWD_P99": "2364.2", "PWD_P100": "2713.5" }, "geometry": { "type": "Point", "coordinates": [ 43.4765, 23.396 ] } },
{ "type": "Feature", "id": 187, "properties": { "lon": -16.040615081787109, "lat": 14.514520645141602, "year": "2010", "ISO": "SEN", "ISO_No": "686", "Name": "Senegal", "PWC_Lat": "14.5145206451416", "PWC_Lon": "-16.0406150817871", "Pop": "12678142", "Density": "65.1", "Area": "194837.4", "PWD_A": "3561.0", "PWD_G": "398.1", "PWD_M": "250.2", "PWD_P1": "5.9", "PWD_P2": "8.4", "PWD_P3": "10.3", "PWD_P4": "12.0", "PWD_P5": "13.9", "PWD_P6": "16.1", "PWD_P7": "18.6", "PWD_P8": "21.3", "PWD_P9": "23.9", "PWD_P10": "26.5", "PWD_P11": "29.0", "PWD_P12": "31.6", "PWD_P13": "34.1", "PWD_P14": "36.6", "PWD_P15": "39.2", "PWD_P16": "41.8", "PWD_P17": "44.5", "PWD_P18": "47.3", "PWD_P19": "50.3", "PWD_P20": "53.4", "PWD_P21": "56.6", "PWD_P22": "59.7", "PWD_P23": "63.1", "PWD_P24": "66.5", "PWD_P25": "70.0", "PWD_P26": "73.6", "PWD_P27": "77.2", "PWD_P28": "81.1", "PWD_P29": "85.2", "PWD_P30": "89.4", "PWD_P31": "93.7", "PWD_P32": "98.1", "PWD_P33": "102.7", "PWD_P34": "107.4", "PWD_P35": "112.4", "PWD_P36": "117.7", "PWD_P37": "123.3", "PWD_P38": "129.1", "PWD_P39": "135.0", "PWD_P40": "141.4", "PWD_P41": "148.4", "PWD_P42": "155.9", "PWD_P43": "163.9", "PWD_P44": "172.8", "PWD_P45": "182.4", "PWD_P46": "192.8", "PWD_P47": "205.0", "PWD_P48": "218.8", "PWD_P49": "233.6", "PWD_P50": "250.2", "PWD_P51": "269.7", "PWD_P52": "292.1", "PWD_P53": "316.6", "PWD_P54": "344.2", "PWD_P55": "373.9", "PWD_P56": "406.6", "PWD_P57": "442.5", "PWD_P58": "479.4", "PWD_P59": "516.5", "PWD_P60": "557.0", "PWD_P61": "603.1", "PWD_P62": "652.1", "PWD_P63": "700.8", "PWD_P64": "755.5", "PWD_P65": "816.7", "PWD_P66": "884.4", "PWD_P67": "957.7", "PWD_P68": "1038.6", "PWD_P69": "1123.2", "PWD_P70": "1215.2", "PWD_P71": "1305.6", "PWD_P72": "1425.6", "PWD_P73": "1572.4", "PWD_P74": "1702.1", "PWD_P75": "1869.7", "PWD_P76": "2107.0", "PWD_P77": "2399.5", "PWD_P78": "2541.9", "PWD_P79": "3114.3", "PWD_P80": "4515.3", "PWD_P81": "10734.2", "PWD_P82": "11814.6", "PWD_P83": "12291.2", "PWD_P84": "12543.6", "PWD_P85": "12741.5", "PWD_P86": "12943.3", "PWD_P87": "13188.9", "PWD_P88": "13495.8", "PWD_P89": "13860.8", "PWD_P90": "14396.3", "PWD_P91": "14774.6", "PWD_P92": "15325.0", "PWD_P93": "16101.5", "PWD_P94": "17484.0", "PWD_P95": "19921.9", "PWD_P96": "21707.6", "PWD_P97": "22766.3", "PWD_P98": "23439.1", "PWD_P99": "24060.7", "PWD_P100": "26787.6" }, "geometry": { "type": "Point", "coordinates": [ -16.040615081787109, 14.514520645141602 ] } },
{ "type": "Feature", "id": 188, "properties": { "lon": 20.606538772583008, "lat": 44.439525604248047, "year": "2010", "ISO": "SRB", "ISO_No": "688", "Name": "Serbia", "PWC_Lat": "44.439525604248", "PWC_Lon": "20.606538772583", "Pop": "8991257", "Density": "118.6", "Area": "75842.4", "PWD_A": "3579.2", "PWD_G": "974.0", "PWD_M": "1529.8", "PWD_P1": "8.3", "PWD_P2": "13.6", "PWD_P3": "18.6", "PWD_P4": "23.0", "PWD_P5": "27.1", "PWD_P6": "30.9", "PWD_P7": "34.5", "PWD_P8": "38.3", "PWD_P9": "42.2", "PWD_P10": "46.6", "PWD_P11": "51.3", "PWD_P12": "56.5", "PWD_P13": "62.4", "PWD_P14": "68.9", "PWD_P15": "76.3", "PWD_P16": "84.7", "PWD_P17": "93.9", "PWD_P18": "104.5", "PWD_P19": "116.0", "PWD_P20": "128.4", "PWD_P21": "141.8", "PWD_P22": "156.1", "PWD_P23": "171.3", "PWD_P24": "187.7", "PWD_P25": "205.3", "PWD_P26": "224.2", "PWD_P27": "244.5", "PWD_P28": "266.3", "PWD_P29": "289.7", "PWD_P30": "314.6", "PWD_P31": "341.5", "PWD_P32": "370.1", "PWD_P33": "401.5", "PWD_P34": "435.7", "PWD_P35": "473.0", "PWD_P36": "513.6", "PWD_P37": "558.1", "PWD_P38": "606.3", "PWD_P39": "658.4", "PWD_P40": "714.8", "PWD_P41": "775.7", "PWD_P42": "841.0", "PWD_P43": "910.1", "PWD_P44": "985.5", "PWD_P45": "1065.7", "PWD_P46": "1148.3", "PWD_P47": "1236.0", "PWD_P48": "1328.4", "PWD_P49": "1427.2", "PWD_P50": "1529.8", "PWD_P51": "1637.4", "PWD_P52": "1749.1", "PWD_P53": "1861.1", "PWD_P54": "1974.4", "PWD_P55": "2094.5", "PWD_P56": "2220.6", "PWD_P57": "2348.3", "PWD_P58": "2475.1", "PWD_P59": "2604.1", "PWD_P60": "2734.2", "PWD_P61": "2866.2", "PWD_P62": "3001.6", "PWD_P63": "3143.5", "PWD_P64": "3287.8", "PWD_P65": "3435.9", "PWD_P66": "3590.1", "PWD_P67": "3753.9", "PWD_P68": "3918.4", "PWD_P69": "4085.5", "PWD_P70": "4266.8", "PWD_P71": "4458.9", "PWD_P72": "4640.9", "PWD_P73": "4831.2", "PWD_P74": "5053.2", "PWD_P75": "5253.4", "PWD_P76": "5469.1", "PWD_P77": "5699.0", "PWD_P78": "5935.9", "PWD_P79": "6183.4", "PWD_P80": "6493.4", "PWD_P81": "6844.4", "PWD_P82": "7189.4", "PWD_P83": "7556.7", "PWD_P84": "7933.6", "PWD_P85": "8289.7", "PWD_P86": "8711.6", "PWD_P87": "9127.0", "PWD_P88": "9553.4", "PWD_P89": "10001.7", "PWD_P90": "10393.6", "PWD_P91": "10893.4", "PWD_P92": "11421.6", "PWD_P93": "12190.8", "PWD_P94": "12849.1", "PWD_P95": "13710.7", "PWD_P96": "14424.0", "PWD_P97": "15029.2", "PWD_P98": "17214.3", "PWD_P99": "20343.9", "PWD_P100": "26692.5" }, "geometry": { "type": "Point", "coordinates": [ 20.606538772583008, 44.439525604248047 ] } },
{ "type": "Feature", "id": 189, "properties": { "lon": 55.453151702880859, "lat": -4.6499733924865723, "year": "2010", "ISO": "SYC", "ISO_No": "690", "Name": "Seychelles", "PWC_Lat": "-4.64997339248657", "PWC_Lon": "55.4531517028809", "Pop": "91272", "Density": "169.6", "Area": "538.1", "PWD_A": "857.0", "PWD_G": "548.2", "PWD_M": "549.1", "PWD_P1": "11.4", "PWD_P2": "71.5", "PWD_P3": "90.2", "PWD_P4": "115.3", "PWD_P5": "124.9", "PWD_P6": "133.2", "PWD_P7": "138.3", "PWD_P8": "144.0", "PWD_P9": "150.4", "PWD_P10": "157.0", "PWD_P11": "166.3", "PWD_P12": "176.3", "PWD_P13": "186.0", "PWD_P14": "195.0", "PWD_P15": "203.3", "PWD_P16": "212.7", "PWD_P17": "222.4", "PWD_P18": "231.7", "PWD_P19": "241.4", "PWD_P20": "249.7", "PWD_P21": "256.7", "PWD_P22": "264.3", "PWD_P23": "271.6", "PWD_P24": "279.4", "PWD_P25": "287.3", "PWD_P26": "296.1", "PWD_P27": "304.0", "PWD_P28": "311.0", "PWD_P29": "319.7", "PWD_P30": "330.9", "PWD_P31": "342.2", "PWD_P32": "353.5", "PWD_P33": "364.9", "PWD_P34": "375.6", "PWD_P35": "386.4", "PWD_P36": "395.0", "PWD_P37": "403.1", "PWD_P38": "413.3", "PWD_P39": "422.3", "PWD_P40": "433.1", "PWD_P41": "441.9", "PWD_P42": "450.3", "PWD_P43": "458.8", "PWD_P44": "469.3", "PWD_P45": "481.1", "PWD_P46": "493.9", "PWD_P47": "506.7", "PWD_P48": "519.6", "PWD_P49": "532.5", "PWD_P50": "549.1", "PWD_P51": "566.6", "PWD_P52": "583.8", "PWD_P53": "602.0", "PWD_P54": "616.6", "PWD_P55": "635.0", "PWD_P56": "652.2", "PWD_P57": "668.4", "PWD_P58": "682.3", "PWD_P59": "698.7", "PWD_P60": "715.1", "PWD_P61": "729.2", "PWD_P62": "746.5", "PWD_P63": "770.6", "PWD_P64": "805.4", "PWD_P65": "837.6", "PWD_P66": "872.2", "PWD_P67": "898.0", "PWD_P68": "921.4", "PWD_P69": "944.7", "PWD_P70": "963.6", "PWD_P71": "991.5", "PWD_P72": "1022.6", "PWD_P73": "1053.1", "PWD_P74": "1097.1", "PWD_P75": "1154.6", "PWD_P76": "1205.9", "PWD_P77": "1272.1", "PWD_P78": "1351.6", "PWD_P79": "1446.8", "PWD_P80": "1526.0", "PWD_P81": "1573.0", "PWD_P82": "1623.8", "PWD_P83": "1660.6", "PWD_P84": "1709.6", "PWD_P85": "1751.2", "PWD_P86": "1784.1", "PWD_P87": "1824.3", "PWD_P88": "1891.3", "PWD_P89": "1984.8", "PWD_P90": "2080.8", "PWD_P91": "2138.6", "PWD_P92": "2215.7", "PWD_P93": "2318.1", "PWD_P94": "2435.6", "PWD_P95": "2548.8", "PWD_P96": "2725.5", "PWD_P97": "2921.2", "PWD_P98": "3105.8", "PWD_P99": "3395.7", "PWD_P100": "4106.8" }, "geometry": { "type": "Point", "coordinates": [ 55.453151702880859, -4.649973392486572 ] } },
{ "type": "Feature", "id": 190, "properties": { "lon": -12.072996139526367, "lat": 8.4119319915771484, "year": "2010", "ISO": "SLE", "ISO_No": "694", "Name": "Sierra Leone", "PWC_Lat": "8.41193199157715", "PWC_Lon": "-12.0729961395264", "Pop": "6415636", "Density": "88.3", "Area": "72645.8", "PWD_A": "3412.7", "PWD_G": "430.4", "PWD_M": "261.6", "PWD_P1": "13.7", "PWD_P2": "16.2", "PWD_P3": "18.3", "PWD_P4": "20.3", "PWD_P5": "22.1", "PWD_P6": "23.8", "PWD_P7": "25.5", "PWD_P8": "27.3", "PWD_P9": "29.1", "PWD_P10": "31.0", "PWD_P11": "32.9", "PWD_P12": "34.8", "PWD_P13": "36.6", "PWD_P14": "38.3", "PWD_P15": "40.2", "PWD_P16": "42.1", "PWD_P17": "44.1", "PWD_P18": "46.2", "PWD_P19": "48.3", "PWD_P20": "50.5", "PWD_P21": "52.8", "PWD_P22": "55.1", "PWD_P23": "57.5", "PWD_P24": "60.0", "PWD_P25": "62.7", "PWD_P26": "65.4", "PWD_P27": "68.3", "PWD_P28": "71.5", "PWD_P29": "74.8", "PWD_P30": "78.2", "PWD_P31": "81.8", "PWD_P32": "85.7", "PWD_P33": "89.8", "PWD_P34": "94.3", "PWD_P35": "99.1", "PWD_P36": "104.0", "PWD_P37": "109.7", "PWD_P38": "116.0", "PWD_P39": "123.1", "PWD_P40": "130.9", "PWD_P41": "139.3", "PWD_P42": "148.7", "PWD_P43": "159.6", "PWD_P44": "171.2", "PWD_P45": "183.1", "PWD_P46": "196.5", "PWD_P47": "210.5", "PWD_P48": "225.9", "PWD_P49": "242.5", "PWD_P50": "261.6", "PWD_P51": "281.8", "PWD_P52": "302.1", "PWD_P53": "324.7", "PWD_P54": "350.0", "PWD_P55": "375.1", "PWD_P56": "401.1", "PWD_P57": "429.1", "PWD_P58": "463.7", "PWD_P59": "502.5", "PWD_P60": "546.3", "PWD_P61": "600.3", "PWD_P62": "662.3", "PWD_P63": "744.5", "PWD_P64": "847.8", "PWD_P65": "977.2", "PWD_P66": "1083.2", "PWD_P67": "1196.3", "PWD_P68": "1322.5", "PWD_P69": "1458.4", "PWD_P70": "1608.1", "PWD_P71": "1768.7", "PWD_P72": "1926.0", "PWD_P73": "2258.9", "PWD_P74": "2629.0", "PWD_P75": "2946.7", "PWD_P76": "4062.0", "PWD_P77": "6085.9", "PWD_P78": "6937.7", "PWD_P79": "7439.0", "PWD_P80": "7960.5", "PWD_P81": "8403.4", "PWD_P82": "8842.1", "PWD_P83": "9260.4", "PWD_P84": "9738.5", "PWD_P85": "10002.8", "PWD_P86": "11300.9", "PWD_P87": "13093.2", "PWD_P88": "14016.4", "PWD_P89": "14643.5", "PWD_P90": "15214.8", "PWD_P91": "15521.5", "PWD_P92": "15798.0", "PWD_P93": "16237.0", "PWD_P94": "16651.7", "PWD_P95": "17313.6", "PWD_P96": "17785.8", "PWD_P97": "18005.0", "PWD_P98": "18372.9", "PWD_P99": "18785.8", "PWD_P100": "19422.7" }, "geometry": { "type": "Point", "coordinates": [ -12.072996139526367, 8.411931991577148 ] } },
{ "type": "Feature", "id": 191, "properties": { "lon": 103.83547973632812, "lat": 1.3568532466888428, "year": "2010", "ISO": "SGP", "ISO_No": "702", "Name": "Singapore", "PWC_Lat": "1.35685324668884", "PWC_Lon": "103.835479736328", "Pop": "5131170", "Density": "7450.1", "Area": "688.7", "PWD_A": "20729.1", "PWD_G": "17987.5", "PWD_M": "20158.4", "PWD_P1": "2971.7", "PWD_P2": "3921.4", "PWD_P3": "4629.0", "PWD_P4": "5244.1", "PWD_P5": "5782.3", "PWD_P6": "6285.5", "PWD_P7": "6756.9", "PWD_P8": "7173.7", "PWD_P9": "7599.0", "PWD_P10": "8003.2", "PWD_P11": "8392.2", "PWD_P12": "8796.0", "PWD_P13": "9233.6", "PWD_P14": "9672.9", "PWD_P15": "10110.1", "PWD_P16": "10533.2", "PWD_P17": "10966.2", "PWD_P18": "11397.3", "PWD_P19": "11811.0", "PWD_P20": "12223.5", "PWD_P21": "12593.8", "PWD_P22": "12973.5", "PWD_P23": "13312.1", "PWD_P24": "13627.8", "PWD_P25": "13936.4", "PWD_P26": "14257.5", "PWD_P27": "14563.0", "PWD_P28": "14872.7", "PWD_P29": "15165.0", "PWD_P30": "15444.2", "PWD_P31": "15693.5", "PWD_P32": "15966.6", "PWD_P33": "16207.8", "PWD_P34": "16461.3", "PWD_P35": "16707.5", "PWD_P36": "16946.9", "PWD_P37": "17183.5", "PWD_P38": "17446.5", "PWD_P39": "17694.2", "PWD_P40": "17936.6", "PWD_P41": "18154.4", "PWD_P42": "18388.0", "PWD_P43": "18610.1", "PWD_P44": "18849.3", "PWD_P45": "19061.8", "PWD_P46": "19290.0", "PWD_P47": "19522.9", "PWD_P48": "19737.6", "PWD_P49": "19940.1", "PWD_P50": "20158.4", "PWD_P51": "20350.2", "PWD_P52": "20557.8", "PWD_P53": "20773.6", "PWD_P54": "20958.3", "PWD_P55": "21149.7", "PWD_P56": "21382.5", "PWD_P57": "21605.1", "PWD_P58": "21835.5", "PWD_P59": "22082.3", "PWD_P60": "22313.8", "PWD_P61": "22539.7", "PWD_P62": "22805.2", "PWD_P63": "23037.3", "PWD_P64": "23271.7", "PWD_P65": "23583.7", "PWD_P66": "23843.2", "PWD_P67": "24084.2", "PWD_P68": "24358.3", "PWD_P69": "24617.5", "PWD_P70": "24842.4", "PWD_P71": "25106.5", "PWD_P72": "25380.9", "PWD_P73": "25648.4", "PWD_P74": "25914.4", "PWD_P75": "26211.0", "PWD_P76": "26547.6", "PWD_P77": "26837.5", "PWD_P78": "27182.5", "PWD_P79": "27569.5", "PWD_P80": "27949.0", "PWD_P81": "28352.8", "PWD_P82": "28766.5", "PWD_P83": "29176.5", "PWD_P84": "29611.7", "PWD_P85": "30046.2", "PWD_P86": "30582.4", "PWD_P87": "31171.3", "PWD_P88": "31773.1", "PWD_P89": "32624.1", "PWD_P90": "33419.5", "PWD_P91": "34286.5", "PWD_P92": "35285.2", "PWD_P93": "36376.9", "PWD_P94": "37675.8", "PWD_P95": "39168.0", "PWD_P96": "40759.5", "PWD_P97": "42826.4", "PWD_P98": "45282.4", "PWD_P99": "49479.4", "PWD_P100": "62995.4" }, "geometry": { "type": "Point", "coordinates": [ 103.835479736328125, 1.356853246688843 ] } },
{ "type": "Feature", "id": 192, "properties": { "lon": 19.181093215942383, "lat": 48.661876678466797, "year": "2010", "ISO": "SVK", "ISO_No": "703", "Name": "Slovakia", "PWC_Lat": "48.6618766784668", "PWC_Lon": "19.1810932159424", "Pop": "5404293", "Density": "111.1", "Area": "48621.9", "PWD_A": "1325.3", "PWD_G": "442.9", "PWD_M": "488.8", "PWD_P1": "9.7", "PWD_P2": "15.0", "PWD_P3": "20.2", "PWD_P4": "24.7", "PWD_P5": "28.6", "PWD_P6": "32.0", "PWD_P7": "35.2", "PWD_P8": "38.4", "PWD_P9": "41.6", "PWD_P10": "44.7", "PWD_P11": "47.9", "PWD_P12": "51.1", "PWD_P13": "54.5", "PWD_P14": "58.1", "PWD_P15": "61.8", "PWD_P16": "65.8", "PWD_P17": "69.9", "PWD_P18": "74.4", "PWD_P19": "79.1", "PWD_P20": "84.1", "PWD_P21": "89.5", "PWD_P22": "95.2", "PWD_P23": "101.2", "PWD_P24": "107.5", "PWD_P25": "114.2", "PWD_P26": "121.5", "PWD_P27": "129.4", "PWD_P28": "137.9", "PWD_P29": "147.0", "PWD_P30": "156.8", "PWD_P31": "167.4", "PWD_P32": "179.0", "PWD_P33": "191.0", "PWD_P34": "203.9", "PWD_P35": "217.6", "PWD_P36": "232.2", "PWD_P37": "247.2", "PWD_P38": "262.5", "PWD_P39": "278.4", "PWD_P40": "294.7", "PWD_P41": "311.6", "PWD_P42": "329.0", "PWD_P43": "346.5", "PWD_P44": "364.2", "PWD_P45": "382.6", "PWD_P46": "401.7", "PWD_P47": "421.9", "PWD_P48": "443.0", "PWD_P49": "465.5", "PWD_P50": "488.8", "PWD_P51": "513.1", "PWD_P52": "539.4", "PWD_P53": "567.1", "PWD_P54": "596.6", "PWD_P55": "629.1", "PWD_P56": "664.4", "PWD_P57": "703.5", "PWD_P58": "745.1", "PWD_P59": "791.6", "PWD_P60": "845.8", "PWD_P61": "904.8", "PWD_P62": "971.8", "PWD_P63": "1041.1", "PWD_P64": "1115.7", "PWD_P65": "1195.1", "PWD_P66": "1271.6", "PWD_P67": "1349.0", "PWD_P68": "1429.2", "PWD_P69": "1510.7", "PWD_P70": "1590.4", "PWD_P71": "1667.4", "PWD_P72": "1739.1", "PWD_P73": "1808.2", "PWD_P74": "1877.3", "PWD_P75": "1947.4", "PWD_P76": "2014.9", "PWD_P77": "2081.7", "PWD_P78": "2145.7", "PWD_P79": "2212.6", "PWD_P80": "2282.6", "PWD_P81": "2359.4", "PWD_P82": "2437.9", "PWD_P83": "2508.0", "PWD_P84": "2586.7", "PWD_P85": "2672.9", "PWD_P86": "2764.1", "PWD_P87": "2870.0", "PWD_P88": "2992.3", "PWD_P89": "3136.3", "PWD_P90": "3281.2", "PWD_P91": "3470.3", "PWD_P92": "3744.9", "PWD_P93": "4104.8", "PWD_P94": "4475.8", "PWD_P95": "4840.8", "PWD_P96": "5571.0", "PWD_P97": "6595.9", "PWD_P98": "7401.0", "PWD_P99": "8908.3", "PWD_P100": "21469.2" }, "geometry": { "type": "Point", "coordinates": [ 19.181093215942383, 48.661876678466797 ] } },
{ "type": "Feature", "id": 193, "properties": { "lon": 106.39604187011719, "lat": 15.69548511505127, "year": "2010", "ISO": "VNM", "ISO_No": "704", "Name": "Vietnam", "PWC_Lat": "15.6954851150513", "PWC_Lon": "106.396041870117", "Pop": "87967654", "Density": "270.0", "Area": "325815.5", "PWD_A": "4324.2", "PWD_G": "993.2", "PWD_M": "903.0", "PWD_P1": "22.8", "PWD_P2": "32.6", "PWD_P3": "41.8", "PWD_P4": "50.6", "PWD_P5": "59.7", "PWD_P6": "69.6", "PWD_P7": "79.9", "PWD_P8": "91.1", "PWD_P9": "103.3", "PWD_P10": "116.5", "PWD_P11": "130.1", "PWD_P12": "144.3", "PWD_P13": "159.0", "PWD_P14": "173.9", "PWD_P15": "188.6", "PWD_P16": "203.9", "PWD_P17": "220.3", "PWD_P18": "237.3", "PWD_P19": "254.5", "PWD_P20": "271.9", "PWD_P21": "289.3", "PWD_P22": "306.7", "PWD_P23": "324.2", "PWD_P24": "341.4", "PWD_P25": "358.5", "PWD_P26": "375.6", "PWD_P27": "393.1", "PWD_P28": "410.8", "PWD_P29": "428.8", "PWD_P30": "447.2", "PWD_P31": "466.1", "PWD_P32": "485.3", "PWD_P33": "504.8", "PWD_P34": "524.5", "PWD_P35": "544.7", "PWD_P36": "565.2", "PWD_P37": "585.9", "PWD_P38": "606.8", "PWD_P39": "628.0", "PWD_P40": "649.7", "PWD_P41": "671.7", "PWD_P42": "694.4", "PWD_P43": "717.5", "PWD_P44": "741.6", "PWD_P45": "766.2", "PWD_P46": "791.9", "PWD_P47": "818.4", "PWD_P48": "845.6", "PWD_P49": "873.8", "PWD_P50": "903.0", "PWD_P51": "933.4", "PWD_P52": "965.4", "PWD_P53": "998.6", "PWD_P54": "1033.1", "PWD_P55": "1069.2", "PWD_P56": "1106.8", "PWD_P57": "1146.4", "PWD_P58": "1187.9", "PWD_P59": "1231.0", "PWD_P60": "1275.9", "PWD_P61": "1323.0", "PWD_P62": "1372.5", "PWD_P63": "1424.3", "PWD_P64": "1479.3", "PWD_P65": "1537.1", "PWD_P66": "1598.5", "PWD_P67": "1664.6", "PWD_P68": "1735.8", "PWD_P69": "1812.0", "PWD_P70": "1894.9", "PWD_P71": "1984.2", "PWD_P72": "2081.7", "PWD_P73": "2188.7", "PWD_P74": "2306.1", "PWD_P75": "2436.5", "PWD_P76": "2581.6", "PWD_P77": "2746.1", "PWD_P78": "2933.9", "PWD_P79": "3150.0", "PWD_P80": "3399.8", "PWD_P81": "3690.8", "PWD_P82": "4034.8", "PWD_P83": "4451.2", "PWD_P84": "4953.1", "PWD_P85": "5561.1", "PWD_P86": "6296.1", "PWD_P87": "7183.6", "PWD_P88": "8317.1", "PWD_P89": "9834.1", "PWD_P90": "11748.5", "PWD_P91": "14011.3", "PWD_P92": "16718.1", "PWD_P93": "19975.9", "PWD_P94": "24625.8", "PWD_P95": "29555.0", "PWD_P96": "33718.4", "PWD_P97": "37887.8", "PWD_P98": "42100.2", "PWD_P99": "46426.3", "PWD_P100": "68210.6" }, "geometry": { "type": "Point", "coordinates": [ 106.396041870117188, 15.69548511505127 ] } },
{ "type": "Feature", "id": 194, "properties": { "lon": 14.88646125793457, "lat": 46.166057586669922, "year": "2010", "ISO": "SVN", "ISO_No": "705", "Name": "Slovenia", "PWC_Lat": "46.1660575866699", "PWC_Lon": "14.8864612579346", "Pop": "2043335", "Density": "103.2", "Area": "19795.9", "PWD_A": "1322.7", "PWD_G": "502.6", "PWD_M": "646.1", "PWD_P1": "9.3", "PWD_P2": "14.4", "PWD_P3": "18.8", "PWD_P4": "23.0", "PWD_P5": "27.1", "PWD_P6": "31.2", "PWD_P7": "35.4", "PWD_P8": "39.5", "PWD_P9": "43.7", "PWD_P10": "47.9", "PWD_P11": "52.2", "PWD_P12": "56.6", "PWD_P13": "61.1", "PWD_P14": "65.8", "PWD_P15": "70.7", "PWD_P16": "76.0", "PWD_P17": "81.6", "PWD_P18": "87.5", "PWD_P19": "93.7", "PWD_P20": "100.2", "PWD_P21": "107.2", "PWD_P22": "114.6", "PWD_P23": "122.3", "PWD_P24": "130.4", "PWD_P25": "138.8", "PWD_P26": "147.8", "PWD_P27": "157.4", "PWD_P28": "167.4", "PWD_P29": "178.0", "PWD_P30": "189.3", "PWD_P31": "201.8", "PWD_P32": "214.8", "PWD_P33": "228.7", "PWD_P34": "243.2", "PWD_P35": "259.0", "PWD_P36": "275.7", "PWD_P37": "293.9", "PWD_P38": "313.0", "PWD_P39": "334.1", "PWD_P40": "355.9", "PWD_P41": "378.7", "PWD_P42": "402.4", "PWD_P43": "427.6", "PWD_P44": "453.5", "PWD_P45": "481.1", "PWD_P46": "510.2", "PWD_P47": "540.7", "PWD_P48": "573.8", "PWD_P49": "608.9", "PWD_P50": "646.1", "PWD_P51": "684.7", "PWD_P52": "725.1", "PWD_P53": "767.9", "PWD_P54": "813.4", "PWD_P55": "861.7", "PWD_P56": "910.9", "PWD_P57": "962.3", "PWD_P58": "1014.6", "PWD_P59": "1071.5", "PWD_P60": "1127.6", "PWD_P61": "1186.7", "PWD_P62": "1248.5", "PWD_P63": "1312.6", "PWD_P64": "1380.5", "PWD_P65": "1448.4", "PWD_P66": "1515.6", "PWD_P67": "1582.2", "PWD_P68": "1652.6", "PWD_P69": "1727.2", "PWD_P70": "1804.7", "PWD_P71": "1882.9", "PWD_P72": "1964.0", "PWD_P73": "2049.9", "PWD_P74": "2145.8", "PWD_P75": "2244.7", "PWD_P76": "2342.5", "PWD_P77": "2445.4", "PWD_P78": "2546.2", "PWD_P79": "2655.4", "PWD_P80": "2760.7", "PWD_P81": "2857.7", "PWD_P82": "2939.2", "PWD_P83": "3017.1", "PWD_P84": "3088.5", "PWD_P85": "3158.6", "PWD_P86": "3233.8", "PWD_P87": "3313.0", "PWD_P88": "3390.3", "PWD_P89": "3475.3", "PWD_P90": "3561.3", "PWD_P91": "3640.1", "PWD_P92": "3719.6", "PWD_P93": "3807.3", "PWD_P94": "3928.7", "PWD_P95": "4050.9", "PWD_P96": "4174.6", "PWD_P97": "4296.6", "PWD_P98": "4412.9", "PWD_P99": "4753.1", "PWD_P100": "17839.7" }, "geometry": { "type": "Point", "coordinates": [ 14.88646125793457, 46.166057586669922 ] } },
{ "type": "Feature", "id": 195, "properties": { "lon": 45.13763427734375, "lat": 4.9938406944274902, "year": "2010", "ISO": "SOM", "ISO_No": "706", "Name": "Somalia", "PWC_Lat": "4.99384069442749", "PWC_Lon": "45.1376342773438", "Pop": "12043885", "Density": "19.0", "Area": "635392.6", "PWD_A": "1232.8", "PWD_G": "62.5", "PWD_M": "37.3", "PWD_P1": "2.9", "PWD_P2": "3.8", "PWD_P3": "4.4", "PWD_P4": "4.9", "PWD_P5": "5.3", "PWD_P6": "5.7", "PWD_P7": "6.2", "PWD_P8": "6.6", "PWD_P9": "7.0", "PWD_P10": "7.4", "PWD_P11": "7.8", "PWD_P12": "8.2", "PWD_P13": "8.6", "PWD_P14": "9.0", "PWD_P15": "9.3", "PWD_P16": "9.7", "PWD_P17": "10.1", "PWD_P18": "10.5", "PWD_P19": "11.0", "PWD_P20": "11.4", "PWD_P21": "11.9", "PWD_P22": "12.4", "PWD_P23": "13.0", "PWD_P24": "13.5", "PWD_P25": "14.2", "PWD_P26": "14.8", "PWD_P27": "15.5", "PWD_P28": "16.3", "PWD_P29": "17.1", "PWD_P30": "17.9", "PWD_P31": "18.6", "PWD_P32": "19.4", "PWD_P33": "20.2", "PWD_P34": "21.1", "PWD_P35": "21.9", "PWD_P36": "22.7", "PWD_P37": "23.5", "PWD_P38": "24.5", "PWD_P39": "25.4", "PWD_P40": "26.4", "PWD_P41": "27.4", "PWD_P42": "28.3", "PWD_P43": "29.3", "PWD_P44": "30.4", "PWD_P45": "31.4", "PWD_P46": "32.4", "PWD_P47": "33.5", "PWD_P48": "34.6", "PWD_P49": "36.0", "PWD_P50": "37.3", "PWD_P51": "38.6", "PWD_P52": "40.0", "PWD_P53": "41.5", "PWD_P54": "43.1", "PWD_P55": "44.7", "PWD_P56": "46.4", "PWD_P57": "48.1", "PWD_P58": "49.9", "PWD_P59": "52.0", "PWD_P60": "54.2", "PWD_P61": "56.5", "PWD_P62": "59.0", "PWD_P63": "61.6", "PWD_P64": "64.4", "PWD_P65": "67.6", "PWD_P66": "71.2", "PWD_P67": "75.1", "PWD_P68": "79.3", "PWD_P69": "84.0", "PWD_P70": "89.1", "PWD_P71": "94.3", "PWD_P72": "100.6", "PWD_P73": "107.6", "PWD_P74": "114.8", "PWD_P75": "123.7", "PWD_P76": "133.6", "PWD_P77": "144.4", "PWD_P78": "158.3", "PWD_P79": "174.0", "PWD_P80": "189.3", "PWD_P81": "207.1", "PWD_P82": "234.9", "PWD_P83": "263.2", "PWD_P84": "301.6", "PWD_P85": "357.4", "PWD_P86": "481.5", "PWD_P87": "670.3", "PWD_P88": "1733.7", "PWD_P89": "2852.1", "PWD_P90": "3833.3", "PWD_P91": "5173.9", "PWD_P92": "6905.5", "PWD_P93": "8373.3", "PWD_P94": "9836.1", "PWD_P95": "11609.9", "PWD_P96": "12655.0", "PWD_P97": "13850.8", "PWD_P98": "14984.3", "PWD_P99": "16446.3", "PWD_P100": "19384.8" }, "geometry": { "type": "Point", "coordinates": [ 45.13763427734375, 4.99384069442749 ] } },
{ "type": "Feature", "id": 196, "properties": { "lon": 27.6559, "lat": -28.2876, "year": "2010", "ISO": "ZAF", "ISO_No": "710", "Name": "South Africa", "PWC_Lat": "-28.2876", "PWC_Lon": "27.6559", "Pop": "51216967", "Density": "42.1", "Area": "1216295.8", "PWD_A": "7131.6", "PWD_G": "2467.6", "PWD_M": "3338.2", "PWD_P1": "5.5", "PWD_P2": "16.1", "PWD_P3": "34.3", "PWD_P4": "58.5", "PWD_P5": "85.5", "PWD_P6": "114.2", "PWD_P7": "144.2", "PWD_P8": "175.5", "PWD_P9": "208.4", "PWD_P10": "243.2", "PWD_P11": "279.6", "PWD_P12": "317.3", "PWD_P13": "356.5", "PWD_P14": "397.0", "PWD_P15": "438.9", "PWD_P16": "482.2", "PWD_P17": "527.9", "PWD_P18": "574.8", "PWD_P19": "623.6", "PWD_P20": "674.8", "PWD_P21": "726.9", "PWD_P22": "780.4", "PWD_P23": "835.9", "PWD_P24": "893.2", "PWD_P25": "952.5", "PWD_P26": "1013.3", "PWD_P27": "1076.2", "PWD_P28": "1140.5", "PWD_P29": "1206.6", "PWD_P30": "1275.8", "PWD_P31": "1345.7", "PWD_P32": "1418.7", "PWD_P33": "1494.8", "PWD_P34": "1573.3", "PWD_P35": "1654.3", "PWD_P36": "1738.4", "PWD_P37": "1824.0", "PWD_P38": "1913.1", "PWD_P39": "2007.0", "PWD_P40": "2103.8", "PWD_P41": "2204.4", "PWD_P42": "2309.2", "PWD_P43": "2417.6", "PWD_P44": "2531.8", "PWD_P45": "2653.0", "PWD_P46": "2778.3", "PWD_P47": "2906.5", "PWD_P48": "3042.1", "PWD_P49": "3186.5", "PWD_P50": "3338.2", "PWD_P51": "3492.2", "PWD_P52": "3652.0", "PWD_P53": "3820.8", "PWD_P54": "3998.7", "PWD_P55": "4184.4", "PWD_P56": "4377.5", "PWD_P57": "4575.8", "PWD_P58": "4779.5", "PWD_P59": "4983.6", "PWD_P60": "5198.5", "PWD_P61": "5416.2", "PWD_P62": "5643.0", "PWD_P63": "5875.9", "PWD_P64": "6113.9", "PWD_P65": "6354.7", "PWD_P66": "6608.6", "PWD_P67": "6869.2", "PWD_P68": "7139.3", "PWD_P69": "7412.4", "PWD_P70": "7690.3", "PWD_P71": "7977.8", "PWD_P72": "8276.5", "PWD_P73": "8586.3", "PWD_P74": "8901.2", "PWD_P75": "9223.0", "PWD_P76": "9568.4", "PWD_P77": "9917.4", "PWD_P78": "10288.3", "PWD_P79": "10666.1", "PWD_P80": "11072.0", "PWD_P81": "11495.8", "PWD_P82": "11932.4", "PWD_P83": "12402.7", "PWD_P84": "12906.9", "PWD_P85": "13462.3", "PWD_P86": "14063.7", "PWD_P87": "14713.8", "PWD_P88": "15442.6", "PWD_P89": "16257.6", "PWD_P90": "17186.6", "PWD_P91": "18252.8", "PWD_P92": "19497.5", "PWD_P93": "20985.5", "PWD_P94": "22745.0", "PWD_P95": "24800.5", "PWD_P96": "27472.3", "PWD_P97": "31428.5", "PWD_P98": "38003.2", "PWD_P99": "52836.8", "PWD_P100": "283192.7" }, "geometry": { "type": "Point", "coordinates": [ 27.6559, -28.2876 ] } },
{ "type": "Feature", "id": 197, "properties": { "lon": 30.58843994140625, "lat": -18.701009750366211, "year": "2010", "ISO": "ZWE", "ISO_No": "716", "Name": "Zimbabwe", "PWC_Lat": "-18.7010097503662", "PWC_Lon": "30.5884399414062", "Pop": "12697727", "Density": "32.8", "Area": "387309.9", "PWD_A": "866.3", "PWD_G": "136.4", "PWD_M": "68.7", "PWD_P1": "4.6", "PWD_P2": "5.9", "PWD_P3": "6.9", "PWD_P4": "7.8", "PWD_P5": "8.7", "PWD_P6": "9.5", "PWD_P7": "10.4", "PWD_P8": "11.4", "PWD_P9": "12.3", "PWD_P10": "13.2", "PWD_P11": "14.1", "PWD_P12": "15.0", "PWD_P13": "15.8", "PWD_P14": "16.6", "PWD_P15": "17.4", "PWD_P16": "18.2", "PWD_P17": "18.9", "PWD_P18": "19.7", "PWD_P19": "20.4", "PWD_P20": "21.2", "PWD_P21": "22.0", "PWD_P22": "22.9", "PWD_P23": "23.7", "PWD_P24": "24.6", "PWD_P25": "25.5", "PWD_P26": "26.5", "PWD_P27": "27.5", "PWD_P28": "28.5", "PWD_P29": "29.5", "PWD_P30": "30.6", "PWD_P31": "31.7", "PWD_P32": "32.8", "PWD_P33": "34.0", "PWD_P34": "35.2", "PWD_P35": "36.5", "PWD_P36": "37.9", "PWD_P37": "39.3", "PWD_P38": "40.8", "PWD_P39": "42.4", "PWD_P40": "44.0", "PWD_P41": "45.8", "PWD_P42": "47.6", "PWD_P43": "49.6", "PWD_P44": "51.7", "PWD_P45": "53.9", "PWD_P46": "56.4", "PWD_P47": "59.0", "PWD_P48": "62.0", "PWD_P49": "65.2", "PWD_P50": "68.7", "PWD_P51": "72.5", "PWD_P52": "76.7", "PWD_P53": "81.3", "PWD_P54": "86.7", "PWD_P55": "93.2", "PWD_P56": "100.7", "PWD_P57": "109.4", "PWD_P58": "119.6", "PWD_P59": "132.0", "PWD_P60": "147.3", "PWD_P61": "166.6", "PWD_P62": "191.0", "PWD_P63": "221.6", "PWD_P64": "259.8", "PWD_P65": "304.1", "PWD_P66": "354.4", "PWD_P67": "416.0", "PWD_P68": "486.0", "PWD_P69": "568.6", "PWD_P70": "662.5", "PWD_P71": "766.0", "PWD_P72": "877.8", "PWD_P73": "1004.6", "PWD_P74": "1132.3", "PWD_P75": "1254.4", "PWD_P76": "1368.6", "PWD_P77": "1472.5", "PWD_P78": "1579.0", "PWD_P79": "1697.1", "PWD_P80": "1818.2", "PWD_P81": "1939.5", "PWD_P82": "2046.6", "PWD_P83": "2147.3", "PWD_P84": "2245.6", "PWD_P85": "2338.8", "PWD_P86": "2418.0", "PWD_P87": "2486.7", "PWD_P88": "2550.3", "PWD_P89": "2619.0", "PWD_P90": "2687.2", "PWD_P91": "2757.4", "PWD_P92": "2830.9", "PWD_P93": "2913.8", "PWD_P94": "3021.9", "PWD_P95": "3164.2", "PWD_P96": "3448.2", "PWD_P97": "5866.8", "PWD_P98": "6973.4", "PWD_P99": "8481.6", "PWD_P100": "10128.9" }, "geometry": { "type": "Point", "coordinates": [ 30.58843994140625, -18.701009750366211 ] } },
{ "type": "Feature", "id": 198, "properties": { "lon": -3.2225246429443359, "lat": 39.672451019287109, "year": "2010", "ISO": "ESP", "ISO_No": "724", "Name": "Spain", "PWC_Lat": "39.6724510192871", "PWC_Lon": "-3.22252464294434", "Pop": "46931010", "Density": "93.2", "Area": "503714.5", "PWD_A": "5150.6", "PWD_G": "1482.4", "PWD_M": "2499.2", "PWD_P1": "4.5", "PWD_P2": "8.8", "PWD_P3": "13.4", "PWD_P4": "17.9", "PWD_P5": "22.5", "PWD_P6": "27.4", "PWD_P7": "32.6", "PWD_P8": "38.8", "PWD_P9": "46.1", "PWD_P10": "54.9", "PWD_P11": "65.7", "PWD_P12": "78.5", "PWD_P13": "93.1", "PWD_P14": "109.6", "PWD_P15": "128.2", "PWD_P16": "148.6", "PWD_P17": "170.6", "PWD_P18": "194.1", "PWD_P19": "219.9", "PWD_P20": "248.0", "PWD_P21": "278.5", "PWD_P22": "311.5", "PWD_P23": "347.0", "PWD_P24": "385.6", "PWD_P25": "425.9", "PWD_P26": "468.2", "PWD_P27": "512.7", "PWD_P28": "560.0", "PWD_P29": "610.0", "PWD_P30": "662.8", "PWD_P31": "718.0", "PWD_P32": "777.4", "PWD_P33": "840.0", "PWD_P34": "904.9", "PWD_P35": "972.5", "PWD_P36": "1043.9", "PWD_P37": "1118.7", "PWD_P38": "1198.3", "PWD_P39": "1280.8", "PWD_P40": "1366.1", "PWD_P41": "1457.0", "PWD_P42": "1553.0", "PWD_P43": "1652.2", "PWD_P44": "1758.2", "PWD_P45": "1869.4", "PWD_P46": "1983.8", "PWD_P47": "2102.2", "PWD_P48": "2226.6", "PWD_P49": "2357.7", "PWD_P50": "2499.2", "PWD_P51": "2645.8", "PWD_P52": "2797.9", "PWD_P53": "2952.6", "PWD_P54": "3113.5", "PWD_P55": "3280.8", "PWD_P56": "3454.7", "PWD_P57": "3633.7", "PWD_P58": "3818.7", "PWD_P59": "4010.8", "PWD_P60": "4208.5", "PWD_P61": "4407.9", "PWD_P62": "4605.4", "PWD_P63": "4808.3", "PWD_P64": "5018.1", "PWD_P65": "5241.9", "PWD_P66": "5469.7", "PWD_P67": "5703.4", "PWD_P68": "5954.7", "PWD_P69": "6214.2", "PWD_P70": "6483.1", "PWD_P71": "6750.4", "PWD_P72": "7034.2", "PWD_P73": "7340.4", "PWD_P74": "7643.2", "PWD_P75": "7967.9", "PWD_P76": "8295.3", "PWD_P77": "8612.9", "PWD_P78": "8938.4", "PWD_P79": "9285.8", "PWD_P80": "9619.3", "PWD_P81": "9954.0", "PWD_P82": "10330.9", "PWD_P83": "10757.5", "PWD_P84": "11232.2", "PWD_P85": "11718.5", "PWD_P86": "12212.0", "PWD_P87": "12747.5", "PWD_P88": "13373.8", "PWD_P89": "14003.1", "PWD_P90": "14711.4", "PWD_P91": "15562.6", "PWD_P92": "16316.7", "PWD_P93": "16962.6", "PWD_P94": "17615.7", "PWD_P95": "18404.5", "PWD_P96": "19650.5", "PWD_P97": "21631.1", "PWD_P98": "23246.9", "PWD_P99": "24900.2", "PWD_P100": "39141.2" }, "geometry": { "type": "Point", "coordinates": [ -3.222524642944336, 39.672451019287109 ] } },
{ "type": "Feature", "id": 199, "properties": { "lon": 30.667980194091797, "lat": 7.0521998405456543, "year": "2010", "ISO": "SSD", "ISO_No": "728", "Name": "South Sudan", "PWC_Lat": "7.05219984054565", "PWC_Lon": "30.6679801940918", "Pop": "9508371", "Density": "15.3", "Area": "623464.4", "PWD_A": "37.4", "PWD_G": "25.2", "PWD_M": "27.4", "PWD_P1": "2.4", "PWD_P2": "3.4", "PWD_P3": "4.0", "PWD_P4": "4.6", "PWD_P5": "5.2", "PWD_P6": "5.9", "PWD_P7": "6.6", "PWD_P8": "7.1", "PWD_P9": "7.6", "PWD_P10": "8.0", "PWD_P11": "8.3", "PWD_P12": "8.6", "PWD_P13": "8.9", "PWD_P14": "9.2", "PWD_P15": "9.6", "PWD_P16": "9.9", "PWD_P17": "10.2", "PWD_P18": "10.5", "PWD_P19": "10.8", "PWD_P20": "11.2", "PWD_P21": "11.6", "PWD_P22": "12.0", "PWD_P23": "12.3", "PWD_P24": "12.7", "PWD_P25": "13.1", "PWD_P26": "13.6", "PWD_P27": "14.0", "PWD_P28": "14.5", "PWD_P29": "15.0", "PWD_P30": "15.4", "PWD_P31": "15.9", "PWD_P32": "16.4", "PWD_P33": "17.0", "PWD_P34": "17.5", "PWD_P35": "18.0", "PWD_P36": "18.6", "PWD_P37": "19.1", "PWD_P38": "19.7", "PWD_P39": "20.3", "PWD_P40": "20.8", "PWD_P41": "21.4", "PWD_P42": "22.0", "PWD_P43": "22.6", "PWD_P44": "23.2", "PWD_P45": "23.9", "PWD_P46": "24.5", "PWD_P47": "25.2", "PWD_P48": "26.0", "PWD_P49": "26.7", "PWD_P50": "27.4", "PWD_P51": "28.1", "PWD_P52": "28.8", "PWD_P53": "29.5", "PWD_P54": "30.1", "PWD_P55": "30.8", "PWD_P56": "31.5", "PWD_P57": "32.3", "PWD_P58": "33.0", "PWD_P59": "33.8", "PWD_P60": "34.5", "PWD_P61": "35.4", "PWD_P62": "36.3", "PWD_P63": "37.3", "PWD_P64": "38.2", "PWD_P65": "39.3", "PWD_P66": "40.5", "PWD_P67": "41.6", "PWD_P68": "42.7", "PWD_P69": "43.7", "PWD_P70": "44.9", "PWD_P71": "46.0", "PWD_P72": "47.1", "PWD_P73": "48.1", "PWD_P74": "49.2", "PWD_P75": "50.3", "PWD_P76": "51.4", "PWD_P77": "52.5", "PWD_P78": "53.8", "PWD_P79": "55.2", "PWD_P80": "56.6", "PWD_P81": "58.3", "PWD_P82": "60.0", "PWD_P83": "61.7", "PWD_P84": "63.3", "PWD_P85": "64.8", "PWD_P86": "66.2", "PWD_P87": "67.7", "PWD_P88": "69.3", "PWD_P89": "70.7", "PWD_P90": "72.1", "PWD_P91": "74.1", "PWD_P92": "77.6", "PWD_P93": "80.6", "PWD_P94": "87.8", "PWD_P95": "101.1", "PWD_P96": "113.1", "PWD_P97": "120.9", "PWD_P98": "128.2", "PWD_P99": "242.4", "PWD_P100": "312.5" }, "geometry": { "type": "Point", "coordinates": [ 30.667980194091797, 7.052199840545654 ] } },
{ "type": "Feature", "id": 200, "properties": { "lon": 30.9091, "lat": 14.1879, "year": "2010", "ISO": "SDN", "ISO_No": "729", "Name": "Sudan", "PWC_Lat": "14.1879", "PWC_Lon": "30.9091", "Pop": "34545013", "Density": "18.6", "Area": "1859595.9", "PWD_A": "536.2", "PWD_G": "100.9", "PWD_M": "73.2", "PWD_P1": "1.7", "PWD_P2": "2.9", "PWD_P3": "3.9", "PWD_P4": "4.9", "PWD_P5": "5.8", "PWD_P6": "6.8", "PWD_P7": "7.7", "PWD_P8": "8.7", "PWD_P9": "9.5", "PWD_P10": "10.2", "PWD_P11": "10.9", "PWD_P12": "11.6", "PWD_P13": "12.3", "PWD_P14": "13.0", "PWD_P15": "13.7", "PWD_P16": "14.4", "PWD_P17": "15.2", "PWD_P18": "16.0", "PWD_P19": "16.8", "PWD_P20": "17.7", "PWD_P21": "18.6", "PWD_P22": "19.5", "PWD_P23": "20.5", "PWD_P24": "21.5", "PWD_P25": "22.5", "PWD_P26": "23.6", "PWD_P27": "24.7", "PWD_P28": "25.9", "PWD_P29": "27.1", "PWD_P30": "28.4", "PWD_P31": "29.7", "PWD_P32": "31.1", "PWD_P33": "32.7", "PWD_P34": "34.2", "PWD_P35": "35.8", "PWD_P36": "37.5", "PWD_P37": "39.3", "PWD_P38": "41.1", "PWD_P39": "43.0", "PWD_P40": "44.9", "PWD_P41": "47.0", "PWD_P42": "49.2", "PWD_P43": "51.5", "PWD_P44": "53.8", "PWD_P45": "56.4", "PWD_P46": "59.4", "PWD_P47": "62.5", "PWD_P48": "65.9", "PWD_P49": "69.5", "PWD_P50": "73.2", "PWD_P51": "76.9", "PWD_P52": "80.6", "PWD_P53": "84.8", "PWD_P54": "89.5", "PWD_P55": "95.0", "PWD_P56": "101.5", "PWD_P57": "109.2", "PWD_P58": "117.5", "PWD_P59": "126.7", "PWD_P60": "137.0", "PWD_P61": "148.9", "PWD_P62": "163.6", "PWD_P63": "180.1", "PWD_P64": "197.6", "PWD_P65": "216.2", "PWD_P66": "237.4", "PWD_P67": "262.1", "PWD_P68": "287.6", "PWD_P69": "316.2", "PWD_P70": "344.9", "PWD_P71": "373.2", "PWD_P72": "404.1", "PWD_P73": "437.7", "PWD_P74": "474.4", "PWD_P75": "515.3", "PWD_P76": "558.5", "PWD_P77": "603.6", "PWD_P78": "652.7", "PWD_P79": "706.9", "PWD_P80": "765.9", "PWD_P81": "833.0", "PWD_P82": "915.0", "PWD_P83": "1000.7", "PWD_P84": "1089.9", "PWD_P85": "1189.1", "PWD_P86": "1296.1", "PWD_P87": "1400.4", "PWD_P88": "1499.6", "PWD_P89": "1612.4", "PWD_P90": "1736.2", "PWD_P91": "1866.3", "PWD_P92": "2029.8", "PWD_P93": "2271.6", "PWD_P94": "2511.5", "PWD_P95": "2780.1", "PWD_P96": "3268.5", "PWD_P97": "4014.2", "PWD_P98": "4478.5", "PWD_P99": "4873.7", "PWD_P100": "6312.5" }, "geometry": { "type": "Point", "coordinates": [ 30.9091, 14.1879 ] } },
{ "type": "Feature", "id": 201, "properties": { "lon": -13.750910758972168, "lat": 26.146051406860352, "year": "2010", "ISO": "ESH", "ISO_No": "732", "Name": "Western Sahara", "PWC_Lat": "26.1460514068604", "PWC_Lon": "-13.7509107589722", "Pop": "480268", "Density": "1.8", "Area": "267941.4", "PWD_A": "3259.4", "PWD_G": "1145.6", "PWD_M": "1493.9", "PWD_P1": "0.2", "PWD_P2": "1.8", "PWD_P3": "6.7", "PWD_P4": "17.2", "PWD_P5": "38.2", "PWD_P6": "99.3", "PWD_P7": "135.0", "PWD_P8": "147.5", "PWD_P9": "160.7", "PWD_P10": "175.5", "PWD_P11": "193.4", "PWD_P12": "218.3", "PWD_P13": "258.6", "PWD_P14": "295.1", "PWD_P15": "356.0", "PWD_P16": "426.0", "PWD_P17": "484.6", "PWD_P18": "532.5", "PWD_P19": "575.3", "PWD_P20": "606.7", "PWD_P21": "638.1", "PWD_P22": "661.5", "PWD_P23": "681.5", "PWD_P24": "698.9", "PWD_P25": "716.8", "PWD_P26": "735.4", "PWD_P27": "756.1", "PWD_P28": "781.6", "PWD_P29": "802.7", "PWD_P30": "820.3", "PWD_P31": "837.1", "PWD_P32": "852.1", "PWD_P33": "870.0", "PWD_P34": "888.8", "PWD_P35": "906.2", "PWD_P36": "924.5", "PWD_P37": "942.0", "PWD_P38": "960.1", "PWD_P39": "978.3", "PWD_P40": "998.4", "PWD_P41": "1021.2", "PWD_P42": "1043.6", "PWD_P43": "1069.0", "PWD_P44": "1096.2", "PWD_P45": "1134.5", "PWD_P46": "1173.3", "PWD_P47": "1241.7", "PWD_P48": "1338.8", "PWD_P49": "1428.2", "PWD_P50": "1493.9", "PWD_P51": "1573.2", "PWD_P52": "1657.6", "PWD_P53": "1745.6", "PWD_P54": "1826.0", "PWD_P55": "1906.2", "PWD_P56": "1993.4", "PWD_P57": "2068.7", "PWD_P58": "2128.4", "PWD_P59": "2179.0", "PWD_P60": "2230.5", "PWD_P61": "2268.3", "PWD_P62": "2313.1", "PWD_P63": "2360.5", "PWD_P64": "2406.7", "PWD_P65": "2453.0", "PWD_P66": "2491.1", "PWD_P67": "2532.1", "PWD_P68": "2585.3", "PWD_P69": "2634.4", "PWD_P70": "2691.9", "PWD_P71": "2741.6", "PWD_P72": "2804.7", "PWD_P73": "2862.9", "PWD_P74": "2916.7", "PWD_P75": "2968.3", "PWD_P76": "3026.7", "PWD_P77": "3082.5", "PWD_P78": "3145.7", "PWD_P79": "3208.5", "PWD_P80": "3265.9", "PWD_P81": "3325.1", "PWD_P82": "3398.4", "PWD_P83": "3481.5", "PWD_P84": "3592.8", "PWD_P85": "3783.3", "PWD_P86": "4288.2", "PWD_P87": "4619.1", "PWD_P88": "4894.2", "PWD_P89": "5967.3", "PWD_P90": "7883.5", "PWD_P91": "9885.5", "PWD_P92": "10979.8", "PWD_P93": "13137.6", "PWD_P94": "15656.5", "PWD_P95": "17564.6", "PWD_P96": "20605.7", "PWD_P97": "22843.0", "PWD_P98": "24630.5", "PWD_P99": "25191.8", "PWD_P100": "27244.3" }, "geometry": { "type": "Point", "coordinates": [ -13.750910758972168, 26.146051406860352 ] } },
{ "type": "Feature", "id": 202, "properties": { "lon": -55.33770751953125, "lat": 5.6491575241088867, "year": "2010", "ISO": "SUR", "ISO_No": "740", "Name": "Suriname", "PWC_Lat": "5.64915752410889", "PWC_Lon": "-55.3377075195312", "Pop": "529125", "Density": "3.6", "Area": "145228.8", "PWD_A": "1307.2", "PWD_G": "259.7", "PWD_M": "444.9", "PWD_P1": "0.2", "PWD_P2": "0.4", "PWD_P3": "0.5", "PWD_P4": "0.8", "PWD_P5": "1.2", "PWD_P6": "1.7", "PWD_P7": "2.3", "PWD_P8": "3.2", "PWD_P9": "4.1", "PWD_P10": "5.5", "PWD_P11": "7.1", "PWD_P12": "8.9", "PWD_P13": "11.4", "PWD_P14": "14.6", "PWD_P15": "17.9", "PWD_P16": "21.7", "PWD_P17": "25.5", "PWD_P18": "30.1", "PWD_P19": "34.7", "PWD_P20": "39.5", "PWD_P21": "44.6", "PWD_P22": "50.5", "PWD_P23": "56.8", "PWD_P24": "63.7", "PWD_P25": "70.9", "PWD_P26": "78.3", "PWD_P27": "86.8", "PWD_P28": "95.0", "PWD_P29": "104.1", "PWD_P30": "114.0", "PWD_P31": "124.7", "PWD_P32": "136.3", "PWD_P33": "148.0", "PWD_P34": "160.2", "PWD_P35": "173.6", "PWD_P36": "187.6", "PWD_P37": "202.7", "PWD_P38": "222.6", "PWD_P39": "241.8", "PWD_P40": "263.2", "PWD_P41": "286.1", "PWD_P42": "306.0", "PWD_P43": "324.1", "PWD_P44": "342.1", "PWD_P45": "359.9", "PWD_P46": "375.3", "PWD_P47": "391.3", "PWD_P48": "408.1", "PWD_P49": "425.9", "PWD_P50": "444.9", "PWD_P51": "464.7", "PWD_P52": "485.8", "PWD_P53": "507.3", "PWD_P54": "530.7", "PWD_P55": "555.9", "PWD_P56": "583.1", "PWD_P57": "612.7", "PWD_P58": "643.7", "PWD_P59": "683.1", "PWD_P60": "722.9", "PWD_P61": "766.8", "PWD_P62": "819.3", "PWD_P63": "880.8", "PWD_P64": "950.8", "PWD_P65": "1027.3", "PWD_P66": "1092.4", "PWD_P67": "1166.3", "PWD_P68": "1244.9", "PWD_P69": "1322.1", "PWD_P70": "1414.7", "PWD_P71": "1489.1", "PWD_P72": "1577.1", "PWD_P73": "1704.2", "PWD_P74": "1846.6", "PWD_P75": "1959.0", "PWD_P76": "2074.6", "PWD_P77": "2192.4", "PWD_P78": "2301.4", "PWD_P79": "2430.4", "PWD_P80": "2563.7", "PWD_P81": "2730.3", "PWD_P82": "2902.7", "PWD_P83": "3035.5", "PWD_P84": "3207.0", "PWD_P85": "3392.7", "PWD_P86": "3563.2", "PWD_P87": "3755.8", "PWD_P88": "3919.7", "PWD_P89": "4072.9", "PWD_P90": "4261.9", "PWD_P91": "4448.8", "PWD_P92": "4721.3", "PWD_P93": "4919.5", "PWD_P94": "5196.6", "PWD_P95": "5468.2", "PWD_P96": "5750.3", "PWD_P97": "6006.4", "PWD_P98": "6199.6", "PWD_P99": "6486.8", "PWD_P100": "7500.9" }, "geometry": { "type": "Point", "coordinates": [ -55.33770751953125, 5.649157524108887 ] } },
{ "type": "Feature", "id": 203, "properties": { "lon": 31.424875259399414, "lat": -26.531484603881836, "year": "2010", "ISO": "SWZ", "ISO_No": "748", "Name": "Swaziland", "PWC_Lat": "-26.5314846038818", "PWC_Lon": "31.4248752593994", "Pop": "1064840", "Density": "61.7", "Area": "17247.3", "PWD_A": "307.4", "PWD_G": "114.9", "PWD_M": "87.5", "PWD_P1": "12.2", "PWD_P2": "15.3", "PWD_P3": "17.3", "PWD_P4": "19.1", "PWD_P5": "20.7", "PWD_P6": "22.1", "PWD_P7": "23.5", "PWD_P8": "24.8", "PWD_P9": "26.1", "PWD_P10": "27.3", "PWD_P11": "28.5", "PWD_P12": "29.7", "PWD_P13": "30.8", "PWD_P14": "32.0", "PWD_P15": "33.1", "PWD_P16": "34.3", "PWD_P17": "35.4", "PWD_P18": "36.6", "PWD_P19": "37.9", "PWD_P20": "39.2", "PWD_P21": "40.4", "PWD_P22": "41.7", "PWD_P23": "42.9", "PWD_P24": "44.2", "PWD_P25": "45.6", "PWD_P26": "46.9", "PWD_P27": "48.3", "PWD_P28": "49.7", "PWD_P29": "51.1", "PWD_P30": "52.4", "PWD_P31": "53.7", "PWD_P32": "55.1", "PWD_P33": "56.5", "PWD_P34": "58.0", "PWD_P35": "59.4", "PWD_P36": "60.9", "PWD_P37": "62.5", "PWD_P38": "64.0", "PWD_P39": "65.6", "PWD_P40": "67.3", "PWD_P41": "68.9", "PWD_P42": "70.6", "PWD_P43": "72.3", "PWD_P44": "74.2", "PWD_P45": "76.2", "PWD_P46": "78.3", "PWD_P47": "80.5", "PWD_P48": "82.7", "PWD_P49": "85.0", "PWD_P50": "87.5", "PWD_P51": "90.0", "PWD_P52": "92.6", "PWD_P53": "95.3", "PWD_P54": "98.0", "PWD_P55": "100.9", "PWD_P56": "103.7", "PWD_P57": "106.5", "PWD_P58": "109.4", "PWD_P59": "112.6", "PWD_P60": "116.2", "PWD_P61": "120.0", "PWD_P62": "123.8", "PWD_P63": "127.8", "PWD_P64": "132.0", "PWD_P65": "136.4", "PWD_P66": "140.9", "PWD_P67": "145.9", "PWD_P68": "151.4", "PWD_P69": "157.2", "PWD_P70": "163.4", "PWD_P71": "170.5", "PWD_P72": "179.0", "PWD_P73": "187.7", "PWD_P74": "196.8", "PWD_P75": "206.7", "PWD_P76": "217.2", "PWD_P77": "228.0", "PWD_P78": "247.6", "PWD_P79": "285.6", "PWD_P80": "330.1", "PWD_P81": "372.2", "PWD_P82": "418.7", "PWD_P83": "468.9", "PWD_P84": "531.5", "PWD_P85": "632.8", "PWD_P86": "747.2", "PWD_P87": "832.4", "PWD_P88": "918.1", "PWD_P89": "1013.4", "PWD_P90": "1154.1", "PWD_P91": "1360.2", "PWD_P92": "1483.7", "PWD_P93": "1600.6", "PWD_P94": "1680.5", "PWD_P95": "1740.3", "PWD_P96": "1791.5", "PWD_P97": "1851.2", "PWD_P98": "1913.9", "PWD_P99": "2024.0", "PWD_P100": "2412.6" }, "geometry": { "type": "Point", "coordinates": [ 31.424875259399414, -26.531484603881836 ] } },
{ "type": "Feature", "id": 204, "properties": { "lon": 15.533442497253418, "lat": 58.863677978515625, "year": "2010", "ISO": "SWE", "ISO_No": "752", "Name": "Sweden", "PWC_Lat": "58.8636779785156", "PWC_Lon": "15.5334424972534", "Pop": "9390157", "Density": "22.3", "Area": "421312.3", "PWD_A": "2020.1", "PWD_G": "487.7", "PWD_M": "793.8", "PWD_P1": "1.7", "PWD_P2": "3.4", "PWD_P3": "4.8", "PWD_P4": "6.0", "PWD_P5": "7.4", "PWD_P6": "8.9", "PWD_P7": "10.6", "PWD_P8": "12.7", "PWD_P9": "15.3", "PWD_P10": "18.3", "PWD_P11": "21.7", "PWD_P12": "25.7", "PWD_P13": "30.2", "PWD_P14": "35.5", "PWD_P15": "41.5", "PWD_P16": "48.1", "PWD_P17": "55.5", "PWD_P18": "63.5", "PWD_P19": "72.1", "PWD_P20": "81.7", "PWD_P21": "91.8", "PWD_P22": "102.6", "PWD_P23": "114.3", "PWD_P24": "126.9", "PWD_P25": "140.6", "PWD_P26": "155.2", "PWD_P27": "171.0", "PWD_P28": "188.0", "PWD_P29": "206.3", "PWD_P30": "226.0", "PWD_P31": "247.0", "PWD_P32": "269.4", "PWD_P33": "292.9", "PWD_P34": "317.6", "PWD_P35": "343.2", "PWD_P36": "369.0", "PWD_P37": "395.3", "PWD_P38": "422.5", "PWD_P39": "450.2", "PWD_P40": "478.3", "PWD_P41": "506.7", "PWD_P42": "535.5", "PWD_P43": "564.5", "PWD_P44": "594.8", "PWD_P45": "625.5", "PWD_P46": "657.2", "PWD_P47": "689.8", "PWD_P48": "723.5", "PWD_P49": "758.3", "PWD_P50": "793.8", "PWD_P51": "830.7", "PWD_P52": "869.0", "PWD_P53": "908.9", "PWD_P54": "950.5", "PWD_P55": "992.5", "PWD_P56": "1035.5", "PWD_P57": "1079.8", "PWD_P58": "1126.1", "PWD_P59": "1174.0", "PWD_P60": "1223.7", "PWD_P61": "1275.2", "PWD_P62": "1328.9", "PWD_P63": "1384.1", "PWD_P64": "1441.8", "PWD_P65": "1501.9", "PWD_P66": "1563.5", "PWD_P67": "1629.0", "PWD_P68": "1695.5", "PWD_P69": "1765.7", "PWD_P70": "1840.6", "PWD_P71": "1918.7", "PWD_P72": "2002.0", "PWD_P73": "2091.1", "PWD_P74": "2184.0", "PWD_P75": "2279.3", "PWD_P76": "2383.0", "PWD_P77": "2485.8", "PWD_P78": "2592.4", "PWD_P79": "2702.7", "PWD_P80": "2818.3", "PWD_P81": "2949.5", "PWD_P82": "3085.6", "PWD_P83": "3233.0", "PWD_P84": "3394.5", "PWD_P85": "3572.9", "PWD_P86": "3752.1", "PWD_P87": "3959.3", "PWD_P88": "4187.5", "PWD_P89": "4445.6", "PWD_P90": "4736.6", "PWD_P91": "5072.1", "PWD_P92": "5502.2", "PWD_P93": "6009.0", "PWD_P94": "6714.4", "PWD_P95": "7715.2", "PWD_P96": "9235.0", "PWD_P97": "11537.1", "PWD_P98": "14865.4", "PWD_P99": "20756.8", "PWD_P100": "43614.7" }, "geometry": { "type": "Point", "coordinates": [ 15.533442497253418, 58.863677978515625 ] } },
{ "type": "Feature", "id": 205, "properties": { "lon": 7.9566373825073242, "lat": 47.023422241210938, "year": "2010", "ISO": "CHE", "ISO_No": "756", "Name": "Switzerland", "PWC_Lat": "47.0234222412109", "PWC_Lon": "7.95663738250732", "Pop": "7808673", "Density": "196.4", "Area": "39764.2", "PWD_A": "2741.9", "PWD_G": "1064.0", "PWD_M": "1341.4", "PWD_P1": "14.4", "PWD_P2": "25.6", "PWD_P3": "36.6", "PWD_P4": "46.6", "PWD_P5": "56.1", "PWD_P6": "65.5", "PWD_P7": "75.1", "PWD_P8": "85.1", "PWD_P9": "95.6", "PWD_P10": "106.6", "PWD_P11": "117.9", "PWD_P12": "129.9", "PWD_P13": "142.5", "PWD_P14": "155.6", "PWD_P15": "169.4", "PWD_P16": "184.0", "PWD_P17": "199.5", "PWD_P18": "215.9", "PWD_P19": "233.2", "PWD_P20": "251.0", "PWD_P21": "269.5", "PWD_P22": "288.7", "PWD_P23": "309.1", "PWD_P24": "330.5", "PWD_P25": "353.0", "PWD_P26": "376.3", "PWD_P27": "400.6", "PWD_P28": "426.0", "PWD_P29": "452.6", "PWD_P30": "480.1", "PWD_P31": "508.7", "PWD_P32": "539.0", "PWD_P33": "570.4", "PWD_P34": "603.8", "PWD_P35": "638.2", "PWD_P36": "673.6", "PWD_P37": "710.1", "PWD_P38": "748.5", "PWD_P39": "787.9", "PWD_P40": "829.3", "PWD_P41": "872.5", "PWD_P42": "917.0", "PWD_P43": "963.7", "PWD_P44": "1011.3", "PWD_P45": "1060.4", "PWD_P46": "1111.9", "PWD_P47": "1165.5", "PWD_P48": "1221.3", "PWD_P49": "1279.2", "PWD_P50": "1341.4", "PWD_P51": "1404.1", "PWD_P52": "1470.4", "PWD_P53": "1540.5", "PWD_P54": "1612.9", "PWD_P55": "1687.6", "PWD_P56": "1766.2", "PWD_P57": "1847.1", "PWD_P58": "1930.8", "PWD_P59": "2018.0", "PWD_P60": "2106.8", "PWD_P61": "2202.5", "PWD_P62": "2301.8", "PWD_P63": "2405.8", "PWD_P64": "2510.1", "PWD_P65": "2619.4", "PWD_P66": "2731.5", "PWD_P67": "2846.0", "PWD_P68": "2965.9", "PWD_P69": "3089.1", "PWD_P70": "3216.0", "PWD_P71": "3352.2", "PWD_P72": "3492.3", "PWD_P73": "3636.4", "PWD_P74": "3778.0", "PWD_P75": "3929.0", "PWD_P76": "4096.5", "PWD_P77": "4261.9", "PWD_P78": "4432.1", "PWD_P79": "4624.4", "PWD_P80": "4823.2", "PWD_P81": "5028.2", "PWD_P82": "5241.9", "PWD_P83": "5473.9", "PWD_P84": "5709.7", "PWD_P85": "5949.0", "PWD_P86": "6208.3", "PWD_P87": "6473.5", "PWD_P88": "6788.2", "PWD_P89": "7110.8", "PWD_P90": "7443.3", "PWD_P91": "7787.5", "PWD_P92": "8168.2", "PWD_P93": "8512.9", "PWD_P94": "8817.9", "PWD_P95": "9247.5", "PWD_P96": "9926.3", "PWD_P97": "10540.0", "PWD_P98": "12213.8", "PWD_P99": "18786.5", "PWD_P100": "23353.5" }, "geometry": { "type": "Point", "coordinates": [ 7.956637382507324, 47.023422241210938 ] } },
{ "type": "Feature", "id": 206, "properties": { "lon": 37.290073394775391, "lat": 35.064262390136719, "year": "2010", "ISO": "SYR", "ISO_No": "760", "Name": "Syria", "PWC_Lat": "35.0642623901367", "PWC_Lon": "37.2900733947754", "Pop": "21362540", "Density": "115.2", "Area": "185417.6", "PWD_A": "4328.0", "PWD_G": "1094.2", "PWD_M": "1208.9", "PWD_P1": "6.7", "PWD_P2": "20.3", "PWD_P3": "30.8", "PWD_P4": "38.3", "PWD_P5": "45.0", "PWD_P6": "51.4", "PWD_P7": "58.0", "PWD_P8": "64.7", "PWD_P9": "71.4", "PWD_P10": "78.4", "PWD_P11": "85.9", "PWD_P12": "93.8", "PWD_P13": "102.3", "PWD_P14": "111.5", "PWD_P15": "121.3", "PWD_P16": "131.6", "PWD_P17": "142.4", "PWD_P18": "153.7", "PWD_P19": "165.8", "PWD_P20": "178.2", "PWD_P21": "191.1", "PWD_P22": "204.6", "PWD_P23": "218.8", "PWD_P24": "233.6", "PWD_P25": "249.3", "PWD_P26": "266.0", "PWD_P27": "284.0", "PWD_P28": "303.3", "PWD_P29": "323.7", "PWD_P30": "345.4", "PWD_P31": "368.7", "PWD_P32": "393.3", "PWD_P33": "419.6", "PWD_P34": "447.1", "PWD_P35": "475.7", "PWD_P36": "506.1", "PWD_P37": "538.5", "PWD_P38": "572.6", "PWD_P39": "609.4", "PWD_P40": "649.1", "PWD_P41": "691.0", "PWD_P42": "735.1", "PWD_P43": "782.0", "PWD_P44": "832.4", "PWD_P45": "886.2", "PWD_P46": "943.9", "PWD_P47": "1003.4", "PWD_P48": "1067.4", "PWD_P49": "1136.3", "PWD_P50": "1208.9", "PWD_P51": "1285.4", "PWD_P52": "1365.9", "PWD_P53": "1452.0", "PWD_P54": "1543.4", "PWD_P55": "1640.3", "PWD_P56": "1742.0", "PWD_P57": "1849.5", "PWD_P58": "1965.7", "PWD_P59": "2100.4", "PWD_P60": "2245.7", "PWD_P61": "2404.9", "PWD_P62": "2566.2", "PWD_P63": "2731.4", "PWD_P64": "2900.4", "PWD_P65": "3078.1", "PWD_P66": "3288.5", "PWD_P67": "3506.1", "PWD_P68": "3723.6", "PWD_P69": "3947.5", "PWD_P70": "4162.0", "PWD_P71": "4392.2", "PWD_P72": "4667.0", "PWD_P73": "4960.1", "PWD_P74": "5281.5", "PWD_P75": "5634.5", "PWD_P76": "6010.4", "PWD_P77": "6424.8", "PWD_P78": "6990.0", "PWD_P79": "7568.9", "PWD_P80": "8134.8", "PWD_P81": "8754.6", "PWD_P82": "9193.9", "PWD_P83": "9593.5", "PWD_P84": "10310.9", "PWD_P85": "10811.6", "PWD_P86": "11163.1", "PWD_P87": "11701.9", "PWD_P88": "12538.4", "PWD_P89": "12913.2", "PWD_P90": "13136.7", "PWD_P91": "13474.1", "PWD_P92": "14640.4", "PWD_P93": "18037.4", "PWD_P94": "20426.6", "PWD_P95": "21734.0", "PWD_P96": "22416.0", "PWD_P97": "22886.9", "PWD_P98": "23500.0", "PWD_P99": "24218.0", "PWD_P100": "29008.7" }, "geometry": { "type": "Point", "coordinates": [ 37.290073394775391, 35.064262390136719 ] } },
{ "type": "Feature", "id": 207, "properties": { "lon": 69.224632263183594, "lat": 38.722213745117188, "year": "2010", "ISO": "TJK", "ISO_No": "762", "Name": "Tajikistan", "PWC_Lat": "38.7222137451172", "PWC_Lon": "69.2246322631836", "Pop": "7527397", "Density": "53.5", "Area": "140731.9", "PWD_A": "2145.7", "PWD_G": "415.5", "PWD_M": "443.6", "PWD_P1": "4.0", "PWD_P2": "8.1", "PWD_P3": "12.5", "PWD_P4": "16.1", "PWD_P5": "19.5", "PWD_P6": "22.3", "PWD_P7": "25.1", "PWD_P8": "27.9", "PWD_P9": "30.5", "PWD_P10": "33.2", "PWD_P11": "36.3", "PWD_P12": "39.6", "PWD_P13": "43.1", "PWD_P14": "46.9", "PWD_P15": "50.8", "PWD_P16": "54.9", "PWD_P17": "59.7", "PWD_P18": "65.0", "PWD_P19": "70.7", "PWD_P20": "77.2", "PWD_P21": "85.0", "PWD_P22": "93.7", "PWD_P23": "103.0", "PWD_P24": "112.7", "PWD_P25": "122.8", "PWD_P26": "133.9", "PWD_P27": "145.1", "PWD_P28": "156.9", "PWD_P29": "168.2", "PWD_P30": "179.7", "PWD_P31": "190.7", "PWD_P32": "201.2", "PWD_P33": "212.5", "PWD_P34": "224.1", "PWD_P35": "235.9", "PWD_P36": "248.5", "PWD_P37": "260.9", "PWD_P38": "272.9", "PWD_P39": "285.4", "PWD_P40": "298.3", "PWD_P41": "311.5", "PWD_P42": "324.5", "PWD_P43": "337.6", "PWD_P44": "351.4", "PWD_P45": "365.3", "PWD_P46": "380.1", "PWD_P47": "395.1", "PWD_P48": "410.8", "PWD_P49": "427.2", "PWD_P50": "443.6", "PWD_P51": "460.4", "PWD_P52": "477.3", "PWD_P53": "494.1", "PWD_P54": "511.6", "PWD_P55": "529.1", "PWD_P56": "548.5", "PWD_P57": "569.7", "PWD_P58": "593.0", "PWD_P59": "616.0", "PWD_P60": "640.1", "PWD_P61": "666.5", "PWD_P62": "693.8", "PWD_P63": "723.0", "PWD_P64": "753.6", "PWD_P65": "786.2", "PWD_P66": "822.5", "PWD_P67": "861.5", "PWD_P68": "905.3", "PWD_P69": "951.5", "PWD_P70": "997.7", "PWD_P71": "1044.8", "PWD_P72": "1096.5", "PWD_P73": "1152.3", "PWD_P74": "1212.0", "PWD_P75": "1276.3", "PWD_P76": "1344.5", "PWD_P77": "1422.6", "PWD_P78": "1505.1", "PWD_P79": "1594.7", "PWD_P80": "1691.0", "PWD_P81": "1792.2", "PWD_P82": "1903.7", "PWD_P83": "2034.4", "PWD_P84": "2193.1", "PWD_P85": "2394.5", "PWD_P86": "2638.1", "PWD_P87": "2896.9", "PWD_P88": "3224.1", "PWD_P89": "3916.5", "PWD_P90": "7383.7", "PWD_P91": "10787.0", "PWD_P92": "12539.5", "PWD_P93": "14638.2", "PWD_P94": "15492.8", "PWD_P95": "16005.0", "PWD_P96": "16637.0", "PWD_P97": "17149.4", "PWD_P98": "17638.4", "PWD_P99": "18324.6", "PWD_P100": "21121.2" }, "geometry": { "type": "Point", "coordinates": [ 69.224632263183594, 38.722213745117188 ] } },
{ "type": "Feature", "id": 208, "properties": { "lon": 101.1634521484375, "lat": 14.303773880004883, "year": "2010", "ISO": "THA", "ISO_No": "764", "Name": "Thailand", "PWC_Lat": "14.3037738800049", "PWC_Lon": "101.163452148438", "Pop": "67195032", "Density": "131.6", "Area": "510410.0", "PWD_A": "2041.8", "PWD_G": "419.7", "PWD_M": "284.5", "PWD_P1": "15.2", "PWD_P2": "21.4", "PWD_P3": "26.9", "PWD_P4": "32.8", "PWD_P5": "38.4", "PWD_P6": "43.2", "PWD_P7": "47.5", "PWD_P8": "51.5", "PWD_P9": "55.3", "PWD_P10": "58.9", "PWD_P11": "62.4", "PWD_P12": "65.9", "PWD_P13": "69.3", "PWD_P14": "72.6", "PWD_P15": "75.9", "PWD_P16": "79.2", "PWD_P17": "82.5", "PWD_P18": "85.8", "PWD_P19": "89.0", "PWD_P20": "92.3", "PWD_P21": "95.6", "PWD_P22": "99.0", "PWD_P23": "102.3", "PWD_P24": "105.8", "PWD_P25": "109.4", "PWD_P26": "113.1", "PWD_P27": "117.0", "PWD_P28": "121.0", "PWD_P29": "125.2", "PWD_P30": "129.6", "PWD_P31": "134.2", "PWD_P32": "139.2", "PWD_P33": "144.4", "PWD_P34": "149.9", "PWD_P35": "155.8", "PWD_P36": "162.0", "PWD_P37": "168.6", "PWD_P38": "175.3", "PWD_P39": "182.4", "PWD_P40": "190.0", "PWD_P41": "197.7", "PWD_P42": "205.8", "PWD_P43": "214.2", "PWD_P44": "222.9", "PWD_P45": "231.9", "PWD_P46": "241.4", "PWD_P47": "251.3", "PWD_P48": "261.8", "PWD_P49": "272.8", "PWD_P50": "284.5", "PWD_P51": "296.9", "PWD_P52": "310.2", "PWD_P53": "324.5", "PWD_P54": "339.9", "PWD_P55": "356.4", "PWD_P56": "374.3", "PWD_P57": "393.7", "PWD_P58": "414.7", "PWD_P59": "437.7", "PWD_P60": "462.7", "PWD_P61": "489.8", "PWD_P62": "519.6", "PWD_P63": "552.5", "PWD_P64": "588.7", "PWD_P65": "629.0", "PWD_P66": "673.5", "PWD_P67": "723.6", "PWD_P68": "780.9", "PWD_P69": "846.1", "PWD_P70": "921.8", "PWD_P71": "1008.1", "PWD_P72": "1107.7", "PWD_P73": "1222.5", "PWD_P74": "1355.9", "PWD_P75": "1508.3", "PWD_P76": "1679.9", "PWD_P77": "1869.2", "PWD_P78": "2076.4", "PWD_P79": "2300.2", "PWD_P80": "2543.5", "PWD_P81": "2804.6", "PWD_P82": "3090.5", "PWD_P83": "3396.9", "PWD_P84": "3725.3", "PWD_P85": "4095.2", "PWD_P86": "4522.0", "PWD_P87": "4996.4", "PWD_P88": "5547.9", "PWD_P89": "6208.5", "PWD_P90": "6966.8", "PWD_P91": "7826.6", "PWD_P92": "8846.7", "PWD_P93": "9954.2", "PWD_P94": "11076.8", "PWD_P95": "12221.5", "PWD_P96": "13441.9", "PWD_P97": "14773.7", "PWD_P98": "16468.5", "PWD_P99": "19165.1", "PWD_P100": "27047.9" }, "geometry": { "type": "Point", "coordinates": [ 101.1634521484375, 14.303773880004883 ] } },
{ "type": "Feature", "id": 209, "properties": { "lon": 1.0602872371673584, "lat": 7.7660832405090332, "year": "2010", "ISO": "TGO", "ISO_No": "768", "Name": "Togo", "PWC_Lat": "7.76608324050903", "PWC_Lon": "1.06028723716736", "Pop": "6421673", "Density": "112.5", "Area": "57055.9", "PWD_A": "1714.2", "PWD_G": "395.3", "PWD_M": "303.4", "PWD_P1": "14.6", "PWD_P2": "19.9", "PWD_P3": "23.9", "PWD_P4": "26.9", "PWD_P5": "29.5", "PWD_P6": "32.0", "PWD_P7": "34.4", "PWD_P8": "36.8", "PWD_P9": "39.0", "PWD_P10": "41.2", "PWD_P11": "43.3", "PWD_P12": "45.3", "PWD_P13": "47.3", "PWD_P14": "49.3", "PWD_P15": "51.4", "PWD_P16": "53.6", "PWD_P17": "55.8", "PWD_P18": "58.1", "PWD_P19": "60.6", "PWD_P20": "63.6", "PWD_P21": "66.9", "PWD_P22": "70.4", "PWD_P23": "74.1", "PWD_P24": "78.1", "PWD_P25": "82.4", "PWD_P26": "86.8", "PWD_P27": "91.4", "PWD_P28": "96.2", "PWD_P29": "101.4", "PWD_P30": "107.0", "PWD_P31": "112.1", "PWD_P32": "117.7", "PWD_P33": "124.0", "PWD_P34": "130.2", "PWD_P35": "136.8", "PWD_P36": "144.1", "PWD_P37": "151.4", "PWD_P38": "158.8", "PWD_P39": "166.9", "PWD_P40": "175.6", "PWD_P41": "185.0", "PWD_P42": "195.3", "PWD_P43": "205.8", "PWD_P44": "216.4", "PWD_P45": "229.4", "PWD_P46": "244.3", "PWD_P47": "258.8", "PWD_P48": "271.9", "PWD_P49": "287.2", "PWD_P50": "303.4", "PWD_P51": "319.5", "PWD_P52": "335.7", "PWD_P53": "353.5", "PWD_P54": "373.9", "PWD_P55": "393.9", "PWD_P56": "417.9", "PWD_P57": "444.3", "PWD_P58": "471.7", "PWD_P59": "500.8", "PWD_P60": "532.7", "PWD_P61": "568.6", "PWD_P62": "606.9", "PWD_P63": "650.2", "PWD_P64": "696.8", "PWD_P65": "750.0", "PWD_P66": "817.4", "PWD_P67": "890.9", "PWD_P68": "961.0", "PWD_P69": "1037.4", "PWD_P70": "1126.6", "PWD_P71": "1238.3", "PWD_P72": "1379.8", "PWD_P73": "1625.9", "PWD_P74": "1924.8", "PWD_P75": "2338.1", "PWD_P76": "2698.1", "PWD_P77": "2936.9", "PWD_P78": "3204.8", "PWD_P79": "3474.1", "PWD_P80": "3799.4", "PWD_P81": "4172.9", "PWD_P82": "4445.2", "PWD_P83": "4624.1", "PWD_P84": "4784.4", "PWD_P85": "5031.4", "PWD_P86": "5324.9", "PWD_P87": "5625.6", "PWD_P88": "5961.4", "PWD_P89": "6263.8", "PWD_P90": "6530.9", "PWD_P91": "6738.6", "PWD_P92": "6932.3", "PWD_P93": "7123.5", "PWD_P94": "7334.0", "PWD_P95": "7551.1", "PWD_P96": "7757.8", "PWD_P97": "8076.8", "PWD_P98": "8649.4", "PWD_P99": "9890.4", "PWD_P100": "12667.2" }, "geometry": { "type": "Point", "coordinates": [ 1.060287237167358, 7.766083240509033 ] } },
{ "type": "Feature", "id": 210, "properties": { "lon": -171.83949279785156, "lat": -9.0327444076538086, "year": "2010", "ISO": "TKL", "ISO_No": "772", "Name": "Tokelau", "PWC_Lat": "-9.03274440765381", "PWC_Lon": "-171.839492797852", "Pop": "1128", "Density": "47.6", "Area": "23.7", "PWD_A": "51.2", "PWD_G": "49.4", "PWD_M": "49.9", "PWD_P1": "27.6", "PWD_P2": "28.7", "PWD_P3": "29.6", "PWD_P4": "30.5", "PWD_P5": "31.8", "PWD_P6": "32.7", "PWD_P7": "33.2", "PWD_P8": "33.6", "PWD_P9": "34.0", "PWD_P10": "34.5", "PWD_P11": "34.9", "PWD_P12": "35.4", "PWD_P13": "36.0", "PWD_P14": "36.7", "PWD_P15": "37.4", "PWD_P16": "38.5", "PWD_P17": "39.3", "PWD_P18": "39.6", "PWD_P19": "39.9", "PWD_P20": "40.0", "PWD_P21": "40.3", "PWD_P22": "40.7", "PWD_P23": "40.8", "PWD_P24": "40.9", "PWD_P25": "41.0", "PWD_P26": "41.2", "PWD_P27": "41.4", "PWD_P28": "41.5", "PWD_P29": "41.8", "PWD_P30": "42.1", "PWD_P31": "42.2", "PWD_P32": "42.2", "PWD_P33": "42.4", "PWD_P34": "42.6", "PWD_P35": "42.9", "PWD_P36": "43.4", "PWD_P37": "44.1", "PWD_P38": "44.4", "PWD_P39": "44.7", "PWD_P40": "45.3", "PWD_P41": "45.7", "PWD_P42": "46.2", "PWD_P43": "46.5", "PWD_P44": "47.0", "PWD_P45": "47.4", "PWD_P46": "48.0", "PWD_P47": "48.5", "PWD_P48": "49.1", "PWD_P49": "49.4", "PWD_P50": "49.9", "PWD_P51": "50.2", "PWD_P52": "50.5", "PWD_P53": "50.8", "PWD_P54": "51.1", "PWD_P55": "51.5", "PWD_P56": "52.0", "PWD_P57": "52.2", "PWD_P58": "52.5", "PWD_P59": "53.0", "PWD_P60": "53.2", "PWD_P61": "53.5", "PWD_P62": "53.6", "PWD_P63": "53.7", "PWD_P64": "54.0", "PWD_P65": "54.2", "PWD_P66": "54.4", "PWD_P67": "54.8", "PWD_P68": "55.0", "PWD_P69": "55.4", "PWD_P70": "56.0", "PWD_P71": "56.2", "PWD_P72": "56.6", "PWD_P73": "57.5", "PWD_P74": "58.4", "PWD_P75": "59.6", "PWD_P76": "63.1", "PWD_P77": "64.8", "PWD_P78": "65.4", "PWD_P79": "65.7", "PWD_P80": "65.9", "PWD_P81": "66.2", "PWD_P82": "66.4", "PWD_P83": "66.7", "PWD_P84": "66.8", "PWD_P85": "67.0", "PWD_P86": "67.0", "PWD_P87": "67.2", "PWD_P88": "68.3", "PWD_P89": "68.7", "PWD_P90": "69.2", "PWD_P91": "69.6", "PWD_P92": "70.2", "PWD_P93": "71.2", "PWD_P94": "71.9", "PWD_P95": "72.8", "PWD_P96": "73.9", "PWD_P97": "75.5", "PWD_P98": "87.2", "PWD_P99": "92.9", "PWD_P100": "110.7" }, "geometry": { "type": "Point", "coordinates": [ -171.839492797851562, -9.032744407653809 ] } },
{ "type": "Feature", "id": 211, "properties": { "lon": -174.97500610351562, "lat": -20.622016906738281, "year": "2010", "ISO": "TON", "ISO_No": "776", "Name": "Tonga", "PWC_Lat": "-20.6220169067383", "PWC_Lon": "-174.975006103516", "Pop": "103981", "Density": "132.5", "Area": "784.7", "PWD_A": "551.6", "PWD_G": "309.2", "PWD_M": "362.9", "PWD_P1": "16.2", "PWD_P2": "18.6", "PWD_P3": "20.7", "PWD_P4": "23.7", "PWD_P5": "27.2", "PWD_P6": "31.1", "PWD_P7": "35.6", "PWD_P8": "40.6", "PWD_P9": "46.8", "PWD_P10": "52.6", "PWD_P11": "58.6", "PWD_P12": "64.6", "PWD_P13": "71.4", "PWD_P14": "77.7", "PWD_P15": "84.0", "PWD_P16": "89.4", "PWD_P17": "94.3", "PWD_P18": "99.3", "PWD_P19": "104.4", "PWD_P20": "109.6", "PWD_P21": "115.2", "PWD_P22": "121.0", "PWD_P23": "126.8", "PWD_P24": "132.3", "PWD_P25": "138.0", "PWD_P26": "143.6", "PWD_P27": "149.4", "PWD_P28": "155.3", "PWD_P29": "161.4", "PWD_P30": "167.6", "PWD_P31": "174.3", "PWD_P32": "181.5", "PWD_P33": "189.6", "PWD_P34": "197.0", "PWD_P35": "204.4", "PWD_P36": "212.8", "PWD_P37": "221.2", "PWD_P38": "229.1", "PWD_P39": "238.0", "PWD_P40": "247.6", "PWD_P41": "256.6", "PWD_P42": "266.2", "PWD_P43": "275.9", "PWD_P44": "286.4", "PWD_P45": "297.8", "PWD_P46": "309.4", "PWD_P47": "323.0", "PWD_P48": "336.4", "PWD_P49": "348.5", "PWD_P50": "362.9", "PWD_P51": "377.7", "PWD_P52": "392.9", "PWD_P53": "407.4", "PWD_P54": "422.9", "PWD_P55": "439.1", "PWD_P56": "456.0", "PWD_P57": "472.8", "PWD_P58": "487.8", "PWD_P59": "504.5", "PWD_P60": "522.4", "PWD_P61": "539.4", "PWD_P62": "558.9", "PWD_P63": "577.9", "PWD_P64": "596.8", "PWD_P65": "615.6", "PWD_P66": "633.1", "PWD_P67": "651.3", "PWD_P68": "670.4", "PWD_P69": "690.5", "PWD_P70": "712.8", "PWD_P71": "733.6", "PWD_P72": "757.4", "PWD_P73": "781.7", "PWD_P74": "810.5", "PWD_P75": "840.2", "PWD_P76": "877.1", "PWD_P77": "917.6", "PWD_P78": "951.0", "PWD_P79": "983.1", "PWD_P80": "1014.3", "PWD_P81": "1044.2", "PWD_P82": "1072.0", "PWD_P83": "1100.5", "PWD_P84": "1132.1", "PWD_P85": "1157.1", "PWD_P86": "1185.6", "PWD_P87": "1217.0", "PWD_P88": "1248.9", "PWD_P89": "1276.9", "PWD_P90": "1318.2", "PWD_P91": "1366.8", "PWD_P92": "1420.6", "PWD_P93": "1480.5", "PWD_P94": "1539.6", "PWD_P95": "1603.1", "PWD_P96": "1695.5", "PWD_P97": "1834.9", "PWD_P98": "2017.4", "PWD_P99": "2129.9", "PWD_P100": "2527.2" }, "geometry": { "type": "Point", "coordinates": [ -174.975006103515625, -20.622016906738281 ] } },
{ "type": "Feature", "id": 212, "properties": { "lon": -61.374656677246094, "lat": 10.515815734863281, "year": "2010", "ISO": "TTO", "ISO_No": "780", "Name": "Trinidad and Tobago", "PWC_Lat": "10.5158157348633", "PWC_Lon": "-61.3746566772461", "Pop": "1328143", "Density": "254.6", "Area": "5215.6", "PWD_A": "1020.0", "PWD_G": "609.5", "PWD_M": "747.0", "PWD_P1": "23.3", "PWD_P2": "34.7", "PWD_P3": "45.6", "PWD_P4": "56.5", "PWD_P5": "66.3", "PWD_P6": "75.1", "PWD_P7": "84.7", "PWD_P8": "94.5", "PWD_P9": "104.8", "PWD_P10": "115.6", "PWD_P11": "126.6", "PWD_P12": "136.8", "PWD_P13": "147.4", "PWD_P14": "159.0", "PWD_P15": "170.2", "PWD_P16": "181.1", "PWD_P17": "192.7", "PWD_P18": "204.8", "PWD_P19": "217.4", "PWD_P20": "230.1", "PWD_P21": "242.7", "PWD_P22": "254.8", "PWD_P23": "266.5", "PWD_P24": "278.6", "PWD_P25": "291.5", "PWD_P26": "304.6", "PWD_P27": "317.6", "PWD_P28": "331.5", "PWD_P29": "346.0", "PWD_P30": "361.0", "PWD_P31": "375.8", "PWD_P32": "391.0", "PWD_P33": "406.0", "PWD_P34": "420.9", "PWD_P35": "436.0", "PWD_P36": "451.9", "PWD_P37": "467.7", "PWD_P38": "485.1", "PWD_P39": "502.2", "PWD_P40": "521.1", "PWD_P41": "539.8", "PWD_P42": "560.2", "PWD_P43": "583.2", "PWD_P44": "605.9", "PWD_P45": "629.6", "PWD_P46": "652.8", "PWD_P47": "676.8", "PWD_P48": "699.7", "PWD_P49": "723.0", "PWD_P50": "747.0", "PWD_P51": "772.3", "PWD_P52": "798.4", "PWD_P53": "824.1", "PWD_P54": "850.6", "PWD_P55": "876.6", "PWD_P56": "902.6", "PWD_P57": "927.8", "PWD_P58": "951.9", "PWD_P59": "977.5", "PWD_P60": "1002.6", "PWD_P61": "1028.0", "PWD_P62": "1055.2", "PWD_P63": "1082.1", "PWD_P64": "1114.1", "PWD_P65": "1148.1", "PWD_P66": "1182.6", "PWD_P67": "1223.8", "PWD_P68": "1262.8", "PWD_P69": "1300.5", "PWD_P70": "1342.3", "PWD_P71": "1381.1", "PWD_P72": "1418.9", "PWD_P73": "1458.0", "PWD_P74": "1500.5", "PWD_P75": "1543.4", "PWD_P76": "1586.3", "PWD_P77": "1630.0", "PWD_P78": "1680.6", "PWD_P79": "1740.6", "PWD_P80": "1811.6", "PWD_P81": "1880.7", "PWD_P82": "1952.4", "PWD_P83": "2022.8", "PWD_P84": "2084.2", "PWD_P85": "2143.7", "PWD_P86": "2199.8", "PWD_P87": "2251.5", "PWD_P88": "2302.8", "PWD_P89": "2357.9", "PWD_P90": "2421.7", "PWD_P91": "2493.8", "PWD_P92": "2582.1", "PWD_P93": "2670.3", "PWD_P94": "2751.7", "PWD_P95": "2846.5", "PWD_P96": "2936.8", "PWD_P97": "3052.6", "PWD_P98": "3192.2", "PWD_P99": "3343.1", "PWD_P100": "3808.2" }, "geometry": { "type": "Point", "coordinates": [ -61.374656677246094, 10.515815734863281 ] } },
{ "type": "Feature", "id": 213, "properties": { "lon": 55.287483215332031, "lat": 24.901542663574219, "year": "2010", "ISO": "ARE", "ISO_No": "784", "Name": "United Arab Emirates", "PWC_Lat": "24.9015426635742", "PWC_Lon": "55.287483215332", "Pop": "8549997", "Density": "107.4", "Area": "79590.0", "PWD_A": "1182.0", "PWD_G": "684.4", "PWD_M": "835.1", "PWD_P1": "5.3", "PWD_P2": "11.1", "PWD_P3": "19.8", "PWD_P4": "28.7", "PWD_P5": "38.4", "PWD_P6": "49.6", "PWD_P7": "62.3", "PWD_P8": "76.5", "PWD_P9": "91.3", "PWD_P10": "107.1", "PWD_P11": "124.3", "PWD_P12": "142.3", "PWD_P13": "160.0", "PWD_P14": "178.7", "PWD_P15": "197.7", "PWD_P16": "217.3", "PWD_P17": "236.6", "PWD_P18": "255.8", "PWD_P19": "276.1", "PWD_P20": "297.3", "PWD_P21": "318.1", "PWD_P22": "339.4", "PWD_P23": "360.7", "PWD_P24": "380.7", "PWD_P25": "401.3", "PWD_P26": "421.0", "PWD_P27": "437.5", "PWD_P28": "453.1", "PWD_P29": "468.4", "PWD_P30": "483.3", "PWD_P31": "498.4", "PWD_P32": "513.3", "PWD_P33": "530.6", "PWD_P34": "550.3", "PWD_P35": "569.3", "PWD_P36": "587.7", "PWD_P37": "604.6", "PWD_P38": "622.1", "PWD_P39": "640.4", "PWD_P40": "662.6", "PWD_P41": "692.7", "PWD_P42": "717.7", "PWD_P43": "735.9", "PWD_P44": "750.9", "PWD_P45": "765.2", "PWD_P46": "780.1", "PWD_P47": "794.4", "PWD_P48": "806.1", "PWD_P49": "817.9", "PWD_P50": "835.1", "PWD_P51": "872.0", "PWD_P52": "947.2", "PWD_P53": "1037.6", "PWD_P54": "1121.5", "PWD_P55": "1197.4", "PWD_P56": "1265.2", "PWD_P57": "1333.6", "PWD_P58": "1401.6", "PWD_P59": "1466.6", "PWD_P60": "1531.7", "PWD_P61": "1585.2", "PWD_P62": "1633.3", "PWD_P63": "1668.6", "PWD_P64": "1703.8", "PWD_P65": "1736.3", "PWD_P66": "1773.2", "PWD_P67": "1812.2", "PWD_P68": "1853.7", "PWD_P69": "1897.7", "PWD_P70": "1937.7", "PWD_P71": "1970.0", "PWD_P72": "1997.6", "PWD_P73": "2021.1", "PWD_P74": "2042.2", "PWD_P75": "2064.2", "PWD_P76": "2083.6", "PWD_P77": "2101.4", "PWD_P78": "2120.0", "PWD_P79": "2140.9", "PWD_P80": "2161.9", "PWD_P81": "2182.6", "PWD_P82": "2202.0", "PWD_P83": "2221.5", "PWD_P84": "2243.1", "PWD_P85": "2265.8", "PWD_P86": "2292.2", "PWD_P87": "2319.6", "PWD_P88": "2343.5", "PWD_P89": "2367.6", "PWD_P90": "2389.3", "PWD_P91": "2411.5", "PWD_P92": "2434.6", "PWD_P93": "2455.8", "PWD_P94": "2476.3", "PWD_P95": "2501.5", "PWD_P96": "2548.9", "PWD_P97": "2638.9", "PWD_P98": "2790.6", "PWD_P99": "2979.8", "PWD_P100": "3218.3" }, "geometry": { "type": "Point", "coordinates": [ 55.287483215332031, 24.901542663574219 ] } },
{ "type": "Feature", "id": 214, "properties": { "lon": 10.01655387878418, "lat": 35.769649505615234, "year": "2010", "ISO": "TUN", "ISO_No": "788", "Name": "Tunisia", "PWC_Lat": "35.7696495056152", "PWC_Lon": "10.0165538787842", "Pop": "10635245", "Density": "68.8", "Area": "154656.4", "PWD_A": "2508.0", "PWD_G": "564.6", "PWD_M": "660.4", "PWD_P1": "7.1", "PWD_P2": "11.5", "PWD_P3": "15.1", "PWD_P4": "18.8", "PWD_P5": "22.9", "PWD_P6": "27.2", "PWD_P7": "31.2", "PWD_P8": "34.7", "PWD_P9": "37.8", "PWD_P10": "41.1", "PWD_P11": "44.3", "PWD_P12": "47.4", "PWD_P13": "50.6", "PWD_P14": "54.0", "PWD_P15": "57.8", "PWD_P16": "61.6", "PWD_P17": "65.8", "PWD_P18": "70.0", "PWD_P19": "74.4", "PWD_P20": "79.0", "PWD_P21": "83.9", "PWD_P22": "88.8", "PWD_P23": "94.0", "PWD_P24": "99.9", "PWD_P25": "106.2", "PWD_P26": "113.1", "PWD_P27": "120.9", "PWD_P28": "129.6", "PWD_P29": "139.0", "PWD_P30": "149.0", "PWD_P31": "159.9", "PWD_P32": "171.1", "PWD_P33": "183.1", "PWD_P34": "195.9", "PWD_P35": "209.7", "PWD_P36": "225.2", "PWD_P37": "242.5", "PWD_P38": "260.9", "PWD_P39": "281.0", "PWD_P40": "303.0", "PWD_P41": "327.0", "PWD_P42": "354.0", "PWD_P43": "382.1", "PWD_P44": "412.3", "PWD_P45": "445.1", "PWD_P46": "481.4", "PWD_P47": "520.8", "PWD_P48": "564.3", "PWD_P49": "610.7", "PWD_P50": "660.4", "PWD_P51": "712.9", "PWD_P52": "769.9", "PWD_P53": "829.2", "PWD_P54": "892.0", "PWD_P55": "956.6", "PWD_P56": "1025.7", "PWD_P57": "1102.4", "PWD_P58": "1183.7", "PWD_P59": "1269.4", "PWD_P60": "1357.3", "PWD_P61": "1450.3", "PWD_P62": "1544.2", "PWD_P63": "1641.5", "PWD_P64": "1739.3", "PWD_P65": "1837.4", "PWD_P66": "1941.2", "PWD_P67": "2038.6", "PWD_P68": "2138.7", "PWD_P69": "2244.6", "PWD_P70": "2349.5", "PWD_P71": "2461.7", "PWD_P72": "2577.4", "PWD_P73": "2698.3", "PWD_P74": "2820.7", "PWD_P75": "2947.5", "PWD_P76": "3085.6", "PWD_P77": "3231.3", "PWD_P78": "3385.0", "PWD_P79": "3548.3", "PWD_P80": "3732.1", "PWD_P81": "3951.1", "PWD_P82": "4189.7", "PWD_P83": "4450.1", "PWD_P84": "4754.5", "PWD_P85": "5072.9", "PWD_P86": "5413.6", "PWD_P87": "5743.2", "PWD_P88": "6081.4", "PWD_P89": "6420.8", "PWD_P90": "6850.4", "PWD_P91": "7370.6", "PWD_P92": "7993.4", "PWD_P93": "8810.2", "PWD_P94": "9702.7", "PWD_P95": "10731.4", "PWD_P96": "12195.0", "PWD_P97": "14017.2", "PWD_P98": "16808.0", "PWD_P99": "24188.6", "PWD_P100": "38754.3" }, "geometry": { "type": "Point", "coordinates": [ 10.01655387878418, 35.769649505615234 ] } },
{ "type": "Feature", "id": 215, "properties": { "lon": 33.006813049316406, "lat": 39.275714874267578, "year": "2010", "ISO": "TUR", "ISO_No": "792", "Name": "Turkey", "PWC_Lat": "39.2757148742676", "PWC_Lon": "33.0068130493164", "Pop": "72326991", "Density": "94.0", "Area": "769498.4", "PWD_A": "6324.8", "PWD_G": "1008.1", "PWD_M": "1277.3", "PWD_P1": "5.9", "PWD_P2": "9.0", "PWD_P3": "12.2", "PWD_P4": "15.9", "PWD_P5": "20.1", "PWD_P6": "24.8", "PWD_P7": "29.6", "PWD_P8": "34.4", "PWD_P9": "39.3", "PWD_P10": "44.1", "PWD_P11": "48.7", "PWD_P12": "53.4", "PWD_P13": "58.1", "PWD_P14": "63.1", "PWD_P15": "68.2", "PWD_P16": "73.9", "PWD_P17": "80.1", "PWD_P18": "86.7", "PWD_P19": "94.0", "PWD_P20": "101.9", "PWD_P21": "110.5", "PWD_P22": "120.2", "PWD_P23": "131.4", "PWD_P24": "144.2", "PWD_P25": "158.5", "PWD_P26": "174.4", "PWD_P27": "191.7", "PWD_P28": "210.4", "PWD_P29": "230.9", "PWD_P30": "253.3", "PWD_P31": "277.4", "PWD_P32": "303.1", "PWD_P33": "331.0", "PWD_P34": "361.2", "PWD_P35": "394.0", "PWD_P36": "429.7", "PWD_P37": "468.9", "PWD_P38": "510.9", "PWD_P39": "556.1", "PWD_P40": "604.7", "PWD_P41": "657.5", "PWD_P42": "714.3", "PWD_P43": "774.3", "PWD_P44": "837.0", "PWD_P45": "901.8", "PWD_P46": "969.2", "PWD_P47": "1040.3", "PWD_P48": "1115.3", "PWD_P49": "1193.5", "PWD_P50": "1277.3", "PWD_P51": "1367.4", "PWD_P52": "1460.3", "PWD_P53": "1558.1", "PWD_P54": "1659.0", "PWD_P55": "1766.3", "PWD_P56": "1881.7", "PWD_P57": "2005.6", "PWD_P58": "2135.8", "PWD_P59": "2272.3", "PWD_P60": "2414.8", "PWD_P61": "2560.3", "PWD_P62": "2718.2", "PWD_P63": "2887.5", "PWD_P64": "3069.7", "PWD_P65": "3263.0", "PWD_P66": "3476.6", "PWD_P67": "3710.2", "PWD_P68": "3963.3", "PWD_P69": "4242.1", "PWD_P70": "4536.9", "PWD_P71": "4851.1", "PWD_P72": "5186.7", "PWD_P73": "5536.1", "PWD_P74": "5895.8", "PWD_P75": "6280.9", "PWD_P76": "6700.5", "PWD_P77": "7153.7", "PWD_P78": "7637.7", "PWD_P79": "8170.2", "PWD_P80": "8791.7", "PWD_P81": "9503.5", "PWD_P82": "10293.7", "PWD_P83": "11164.9", "PWD_P84": "12186.9", "PWD_P85": "13360.7", "PWD_P86": "14535.0", "PWD_P87": "15806.1", "PWD_P88": "17128.6", "PWD_P89": "18512.9", "PWD_P90": "20214.5", "PWD_P91": "22038.1", "PWD_P92": "24203.8", "PWD_P93": "26500.9", "PWD_P94": "28948.3", "PWD_P95": "31923.9", "PWD_P96": "36985.3", "PWD_P97": "44547.7", "PWD_P98": "48975.9", "PWD_P99": "55193.0", "PWD_P100": "74126.4" }, "geometry": { "type": "Point", "coordinates": [ 33.006813049316406, 39.275714874267578 ] } },
{ "type": "Feature", "id": 216, "properties": { "lon": 60.377693176269531, "lat": 38.863868713378906, "year": "2010", "ISO": "TKM", "ISO_No": "795", "Name": "Turkmenistan", "PWC_Lat": "38.8638687133789", "PWC_Lon": "60.3776931762695", "Pop": "5087210", "Density": "10.9", "Area": "465110.9", "PWD_A": "864.1", "PWD_G": "127.9", "PWD_M": "166.5", "PWD_P1": "0.9", "PWD_P2": "1.1", "PWD_P3": "1.2", "PWD_P4": "1.4", "PWD_P5": "1.5", "PWD_P6": "1.6", "PWD_P7": "1.8", "PWD_P8": "2.1", "PWD_P9": "2.5", "PWD_P10": "3.2", "PWD_P11": "4.0", "PWD_P12": "5.0", "PWD_P13": "6.1", "PWD_P14": "7.5", "PWD_P15": "9.2", "PWD_P16": "11.9", "PWD_P17": "16.2", "PWD_P18": "20.9", "PWD_P19": "25.3", "PWD_P20": "29.8", "PWD_P21": "34.3", "PWD_P22": "38.8", "PWD_P23": "43.2", "PWD_P24": "47.3", "PWD_P25": "51.0", "PWD_P26": "54.6", "PWD_P27": "58.2", "PWD_P28": "61.9", "PWD_P29": "65.5", "PWD_P30": "69.0", "PWD_P31": "72.7", "PWD_P32": "76.6", "PWD_P33": "80.4", "PWD_P34": "84.5", "PWD_P35": "88.6", "PWD_P36": "92.8", "PWD_P37": "97.0", "PWD_P38": "101.3", "PWD_P39": "105.9", "PWD_P40": "110.5", "PWD_P41": "115.2", "PWD_P42": "120.0", "PWD_P43": "125.2", "PWD_P44": "131.0", "PWD_P45": "136.9", "PWD_P46": "142.9", "PWD_P47": "148.7", "PWD_P48": "154.5", "PWD_P49": "160.3", "PWD_P50": "166.5", "PWD_P51": "172.6", "PWD_P52": "178.7", "PWD_P53": "185.0", "PWD_P54": "191.3", "PWD_P55": "197.3", "PWD_P56": "203.5", "PWD_P57": "210.0", "PWD_P58": "216.6", "PWD_P59": "223.2", "PWD_P60": "230.0", "PWD_P61": "236.7", "PWD_P62": "243.6", "PWD_P63": "250.6", "PWD_P64": "257.7", "PWD_P65": "265.3", "PWD_P66": "273.2", "PWD_P67": "281.7", "PWD_P68": "290.9", "PWD_P69": "300.4", "PWD_P70": "310.4", "PWD_P71": "321.1", "PWD_P72": "331.9", "PWD_P73": "343.0", "PWD_P74": "356.2", "PWD_P75": "370.9", "PWD_P76": "387.8", "PWD_P77": "404.9", "PWD_P78": "423.1", "PWD_P79": "445.1", "PWD_P80": "467.9", "PWD_P81": "492.6", "PWD_P82": "520.0", "PWD_P83": "552.8", "PWD_P84": "601.1", "PWD_P85": "772.1", "PWD_P86": "923.9", "PWD_P87": "4126.9", "PWD_P88": "4392.2", "PWD_P89": "4655.0", "PWD_P90": "4833.2", "PWD_P91": "5004.1", "PWD_P92": "5171.6", "PWD_P93": "5291.0", "PWD_P94": "5388.9", "PWD_P95": "5503.7", "PWD_P96": "5609.3", "PWD_P97": "5678.6", "PWD_P98": "5763.3", "PWD_P99": "5888.3", "PWD_P100": "6501.4" }, "geometry": { "type": "Point", "coordinates": [ 60.377693176269531, 38.863868713378906 ] } },
{ "type": "Feature", "id": 217, "properties": { "lon": -72.009124755859375, "lat": 21.724971771240234, "year": "2010", "ISO": "TCA", "ISO_No": "796", "Name": "Turks and Caicos Islands", "PWC_Lat": "21.7249717712402", "PWC_Lon": "-72.0091247558594", "Pop": "32657", "Density": "32.7", "Area": "999.1", "PWD_A": "636.0", "PWD_G": "326.1", "PWD_M": "498.2", "PWD_P1": "2.9", "PWD_P2": "4.2", "PWD_P3": "7.9", "PWD_P4": "9.4", "PWD_P5": "13.6", "PWD_P6": "17.7", "PWD_P7": "23.8", "PWD_P8": "28.4", "PWD_P9": "33.0", "PWD_P10": "39.7", "PWD_P11": "45.6", "PWD_P12": "54.1", "PWD_P13": "64.4", "PWD_P14": "73.2", "PWD_P15": "79.4", "PWD_P16": "86.4", "PWD_P17": "93.3", "PWD_P18": "101.4", "PWD_P19": "109.4", "PWD_P20": "116.2", "PWD_P21": "122.9", "PWD_P22": "130.0", "PWD_P23": "136.6", "PWD_P24": "144.6", "PWD_P25": "151.6", "PWD_P26": "159.0", "PWD_P27": "165.0", "PWD_P28": "173.5", "PWD_P29": "180.5", "PWD_P30": "187.9", "PWD_P31": "196.3", "PWD_P32": "209.5", "PWD_P33": "222.8", "PWD_P34": "238.4", "PWD_P35": "256.0", "PWD_P36": "272.1", "PWD_P37": "289.6", "PWD_P38": "309.7", "PWD_P39": "328.5", "PWD_P40": "348.3", "PWD_P41": "365.5", "PWD_P42": "385.4", "PWD_P43": "399.2", "PWD_P44": "411.2", "PWD_P45": "423.0", "PWD_P46": "437.4", "PWD_P47": "452.8", "PWD_P48": "468.3", "PWD_P49": "482.8", "PWD_P50": "498.2", "PWD_P51": "515.6", "PWD_P52": "534.4", "PWD_P53": "550.9", "PWD_P54": "569.4", "PWD_P55": "591.8", "PWD_P56": "607.0", "PWD_P57": "621.7", "PWD_P58": "639.2", "PWD_P59": "658.2", "PWD_P60": "674.1", "PWD_P61": "693.1", "PWD_P62": "708.2", "PWD_P63": "722.5", "PWD_P64": "736.2", "PWD_P65": "750.7", "PWD_P66": "768.6", "PWD_P67": "787.0", "PWD_P68": "808.3", "PWD_P69": "826.5", "PWD_P70": "855.9", "PWD_P71": "886.3", "PWD_P72": "928.3", "PWD_P73": "969.1", "PWD_P74": "1000.8", "PWD_P75": "1022.8", "PWD_P76": "1049.6", "PWD_P77": "1087.7", "PWD_P78": "1134.6", "PWD_P79": "1163.7", "PWD_P80": "1182.3", "PWD_P81": "1207.1", "PWD_P82": "1235.0", "PWD_P83": "1258.0", "PWD_P84": "1284.2", "PWD_P85": "1309.5", "PWD_P86": "1343.3", "PWD_P87": "1372.0", "PWD_P88": "1412.2", "PWD_P89": "1445.4", "PWD_P90": "1487.6", "PWD_P91": "1539.5", "PWD_P92": "1576.5", "PWD_P93": "1630.9", "PWD_P94": "1657.3", "PWD_P95": "1692.6", "PWD_P96": "1747.6", "PWD_P97": "1791.8", "PWD_P98": "1928.6", "PWD_P99": "2029.8", "PWD_P100": "2195.4" }, "geometry": { "type": "Point", "coordinates": [ -72.009124755859375, 21.724971771240234 ] } },
{ "type": "Feature", "id": 218, "properties": { "lon": 178.59725952148438, "lat": -7.9006295204162598, "year": "2010", "ISO": "TUV", "ISO_No": "798", "Name": "Tuvalu", "PWC_Lat": "-7.90062952041626", "PWC_Lon": "178.597259521484", "Pop": "10520", "Density": "185.3", "Area": "56.8", "PWD_A": "4928.6", "PWD_G": "3138.3", "PWD_M": "4041.6", "PWD_P1": "42.4", "PWD_P2": "81.5", "PWD_P3": "153.0", "PWD_P4": "288.6", "PWD_P5": "355.5", "PWD_P6": "418.2", "PWD_P7": "476.7", "PWD_P8": "590.0", "PWD_P9": "670.5", "PWD_P10": "750.6", "PWD_P11": "817.7", "PWD_P12": "883.1", "PWD_P13": "944.3", "PWD_P14": "1026.5", "PWD_P15": "1119.8", "PWD_P16": "1278.7", "PWD_P17": "1365.1", "PWD_P18": "1441.7", "PWD_P19": "1547.5", "PWD_P20": "1607.2", "PWD_P21": "1676.1", "PWD_P22": "1719.5", "PWD_P23": "1806.2", "PWD_P24": "1841.6", "PWD_P25": "1867.4", "PWD_P26": "1908.7", "PWD_P27": "2001.6", "PWD_P28": "2130.5", "PWD_P29": "2147.0", "PWD_P30": "2168.4", "PWD_P31": "2226.9", "PWD_P32": "2291.6", "PWD_P33": "2332.3", "PWD_P34": "2415.8", "PWD_P35": "2450.9", "PWD_P36": "2528.9", "PWD_P37": "2587.1", "PWD_P38": "2642.1", "PWD_P39": "2822.5", "PWD_P40": "2850.8", "PWD_P41": "2909.4", "PWD_P42": "2961.0", "PWD_P43": "3085.4", "PWD_P44": "3150.1", "PWD_P45": "3399.0", "PWD_P46": "3478.7", "PWD_P47": "3711.8", "PWD_P48": "3829.0", "PWD_P49": "3892.0", "PWD_P50": "4041.6", "PWD_P51": "4193.9", "PWD_P52": "4217.9", "PWD_P53": "4304.3", "PWD_P54": "4474.4", "PWD_P55": "4610.0", "PWD_P56": "4686.3", "PWD_P57": "4702.9", "PWD_P58": "4789.6", "PWD_P59": "4849.4", "PWD_P60": "4997.8", "PWD_P61": "5036.2", "PWD_P62": "5169.1", "PWD_P63": "5397.4", "PWD_P64": "5580.9", "PWD_P65": "5693.3", "PWD_P66": "5744.0", "PWD_P67": "5905.0", "PWD_P68": "6050.6", "PWD_P69": "6350.2", "PWD_P70": "6382.1", "PWD_P71": "6597.3", "PWD_P72": "6640.1", "PWD_P73": "6879.9", "PWD_P74": "6987.5", "PWD_P75": "7010.9", "PWD_P76": "7446.4", "PWD_P77": "7639.3", "PWD_P78": "7742.4", "PWD_P79": "7754.8", "PWD_P80": "8283.6", "PWD_P81": "8396.6", "PWD_P82": "8766.3", "PWD_P83": "8895.0", "PWD_P84": "9352.3", "PWD_P85": "9360.7", "PWD_P86": "9536.2", "PWD_P87": "9708.1", "PWD_P88": "10477.7", "PWD_P89": "11521.1", "PWD_P90": "11551.6", "PWD_P91": "11964.2", "PWD_P92": "11995.4", "PWD_P93": "11996.7", "PWD_P94": "12484.4", "PWD_P95": "13141.4", "PWD_P96": "13294.1", "PWD_P97": "13769.6", "PWD_P98": "14129.1", "PWD_P99": "14478.7", "PWD_P100": "14478.7" }, "geometry": { "type": "Point", "coordinates": [ 178.597259521484375, -7.90062952041626 ] } },
{ "type": "Feature", "id": 219, "properties": { "lon": 32.229877471923828, "lat": 0.92559611797332764, "year": "2010", "ISO": "UGA", "ISO_No": "800", "Name": "Uganda", "PWC_Lat": "0.925596117973328", "PWC_Lon": "32.2298774719238", "Pop": "32428164", "Density": "157.5", "Area": "205957.8", "PWD_A": "1120.4", "PWD_G": "366.3", "PWD_M": "303.5", "PWD_P1": "16.6", "PWD_P2": "25.3", "PWD_P3": "32.8", "PWD_P4": "40.4", "PWD_P5": "48.1", "PWD_P6": "55.7", "PWD_P7": "63.2", "PWD_P8": "70.1", "PWD_P9": "76.6", "PWD_P10": "82.7", "PWD_P11": "88.6", "PWD_P12": "94.3", "PWD_P13": "99.8", "PWD_P14": "104.9", "PWD_P15": "109.9", "PWD_P16": "114.7", "PWD_P17": "119.6", "PWD_P18": "124.4", "PWD_P19": "129.3", "PWD_P20": "134.2", "PWD_P21": "138.9", "PWD_P22": "143.6", "PWD_P23": "148.3", "PWD_P24": "153.0", "PWD_P25": "157.9", "PWD_P26": "162.7", "PWD_P27": "167.6", "PWD_P28": "172.6", "PWD_P29": "177.7", "PWD_P30": "182.8", "PWD_P31": "187.9", "PWD_P32": "193.1", "PWD_P33": "198.2", "PWD_P34": "203.5", "PWD_P35": "208.9", "PWD_P36": "214.4", "PWD_P37": "219.9", "PWD_P38": "225.7", "PWD_P39": "231.5", "PWD_P40": "237.4", "PWD_P41": "243.4", "PWD_P42": "249.5", "PWD_P43": "255.8", "PWD_P44": "262.2", "PWD_P45": "268.7", "PWD_P46": "275.3", "PWD_P47": "282.1", "PWD_P48": "289.1", "PWD_P49": "296.2", "PWD_P50": "303.5", "PWD_P51": "310.8", "PWD_P52": "318.4", "PWD_P53": "326.2", "PWD_P54": "334.1", "PWD_P55": "342.2", "PWD_P56": "350.5", "PWD_P57": "359.0", "PWD_P58": "367.8", "PWD_P59": "377.0", "PWD_P60": "386.7", "PWD_P61": "397.0", "PWD_P62": "407.8", "PWD_P63": "419.2", "PWD_P64": "431.3", "PWD_P65": "444.1", "PWD_P66": "457.8", "PWD_P67": "472.6", "PWD_P68": "488.8", "PWD_P69": "506.5", "PWD_P70": "526.4", "PWD_P71": "548.6", "PWD_P72": "573.4", "PWD_P73": "600.9", "PWD_P74": "631.7", "PWD_P75": "667.7", "PWD_P76": "710.3", "PWD_P77": "758.0", "PWD_P78": "812.7", "PWD_P79": "876.3", "PWD_P80": "952.3", "PWD_P81": "1042.7", "PWD_P82": "1149.8", "PWD_P83": "1277.3", "PWD_P84": "1428.6", "PWD_P85": "1610.0", "PWD_P86": "1829.2", "PWD_P87": "2075.3", "PWD_P88": "2355.0", "PWD_P89": "2695.5", "PWD_P90": "3070.0", "PWD_P91": "3525.4", "PWD_P92": "4104.3", "PWD_P93": "4834.2", "PWD_P94": "5552.4", "PWD_P95": "6486.6", "PWD_P96": "7615.9", "PWD_P97": "9377.5", "PWD_P98": "10487.0", "PWD_P99": "11544.5", "PWD_P100": "16211.7" }, "geometry": { "type": "Point", "coordinates": [ 32.229877471923828, 0.925596117973328 ] } },
{ "type": "Feature", "id": 220, "properties": { "lon": 31.656930923461914, "lat": 48.804347991943359, "year": "2010", "ISO": "UKR", "ISO_No": "804", "Name": "Ukraine", "PWC_Lat": "48.8043479919434", "PWC_Lon": "31.6569309234619", "Pop": "45792085", "Density": "78.2", "Area": "585934.3", "PWD_A": "2316.0", "PWD_G": "623.7", "PWD_M": "779.7", "PWD_P1": "4.3", "PWD_P2": "6.6", "PWD_P3": "9.4", "PWD_P4": "12.9", "PWD_P5": "17.8", "PWD_P6": "24.1", "PWD_P7": "31.1", "PWD_P8": "37.9", "PWD_P9": "44.2", "PWD_P10": "50.0", "PWD_P11": "55.4", "PWD_P12": "60.4", "PWD_P13": "65.3", "PWD_P14": "70.0", "PWD_P15": "74.7", "PWD_P16": "79.4", "PWD_P17": "84.2", "PWD_P18": "89.2", "PWD_P19": "94.3", "PWD_P20": "99.6", "PWD_P21": "105.1", "PWD_P22": "111.0", "PWD_P23": "117.1", "PWD_P24": "123.5", "PWD_P25": "130.2", "PWD_P26": "137.4", "PWD_P27": "145.0", "PWD_P28": "153.0", "PWD_P29": "161.7", "PWD_P30": "171.1", "PWD_P31": "181.1", "PWD_P32": "191.9", "PWD_P33": "203.7", "PWD_P34": "216.4", "PWD_P35": "230.0", "PWD_P36": "244.9", "PWD_P37": "261.1", "PWD_P38": "278.9", "PWD_P39": "298.2", "PWD_P40": "319.5", "PWD_P41": "343.2", "PWD_P42": "369.7", "PWD_P43": "399.4", "PWD_P44": "433.0", "PWD_P45": "471.6", "PWD_P46": "515.9", "PWD_P47": "566.2", "PWD_P48": "625.1", "PWD_P49": "695.4", "PWD_P50": "779.7", "PWD_P51": "876.1", "PWD_P52": "979.5", "PWD_P53": "1087.5", "PWD_P54": "1192.7", "PWD_P55": "1299.7", "PWD_P56": "1404.8", "PWD_P57": "1511.2", "PWD_P58": "1618.7", "PWD_P59": "1726.3", "PWD_P60": "1834.8", "PWD_P61": "1943.4", "PWD_P62": "2053.8", "PWD_P63": "2168.5", "PWD_P64": "2287.7", "PWD_P65": "2410.6", "PWD_P66": "2532.3", "PWD_P67": "2660.4", "PWD_P68": "2791.5", "PWD_P69": "2919.6", "PWD_P70": "3047.6", "PWD_P71": "3178.2", "PWD_P72": "3314.0", "PWD_P73": "3454.2", "PWD_P74": "3599.9", "PWD_P75": "3751.1", "PWD_P76": "3902.8", "PWD_P77": "4056.1", "PWD_P78": "4213.2", "PWD_P79": "4369.3", "PWD_P80": "4519.8", "PWD_P81": "4685.6", "PWD_P82": "4848.5", "PWD_P83": "5022.4", "PWD_P84": "5194.7", "PWD_P85": "5361.4", "PWD_P86": "5551.5", "PWD_P87": "5765.3", "PWD_P88": "6003.1", "PWD_P89": "6224.8", "PWD_P90": "6473.7", "PWD_P91": "6792.0", "PWD_P92": "7099.2", "PWD_P93": "7493.9", "PWD_P94": "7907.2", "PWD_P95": "8237.9", "PWD_P96": "8611.4", "PWD_P97": "9074.6", "PWD_P98": "10245.0", "PWD_P99": "13831.6", "PWD_P100": "37131.8" }, "geometry": { "type": "Point", "coordinates": [ 31.656930923461914, 48.804347991943359 ] } },
{ "type": "Feature", "id": 221, "properties": { "lon": 21.53257942199707, "lat": 41.731391906738281, "year": "2010", "ISO": "MKD", "ISO_No": "807", "Name": "Macedonia", "PWC_Lat": "41.7313919067383", "PWC_Lon": "21.5325794219971", "Pop": "2070737", "Density": "85.2", "Area": "24310.0", "PWD_A": "546.6", "PWD_G": "240.3", "PWD_M": "249.3", "PWD_P1": "8.2", "PWD_P2": "11.9", "PWD_P3": "15.0", "PWD_P4": "17.8", "PWD_P5": "20.5", "PWD_P6": "22.9", "PWD_P7": "25.6", "PWD_P8": "28.4", "PWD_P9": "31.5", "PWD_P10": "34.8", "PWD_P11": "38.1", "PWD_P12": "41.3", "PWD_P13": "45.1", "PWD_P14": "49.2", "PWD_P15": "53.7", "PWD_P16": "58.0", "PWD_P17": "62.5", "PWD_P18": "66.9", "PWD_P19": "71.2", "PWD_P20": "75.7", "PWD_P21": "80.1", "PWD_P22": "84.4", "PWD_P23": "88.8", "PWD_P24": "93.2", "PWD_P25": "97.6", "PWD_P26": "102.0", "PWD_P27": "106.3", "PWD_P28": "110.8", "PWD_P29": "115.3", "PWD_P30": "119.7", "PWD_P31": "124.5", "PWD_P32": "129.8", "PWD_P33": "135.3", "PWD_P34": "140.7", "PWD_P35": "146.5", "PWD_P36": "152.4", "PWD_P37": "158.6", "PWD_P38": "164.2", "PWD_P39": "170.1", "PWD_P40": "175.9", "PWD_P41": "182.1", "PWD_P42": "188.9", "PWD_P43": "195.9", "PWD_P44": "203.3", "PWD_P45": "210.8", "PWD_P46": "218.8", "PWD_P47": "226.4", "PWD_P48": "233.5", "PWD_P49": "241.2", "PWD_P50": "249.3", "PWD_P51": "258.2", "PWD_P52": "266.6", "PWD_P53": "275.3", "PWD_P54": "285.0", "PWD_P55": "295.7", "PWD_P56": "307.8", "PWD_P57": "320.1", "PWD_P58": "332.8", "PWD_P59": "345.9", "PWD_P60": "359.3", "PWD_P61": "372.9", "PWD_P62": "386.1", "PWD_P63": "399.0", "PWD_P64": "414.3", "PWD_P65": "428.6", "PWD_P66": "444.2", "PWD_P67": "462.5", "PWD_P68": "480.3", "PWD_P69": "498.0", "PWD_P70": "516.6", "PWD_P71": "536.0", "PWD_P72": "561.5", "PWD_P73": "595.5", "PWD_P74": "631.6", "PWD_P75": "665.6", "PWD_P76": "696.0", "PWD_P77": "722.2", "PWD_P78": "748.2", "PWD_P79": "782.1", "PWD_P80": "831.5", "PWD_P81": "887.3", "PWD_P82": "946.1", "PWD_P83": "1003.1", "PWD_P84": "1068.7", "PWD_P85": "1129.1", "PWD_P86": "1185.3", "PWD_P87": "1327.6", "PWD_P88": "1497.7", "PWD_P89": "1736.5", "PWD_P90": "1902.8", "PWD_P91": "2029.7", "PWD_P92": "2139.2", "PWD_P93": "2196.4", "PWD_P94": "2243.9", "PWD_P95": "2291.4", "PWD_P96": "2358.6", "PWD_P97": "2434.7", "PWD_P98": "2522.0", "PWD_P99": "2652.1", "PWD_P100": "3181.4" }, "geometry": { "type": "Point", "coordinates": [ 21.53257942199707, 41.731391906738281 ] } },
{ "type": "Feature", "id": 222, "properties": { "lon": 31.220212936401367, "lat": 29.650314331054688, "year": "2010", "ISO": "EGY", "ISO_No": "818", "Name": "Egypt", "PWC_Lat": "29.6503143310547", "PWC_Lon": "31.2202129364014", "Pop": "82761243", "Density": "83.3", "Area": "994057.0", "PWD_A": "14131.0", "PWD_G": "4618.0", "PWD_M": "3672.9", "PWD_P1": "60.9", "PWD_P2": "194.9", "PWD_P3": "326.7", "PWD_P4": "435.9", "PWD_P5": "528.0", "PWD_P6": "606.1", "PWD_P7": "675.3", "PWD_P8": "740.2", "PWD_P9": "801.1", "PWD_P10": "858.5", "PWD_P11": "913.1", "PWD_P12": "966.5", "PWD_P13": "1018.5", "PWD_P14": "1069.7", "PWD_P15": "1120.5", "PWD_P16": "1170.8", "PWD_P17": "1220.7", "PWD_P18": "1271.0", "PWD_P19": "1321.3", "PWD_P20": "1372.4", "PWD_P21": "1423.7", "PWD_P22": "1476.2", "PWD_P23": "1529.5", "PWD_P24": "1583.6", "PWD_P25": "1639.1", "PWD_P26": "1696.0", "PWD_P27": "1754.0", "PWD_P28": "1814.2", "PWD_P29": "1874.9", "PWD_P30": "1937.3", "PWD_P31": "2000.6", "PWD_P32": "2065.1", "PWD_P33": "2131.9", "PWD_P34": "2199.9", "PWD_P35": "2270.3", "PWD_P36": "2341.8", "PWD_P37": "2416.2", "PWD_P38": "2492.0", "PWD_P39": "2571.1", "PWD_P40": "2652.7", "PWD_P41": "2735.7", "PWD_P42": "2822.2", "PWD_P43": "2912.5", "PWD_P44": "3005.4", "PWD_P45": "3102.7", "PWD_P46": "3204.3", "PWD_P47": "3312.3", "PWD_P48": "3426.3", "PWD_P49": "3546.4", "PWD_P50": "3672.9", "PWD_P51": "3806.2", "PWD_P52": "3948.4", "PWD_P53": "4096.2", "PWD_P54": "4252.9", "PWD_P55": "4418.7", "PWD_P56": "4597.4", "PWD_P57": "4787.5", "PWD_P58": "4997.5", "PWD_P59": "5225.0", "PWD_P60": "5468.0", "PWD_P61": "5726.6", "PWD_P62": "6004.3", "PWD_P63": "6309.7", "PWD_P64": "6642.7", "PWD_P65": "7008.4", "PWD_P66": "7413.5", "PWD_P67": "7860.8", "PWD_P68": "8380.3", "PWD_P69": "8960.3", "PWD_P70": "9595.2", "PWD_P71": "10291.9", "PWD_P72": "11066.0", "PWD_P73": "11946.1", "PWD_P74": "12971.8", "PWD_P75": "14194.3", "PWD_P76": "15520.8", "PWD_P77": "16999.7", "PWD_P78": "18617.0", "PWD_P79": "20428.1", "PWD_P80": "22233.3", "PWD_P81": "24132.0", "PWD_P82": "26150.2", "PWD_P83": "28359.4", "PWD_P84": "30658.8", "PWD_P85": "33263.7", "PWD_P86": "36080.4", "PWD_P87": "39184.0", "PWD_P88": "42660.0", "PWD_P89": "45988.7", "PWD_P90": "49601.5", "PWD_P91": "53228.8", "PWD_P92": "56510.1", "PWD_P93": "59862.9", "PWD_P94": "63594.5", "PWD_P95": "67561.5", "PWD_P96": "72441.2", "PWD_P97": "79023.6", "PWD_P98": "87393.3", "PWD_P99": "98786.1", "PWD_P100": "128147.4" }, "geometry": { "type": "Point", "coordinates": [ 31.220212936401367, 29.650314331054688 ] } },
{ "type": "Feature", "id": 223, "properties": { "lon": -1.6626501083374023, "lat": 52.732284545898438, "year": "2010", "ISO": "GBR", "ISO_No": "826", "Name": "United Kingdom", "PWC_Lat": "52.7322845458984", "PWC_Lon": "-1.6626501083374", "Pop": "63459801", "Density": "261.7", "Area": "242450.8", "PWD_A": "6180.2", "PWD_G": "3330.8", "PWD_M": "4759.0", "PWD_P1": "14.8", "PWD_P2": "33.4", "PWD_P3": "59.5", "PWD_P4": "93.9", "PWD_P5": "137.2", "PWD_P6": "189.7", "PWD_P7": "252.4", "PWD_P8": "326.5", "PWD_P9": "411.4", "PWD_P10": "507.4", "PWD_P11": "613.9", "PWD_P12": "729.6", "PWD_P13": "852.4", "PWD_P14": "978.4", "PWD_P15": "1105.2", "PWD_P16": "1232.0", "PWD_P17": "1359.8", "PWD_P18": "1486.8", "PWD_P19": "1609.9", "PWD_P20": "1731.9", "PWD_P21": "1851.1", "PWD_P22": "1968.5", "PWD_P23": "2082.8", "PWD_P24": "2196.0", "PWD_P25": "2306.3", "PWD_P26": "2415.5", "PWD_P27": "2522.6", "PWD_P28": "2628.0", "PWD_P29": "2732.1", "PWD_P30": "2835.7", "PWD_P31": "2936.9", "PWD_P32": "3036.1", "PWD_P33": "3134.7", "PWD_P34": "3233.2", "PWD_P35": "3330.2", "PWD_P36": "3426.5", "PWD_P37": "3523.1", "PWD_P38": "3619.1", "PWD_P39": "3715.1", "PWD_P40": "3811.0", "PWD_P41": "3906.6", "PWD_P42": "4000.6", "PWD_P43": "4096.2", "PWD_P44": "4191.6", "PWD_P45": "4285.5", "PWD_P46": "4379.4", "PWD_P47": "4474.2", "PWD_P48": "4569.0", "PWD_P49": "4664.5", "PWD_P50": "4759.0", "PWD_P51": "4855.2", "PWD_P52": "4952.2", "PWD_P53": "5049.1", "PWD_P54": "5148.1", "PWD_P55": "5248.5", "PWD_P56": "5348.9", "PWD_P57": "5450.5", "PWD_P58": "5553.5", "PWD_P59": "5657.2", "PWD_P60": "5763.8", "PWD_P61": "5872.0", "PWD_P62": "5982.3", "PWD_P63": "6094.2", "PWD_P64": "6211.0", "PWD_P65": "6327.6", "PWD_P66": "6449.2", "PWD_P67": "6572.1", "PWD_P68": "6699.1", "PWD_P69": "6831.2", "PWD_P70": "6965.4", "PWD_P71": "7104.5", "PWD_P72": "7248.5", "PWD_P73": "7398.3", "PWD_P74": "7553.4", "PWD_P75": "7717.1", "PWD_P76": "7888.8", "PWD_P77": "8070.6", "PWD_P78": "8263.8", "PWD_P79": "8465.3", "PWD_P80": "8680.0", "PWD_P81": "8911.8", "PWD_P82": "9157.3", "PWD_P83": "9425.1", "PWD_P84": "9719.9", "PWD_P85": "10048.6", "PWD_P86": "10400.8", "PWD_P87": "10798.4", "PWD_P88": "11245.7", "PWD_P89": "11739.5", "PWD_P90": "12310.4", "PWD_P91": "12958.2", "PWD_P92": "13726.3", "PWD_P93": "14645.4", "PWD_P94": "15735.8", "PWD_P95": "17105.1", "PWD_P96": "18829.6", "PWD_P97": "21265.4", "PWD_P98": "25090.4", "PWD_P99": "32886.4", "PWD_P100": "207258.7" }, "geometry": { "type": "Point", "coordinates": [ -1.662650108337402, 52.732284545898438 ] } },
{ "type": "Feature", "id": 224, "properties": { "lon": -4.5298848152160645, "lat": 54.186779022216797, "year": "2010", "ISO": "IMN", "ISO_No": "833", "Name": "Isle of Man", "PWC_Lat": "54.1867790222168", "PWC_Lon": "-4.52988481521606", "Pop": "84855", "Density": "145.4", "Area": "583.8", "PWD_A": "2204.1", "PWD_G": "1125.8", "PWD_M": "2376.4", "PWD_P1": "8.6", "PWD_P2": "14.5", "PWD_P3": "20.8", "PWD_P4": "27.2", "PWD_P5": "34.1", "PWD_P6": "41.7", "PWD_P7": "50.1", "PWD_P8": "59.7", "PWD_P9": "70.6", "PWD_P10": "83.2", "PWD_P11": "96.3", "PWD_P12": "111.4", "PWD_P13": "128.3", "PWD_P14": "146.0", "PWD_P15": "165.1", "PWD_P16": "188.6", "PWD_P17": "216.4", "PWD_P18": "247.9", "PWD_P19": "281.4", "PWD_P20": "319.5", "PWD_P21": "357.0", "PWD_P22": "404.2", "PWD_P23": "447.2", "PWD_P24": "494.1", "PWD_P25": "541.6", "PWD_P26": "592.6", "PWD_P27": "647.7", "PWD_P28": "705.5", "PWD_P29": "772.0", "PWD_P30": "829.1", "PWD_P31": "884.4", "PWD_P32": "959.0", "PWD_P33": "1036.3", "PWD_P34": "1121.6", "PWD_P35": "1220.3", "PWD_P36": "1313.0", "PWD_P37": "1410.2", "PWD_P38": "1499.4", "PWD_P39": "1599.3", "PWD_P40": "1675.2", "PWD_P41": "1753.5", "PWD_P42": "1852.9", "PWD_P43": "1933.1", "PWD_P44": "2018.2", "PWD_P45": "2094.0", "PWD_P46": "2160.8", "PWD_P47": "2210.1", "PWD_P48": "2257.0", "PWD_P49": "2319.6", "PWD_P50": "2376.4", "PWD_P51": "2434.2", "PWD_P52": "2494.2", "PWD_P53": "2551.0", "PWD_P54": "2585.5", "PWD_P55": "2632.2", "PWD_P56": "2667.3", "PWD_P57": "2711.9", "PWD_P58": "2759.8", "PWD_P59": "2808.2", "PWD_P60": "2853.9", "PWD_P61": "2922.2", "PWD_P62": "2991.5", "PWD_P63": "3035.9", "PWD_P64": "3073.3", "PWD_P65": "3107.7", "PWD_P66": "3137.0", "PWD_P67": "3166.3", "PWD_P68": "3195.3", "PWD_P69": "3224.4", "PWD_P70": "3267.6", "PWD_P71": "3308.7", "PWD_P72": "3340.0", "PWD_P73": "3374.8", "PWD_P74": "3414.6", "PWD_P75": "3452.4", "PWD_P76": "3495.0", "PWD_P77": "3536.5", "PWD_P78": "3570.5", "PWD_P79": "3604.7", "PWD_P80": "3631.3", "PWD_P81": "3655.8", "PWD_P82": "3695.9", "PWD_P83": "3775.6", "PWD_P84": "3824.7", "PWD_P85": "3894.2", "PWD_P86": "3942.9", "PWD_P87": "3996.9", "PWD_P88": "4050.6", "PWD_P89": "4171.5", "PWD_P90": "4340.5", "PWD_P91": "4466.9", "PWD_P92": "4544.2", "PWD_P93": "4609.6", "PWD_P94": "4670.1", "PWD_P95": "4775.9", "PWD_P96": "4892.2", "PWD_P97": "5029.9", "PWD_P98": "5240.8", "PWD_P99": "5726.0", "PWD_P100": "6263.3" }, "geometry": { "type": "Point", "coordinates": [ -4.529884815216064, 54.186779022216797 ] } },
{ "type": "Feature", "id": 225, "properties": { "lon": 35.174491882324219, "lat": -5.4809999465942383, "year": "2010", "ISO": "TZA", "ISO_No": "834", "Name": "Tanzania", "PWC_Lat": "-5.48099994659424", "PWC_Lon": "35.1744918823242", "Pop": "44346532", "Density": "50.1", "Area": "885721.5", "PWD_A": "2072.4", "PWD_G": "254.6", "PWD_M": "167.5", "PWD_P1": "4.4", "PWD_P2": "7.7", "PWD_P3": "10.7", "PWD_P4": "13.5", "PWD_P5": "16.2", "PWD_P6": "18.8", "PWD_P7": "21.3", "PWD_P8": "23.7", "PWD_P9": "26.2", "PWD_P10": "28.6", "PWD_P11": "31.0", "PWD_P12": "33.4", "PWD_P13": "35.9", "PWD_P14": "38.3", "PWD_P15": "40.7", "PWD_P16": "43.1", "PWD_P17": "45.6", "PWD_P18": "48.0", "PWD_P19": "50.5", "PWD_P20": "53.0", "PWD_P21": "55.5", "PWD_P22": "58.1", "PWD_P23": "60.7", "PWD_P24": "63.3", "PWD_P25": "66.0", "PWD_P26": "68.7", "PWD_P27": "71.5", "PWD_P28": "74.4", "PWD_P29": "77.4", "PWD_P30": "80.4", "PWD_P31": "83.5", "PWD_P32": "86.7", "PWD_P33": "90.0", "PWD_P34": "93.3", "PWD_P35": "96.8", "PWD_P36": "100.3", "PWD_P37": "104.0", "PWD_P38": "107.8", "PWD_P39": "111.8", "PWD_P40": "115.9", "PWD_P41": "120.1", "PWD_P42": "124.5", "PWD_P43": "129.1", "PWD_P44": "133.8", "PWD_P45": "138.8", "PWD_P46": "143.9", "PWD_P47": "149.3", "PWD_P48": "155.0", "PWD_P49": "161.1", "PWD_P50": "167.5", "PWD_P51": "174.3", "PWD_P52": "181.6", "PWD_P53": "189.2", "PWD_P54": "197.3", "PWD_P55": "206.0", "PWD_P56": "215.3", "PWD_P57": "225.3", "PWD_P58": "236.2", "PWD_P59": "247.8", "PWD_P60": "260.1", "PWD_P61": "273.4", "PWD_P62": "287.7", "PWD_P63": "303.5", "PWD_P64": "321.0", "PWD_P65": "340.2", "PWD_P66": "362.3", "PWD_P67": "387.7", "PWD_P68": "416.3", "PWD_P69": "449.8", "PWD_P70": "488.8", "PWD_P71": "534.5", "PWD_P72": "588.4", "PWD_P73": "651.9", "PWD_P74": "730.3", "PWD_P75": "821.3", "PWD_P76": "930.1", "PWD_P77": "1058.6", "PWD_P78": "1210.7", "PWD_P79": "1388.2", "PWD_P80": "1597.3", "PWD_P81": "1835.1", "PWD_P82": "2119.6", "PWD_P83": "2421.4", "PWD_P84": "2779.2", "PWD_P85": "3176.6", "PWD_P86": "3616.9", "PWD_P87": "4098.3", "PWD_P88": "4638.6", "PWD_P89": "5248.5", "PWD_P90": "5943.2", "PWD_P91": "6792.8", "PWD_P92": "7880.2", "PWD_P93": "9222.0", "PWD_P94": "10774.8", "PWD_P95": "12534.3", "PWD_P96": "15007.8", "PWD_P97": "17915.2", "PWD_P98": "22344.5", "PWD_P99": "28444.6", "PWD_P100": "51662.0" }, "geometry": { "type": "Point", "coordinates": [ 35.174491882324219, -5.480999946594238 ] } },
{ "type": "Feature", "id": 226, "properties": { "lon": -1.8928923606872559, "lat": 12.259675025939941, "year": "2010", "ISO": "BFA", "ISO_No": "854", "Name": "Burkina Faso", "PWC_Lat": "12.2596750259399", "PWC_Lon": "-1.89289236068726", "Pop": "15605211", "Density": "56.7", "Area": "275140.0", "PWD_A": "618.6", "PWD_G": "121.2", "PWD_M": "76.6", "PWD_P1": "10.8", "PWD_P2": "14.1", "PWD_P3": "16.5", "PWD_P4": "18.3", "PWD_P5": "19.8", "PWD_P6": "21.2", "PWD_P7": "22.5", "PWD_P8": "23.8", "PWD_P9": "25.1", "PWD_P10": "26.2", "PWD_P11": "27.3", "PWD_P12": "28.4", "PWD_P13": "29.4", "PWD_P14": "30.4", "PWD_P15": "31.5", "PWD_P16": "32.5", "PWD_P17": "33.6", "PWD_P18": "34.7", "PWD_P19": "35.8", "PWD_P20": "36.8", "PWD_P21": "37.9", "PWD_P22": "39.0", "PWD_P23": "40.1", "PWD_P24": "41.1", "PWD_P25": "42.2", "PWD_P26": "43.3", "PWD_P27": "44.5", "PWD_P28": "45.6", "PWD_P29": "46.8", "PWD_P30": "47.9", "PWD_P31": "49.1", "PWD_P32": "50.3", "PWD_P33": "51.5", "PWD_P34": "52.8", "PWD_P35": "54.0", "PWD_P36": "55.3", "PWD_P37": "56.6", "PWD_P38": "58.0", "PWD_P39": "59.4", "PWD_P40": "60.7", "PWD_P41": "62.1", "PWD_P42": "63.6", "PWD_P43": "65.0", "PWD_P44": "66.5", "PWD_P45": "68.0", "PWD_P46": "69.6", "PWD_P47": "71.2", "PWD_P48": "72.9", "PWD_P49": "74.7", "PWD_P50": "76.6", "PWD_P51": "78.6", "PWD_P52": "80.7", "PWD_P53": "82.9", "PWD_P54": "85.2", "PWD_P55": "87.7", "PWD_P56": "90.3", "PWD_P57": "93.1", "PWD_P58": "95.9", "PWD_P59": "98.8", "PWD_P60": "101.8", "PWD_P61": "105.0", "PWD_P62": "108.6", "PWD_P63": "112.4", "PWD_P64": "116.5", "PWD_P65": "120.8", "PWD_P66": "125.5", "PWD_P67": "130.7", "PWD_P68": "136.2", "PWD_P69": "142.5", "PWD_P70": "149.6", "PWD_P71": "157.5", "PWD_P72": "166.0", "PWD_P73": "175.1", "PWD_P74": "185.2", "PWD_P75": "196.3", "PWD_P76": "210.5", "PWD_P77": "227.6", "PWD_P78": "248.3", "PWD_P79": "273.9", "PWD_P80": "307.2", "PWD_P81": "350.2", "PWD_P82": "405.9", "PWD_P83": "493.2", "PWD_P84": "594.2", "PWD_P85": "731.3", "PWD_P86": "936.7", "PWD_P87": "1239.5", "PWD_P88": "1585.6", "PWD_P89": "2537.8", "PWD_P90": "3078.7", "PWD_P91": "3519.2", "PWD_P92": "3913.4", "PWD_P93": "4238.2", "PWD_P94": "4483.5", "PWD_P95": "4627.8", "PWD_P96": "4748.7", "PWD_P97": "4918.0", "PWD_P98": "5047.0", "PWD_P99": "5195.3", "PWD_P100": "5705.8" }, "geometry": { "type": "Point", "coordinates": [ -1.892892360687256, 12.259675025939941 ] } },
{ "type": "Feature", "id": 227, "properties": { "lon": -56.221961975097656, "lat": -34.040313720703125, "year": "2010", "ISO": "URY", "ISO_No": "858", "Name": "Uruguay", "PWC_Lat": "-34.0403137207031", "PWC_Lon": "-56.2219619750977", "Pop": "3359273", "Density": "19.2", "Area": "175292.3", "PWD_A": "6512.0", "PWD_G": "3256.9", "PWD_M": "4824.7", "PWD_P1": "2.1", "PWD_P2": "7.2", "PWD_P3": "18.1", "PWD_P4": "45.1", "PWD_P5": "107.3", "PWD_P6": "202.8", "PWD_P7": "316.4", "PWD_P8": "433.8", "PWD_P9": "552.7", "PWD_P10": "666.6", "PWD_P11": "776.1", "PWD_P12": "885.6", "PWD_P13": "999.5", "PWD_P14": "1106.6", "PWD_P15": "1210.3", "PWD_P16": "1318.5", "PWD_P17": "1420.5", "PWD_P18": "1522.8", "PWD_P19": "1623.6", "PWD_P20": "1723.7", "PWD_P21": "1829.0", "PWD_P22": "1933.8", "PWD_P23": "2037.2", "PWD_P24": "2141.5", "PWD_P25": "2240.1", "PWD_P26": "2334.8", "PWD_P27": "2428.3", "PWD_P28": "2523.3", "PWD_P29": "2616.7", "PWD_P30": "2711.0", "PWD_P31": "2809.4", "PWD_P32": "2909.0", "PWD_P33": "3009.0", "PWD_P34": "3108.1", "PWD_P35": "3204.4", "PWD_P36": "3300.8", "PWD_P37": "3403.3", "PWD_P38": "3513.1", "PWD_P39": "3612.5", "PWD_P40": "3719.2", "PWD_P41": "3835.1", "PWD_P42": "3946.1", "PWD_P43": "4061.7", "PWD_P44": "4171.9", "PWD_P45": "4279.6", "PWD_P46": "4396.0", "PWD_P47": "4506.7", "PWD_P48": "4613.0", "PWD_P49": "4721.7", "PWD_P50": "4824.7", "PWD_P51": "4941.4", "PWD_P52": "5057.1", "PWD_P53": "5168.7", "PWD_P54": "5278.5", "PWD_P55": "5394.9", "PWD_P56": "5516.3", "PWD_P57": "5644.7", "PWD_P58": "5767.2", "PWD_P59": "5905.0", "PWD_P60": "6037.9", "PWD_P61": "6169.3", "PWD_P62": "6297.0", "PWD_P63": "6427.0", "PWD_P64": "6554.2", "PWD_P65": "6679.2", "PWD_P66": "6801.8", "PWD_P67": "6944.3", "PWD_P68": "7096.4", "PWD_P69": "7243.0", "PWD_P70": "7396.6", "PWD_P71": "7566.9", "PWD_P72": "7733.9", "PWD_P73": "7914.0", "PWD_P74": "8109.1", "PWD_P75": "8312.5", "PWD_P76": "8527.6", "PWD_P77": "8760.1", "PWD_P78": "8998.2", "PWD_P79": "9249.5", "PWD_P80": "9533.4", "PWD_P81": "9814.9", "PWD_P82": "10081.6", "PWD_P83": "10347.8", "PWD_P84": "10644.9", "PWD_P85": "11033.1", "PWD_P86": "11408.6", "PWD_P87": "11825.2", "PWD_P88": "12294.1", "PWD_P89": "12800.9", "PWD_P90": "13483.0", "PWD_P91": "14329.7", "PWD_P92": "15203.3", "PWD_P93": "16247.5", "PWD_P94": "17442.3", "PWD_P95": "18759.8", "PWD_P96": "20862.7", "PWD_P97": "23737.7", "PWD_P98": "27381.5", "PWD_P99": "35312.7", "PWD_P100": "74492.8" }, "geometry": { "type": "Point", "coordinates": [ -56.221961975097656, -34.040313720703125 ] } },
{ "type": "Feature", "id": 228, "properties": { "lon": 67.743179321289062, "lat": 40.364837646484375, "year": "2010", "ISO": "UZB", "ISO_No": "860", "Name": "Uzbekistan", "PWC_Lat": "40.3648376464844", "PWC_Lon": "67.7431793212891", "Pop": "28515908", "Density": "66.7", "Area": "427492.6", "PWD_A": "1595.4", "PWD_G": "439.6", "PWD_M": "483.3", "PWD_P1": "2.4", "PWD_P2": "5.7", "PWD_P3": "10.6", "PWD_P4": "16.6", "PWD_P5": "26.4", "PWD_P6": "41.9", "PWD_P7": "61.4", "PWD_P8": "81.1", "PWD_P9": "97.9", "PWD_P10": "112.6", "PWD_P11": "125.4", "PWD_P12": "137.4", "PWD_P13": "148.2", "PWD_P14": "159.0", "PWD_P15": "169.3", "PWD_P16": "179.3", "PWD_P17": "189.1", "PWD_P18": "198.8", "PWD_P19": "208.5", "PWD_P20": "218.1", "PWD_P21": "227.8", "PWD_P22": "237.1", "PWD_P23": "246.3", "PWD_P24": "255.2", "PWD_P25": "264.2", "PWD_P26": "273.1", "PWD_P27": "281.8", "PWD_P28": "290.4", "PWD_P29": "299.0", "PWD_P30": "307.5", "PWD_P31": "316.1", "PWD_P32": "324.7", "PWD_P33": "333.0", "PWD_P34": "341.5", "PWD_P35": "349.8", "PWD_P36": "358.2", "PWD_P37": "366.8", "PWD_P38": "375.6", "PWD_P39": "384.4", "PWD_P40": "393.2", "PWD_P41": "402.0", "PWD_P42": "411.1", "PWD_P43": "420.4", "PWD_P44": "429.6", "PWD_P45": "438.7", "PWD_P46": "447.6", "PWD_P47": "456.7", "PWD_P48": "465.6", "PWD_P49": "474.5", "PWD_P50": "483.3", "PWD_P51": "492.0", "PWD_P52": "500.7", "PWD_P53": "509.3", "PWD_P54": "517.9", "PWD_P55": "526.7", "PWD_P56": "535.5", "PWD_P57": "544.4", "PWD_P58": "553.7", "PWD_P59": "563.4", "PWD_P60": "573.0", "PWD_P61": "582.4", "PWD_P62": "591.7", "PWD_P63": "600.8", "PWD_P64": "610.3", "PWD_P65": "619.6", "PWD_P66": "629.1", "PWD_P67": "638.4", "PWD_P68": "647.9", "PWD_P69": "657.7", "PWD_P70": "667.9", "PWD_P71": "679.1", "PWD_P72": "691.0", "PWD_P73": "703.3", "PWD_P74": "716.2", "PWD_P75": "730.0", "PWD_P76": "744.5", "PWD_P77": "759.7", "PWD_P78": "776.0", "PWD_P79": "793.8", "PWD_P80": "813.3", "PWD_P81": "832.9", "PWD_P82": "854.8", "PWD_P83": "879.0", "PWD_P84": "907.7", "PWD_P85": "939.6", "PWD_P86": "976.0", "PWD_P87": "1019.6", "PWD_P88": "1064.4", "PWD_P89": "1125.0", "PWD_P90": "1194.4", "PWD_P91": "1287.5", "PWD_P92": "1880.2", "PWD_P93": "10114.8", "PWD_P94": "11210.0", "PWD_P95": "11943.3", "PWD_P96": "15365.5", "PWD_P97": "16788.2", "PWD_P98": "18334.9", "PWD_P99": "19193.5", "PWD_P100": "22878.6" }, "geometry": { "type": "Point", "coordinates": [ 67.743179321289062, 40.364837646484375 ] } },
{ "type": "Feature", "id": 229, "properties": { "lon": -67.987503051757812, "lat": 9.7995691299438477, "year": "2010", "ISO": "VEN", "ISO_No": "862", "Name": "Venezuela", "PWC_Lat": "9.79956912994385", "PWC_Lon": "-67.9875030517578", "Pop": "28439941", "Density": "31.4", "Area": "905683.1", "PWD_A": "2071.2", "PWD_G": "571.9", "PWD_M": "939.3", "PWD_P1": "2.1", "PWD_P2": "3.8", "PWD_P3": "5.6", "PWD_P4": "7.9", "PWD_P5": "10.6", "PWD_P6": "13.8", "PWD_P7": "17.3", "PWD_P8": "21.4", "PWD_P9": "26.0", "PWD_P10": "30.5", "PWD_P11": "35.2", "PWD_P12": "39.8", "PWD_P13": "44.5", "PWD_P14": "48.8", "PWD_P15": "53.2", "PWD_P16": "57.9", "PWD_P17": "63.0", "PWD_P18": "68.5", "PWD_P19": "74.7", "PWD_P20": "81.7", "PWD_P21": "89.2", "PWD_P22": "97.0", "PWD_P23": "105.3", "PWD_P24": "114.9", "PWD_P25": "125.9", "PWD_P26": "138.2", "PWD_P27": "151.5", "PWD_P28": "165.9", "PWD_P29": "181.6", "PWD_P30": "199.0", "PWD_P31": "218.9", "PWD_P32": "240.9", "PWD_P33": "264.1", "PWD_P34": "290.1", "PWD_P35": "317.6", "PWD_P36": "347.7", "PWD_P37": "379.0", "PWD_P38": "412.5", "PWD_P39": "448.8", "PWD_P40": "486.9", "PWD_P41": "526.0", "PWD_P42": "566.5", "PWD_P43": "608.3", "PWD_P44": "651.0", "PWD_P45": "694.8", "PWD_P46": "739.0", "PWD_P47": "783.8", "PWD_P48": "833.5", "PWD_P49": "886.2", "PWD_P50": "939.3", "PWD_P51": "992.8", "PWD_P52": "1049.0", "PWD_P53": "1106.4", "PWD_P54": "1164.3", "PWD_P55": "1224.4", "PWD_P56": "1290.6", "PWD_P57": "1357.3", "PWD_P58": "1426.0", "PWD_P59": "1498.8", "PWD_P60": "1579.3", "PWD_P61": "1662.2", "PWD_P62": "1748.3", "PWD_P63": "1836.8", "PWD_P64": "1928.5", "PWD_P65": "2034.5", "PWD_P66": "2142.2", "PWD_P67": "2252.8", "PWD_P68": "2357.4", "PWD_P69": "2459.4", "PWD_P70": "2557.6", "PWD_P71": "2665.4", "PWD_P72": "2785.1", "PWD_P73": "2906.0", "PWD_P74": "3037.5", "PWD_P75": "3182.3", "PWD_P76": "3322.9", "PWD_P77": "3459.6", "PWD_P78": "3626.3", "PWD_P79": "3787.0", "PWD_P80": "3948.6", "PWD_P81": "4109.1", "PWD_P82": "4298.5", "PWD_P83": "4490.4", "PWD_P84": "4655.4", "PWD_P85": "4830.0", "PWD_P86": "5042.3", "PWD_P87": "5295.5", "PWD_P88": "5679.3", "PWD_P89": "6137.6", "PWD_P90": "6464.1", "PWD_P91": "6804.7", "PWD_P92": "7093.4", "PWD_P93": "7301.8", "PWD_P94": "7463.2", "PWD_P95": "7627.4", "PWD_P96": "7855.4", "PWD_P97": "8393.2", "PWD_P98": "9098.2", "PWD_P99": "9805.8", "PWD_P100": "13433.9" }, "geometry": { "type": "Point", "coordinates": [ -67.987503051757812, 9.799569129943848 ] } },
{ "type": "Feature", "id": 230, "properties": { "lon": -176.8067626953125, "lat": -13.600773811340332, "year": "2010", "ISO": "WLF", "ISO_No": "876", "Name": "Wallis and Futuna", "PWC_Lat": "-13.6007738113403", "PWC_Lon": "-176.806762695312", "Pop": "12685", "Density": "83.0", "Area": "152.9", "PWD_A": "196.2", "PWD_G": "133.4", "PWD_M": "136.4", "PWD_P1": "11.4", "PWD_P2": "14.1", "PWD_P3": "16.8", "PWD_P4": "19.6", "PWD_P5": "22.3", "PWD_P6": "28.2", "PWD_P7": "34.5", "PWD_P8": "39.7", "PWD_P9": "42.0", "PWD_P10": "43.9", "PWD_P11": "45.6", "PWD_P12": "47.4", "PWD_P13": "49.4", "PWD_P14": "51.5", "PWD_P15": "53.8", "PWD_P16": "56.0", "PWD_P17": "57.9", "PWD_P18": "59.8", "PWD_P19": "61.9", "PWD_P20": "63.7", "PWD_P21": "65.2", "PWD_P22": "66.9", "PWD_P23": "68.6", "PWD_P24": "70.1", "PWD_P25": "71.7", "PWD_P26": "73.4", "PWD_P27": "74.8", "PWD_P28": "76.5", "PWD_P29": "78.3", "PWD_P30": "80.0", "PWD_P31": "81.9", "PWD_P32": "83.8", "PWD_P33": "85.8", "PWD_P34": "88.3", "PWD_P35": "90.6", "PWD_P36": "92.8", "PWD_P37": "95.0", "PWD_P38": "97.3", "PWD_P39": "100.1", "PWD_P40": "103.2", "PWD_P41": "106.0", "PWD_P42": "109.1", "PWD_P43": "112.5", "PWD_P44": "115.5", "PWD_P45": "118.2", "PWD_P46": "121.7", "PWD_P47": "125.5", "PWD_P48": "129.0", "PWD_P49": "132.4", "PWD_P50": "136.4", "PWD_P51": "140.8", "PWD_P52": "145.0", "PWD_P53": "148.9", "PWD_P54": "152.6", "PWD_P55": "156.8", "PWD_P56": "161.3", "PWD_P57": "167.5", "PWD_P58": "171.9", "PWD_P59": "176.3", "PWD_P60": "182.0", "PWD_P61": "187.2", "PWD_P62": "192.2", "PWD_P63": "197.0", "PWD_P64": "202.2", "PWD_P65": "207.0", "PWD_P66": "212.6", "PWD_P67": "218.8", "PWD_P68": "227.1", "PWD_P69": "234.0", "PWD_P70": "241.4", "PWD_P71": "247.3", "PWD_P72": "253.6", "PWD_P73": "259.9", "PWD_P74": "267.1", "PWD_P75": "275.0", "PWD_P76": "282.5", "PWD_P77": "289.8", "PWD_P78": "297.1", "PWD_P79": "308.4", "PWD_P80": "316.4", "PWD_P81": "324.3", "PWD_P82": "332.4", "PWD_P83": "342.6", "PWD_P84": "350.7", "PWD_P85": "360.0", "PWD_P86": "368.6", "PWD_P87": "386.0", "PWD_P88": "400.1", "PWD_P89": "418.4", "PWD_P90": "442.2", "PWD_P91": "462.5", "PWD_P92": "483.2", "PWD_P93": "496.5", "PWD_P94": "521.3", "PWD_P95": "537.6", "PWD_P96": "567.5", "PWD_P97": "613.7", "PWD_P98": "675.0", "PWD_P99": "863.0", "PWD_P100": "969.3" }, "geometry": { "type": "Point", "coordinates": [ -176.8067626953125, -13.600773811340332 ] } },
{ "type": "Feature", "id": 231, "properties": { "lon": -171.9459228515625, "lat": -13.824518203735352, "year": "2010", "ISO": "WSM", "ISO_No": "882", "Name": "Samoa", "PWC_Lat": "-13.8245182037354", "PWC_Lon": "-171.945922851562", "Pop": "185943", "Density": "64.3", "Area": "2889.7", "PWD_A": "260.6", "PWD_G": "146.3", "PWD_M": "157.5", "PWD_P1": "7.0", "PWD_P2": "10.3", "PWD_P3": "12.9", "PWD_P4": "15.4", "PWD_P5": "17.1", "PWD_P6": "18.9", "PWD_P7": "20.8", "PWD_P8": "22.6", "PWD_P9": "24.2", "PWD_P10": "25.8", "PWD_P11": "27.6", "PWD_P12": "29.5", "PWD_P13": "31.1", "PWD_P14": "32.9", "PWD_P15": "34.7", "PWD_P16": "36.7", "PWD_P17": "38.8", "PWD_P18": "41.0", "PWD_P19": "43.3", "PWD_P20": "45.5", "PWD_P21": "47.7", "PWD_P22": "50.4", "PWD_P23": "52.7", "PWD_P24": "55.2", "PWD_P25": "57.6", "PWD_P26": "60.0", "PWD_P27": "63.6", "PWD_P28": "66.2", "PWD_P29": "68.8", "PWD_P30": "71.5", "PWD_P31": "74.3", "PWD_P32": "80.3", "PWD_P33": "86.4", "PWD_P34": "91.2", "PWD_P35": "98.8", "PWD_P36": "101.6", "PWD_P37": "104.9", "PWD_P38": "109.1", "PWD_P39": "112.2", "PWD_P40": "115.1", "PWD_P41": "118.1", "PWD_P42": "122.1", "PWD_P43": "125.4", "PWD_P44": "128.6", "PWD_P45": "131.6", "PWD_P46": "135.4", "PWD_P47": "140.4", "PWD_P48": "145.8", "PWD_P49": "150.7", "PWD_P50": "157.5", "PWD_P51": "163.6", "PWD_P52": "171.2", "PWD_P53": "189.6", "PWD_P54": "201.1", "PWD_P55": "210.9", "PWD_P56": "219.7", "PWD_P57": "229.3", "PWD_P58": "239.6", "PWD_P59": "252.5", "PWD_P60": "265.0", "PWD_P61": "274.0", "PWD_P62": "282.3", "PWD_P63": "290.9", "PWD_P64": "300.3", "PWD_P65": "308.9", "PWD_P66": "318.2", "PWD_P67": "327.0", "PWD_P68": "335.1", "PWD_P69": "341.2", "PWD_P70": "354.7", "PWD_P71": "367.5", "PWD_P72": "381.4", "PWD_P73": "401.3", "PWD_P74": "478.9", "PWD_P75": "508.4", "PWD_P76": "521.1", "PWD_P77": "530.5", "PWD_P78": "540.1", "PWD_P79": "548.0", "PWD_P80": "557.0", "PWD_P81": "569.4", "PWD_P82": "581.6", "PWD_P83": "592.0", "PWD_P84": "599.4", "PWD_P85": "605.9", "PWD_P86": "612.1", "PWD_P87": "619.6", "PWD_P88": "628.0", "PWD_P89": "636.3", "PWD_P90": "643.4", "PWD_P91": "648.9", "PWD_P92": "654.1", "PWD_P93": "658.9", "PWD_P94": "664.8", "PWD_P95": "671.5", "PWD_P96": "677.4", "PWD_P97": "684.3", "PWD_P98": "690.3", "PWD_P99": "697.0", "PWD_P100": "736.4" }, "geometry": { "type": "Point", "coordinates": [ -171.9459228515625, -13.824518203735352 ] } },
{ "type": "Feature", "id": 232, "properties": { "lon": 44.429847717285156, "lat": 14.729343414306641, "year": "2010", "ISO": "YEM", "ISO_No": "887", "Name": "Yemen", "PWC_Lat": "14.7293434143066", "PWC_Lon": "44.4298477172852", "Pop": "23154853", "Density": "51.0", "Area": "453940.1", "PWD_A": "2547.6", "PWD_G": "454.0", "PWD_M": "356.4", "PWD_P1": "4.7", "PWD_P2": "9.3", "PWD_P3": "14.3", "PWD_P4": "19.6", "PWD_P5": "25.4", "PWD_P6": "31.4", "PWD_P7": "37.8", "PWD_P8": "44.4", "PWD_P9": "50.6", "PWD_P10": "56.7", "PWD_P11": "62.8", "PWD_P12": "69.0", "PWD_P13": "75.1", "PWD_P14": "81.1", "PWD_P15": "87.0", "PWD_P16": "92.8", "PWD_P17": "98.7", "PWD_P18": "104.5", "PWD_P19": "110.2", "PWD_P20": "115.9", "PWD_P21": "121.6", "PWD_P22": "127.3", "PWD_P23": "132.9", "PWD_P24": "138.7", "PWD_P25": "144.5", "PWD_P26": "150.6", "PWD_P27": "156.8", "PWD_P28": "163.2", "PWD_P29": "169.7", "PWD_P30": "176.3", "PWD_P31": "183.0", "PWD_P32": "189.8", "PWD_P33": "196.8", "PWD_P34": "204.1", "PWD_P35": "211.6", "PWD_P36": "219.4", "PWD_P37": "227.2", "PWD_P38": "235.2", "PWD_P39": "243.4", "PWD_P40": "251.7", "PWD_P41": "260.0", "PWD_P42": "268.7", "PWD_P43": "277.8", "PWD_P44": "287.5", "PWD_P45": "297.8", "PWD_P46": "308.5", "PWD_P47": "319.8", "PWD_P48": "331.6", "PWD_P49": "343.7", "PWD_P50": "356.4", "PWD_P51": "369.5", "PWD_P52": "383.6", "PWD_P53": "399.4", "PWD_P54": "416.7", "PWD_P55": "435.2", "PWD_P56": "454.6", "PWD_P57": "474.9", "PWD_P58": "496.2", "PWD_P59": "518.5", "PWD_P60": "541.6", "PWD_P61": "565.6", "PWD_P62": "590.2", "PWD_P63": "616.3", "PWD_P64": "643.3", "PWD_P65": "672.1", "PWD_P66": "702.6", "PWD_P67": "735.6", "PWD_P68": "770.8", "PWD_P69": "811.4", "PWD_P70": "857.8", "PWD_P71": "911.1", "PWD_P72": "969.3", "PWD_P73": "1036.4", "PWD_P74": "1110.5", "PWD_P75": "1200.9", "PWD_P76": "1302.5", "PWD_P77": "1421.4", "PWD_P78": "1567.2", "PWD_P79": "1755.0", "PWD_P80": "2014.3", "PWD_P81": "2351.4", "PWD_P82": "2677.7", "PWD_P83": "3081.9", "PWD_P84": "3590.8", "PWD_P85": "4314.5", "PWD_P86": "5088.3", "PWD_P87": "6162.7", "PWD_P88": "7245.9", "PWD_P89": "8239.0", "PWD_P90": "9427.1", "PWD_P91": "10545.6", "PWD_P92": "11708.5", "PWD_P93": "13067.1", "PWD_P94": "14365.9", "PWD_P95": "15447.4", "PWD_P96": "16504.9", "PWD_P97": "17933.8", "PWD_P98": "20558.2", "PWD_P99": "29153.1", "PWD_P100": "54798.4" }, "geometry": { "type": "Point", "coordinates": [ 44.429847717285156, 14.729343414306641 ] } },
{ "type": "Feature", "id": 233, "properties": { "lon": 28.62391471862793, "lat": -13.605972290039062, "year": "2010", "ISO": "ZMB", "ISO_No": "894", "Name": "Zambia", "PWC_Lat": "-13.6059722900391", "PWC_Lon": "28.6239147186279", "Pop": "13605985", "Density": "18.4", "Area": "740053.9", "PWD_A": "1048.4", "PWD_G": "98.9", "PWD_M": "53.1", "PWD_P1": "2.0", "PWD_P2": "2.7", "PWD_P3": "3.2", "PWD_P4": "3.7", "PWD_P5": "4.2", "PWD_P6": "4.8", "PWD_P7": "5.3", "PWD_P8": "5.8", "PWD_P9": "6.3", "PWD_P10": "6.9", "PWD_P11": "7.4", "PWD_P12": "8.0", "PWD_P13": "8.6", "PWD_P14": "9.2", "PWD_P15": "9.8", "PWD_P16": "10.4", "PWD_P17": "11.0", "PWD_P18": "11.7", "PWD_P19": "12.3", "PWD_P20": "13.0", "PWD_P21": "13.7", "PWD_P22": "14.4", "PWD_P23": "15.1", "PWD_P24": "15.9", "PWD_P25": "16.6", "PWD_P26": "17.4", "PWD_P27": "18.3", "PWD_P28": "19.1", "PWD_P29": "19.9", "PWD_P30": "20.8", "PWD_P31": "21.7", "PWD_P32": "22.6", "PWD_P33": "23.6", "PWD_P34": "24.7", "PWD_P35": "25.8", "PWD_P36": "26.9", "PWD_P37": "28.1", "PWD_P38": "29.4", "PWD_P39": "30.7", "PWD_P40": "32.1", "PWD_P41": "33.6", "PWD_P42": "35.2", "PWD_P43": "37.0", "PWD_P44": "38.9", "PWD_P45": "40.9", "PWD_P46": "43.0", "PWD_P47": "45.2", "PWD_P48": "47.6", "PWD_P49": "50.2", "PWD_P50": "53.1", "PWD_P51": "56.2", "PWD_P52": "59.5", "PWD_P53": "62.9", "PWD_P54": "66.6", "PWD_P55": "70.5", "PWD_P56": "74.9", "PWD_P57": "79.7", "PWD_P58": "84.8", "PWD_P59": "90.8", "PWD_P60": "98.4", "PWD_P61": "108.4", "PWD_P62": "120.0", "PWD_P63": "134.9", "PWD_P64": "153.5", "PWD_P65": "176.7", "PWD_P66": "204.5", "PWD_P67": "236.7", "PWD_P68": "273.1", "PWD_P69": "313.3", "PWD_P70": "358.3", "PWD_P71": "411.1", "PWD_P72": "469.8", "PWD_P73": "540.6", "PWD_P74": "620.5", "PWD_P75": "702.6", "PWD_P76": "796.6", "PWD_P77": "892.5", "PWD_P78": "1018.5", "PWD_P79": "1158.8", "PWD_P80": "1327.3", "PWD_P81": "1477.4", "PWD_P82": "1628.8", "PWD_P83": "1818.4", "PWD_P84": "2042.2", "PWD_P85": "2335.4", "PWD_P86": "2773.2", "PWD_P87": "3138.3", "PWD_P88": "3422.3", "PWD_P89": "3749.0", "PWD_P90": "4127.7", "PWD_P91": "4534.7", "PWD_P92": "4791.4", "PWD_P93": "5020.5", "PWD_P94": "5273.2", "PWD_P95": "5643.5", "PWD_P96": "6516.8", "PWD_P97": "8816.9", "PWD_P98": "9693.3", "PWD_P99": "10383.8", "PWD_P100": "13062.8" }, "geometry": { "type": "Point", "coordinates": [ 28.62391471862793, -13.605972290039062 ] } }
]
}
