{
"type": "FeatureCollection",
"name": "PWD_2000_national_100m",
"features": [
{ "type": "Feature", "id": 1, "properties": { "lon": 54.8599, "lat": 53.8808, "year": "2000", "ISO": "RUS", "ISO_No": "643", "Name": "Russia", "PWC_Lat": "53.8808", "PWC_Lon": "54.8599", "Pop": "146404890", "Density": "8.9", "Area": "16416864.1", "PWD_A": "3307.3", "PWD_G": "619.0", "PWD_M": "1013.5", "PWD_P1": "0.8", "PWD_P2": "1.9", "PWD_P3": "3.0", "PWD_P4": "4.4", "PWD_P5": "6.1", "PWD_P6": "7.9", "PWD_P7": "10.0", "PWD_P8": "12.4", "PWD_P9": "15.2", "PWD_P10": "18.2", "PWD_P11": "21.7", "PWD_P12": "25.7", "PWD_P13": "30.1", "PWD_P14": "35.1", "PWD_P15": "40.7", "PWD_P16": "46.9", "PWD_P17": "53.9", "PWD_P18": "61.6", "PWD_P19": "70.1", "PWD_P20": "79.5", "PWD_P21": "89.6", "PWD_P22": "100.5", "PWD_P23": "112.4", "PWD_P24": "125.1", "PWD_P25": "138.8", "PWD_P26": "153.4", "PWD_P27": "169.0", "PWD_P28": "185.6", "PWD_P29": "203.4", "PWD_P30": "222.5", "PWD_P31": "242.9", "PWD_P32": "264.9", "PWD_P33": "288.5", "PWD_P34": "313.8", "PWD_P35": "340.7", "PWD_P36": "369.3", "PWD_P37": "399.7", "PWD_P38": "432.2", "PWD_P39": "466.9", "PWD_P40": "503.8", "PWD_P41": "542.6", "PWD_P42": "583.6", "PWD_P43": "627.0", "PWD_P44": "673.0", "PWD_P45": "721.8", "PWD_P46": "773.5", "PWD_P47": "828.4", "PWD_P48": "886.8", "PWD_P49": "948.4", "PWD_P50": "1013.5", "PWD_P51": "1082.6", "PWD_P52": "1155.3", "PWD_P53": "1232.0", "PWD_P54": "1312.0", "PWD_P55": "1395.7", "PWD_P56": "1484.0", "PWD_P57": "1576.4", "PWD_P58": "1672.7", "PWD_P59": "1773.6", "PWD_P60": "1878.7", "PWD_P61": "1989.5", "PWD_P62": "2104.3", "PWD_P63": "2224.5", "PWD_P64": "2352.2", "PWD_P65": "2485.5", "PWD_P66": "2624.2", "PWD_P67": "2769.3", "PWD_P68": "2923.2", "PWD_P69": "3084.8", "PWD_P70": "3254.2", "PWD_P71": "3430.1", "PWD_P72": "3613.7", "PWD_P73": "3805.7", "PWD_P74": "4005.7", "PWD_P75": "4217.2", "PWD_P76": "4436.4", "PWD_P77": "4671.0", "PWD_P78": "4908.1", "PWD_P79": "5157.3", "PWD_P80": "5417.2", "PWD_P81": "5688.5", "PWD_P82": "5975.7", "PWD_P83": "6267.0", "PWD_P84": "6571.4", "PWD_P85": "6887.9", "PWD_P86": "7217.3", "PWD_P87": "7555.3", "PWD_P88": "7917.7", "PWD_P89": "8306.1", "PWD_P90": "8696.4", "PWD_P91": "9216.5", "PWD_P92": "9807.5", "PWD_P93": "10521.2", "PWD_P94": "11440.0", "PWD_P95": "12823.5", "PWD_P96": "14598.0", "PWD_P97": "16794.7", "PWD_P98": "19622.8", "PWD_P99": "23877.6", "PWD_P100": "261456.9" }, "geometry": { "type": "Point", "coordinates": [ 54.8599, 53.8808 ] } },
{ "type": "Feature", "id": 2, "properties": { "lon": 109.7832, "lat": -5.0723, "year": "2000", "ISO": "IDN", "ISO_No": "360", "Name": "Indonesia", "PWC_Lat": "-5.0723", "PWC_Lon": "109.7832", "Pop": "211513821", "Density": "112.1", "Area": "1886402.3", "PWD_A": "2766.9", "PWD_G": "842.7", "PWD_M": "954.8", "PWD_P1": "8.3", "PWD_P2": "14.1", "PWD_P3": "19.7", "PWD_P4": "25.2", "PWD_P5": "30.7", "PWD_P6": "36.5", "PWD_P7": "42.5", "PWD_P8": "48.9", "PWD_P9": "55.7", "PWD_P10": "62.9", "PWD_P11": "70.4", "PWD_P12": "78.5", "PWD_P13": "87.3", "PWD_P14": "97.4", "PWD_P15": "109.6", "PWD_P16": "125.1", "PWD_P17": "144.0", "PWD_P18": "167.6", "PWD_P19": "195.6", "PWD_P20": "226.6", "PWD_P21": "258.0", "PWD_P22": "287.8", "PWD_P23": "316.3", "PWD_P24": "343.8", "PWD_P25": "370.5", "PWD_P26": "395.9", "PWD_P27": "420.5", "PWD_P28": "443.6", "PWD_P29": "465.6", "PWD_P30": "487.1", "PWD_P31": "508.6", "PWD_P32": "529.7", "PWD_P33": "550.9", "PWD_P34": "572.2", "PWD_P35": "593.6", "PWD_P36": "615.1", "PWD_P37": "636.7", "PWD_P38": "658.6", "PWD_P39": "681.0", "PWD_P40": "703.6", "PWD_P41": "726.5", "PWD_P42": "749.6", "PWD_P43": "772.9", "PWD_P44": "796.7", "PWD_P45": "821.2", "PWD_P46": "846.5", "PWD_P47": "872.4", "PWD_P48": "898.9", "PWD_P49": "926.4", "PWD_P50": "954.8", "PWD_P51": "984.4", "PWD_P52": "1014.8", "PWD_P53": "1045.8", "PWD_P54": "1077.8", "PWD_P55": "1110.9", "PWD_P56": "1145.7", "PWD_P57": "1182.4", "PWD_P58": "1220.8", "PWD_P59": "1261.1", "PWD_P60": "1304.1", "PWD_P61": "1349.3", "PWD_P62": "1398.2", "PWD_P63": "1450.5", "PWD_P64": "1506.3", "PWD_P65": "1566.9", "PWD_P66": "1633.2", "PWD_P67": "1706.2", "PWD_P68": "1785.8", "PWD_P69": "1875.0", "PWD_P70": "1972.9", "PWD_P71": "2084.5", "PWD_P72": "2208.5", "PWD_P73": "2349.8", "PWD_P74": "2509.7", "PWD_P75": "2687.2", "PWD_P76": "2881.2", "PWD_P77": "3096.1", "PWD_P78": "3330.0", "PWD_P79": "3577.8", "PWD_P80": "3846.6", "PWD_P81": "4139.2", "PWD_P82": "4456.3", "PWD_P83": "4807.1", "PWD_P84": "5191.7", "PWD_P85": "5608.6", "PWD_P86": "6088.7", "PWD_P87": "6598.4", "PWD_P88": "7156.3", "PWD_P89": "7823.9", "PWD_P90": "8571.1", "PWD_P91": "9392.3", "PWD_P92": "10306.8", "PWD_P93": "11257.1", "PWD_P94": "12216.6", "PWD_P95": "13259.9", "PWD_P96": "14274.9", "PWD_P97": "15448.7", "PWD_P98": "18238.0", "PWD_P99": "20702.7", "PWD_P100": "31638.9" }, "geometry": { "type": "Point", "coordinates": [ 109.7832, -5.0723 ] } },
{ "type": "Feature", "id": 3, "properties": { "lon": -91.7076, "lat": 37.6973, "year": "2000", "ISO": "USA", "ISO_No": "840", "Name": "United States", "PWC_Lat": "37.6973", "PWC_Lon": "-91.7076", "Pop": "281710914", "Density": "30.7", "Area": "9173866.9", "PWD_A": "4157.9", "PWD_G": "1140.5", "PWD_M": "1639.7", "PWD_P1": "4.2", "PWD_P2": "8.2", "PWD_P3": "12.8", "PWD_P4": "18.0", "PWD_P5": "24.1", "PWD_P6": "31.2", "PWD_P7": "39.4", "PWD_P8": "48.9", "PWD_P9": "59.7", "PWD_P10": "72.1", "PWD_P11": "86.1", "PWD_P12": "102.0", "PWD_P13": "119.9", "PWD_P14": "139.8", "PWD_P15": "162.0", "PWD_P16": "186.4", "PWD_P17": "213.0", "PWD_P18": "241.8", "PWD_P19": "272.5", "PWD_P20": "304.9", "PWD_P21": "338.9", "PWD_P22": "374.4", "PWD_P23": "411.0", "PWD_P24": "448.7", "PWD_P25": "487.3", "PWD_P26": "526.8", "PWD_P27": "567.1", "PWD_P28": "608.0", "PWD_P29": "649.6", "PWD_P30": "692.0", "PWD_P31": "734.9", "PWD_P32": "778.1", "PWD_P33": "821.8", "PWD_P34": "866.1", "PWD_P35": "911.1", "PWD_P36": "956.2", "PWD_P37": "1001.8", "PWD_P38": "1047.8", "PWD_P39": "1094.1", "PWD_P40": "1140.9", "PWD_P41": "1188.3", "PWD_P42": "1236.0", "PWD_P43": "1284.0", "PWD_P44": "1332.9", "PWD_P45": "1382.2", "PWD_P46": "1432.1", "PWD_P47": "1482.9", "PWD_P48": "1534.5", "PWD_P49": "1586.6", "PWD_P50": "1639.7", "PWD_P51": "1693.7", "PWD_P52": "1748.8", "PWD_P53": "1805.0", "PWD_P54": "1862.3", "PWD_P55": "1920.8", "PWD_P56": "1980.9", "PWD_P57": "2041.8", "PWD_P58": "2104.5", "PWD_P59": "2169.1", "PWD_P60": "2235.8", "PWD_P61": "2304.6", "PWD_P62": "2376.0", "PWD_P63": "2450.1", "PWD_P64": "2526.9", "PWD_P65": "2606.3", "PWD_P66": "2689.6", "PWD_P67": "2777.0", "PWD_P68": "2868.5", "PWD_P69": "2964.5", "PWD_P70": "3065.6", "PWD_P71": "3172.3", "PWD_P72": "3284.9", "PWD_P73": "3405.4", "PWD_P74": "3534.1", "PWD_P75": "3672.0", "PWD_P76": "3821.0", "PWD_P77": "3981.9", "PWD_P78": "4155.5", "PWD_P79": "4344.6", "PWD_P80": "4552.1", "PWD_P81": "4781.2", "PWD_P82": "5036.3", "PWD_P83": "5321.4", "PWD_P84": "5643.2", "PWD_P85": "6008.5", "PWD_P86": "6419.5", "PWD_P87": "6891.5", "PWD_P88": "7434.2", "PWD_P89": "8063.5", "PWD_P90": "8797.8", "PWD_P91": "9672.3", "PWD_P92": "10729.0", "PWD_P93": "12014.3", "PWD_P94": "13635.1", "PWD_P95": "15799.4", "PWD_P96": "18819.3", "PWD_P97": "23304.3", "PWD_P98": "31073.5", "PWD_P99": "48179.6", "PWD_P100": "451226.6" }, "geometry": { "type": "Point", "coordinates": [ -91.7076, 37.6973 ] } },
{ "type": "Feature", "id": 4, "properties": { "lon": -64.844963073730469, "lat": 18.039846420288086, "year": "2000", "ISO": "VIR", "ISO_No": "850", "Name": "Virgin_Islands_U_S", "PWC_Lat": "18.0398464202881", "PWC_Lon": "-64.8449630737305", "Pop": "108729", "Density": "283.6", "Area": "383.5", "PWD_A": "822.7", "PWD_G": "535.7", "PWD_M": "536.0", "PWD_P1": "33.9", "PWD_P2": "53.1", "PWD_P3": "67.9", "PWD_P4": "78.3", "PWD_P5": "88.5", "PWD_P6": "98.0", "PWD_P7": "108.5", "PWD_P8": "119.2", "PWD_P9": "129.2", "PWD_P10": "140.7", "PWD_P11": "152.8", "PWD_P12": "165.3", "PWD_P13": "177.2", "PWD_P14": "187.8", "PWD_P15": "198.8", "PWD_P16": "210.9", "PWD_P17": "224.7", "PWD_P18": "237.7", "PWD_P19": "249.8", "PWD_P20": "262.2", "PWD_P21": "273.8", "PWD_P22": "285.2", "PWD_P23": "296.1", "PWD_P24": "305.7", "PWD_P25": "315.5", "PWD_P26": "324.1", "PWD_P27": "331.9", "PWD_P28": "340.1", "PWD_P29": "346.9", "PWD_P30": "352.9", "PWD_P31": "358.8", "PWD_P32": "364.8", "PWD_P33": "370.6", "PWD_P34": "376.5", "PWD_P35": "382.5", "PWD_P36": "388.8", "PWD_P37": "394.8", "PWD_P38": "402.4", "PWD_P39": "409.7", "PWD_P40": "417.8", "PWD_P41": "427.2", "PWD_P42": "437.5", "PWD_P43": "454.5", "PWD_P44": "471.4", "PWD_P45": "483.9", "PWD_P46": "495.4", "PWD_P47": "506.8", "PWD_P48": "516.1", "PWD_P49": "526.4", "PWD_P50": "536.0", "PWD_P51": "544.7", "PWD_P52": "552.5", "PWD_P53": "561.8", "PWD_P54": "569.4", "PWD_P55": "578.6", "PWD_P56": "586.5", "PWD_P57": "593.8", "PWD_P58": "601.3", "PWD_P59": "608.9", "PWD_P60": "620.1", "PWD_P61": "633.7", "PWD_P62": "646.4", "PWD_P63": "656.5", "PWD_P64": "667.5", "PWD_P65": "681.8", "PWD_P66": "695.9", "PWD_P67": "714.5", "PWD_P68": "741.0", "PWD_P69": "827.8", "PWD_P70": "951.0", "PWD_P71": "1047.5", "PWD_P72": "1098.2", "PWD_P73": "1160.9", "PWD_P74": "1383.0", "PWD_P75": "1471.7", "PWD_P76": "1558.8", "PWD_P77": "1599.8", "PWD_P78": "1658.1", "PWD_P79": "1714.5", "PWD_P80": "1768.2", "PWD_P81": "1813.7", "PWD_P82": "1841.4", "PWD_P83": "1875.6", "PWD_P84": "1905.8", "PWD_P85": "1929.8", "PWD_P86": "1952.7", "PWD_P87": "1973.8", "PWD_P88": "1994.1", "PWD_P89": "2015.9", "PWD_P90": "2033.3", "PWD_P91": "2052.0", "PWD_P92": "2068.5", "PWD_P93": "2087.4", "PWD_P94": "2108.4", "PWD_P95": "2124.7", "PWD_P96": "2146.7", "PWD_P97": "2183.9", "PWD_P98": "2240.5", "PWD_P99": "2327.8", "PWD_P100": "2426.6" }, "geometry": { "type": "Point", "coordinates": [ -64.844963073730469, 18.039846420288086 ] } },
{ "type": "Feature", "id": 5, "properties": { "lon": -50.669582366943359, "lat": 66.152656555175781, "year": "2000", "ISO": "GRL", "ISO_No": "304", "Name": "Greenland", "PWC_Lat": "66.1526565551758", "PWC_Lon": "-50.6695823669434", "Pop": "56177", "Density": "0.0", "Area": "2128390.2", "PWD_A": "405.6", "PWD_G": "330.5", "PWD_M": "379.6", "PWD_P1": "21.0", "PWD_P2": "36.0", "PWD_P3": "48.4", "PWD_P4": "60.5", "PWD_P5": "72.6", "PWD_P6": "80.4", "PWD_P7": "90.1", "PWD_P8": "102.0", "PWD_P9": "115.1", "PWD_P10": "125.9", "PWD_P11": "136.0", "PWD_P12": "148.4", "PWD_P13": "159.0", "PWD_P14": "171.8", "PWD_P15": "184.8", "PWD_P16": "198.9", "PWD_P17": "209.1", "PWD_P18": "217.6", "PWD_P19": "225.2", "PWD_P20": "233.3", "PWD_P21": "242.4", "PWD_P22": "251.1", "PWD_P23": "258.6", "PWD_P24": "265.8", "PWD_P25": "272.3", "PWD_P26": "278.0", "PWD_P27": "283.8", "PWD_P28": "289.1", "PWD_P29": "294.7", "PWD_P30": "299.5", "PWD_P31": "304.6", "PWD_P32": "309.4", "PWD_P33": "313.9", "PWD_P34": "318.6", "PWD_P35": "323.2", "PWD_P36": "327.5", "PWD_P37": "331.6", "PWD_P38": "335.7", "PWD_P39": "339.9", "PWD_P40": "343.9", "PWD_P41": "347.7", "PWD_P42": "351.3", "PWD_P43": "354.8", "PWD_P44": "358.5", "PWD_P45": "361.6", "PWD_P46": "365.2", "PWD_P47": "368.8", "PWD_P48": "372.4", "PWD_P49": "376.2", "PWD_P50": "379.6", "PWD_P51": "382.9", "PWD_P52": "386.3", "PWD_P53": "389.5", "PWD_P54": "393.6", "PWD_P55": "397.4", "PWD_P56": "401.2", "PWD_P57": "405.6", "PWD_P58": "410.0", "PWD_P59": "415.2", "PWD_P60": "420.7", "PWD_P61": "426.0", "PWD_P62": "430.7", "PWD_P63": "435.6", "PWD_P64": "440.5", "PWD_P65": "445.1", "PWD_P66": "449.5", "PWD_P67": "454.2", "PWD_P68": "459.6", "PWD_P69": "465.5", "PWD_P70": "472.9", "PWD_P71": "483.6", "PWD_P72": "498.5", "PWD_P73": "518.1", "PWD_P74": "535.5", "PWD_P75": "548.5", "PWD_P76": "564.2", "PWD_P77": "580.5", "PWD_P78": "595.1", "PWD_P79": "611.0", "PWD_P80": "623.7", "PWD_P81": "634.7", "PWD_P82": "646.5", "PWD_P83": "657.9", "PWD_P84": "670.6", "PWD_P85": "683.3", "PWD_P86": "697.0", "PWD_P87": "709.4", "PWD_P88": "719.5", "PWD_P89": "727.6", "PWD_P90": "733.6", "PWD_P91": "739.3", "PWD_P92": "745.9", "PWD_P93": "751.9", "PWD_P94": "759.5", "PWD_P95": "768.6", "PWD_P96": "778.4", "PWD_P97": "787.6", "PWD_P98": "799.8", "PWD_P99": "823.2", "PWD_P100": "923.0" }, "geometry": { "type": "Point", "coordinates": [ -50.669582366943359, 66.152656555175781 ] } },
{ "type": "Feature", "id": 6, "properties": { "lon": 113.6822, "lat": 32.4234, "year": "2000", "ISO": "CHN", "ISO_No": "156", "Name": "China", "PWC_Lat": "32.4234", "PWC_Lon": "113.6822", "Pop": "1290550767", "Density": "139.6", "Area": "9242455.5", "PWD_A": "6625.5", "PWD_G": "1135.3", "PWD_M": "793.0", "PWD_P1": "18.0", "PWD_P2": "31.9", "PWD_P3": "43.9", "PWD_P4": "55.1", "PWD_P5": "66.1", "PWD_P6": "77.0", "PWD_P7": "88.0", "PWD_P8": "99.1", "PWD_P9": "110.3", "PWD_P10": "121.7", "PWD_P11": "133.2", "PWD_P12": "145.0", "PWD_P13": "157.0", "PWD_P14": "169.3", "PWD_P15": "181.8", "PWD_P16": "194.6", "PWD_P17": "207.4", "PWD_P18": "220.5", "PWD_P19": "233.8", "PWD_P20": "247.3", "PWD_P21": "261.0", "PWD_P22": "274.7", "PWD_P23": "288.7", "PWD_P24": "302.8", "PWD_P25": "317.0", "PWD_P26": "331.2", "PWD_P27": "345.6", "PWD_P28": "360.0", "PWD_P29": "374.6", "PWD_P30": "389.6", "PWD_P31": "404.9", "PWD_P32": "420.3", "PWD_P33": "436.1", "PWD_P34": "452.2", "PWD_P35": "468.7", "PWD_P36": "485.5", "PWD_P37": "502.6", "PWD_P38": "520.0", "PWD_P39": "537.9", "PWD_P40": "556.4", "PWD_P41": "575.4", "PWD_P42": "595.0", "PWD_P43": "615.2", "PWD_P44": "636.7", "PWD_P45": "659.2", "PWD_P46": "682.6", "PWD_P47": "707.5", "PWD_P48": "733.9", "PWD_P49": "762.3", "PWD_P50": "793.0", "PWD_P51": "826.1", "PWD_P52": "862.3", "PWD_P53": "901.5", "PWD_P54": "944.3", "PWD_P55": "991.3", "PWD_P56": "1043.8", "PWD_P57": "1103.7", "PWD_P58": "1171.3", "PWD_P59": "1249.1", "PWD_P60": "1337.7", "PWD_P61": "1438.2", "PWD_P62": "1554.0", "PWD_P63": "1683.2", "PWD_P64": "1827.2", "PWD_P65": "1989.0", "PWD_P66": "2169.3", "PWD_P67": "2369.1", "PWD_P68": "2589.5", "PWD_P69": "2832.2", "PWD_P70": "3097.2", "PWD_P71": "3385.2", "PWD_P72": "3698.4", "PWD_P73": "4037.7", "PWD_P74": "4404.6", "PWD_P75": "4801.3", "PWD_P76": "5233.6", "PWD_P77": "5702.5", "PWD_P78": "6209.9", "PWD_P79": "6757.9", "PWD_P80": "7355.5", "PWD_P81": "8001.6", "PWD_P82": "8700.0", "PWD_P83": "9456.2", "PWD_P84": "10288.3", "PWD_P85": "11213.0", "PWD_P86": "12242.9", "PWD_P87": "13386.1", "PWD_P88": "14655.2", "PWD_P89": "16074.0", "PWD_P90": "17713.5", "PWD_P91": "19596.5", "PWD_P92": "21820.1", "PWD_P93": "24491.9", "PWD_P94": "27757.6", "PWD_P95": "31901.2", "PWD_P96": "37429.9", "PWD_P97": "45167.0", "PWD_P98": "57013.0", "PWD_P99": "80770.7", "PWD_P100": "3148062.7" }, "geometry": { "type": "Point", "coordinates": [ 113.6822, 32.4234 ] } },
{ "type": "Feature", "id": 7, "properties": { "lon": 144.7659, "lat": -32.9212, "year": "2000", "ISO": "AUS", "ISO_No": "36", "Name": "Australia", "PWC_Lat": "-32.9212", "PWC_Lon": "144.7659", "Pop": "18991433", "Density": "2.5", "Area": "7638128.4", "PWD_A": "2472.8", "PWD_G": "1154.2", "PWD_M": "1941.2", "PWD_P1": "0.9", "PWD_P2": "2.9", "PWD_P3": "6.8", "PWD_P4": "13.2", "PWD_P5": "22.6", "PWD_P6": "36.1", "PWD_P7": "54.7", "PWD_P8": "79.5", "PWD_P9": "110.4", "PWD_P10": "147.2", "PWD_P11": "188.5", "PWD_P12": "234.0", "PWD_P13": "281.8", "PWD_P14": "330.4", "PWD_P15": "380.3", "PWD_P16": "433.0", "PWD_P17": "486.7", "PWD_P18": "540.0", "PWD_P19": "592.6", "PWD_P20": "645.7", "PWD_P21": "699.3", "PWD_P22": "753.4", "PWD_P23": "806.4", "PWD_P24": "858.9", "PWD_P25": "911.0", "PWD_P26": "962.7", "PWD_P27": "1013.6", "PWD_P28": "1063.1", "PWD_P29": "1111.8", "PWD_P30": "1159.7", "PWD_P31": "1207.0", "PWD_P32": "1253.1", "PWD_P33": "1298.7", "PWD_P34": "1342.9", "PWD_P35": "1386.8", "PWD_P36": "1430.4", "PWD_P37": "1471.8", "PWD_P38": "1511.6", "PWD_P39": "1550.4", "PWD_P40": "1587.8", "PWD_P41": "1623.9", "PWD_P42": "1660.2", "PWD_P43": "1696.7", "PWD_P44": "1732.3", "PWD_P45": "1768.2", "PWD_P46": "1803.8", "PWD_P47": "1838.6", "PWD_P48": "1873.1", "PWD_P49": "1907.5", "PWD_P50": "1941.2", "PWD_P51": "1974.8", "PWD_P52": "2007.4", "PWD_P53": "2040.4", "PWD_P54": "2073.1", "PWD_P55": "2106.4", "PWD_P56": "2139.0", "PWD_P57": "2172.6", "PWD_P58": "2205.6", "PWD_P59": "2238.9", "PWD_P60": "2271.3", "PWD_P61": "2305.1", "PWD_P62": "2339.0", "PWD_P63": "2373.5", "PWD_P64": "2408.6", "PWD_P65": "2445.1", "PWD_P66": "2481.5", "PWD_P67": "2518.6", "PWD_P68": "2556.5", "PWD_P69": "2594.9", "PWD_P70": "2634.2", "PWD_P71": "2674.7", "PWD_P72": "2715.4", "PWD_P73": "2758.9", "PWD_P74": "2804.3", "PWD_P75": "2852.3", "PWD_P76": "2901.0", "PWD_P77": "2953.1", "PWD_P78": "3007.0", "PWD_P79": "3065.8", "PWD_P80": "3129.4", "PWD_P81": "3197.7", "PWD_P82": "3270.4", "PWD_P83": "3347.9", "PWD_P84": "3431.3", "PWD_P85": "3523.4", "PWD_P86": "3624.5", "PWD_P87": "3741.4", "PWD_P88": "3877.4", "PWD_P89": "4041.9", "PWD_P90": "4231.3", "PWD_P91": "4467.4", "PWD_P92": "4759.0", "PWD_P93": "5127.2", "PWD_P94": "5620.5", "PWD_P95": "6294.3", "PWD_P96": "7249.7", "PWD_P97": "8657.3", "PWD_P98": "10927.9", "PWD_P99": "15600.7", "PWD_P100": "142525.4" }, "geometry": { "type": "Point", "coordinates": [ 144.7659, -32.9212 ] } },
{ "type": "Feature", "id": 8, "properties": { "lon": -45.6193, "lat": -17.1917, "year": "2000", "ISO": "BRA", "ISO_No": "76", "Name": "Brazil", "PWC_Lat": "-17.1917", "PWC_Lon": "-45.6193", "Pop": "174790339", "Density": "20.8", "Area": "8419955.0", "PWD_A": "8983.5", "PWD_G": "2641.4", "PWD_M": "4876.0", "PWD_P1": "1.9", "PWD_P2": "4.3", "PWD_P3": "7.5", "PWD_P4": "11.6", "PWD_P5": "16.8", "PWD_P6": "23.7", "PWD_P7": "32.5", "PWD_P8": "43.7", "PWD_P9": "58.2", "PWD_P10": "76.9", "PWD_P11": "102.1", "PWD_P12": "136.8", "PWD_P13": "185.8", "PWD_P14": "251.4", "PWD_P15": "333.6", "PWD_P16": "427.9", "PWD_P17": "529.9", "PWD_P18": "636.8", "PWD_P19": "747.8", "PWD_P20": "861.3", "PWD_P21": "977.7", "PWD_P22": "1095.7", "PWD_P23": "1216.2", "PWD_P24": "1338.1", "PWD_P25": "1461.8", "PWD_P26": "1585.9", "PWD_P27": "1711.0", "PWD_P28": "1837.1", "PWD_P29": "1964.1", "PWD_P30": "2091.1", "PWD_P31": "2218.7", "PWD_P32": "2346.2", "PWD_P33": "2473.8", "PWD_P34": "2603.1", "PWD_P35": "2732.0", "PWD_P36": "2861.8", "PWD_P37": "2994.0", "PWD_P38": "3126.4", "PWD_P39": "3259.7", "PWD_P40": "3396.6", "PWD_P41": "3534.4", "PWD_P42": "3674.6", "PWD_P43": "3816.8", "PWD_P44": "3961.5", "PWD_P45": "4109.1", "PWD_P46": "4257.9", "PWD_P47": "4408.5", "PWD_P48": "4561.2", "PWD_P49": "4717.8", "PWD_P50": "4876.0", "PWD_P51": "5039.9", "PWD_P52": "5207.1", "PWD_P53": "5377.9", "PWD_P54": "5554.0", "PWD_P55": "5731.5", "PWD_P56": "5916.2", "PWD_P57": "6103.6", "PWD_P58": "6297.6", "PWD_P59": "6495.3", "PWD_P60": "6698.6", "PWD_P61": "6910.6", "PWD_P62": "7127.0", "PWD_P63": "7349.3", "PWD_P64": "7582.5", "PWD_P65": "7823.0", "PWD_P66": "8074.6", "PWD_P67": "8336.9", "PWD_P68": "8610.9", "PWD_P69": "8889.4", "PWD_P70": "9181.2", "PWD_P71": "9478.9", "PWD_P72": "9793.3", "PWD_P73": "10116.4", "PWD_P74": "10449.9", "PWD_P75": "10809.5", "PWD_P76": "11186.4", "PWD_P77": "11570.0", "PWD_P78": "11988.8", "PWD_P79": "12427.3", "PWD_P80": "12890.7", "PWD_P81": "13384.0", "PWD_P82": "13904.3", "PWD_P83": "14469.1", "PWD_P84": "15070.0", "PWD_P85": "15743.5", "PWD_P86": "16476.0", "PWD_P87": "17276.4", "PWD_P88": "18179.2", "PWD_P89": "19184.4", "PWD_P90": "20323.9", "PWD_P91": "21638.2", "PWD_P92": "23191.2", "PWD_P93": "25129.5", "PWD_P94": "27540.9", "PWD_P95": "30633.7", "PWD_P96": "34824.0", "PWD_P97": "41178.0", "PWD_P98": "51602.3", "PWD_P99": "72567.5", "PWD_P100": "415587.2" }, "geometry": { "type": "Point", "coordinates": [ -45.6193, -17.1917 ] } },
{ "type": "Feature", "id": 9, "properties": { "lon": -87.1473, "lat": 46.7941, "year": "2000", "ISO": "CAN", "ISO_No": "124", "Name": "Canada", "PWC_Lat": "46.7941", "PWC_Lon": "-87.1473", "Pop": "30588379", "Density": "3.3", "Area": "9139103.0", "PWD_A": "4795.6", "PWD_G": "1472.1", "PWD_M": "2626.5", "PWD_P1": "1.9", "PWD_P2": "4.1", "PWD_P3": "7.0", "PWD_P4": "10.8", "PWD_P5": "15.6", "PWD_P6": "21.7", "PWD_P7": "29.1", "PWD_P8": "38.1", "PWD_P9": "48.9", "PWD_P10": "61.9", "PWD_P11": "77.4", "PWD_P12": "95.9", "PWD_P13": "118.0", "PWD_P14": "144.3", "PWD_P15": "175.5", "PWD_P16": "212.7", "PWD_P17": "255.6", "PWD_P18": "304.8", "PWD_P19": "360.5", "PWD_P20": "422.2", "PWD_P21": "489.2", "PWD_P22": "560.9", "PWD_P23": "637.1", "PWD_P24": "716.3", "PWD_P25": "796.7", "PWD_P26": "878.0", "PWD_P27": "958.9", "PWD_P28": "1042.6", "PWD_P29": "1125.5", "PWD_P30": "1209.7", "PWD_P31": "1291.3", "PWD_P32": "1370.8", "PWD_P33": "1448.7", "PWD_P34": "1525.5", "PWD_P35": "1600.5", "PWD_P36": "1674.8", "PWD_P37": "1747.5", "PWD_P38": "1818.1", "PWD_P39": "1888.8", "PWD_P40": "1957.4", "PWD_P41": "2025.8", "PWD_P42": "2094.0", "PWD_P43": "2160.9", "PWD_P44": "2227.5", "PWD_P45": "2293.0", "PWD_P46": "2358.3", "PWD_P47": "2423.5", "PWD_P48": "2490.5", "PWD_P49": "2558.3", "PWD_P50": "2626.5", "PWD_P51": "2693.3", "PWD_P52": "2762.1", "PWD_P53": "2832.9", "PWD_P54": "2903.9", "PWD_P55": "2976.9", "PWD_P56": "3049.5", "PWD_P57": "3126.0", "PWD_P58": "3204.3", "PWD_P59": "3286.0", "PWD_P60": "3368.0", "PWD_P61": "3452.9", "PWD_P62": "3540.1", "PWD_P63": "3629.7", "PWD_P64": "3722.4", "PWD_P65": "3822.4", "PWD_P66": "3928.4", "PWD_P67": "4036.6", "PWD_P68": "4146.4", "PWD_P69": "4263.9", "PWD_P70": "4385.5", "PWD_P71": "4515.0", "PWD_P72": "4652.4", "PWD_P73": "4801.2", "PWD_P74": "4957.3", "PWD_P75": "5122.7", "PWD_P76": "5302.5", "PWD_P77": "5488.6", "PWD_P78": "5682.9", "PWD_P79": "5890.4", "PWD_P80": "6120.5", "PWD_P81": "6379.2", "PWD_P82": "6672.4", "PWD_P83": "6985.8", "PWD_P84": "7320.2", "PWD_P85": "7716.6", "PWD_P86": "8144.8", "PWD_P87": "8614.2", "PWD_P88": "9166.2", "PWD_P89": "9777.4", "PWD_P90": "10489.2", "PWD_P91": "11293.8", "PWD_P92": "12232.6", "PWD_P93": "13412.9", "PWD_P94": "14810.0", "PWD_P95": "16624.4", "PWD_P96": "18970.4", "PWD_P97": "22191.5", "PWD_P98": "27945.4", "PWD_P99": "39973.0", "PWD_P100": "311564.3" }, "geometry": { "type": "Point", "coordinates": [ -87.1473, 46.7941 ] } },
{ "type": "Feature", "id": 10, "properties": { "lon": -71.338523864746094, "lat": -34.180568695068359, "year": "2000", "ISO": "CHL", "ISO_No": "152", "Name": "Chile", "PWC_Lat": "-34.1805686950684", "PWC_Lon": "-71.3385238647461", "Pop": "15342350", "Density": "20.5", "Area": "746900.3", "PWD_A": "4092.3", "PWD_G": "1116.9", "PWD_M": "2102.3", "PWD_P1": "1.5", "PWD_P2": "3.5", "PWD_P3": "5.4", "PWD_P4": "7.4", "PWD_P5": "10.0", "PWD_P6": "13.6", "PWD_P7": "19.5", "PWD_P8": "29.1", "PWD_P9": "39.7", "PWD_P10": "49.8", "PWD_P11": "59.3", "PWD_P12": "68.7", "PWD_P13": "77.9", "PWD_P14": "87.4", "PWD_P15": "97.3", "PWD_P16": "108.2", "PWD_P17": "121.0", "PWD_P18": "136.1", "PWD_P19": "153.8", "PWD_P20": "174.3", "PWD_P21": "197.2", "PWD_P22": "222.7", "PWD_P23": "250.2", "PWD_P24": "280.9", "PWD_P25": "313.1", "PWD_P26": "347.6", "PWD_P27": "384.1", "PWD_P28": "421.5", "PWD_P29": "460.8", "PWD_P30": "503.1", "PWD_P31": "549.5", "PWD_P32": "597.8", "PWD_P33": "649.2", "PWD_P34": "706.6", "PWD_P35": "766.5", "PWD_P36": "830.4", "PWD_P37": "895.3", "PWD_P38": "965.0", "PWD_P39": "1043.1", "PWD_P40": "1124.5", "PWD_P41": "1212.5", "PWD_P42": "1305.7", "PWD_P43": "1399.8", "PWD_P44": "1497.3", "PWD_P45": "1598.3", "PWD_P46": "1698.8", "PWD_P47": "1800.9", "PWD_P48": "1903.5", "PWD_P49": "2002.7", "PWD_P50": "2102.3", "PWD_P51": "2201.6", "PWD_P52": "2307.0", "PWD_P53": "2410.9", "PWD_P54": "2515.4", "PWD_P55": "2627.8", "PWD_P56": "2745.4", "PWD_P57": "2871.0", "PWD_P58": "3007.1", "PWD_P59": "3145.6", "PWD_P60": "3288.0", "PWD_P61": "3428.9", "PWD_P62": "3571.0", "PWD_P63": "3713.7", "PWD_P64": "3880.3", "PWD_P65": "4054.1", "PWD_P66": "4242.7", "PWD_P67": "4434.8", "PWD_P68": "4614.7", "PWD_P69": "4812.1", "PWD_P70": "5040.2", "PWD_P71": "5292.6", "PWD_P72": "5554.8", "PWD_P73": "5825.8", "PWD_P74": "6129.8", "PWD_P75": "6464.4", "PWD_P76": "6766.2", "PWD_P77": "7058.8", "PWD_P78": "7359.8", "PWD_P79": "7706.3", "PWD_P80": "8115.4", "PWD_P81": "8551.8", "PWD_P82": "8990.7", "PWD_P83": "9431.8", "PWD_P84": "9843.4", "PWD_P85": "10212.2", "PWD_P86": "10569.3", "PWD_P87": "10890.3", "PWD_P88": "11190.6", "PWD_P89": "11487.6", "PWD_P90": "11796.0", "PWD_P91": "12158.1", "PWD_P92": "12541.4", "PWD_P93": "13022.1", "PWD_P94": "13596.2", "PWD_P95": "14337.3", "PWD_P96": "15074.1", "PWD_P97": "15923.7", "PWD_P98": "16867.2", "PWD_P99": "18014.3", "PWD_P100": "21922.8" }, "geometry": { "type": "Point", "coordinates": [ -71.338523864746094, -34.180568695068359 ] } },
{ "type": "Feature", "id": 11, "properties": { "lon": 67.598663330078125, "lat": 34.625801086425781, "year": "2000", "ISO": "AFG", "ISO_No": "4", "Name": "Afghanistan", "PWC_Lat": "34.6258010864258", "PWC_Lon": "67.5986633300781", "Pop": "20779957", "Density": "32.3", "Area": "643054.5", "PWD_A": "1693.5", "PWD_G": "166.5", "PWD_M": "113.8", "PWD_P1": "3.1", "PWD_P2": "4.9", "PWD_P3": "6.4", "PWD_P4": "7.7", "PWD_P5": "8.9", "PWD_P6": "10.1", "PWD_P7": "11.3", "PWD_P8": "12.4", "PWD_P9": "13.6", "PWD_P10": "14.7", "PWD_P11": "15.9", "PWD_P12": "17.0", "PWD_P13": "18.0", "PWD_P14": "19.1", "PWD_P15": "20.3", "PWD_P16": "21.4", "PWD_P17": "22.6", "PWD_P18": "23.8", "PWD_P19": "25.0", "PWD_P20": "26.2", "PWD_P21": "27.5", "PWD_P22": "28.8", "PWD_P23": "30.3", "PWD_P24": "31.8", "PWD_P25": "33.5", "PWD_P26": "35.4", "PWD_P27": "37.3", "PWD_P28": "39.4", "PWD_P29": "41.6", "PWD_P30": "44.0", "PWD_P31": "46.6", "PWD_P32": "49.2", "PWD_P33": "51.9", "PWD_P34": "54.6", "PWD_P35": "57.3", "PWD_P36": "60.1", "PWD_P37": "62.9", "PWD_P38": "65.8", "PWD_P39": "68.8", "PWD_P40": "72.0", "PWD_P41": "75.3", "PWD_P42": "78.8", "PWD_P43": "82.4", "PWD_P44": "86.2", "PWD_P45": "90.2", "PWD_P46": "94.4", "PWD_P47": "98.9", "PWD_P48": "103.6", "PWD_P49": "108.6", "PWD_P50": "113.8", "PWD_P51": "119.5", "PWD_P52": "125.5", "PWD_P53": "131.9", "PWD_P54": "138.7", "PWD_P55": "145.7", "PWD_P56": "153.0", "PWD_P57": "160.8", "PWD_P58": "169.0", "PWD_P59": "177.9", "PWD_P60": "187.6", "PWD_P61": "197.9", "PWD_P62": "209.0", "PWD_P63": "221.1", "PWD_P64": "234.4", "PWD_P65": "249.7", "PWD_P66": "266.9", "PWD_P67": "285.9", "PWD_P68": "305.2", "PWD_P69": "325.2", "PWD_P70": "347.5", "PWD_P71": "372.6", "PWD_P72": "401.5", "PWD_P73": "435.7", "PWD_P74": "474.8", "PWD_P75": "522.2", "PWD_P76": "582.3", "PWD_P77": "652.0", "PWD_P78": "730.3", "PWD_P79": "820.0", "PWD_P80": "947.7", "PWD_P81": "1099.1", "PWD_P82": "1351.1", "PWD_P83": "1623.0", "PWD_P84": "2077.5", "PWD_P85": "2820.1", "PWD_P86": "3361.8", "PWD_P87": "4432.0", "PWD_P88": "5559.6", "PWD_P89": "6592.2", "PWD_P90": "7430.0", "PWD_P91": "8274.5", "PWD_P92": "8971.6", "PWD_P93": "9561.8", "PWD_P94": "10231.8", "PWD_P95": "12057.0", "PWD_P96": "14041.5", "PWD_P97": "15258.9", "PWD_P98": "16092.5", "PWD_P99": "16905.5", "PWD_P100": "20512.7" }, "geometry": { "type": "Point", "coordinates": [ 67.598663330078125, 34.625801086425781 ] } },
{ "type": "Feature", "id": 12, "properties": { "lon": 19.915103912353516, "lat": 41.160030364990234, "year": "2000", "ISO": "ALB", "ISO_No": "8", "Name": "Albania", "PWC_Lat": "41.1600303649902", "PWC_Lon": "19.9151039123535", "Pop": "3129245", "Density": "110.9", "Area": "28220.5", "PWD_A": "2349.0", "PWD_G": "556.7", "PWD_M": "495.6", "PWD_P1": "11.2", "PWD_P2": "14.7", "PWD_P3": "17.8", "PWD_P4": "20.8", "PWD_P5": "23.8", "PWD_P6": "26.9", "PWD_P7": "30.0", "PWD_P8": "33.2", "PWD_P9": "36.5", "PWD_P10": "39.9", "PWD_P11": "43.5", "PWD_P12": "47.3", "PWD_P13": "51.2", "PWD_P14": "55.4", "PWD_P15": "59.8", "PWD_P16": "64.4", "PWD_P17": "69.3", "PWD_P18": "74.7", "PWD_P19": "80.4", "PWD_P20": "86.1", "PWD_P21": "91.9", "PWD_P22": "98.1", "PWD_P23": "104.3", "PWD_P24": "110.2", "PWD_P25": "116.4", "PWD_P26": "122.9", "PWD_P27": "129.7", "PWD_P28": "136.7", "PWD_P29": "144.0", "PWD_P30": "152.0", "PWD_P31": "159.8", "PWD_P32": "167.9", "PWD_P33": "176.7", "PWD_P34": "185.9", "PWD_P35": "196.1", "PWD_P36": "207.3", "PWD_P37": "219.4", "PWD_P38": "232.0", "PWD_P39": "245.2", "PWD_P40": "259.5", "PWD_P41": "274.6", "PWD_P42": "290.9", "PWD_P43": "308.7", "PWD_P44": "327.4", "PWD_P45": "348.1", "PWD_P46": "371.6", "PWD_P47": "398.7", "PWD_P48": "428.5", "PWD_P49": "460.3", "PWD_P50": "495.6", "PWD_P51": "534.1", "PWD_P52": "576.3", "PWD_P53": "623.1", "PWD_P54": "671.8", "PWD_P55": "725.0", "PWD_P56": "784.7", "PWD_P57": "849.3", "PWD_P58": "917.9", "PWD_P59": "991.8", "PWD_P60": "1072.3", "PWD_P61": "1160.7", "PWD_P62": "1260.5", "PWD_P63": "1375.5", "PWD_P64": "1501.4", "PWD_P65": "1638.2", "PWD_P66": "1789.9", "PWD_P67": "1971.7", "PWD_P68": "2172.5", "PWD_P69": "2389.5", "PWD_P70": "2620.5", "PWD_P71": "2856.8", "PWD_P72": "3068.4", "PWD_P73": "3285.6", "PWD_P74": "3455.2", "PWD_P75": "3617.4", "PWD_P76": "3841.7", "PWD_P77": "4036.8", "PWD_P78": "4261.1", "PWD_P79": "4561.4", "PWD_P80": "4842.7", "PWD_P81": "5106.1", "PWD_P82": "5408.8", "PWD_P83": "5692.6", "PWD_P84": "6025.8", "PWD_P85": "6262.6", "PWD_P86": "6463.6", "PWD_P87": "6802.1", "PWD_P88": "7112.2", "PWD_P89": "7444.3", "PWD_P90": "8207.2", "PWD_P91": "8930.0", "PWD_P92": "9315.5", "PWD_P93": "9737.2", "PWD_P94": "10102.1", "PWD_P95": "10376.2", "PWD_P96": "10535.6", "PWD_P97": "10767.7", "PWD_P98": "11210.4", "PWD_P99": "11800.1", "PWD_P100": "13591.6" }, "geometry": { "type": "Point", "coordinates": [ 19.915103912353516, 41.160030364990234 ] } },
{ "type": "Feature", "id": 13, "properties": { "lon": 3.5771, "lat": 35.6412, "year": "2000", "ISO": "DZA", "ISO_No": "12", "Name": "Algeria", "PWC_Lat": "35.6412", "PWC_Lon": "3.5771", "Pop": "31042238", "Density": "13.4", "Area": "2310253.3", "PWD_A": "3043.9", "PWD_G": "584.4", "PWD_M": "584.1", "PWD_P1": "1.4", "PWD_P2": "4.1", "PWD_P3": "7.9", "PWD_P4": "12.4", "PWD_P5": "17.2", "PWD_P6": "22.2", "PWD_P7": "27.4", "PWD_P8": "32.8", "PWD_P9": "38.6", "PWD_P10": "44.7", "PWD_P11": "51.0", "PWD_P12": "57.4", "PWD_P13": "64.1", "PWD_P14": "71.1", "PWD_P15": "78.1", "PWD_P16": "85.3", "PWD_P17": "92.6", "PWD_P18": "99.9", "PWD_P19": "107.6", "PWD_P20": "115.5", "PWD_P21": "123.7", "PWD_P22": "132.0", "PWD_P23": "140.7", "PWD_P24": "149.7", "PWD_P25": "158.9", "PWD_P26": "168.5", "PWD_P27": "178.4", "PWD_P28": "188.6", "PWD_P29": "199.2", "PWD_P30": "210.1", "PWD_P31": "221.3", "PWD_P32": "233.0", "PWD_P33": "245.1", "PWD_P34": "257.7", "PWD_P35": "271.0", "PWD_P36": "284.9", "PWD_P37": "299.4", "PWD_P38": "314.7", "PWD_P39": "330.8", "PWD_P40": "347.4", "PWD_P41": "364.7", "PWD_P42": "383.0", "PWD_P43": "402.3", "PWD_P44": "423.1", "PWD_P45": "445.1", "PWD_P46": "468.6", "PWD_P47": "494.0", "PWD_P48": "521.2", "PWD_P49": "551.4", "PWD_P50": "584.1", "PWD_P51": "619.7", "PWD_P52": "657.9", "PWD_P53": "699.9", "PWD_P54": "745.7", "PWD_P55": "795.3", "PWD_P56": "848.8", "PWD_P57": "907.1", "PWD_P58": "968.8", "PWD_P59": "1034.7", "PWD_P60": "1105.3", "PWD_P61": "1180.0", "PWD_P62": "1257.3", "PWD_P63": "1339.1", "PWD_P64": "1424.4", "PWD_P65": "1515.8", "PWD_P66": "1611.9", "PWD_P67": "1716.5", "PWD_P68": "1829.6", "PWD_P69": "1951.7", "PWD_P70": "2081.9", "PWD_P71": "2224.1", "PWD_P72": "2381.7", "PWD_P73": "2552.2", "PWD_P74": "2734.1", "PWD_P75": "2927.0", "PWD_P76": "3132.6", "PWD_P77": "3350.6", "PWD_P78": "3582.1", "PWD_P79": "3827.8", "PWD_P80": "4083.0", "PWD_P81": "4357.0", "PWD_P82": "4644.9", "PWD_P83": "4949.7", "PWD_P84": "5284.4", "PWD_P85": "5642.8", "PWD_P86": "6027.9", "PWD_P87": "6453.8", "PWD_P88": "6918.0", "PWD_P89": "7435.3", "PWD_P90": "7990.9", "PWD_P91": "8626.0", "PWD_P92": "9354.9", "PWD_P93": "10252.4", "PWD_P94": "11468.8", "PWD_P95": "13176.0", "PWD_P96": "15620.4", "PWD_P97": "18862.4", "PWD_P98": "23329.8", "PWD_P99": "34679.3", "PWD_P100": "102374.4" }, "geometry": { "type": "Point", "coordinates": [ 3.5771, 35.6412 ] } },
{ "type": "Feature", "id": 14, "properties": { "lon": -170.69346618652344, "lat": -14.305076599121094, "year": "2000", "ISO": "ASM", "ISO_No": "16", "Name": "American Samoa", "PWC_Lat": "-14.3050765991211", "PWC_Lon": "-170.693466186523", "Pop": "57816", "Density": "243.2", "Area": "237.8", "PWD_A": "856.9", "PWD_G": "584.4", "PWD_M": "751.9", "PWD_P1": "18.1", "PWD_P2": "37.3", "PWD_P3": "58.0", "PWD_P4": "74.5", "PWD_P5": "88.4", "PWD_P6": "99.0", "PWD_P7": "110.0", "PWD_P8": "126.7", "PWD_P9": "140.6", "PWD_P10": "154.5", "PWD_P11": "166.1", "PWD_P12": "180.7", "PWD_P13": "194.9", "PWD_P14": "207.6", "PWD_P15": "219.7", "PWD_P16": "232.2", "PWD_P17": "243.8", "PWD_P18": "256.9", "PWD_P19": "268.5", "PWD_P20": "279.9", "PWD_P21": "290.8", "PWD_P22": "303.2", "PWD_P23": "315.3", "PWD_P24": "325.6", "PWD_P25": "335.8", "PWD_P26": "345.6", "PWD_P27": "360.2", "PWD_P28": "372.0", "PWD_P29": "383.0", "PWD_P30": "394.0", "PWD_P31": "405.8", "PWD_P32": "420.1", "PWD_P33": "433.4", "PWD_P34": "448.3", "PWD_P35": "468.0", "PWD_P36": "484.9", "PWD_P37": "508.9", "PWD_P38": "528.5", "PWD_P39": "548.1", "PWD_P40": "571.4", "PWD_P41": "596.2", "PWD_P42": "620.9", "PWD_P43": "639.0", "PWD_P44": "655.2", "PWD_P45": "672.0", "PWD_P46": "687.9", "PWD_P47": "701.8", "PWD_P48": "717.4", "PWD_P49": "734.1", "PWD_P50": "751.9", "PWD_P51": "771.0", "PWD_P52": "788.7", "PWD_P53": "802.9", "PWD_P54": "818.8", "PWD_P55": "834.9", "PWD_P56": "847.2", "PWD_P57": "862.2", "PWD_P58": "874.4", "PWD_P59": "891.4", "PWD_P60": "909.8", "PWD_P61": "928.8", "PWD_P62": "944.4", "PWD_P63": "958.7", "PWD_P64": "975.7", "PWD_P65": "990.3", "PWD_P66": "1006.2", "PWD_P67": "1022.4", "PWD_P68": "1037.7", "PWD_P69": "1059.1", "PWD_P70": "1089.4", "PWD_P71": "1113.9", "PWD_P72": "1139.2", "PWD_P73": "1162.8", "PWD_P74": "1181.8", "PWD_P75": "1203.1", "PWD_P76": "1223.3", "PWD_P77": "1241.3", "PWD_P78": "1262.8", "PWD_P79": "1286.7", "PWD_P80": "1306.1", "PWD_P81": "1328.3", "PWD_P82": "1349.2", "PWD_P83": "1376.8", "PWD_P84": "1398.9", "PWD_P85": "1426.4", "PWD_P86": "1454.8", "PWD_P87": "1495.8", "PWD_P88": "1530.4", "PWD_P89": "1571.3", "PWD_P90": "1610.5", "PWD_P91": "1640.0", "PWD_P92": "1666.4", "PWD_P93": "1698.1", "PWD_P94": "1750.5", "PWD_P95": "1859.9", "PWD_P96": "2206.0", "PWD_P97": "2710.7", "PWD_P98": "3271.7", "PWD_P99": "3670.2", "PWD_P100": "4059.4" }, "geometry": { "type": "Point", "coordinates": [ -170.693466186523438, -14.305076599121094 ] } },
{ "type": "Feature", "id": 15, "properties": { "lon": 1.54034423828125, "lat": 42.513435363769531, "year": "2000", "ISO": "AND", "ISO_No": "20", "Name": "Andorra", "PWC_Lat": "42.5134353637695", "PWC_Lon": "1.54034423828125", "Pop": "65390", "Density": "144.9", "Area": "451.2", "PWD_A": "2206.0", "PWD_G": "843.0", "PWD_M": "1107.6", "PWD_P1": "9.4", "PWD_P2": "13.7", "PWD_P3": "20.1", "PWD_P4": "24.8", "PWD_P5": "31.6", "PWD_P6": "39.6", "PWD_P7": "48.3", "PWD_P8": "56.7", "PWD_P9": "66.4", "PWD_P10": "75.4", "PWD_P11": "83.1", "PWD_P12": "91.1", "PWD_P13": "100.8", "PWD_P14": "111.9", "PWD_P15": "120.8", "PWD_P16": "130.8", "PWD_P17": "144.5", "PWD_P18": "159.7", "PWD_P19": "180.8", "PWD_P20": "197.9", "PWD_P21": "220.2", "PWD_P22": "243.3", "PWD_P23": "264.8", "PWD_P24": "284.6", "PWD_P25": "303.8", "PWD_P26": "328.5", "PWD_P27": "361.8", "PWD_P28": "380.2", "PWD_P29": "402.4", "PWD_P30": "430.8", "PWD_P31": "451.3", "PWD_P32": "476.3", "PWD_P33": "503.0", "PWD_P34": "530.1", "PWD_P35": "558.9", "PWD_P36": "581.6", "PWD_P37": "608.9", "PWD_P38": "640.7", "PWD_P39": "672.5", "PWD_P40": "705.5", "PWD_P41": "738.4", "PWD_P42": "774.9", "PWD_P43": "811.6", "PWD_P44": "843.5", "PWD_P45": "877.6", "PWD_P46": "924.4", "PWD_P47": "967.3", "PWD_P48": "1012.4", "PWD_P49": "1055.7", "PWD_P50": "1107.6", "PWD_P51": "1159.4", "PWD_P52": "1226.2", "PWD_P53": "1275.9", "PWD_P54": "1326.1", "PWD_P55": "1374.8", "PWD_P56": "1432.0", "PWD_P57": "1487.8", "PWD_P58": "1566.0", "PWD_P59": "1636.4", "PWD_P60": "1698.9", "PWD_P61": "1760.7", "PWD_P62": "1817.9", "PWD_P63": "1891.0", "PWD_P64": "1946.8", "PWD_P65": "2022.6", "PWD_P66": "2104.2", "PWD_P67": "2176.2", "PWD_P68": "2288.1", "PWD_P69": "2387.6", "PWD_P70": "2516.7", "PWD_P71": "2617.7", "PWD_P72": "2753.2", "PWD_P73": "2885.4", "PWD_P74": "3003.8", "PWD_P75": "3111.4", "PWD_P76": "3338.0", "PWD_P77": "3516.0", "PWD_P78": "3645.2", "PWD_P79": "3852.0", "PWD_P80": "4080.2", "PWD_P81": "4359.6", "PWD_P82": "4510.3", "PWD_P83": "4713.4", "PWD_P84": "4808.7", "PWD_P85": "4933.6", "PWD_P86": "5170.0", "PWD_P87": "5401.6", "PWD_P88": "5566.1", "PWD_P89": "5856.0", "PWD_P90": "6427.6", "PWD_P91": "6704.7", "PWD_P92": "6761.0", "PWD_P93": "6865.6", "PWD_P94": "6927.3", "PWD_P95": "6981.6", "PWD_P96": "7065.6", "PWD_P97": "9971.4", "PWD_P98": "11240.6", "PWD_P99": "11759.7", "PWD_P100": "14194.4" }, "geometry": { "type": "Point", "coordinates": [ 1.54034423828125, 42.513435363769531 ] } },
{ "type": "Feature", "id": 16, "properties": { "lon": 15.6381, "lat": -10.8306, "year": "2000", "ISO": "AGO", "ISO_No": "24", "Name": "Angola", "PWC_Lat": "-10.8306", "PWC_Lon": "15.6381", "Pop": "16395477", "Density": "13.1", "Area": "1249772.4", "PWD_A": "214.9", "PWD_G": "58.6", "PWD_M": "54.4", "PWD_P1": "1.0", "PWD_P2": "1.6", "PWD_P3": "2.3", "PWD_P4": "2.9", "PWD_P5": "3.4", "PWD_P6": "4.1", "PWD_P7": "4.7", "PWD_P8": "5.4", "PWD_P9": "6.2", "PWD_P10": "6.9", "PWD_P11": "7.7", "PWD_P12": "8.5", "PWD_P13": "9.3", "PWD_P14": "10.0", "PWD_P15": "10.9", "PWD_P16": "11.7", "PWD_P17": "12.7", "PWD_P18": "13.6", "PWD_P19": "14.6", "PWD_P20": "15.6", "PWD_P21": "16.6", "PWD_P22": "17.7", "PWD_P23": "18.8", "PWD_P24": "20.0", "PWD_P25": "21.1", "PWD_P26": "22.2", "PWD_P27": "23.3", "PWD_P28": "24.4", "PWD_P29": "25.5", "PWD_P30": "26.6", "PWD_P31": "27.7", "PWD_P32": "28.8", "PWD_P33": "30.0", "PWD_P34": "31.1", "PWD_P35": "32.3", "PWD_P36": "33.5", "PWD_P37": "34.7", "PWD_P38": "35.9", "PWD_P39": "37.2", "PWD_P40": "38.5", "PWD_P41": "39.8", "PWD_P42": "41.1", "PWD_P43": "42.5", "PWD_P44": "44.0", "PWD_P45": "45.6", "PWD_P46": "47.2", "PWD_P47": "48.9", "PWD_P48": "50.7", "PWD_P49": "52.5", "PWD_P50": "54.4", "PWD_P51": "56.3", "PWD_P52": "58.4", "PWD_P53": "60.5", "PWD_P54": "62.7", "PWD_P55": "65.2", "PWD_P56": "67.8", "PWD_P57": "70.5", "PWD_P58": "73.3", "PWD_P59": "76.4", "PWD_P60": "79.8", "PWD_P61": "83.4", "PWD_P62": "87.4", "PWD_P63": "91.7", "PWD_P64": "96.4", "PWD_P65": "101.6", "PWD_P66": "107.3", "PWD_P67": "113.4", "PWD_P68": "119.5", "PWD_P69": "125.7", "PWD_P70": "131.8", "PWD_P71": "138.3", "PWD_P72": "145.5", "PWD_P73": "154.1", "PWD_P74": "163.1", "PWD_P75": "173.0", "PWD_P76": "183.7", "PWD_P77": "195.3", "PWD_P78": "207.8", "PWD_P79": "221.4", "PWD_P80": "236.7", "PWD_P81": "254.2", "PWD_P82": "275.8", "PWD_P83": "300.0", "PWD_P84": "327.4", "PWD_P85": "360.3", "PWD_P86": "395.2", "PWD_P87": "430.5", "PWD_P88": "463.3", "PWD_P89": "507.1", "PWD_P90": "579.9", "PWD_P91": "675.1", "PWD_P92": "761.2", "PWD_P93": "960.4", "PWD_P94": "1118.5", "PWD_P95": "1266.8", "PWD_P96": "1458.3", "PWD_P97": "1639.9", "PWD_P98": "1802.3", "PWD_P99": "1969.8", "PWD_P100": "2827.6" }, "geometry": { "type": "Point", "coordinates": [ 15.6381, -10.8306 ] } },
{ "type": "Feature", "id": 17, "properties": { "lon": -61.819442749023438, "lat": 17.110750198364258, "year": "2000", "ISO": "ATG", "ISO_No": "28", "Name": "Antigua and Barbuda", "PWC_Lat": "17.1107501983643", "PWC_Lon": "-61.8194427490234", "Pop": "76007", "Density": "169.2", "Area": "449.2", "PWD_A": "1162.6", "PWD_G": "517.4", "PWD_M": "420.3", "PWD_P1": "18.6", "PWD_P2": "34.1", "PWD_P3": "45.2", "PWD_P4": "53.5", "PWD_P5": "60.2", "PWD_P6": "66.1", "PWD_P7": "72.1", "PWD_P8": "78.3", "PWD_P9": "84.6", "PWD_P10": "90.5", "PWD_P11": "97.9", "PWD_P12": "105.5", "PWD_P13": "112.2", "PWD_P14": "119.8", "PWD_P15": "128.1", "PWD_P16": "136.3", "PWD_P17": "144.0", "PWD_P18": "152.4", "PWD_P19": "160.8", "PWD_P20": "169.0", "PWD_P21": "177.8", "PWD_P22": "186.4", "PWD_P23": "193.9", "PWD_P24": "201.1", "PWD_P25": "208.5", "PWD_P26": "216.1", "PWD_P27": "223.6", "PWD_P28": "231.7", "PWD_P29": "238.2", "PWD_P30": "245.6", "PWD_P31": "252.4", "PWD_P32": "259.6", "PWD_P33": "267.7", "PWD_P34": "275.0", "PWD_P35": "282.6", "PWD_P36": "290.5", "PWD_P37": "297.4", "PWD_P38": "304.3", "PWD_P39": "312.2", "PWD_P40": "320.4", "PWD_P41": "330.6", "PWD_P42": "341.8", "PWD_P43": "350.9", "PWD_P44": "360.9", "PWD_P45": "369.9", "PWD_P46": "379.5", "PWD_P47": "389.1", "PWD_P48": "398.8", "PWD_P49": "409.1", "PWD_P50": "420.3", "PWD_P51": "431.4", "PWD_P52": "441.9", "PWD_P53": "453.0", "PWD_P54": "464.2", "PWD_P55": "476.3", "PWD_P56": "488.5", "PWD_P57": "500.0", "PWD_P58": "513.1", "PWD_P59": "526.1", "PWD_P60": "537.9", "PWD_P61": "551.9", "PWD_P62": "568.4", "PWD_P63": "586.3", "PWD_P64": "606.3", "PWD_P65": "624.6", "PWD_P66": "640.5", "PWD_P67": "660.3", "PWD_P68": "1738.7", "PWD_P69": "2409.0", "PWD_P70": "2566.3", "PWD_P71": "2652.4", "PWD_P72": "2708.4", "PWD_P73": "2749.0", "PWD_P74": "2783.4", "PWD_P75": "2814.0", "PWD_P76": "2835.3", "PWD_P77": "2874.5", "PWD_P78": "2908.4", "PWD_P79": "2938.5", "PWD_P80": "2959.3", "PWD_P81": "2983.8", "PWD_P82": "3003.4", "PWD_P83": "3029.3", "PWD_P84": "3049.0", "PWD_P85": "3071.1", "PWD_P86": "3087.0", "PWD_P87": "3104.1", "PWD_P88": "3120.1", "PWD_P89": "3136.0", "PWD_P90": "3154.8", "PWD_P91": "3168.8", "PWD_P92": "3182.8", "PWD_P93": "3193.9", "PWD_P94": "3215.5", "PWD_P95": "3234.2", "PWD_P96": "3255.4", "PWD_P97": "3283.9", "PWD_P98": "3326.8", "PWD_P99": "3405.6", "PWD_P100": "3542.9" }, "geometry": { "type": "Point", "coordinates": [ -61.819442749023438, 17.110750198364258 ] } },
{ "type": "Feature", "id": 18, "properties": { "lon": 48.036426544189453, "lat": 40.274147033691406, "year": "2000", "ISO": "AZE", "ISO_No": "31", "Name": "Azerbaijan", "PWC_Lat": "40.2741470336914", "PWC_Lon": "48.0364265441895", "Pop": "8122742", "Density": "95.7", "Area": "84892.1", "PWD_A": "2047.3", "PWD_G": "420.8", "PWD_M": "350.2", "PWD_P1": "11.1", "PWD_P2": "14.1", "PWD_P3": "16.7", "PWD_P4": "18.8", "PWD_P5": "21.0", "PWD_P6": "23.2", "PWD_P7": "25.5", "PWD_P8": "27.6", "PWD_P9": "29.9", "PWD_P10": "32.2", "PWD_P11": "34.7", "PWD_P12": "37.4", "PWD_P13": "40.2", "PWD_P14": "43.3", "PWD_P15": "46.8", "PWD_P16": "50.4", "PWD_P17": "54.0", "PWD_P18": "57.8", "PWD_P19": "62.1", "PWD_P20": "66.5", "PWD_P21": "71.2", "PWD_P22": "76.0", "PWD_P23": "80.9", "PWD_P24": "86.0", "PWD_P25": "91.1", "PWD_P26": "96.3", "PWD_P27": "101.6", "PWD_P28": "107.2", "PWD_P29": "113.1", "PWD_P30": "119.3", "PWD_P31": "125.9", "PWD_P32": "132.8", "PWD_P33": "140.1", "PWD_P34": "147.7", "PWD_P35": "155.6", "PWD_P36": "163.9", "PWD_P37": "172.7", "PWD_P38": "181.4", "PWD_P39": "190.4", "PWD_P40": "200.1", "PWD_P41": "210.7", "PWD_P42": "222.2", "PWD_P43": "234.7", "PWD_P44": "248.2", "PWD_P45": "262.4", "PWD_P46": "277.5", "PWD_P47": "293.7", "PWD_P48": "311.0", "PWD_P49": "330.3", "PWD_P50": "350.2", "PWD_P51": "371.5", "PWD_P52": "393.7", "PWD_P53": "417.9", "PWD_P54": "443.1", "PWD_P55": "468.9", "PWD_P56": "495.3", "PWD_P57": "522.5", "PWD_P58": "551.1", "PWD_P59": "582.1", "PWD_P60": "615.4", "PWD_P61": "651.6", "PWD_P62": "693.0", "PWD_P63": "740.9", "PWD_P64": "794.5", "PWD_P65": "857.0", "PWD_P66": "921.9", "PWD_P67": "999.8", "PWD_P68": "1093.0", "PWD_P69": "1208.9", "PWD_P70": "1337.7", "PWD_P71": "1487.1", "PWD_P72": "1656.3", "PWD_P73": "1892.4", "PWD_P74": "2191.0", "PWD_P75": "2560.6", "PWD_P76": "2919.3", "PWD_P77": "3219.4", "PWD_P78": "3474.2", "PWD_P79": "3705.1", "PWD_P80": "3941.2", "PWD_P81": "4177.8", "PWD_P82": "4464.7", "PWD_P83": "4771.6", "PWD_P84": "5127.0", "PWD_P85": "5447.8", "PWD_P86": "5748.6", "PWD_P87": "6025.5", "PWD_P88": "6278.6", "PWD_P89": "6528.4", "PWD_P90": "6799.4", "PWD_P91": "7085.6", "PWD_P92": "7403.9", "PWD_P93": "7812.0", "PWD_P94": "8341.0", "PWD_P95": "8942.5", "PWD_P96": "9676.1", "PWD_P97": "10708.4", "PWD_P98": "14892.3", "PWD_P99": "17636.8", "PWD_P100": "23786.5" }, "geometry": { "type": "Point", "coordinates": [ 48.036426544189453, 40.274147033691406 ] } },
{ "type": "Feature", "id": 19, "properties": { "lon": -61.2731, "lat": -32.8413, "year": "2000", "ISO": "ARG", "ISO_No": "32", "Name": "Argentina", "PWC_Lat": "-32.8413", "PWC_Lon": "-61.2731", "Pop": "36870795", "Density": "13.4", "Area": "2745814.8", "PWD_A": "3613.0", "PWD_G": "943.7", "PWD_M": "1555.4", "PWD_P1": "0.6", "PWD_P2": "1.1", "PWD_P3": "1.9", "PWD_P4": "4.5", "PWD_P5": "11.8", "PWD_P6": "18.5", "PWD_P7": "25.2", "PWD_P8": "32.0", "PWD_P9": "39.5", "PWD_P10": "47.9", "PWD_P11": "57.3", "PWD_P12": "67.6", "PWD_P13": "79.0", "PWD_P14": "91.9", "PWD_P15": "106.3", "PWD_P16": "122.4", "PWD_P17": "139.2", "PWD_P18": "157.2", "PWD_P19": "176.0", "PWD_P20": "195.4", "PWD_P21": "215.9", "PWD_P22": "237.2", "PWD_P23": "259.2", "PWD_P24": "282.3", "PWD_P25": "306.2", "PWD_P26": "331.2", "PWD_P27": "357.6", "PWD_P28": "384.8", "PWD_P29": "413.4", "PWD_P30": "443.8", "PWD_P31": "476.0", "PWD_P32": "509.4", "PWD_P33": "545.0", "PWD_P34": "582.8", "PWD_P35": "622.1", "PWD_P36": "663.4", "PWD_P37": "706.6", "PWD_P38": "752.6", "PWD_P39": "801.6", "PWD_P40": "854.3", "PWD_P41": "909.7", "PWD_P42": "966.8", "PWD_P43": "1028.0", "PWD_P44": "1091.8", "PWD_P45": "1159.8", "PWD_P46": "1231.9", "PWD_P47": "1308.0", "PWD_P48": "1387.9", "PWD_P49": "1469.5", "PWD_P50": "1555.4", "PWD_P51": "1644.9", "PWD_P52": "1737.7", "PWD_P53": "1835.9", "PWD_P54": "1938.5", "PWD_P55": "2047.0", "PWD_P56": "2159.0", "PWD_P57": "2275.5", "PWD_P58": "2396.6", "PWD_P59": "2527.9", "PWD_P60": "2657.8", "PWD_P61": "2795.6", "PWD_P62": "2938.2", "PWD_P63": "3078.1", "PWD_P64": "3224.2", "PWD_P65": "3374.7", "PWD_P66": "3526.7", "PWD_P67": "3687.3", "PWD_P68": "3856.9", "PWD_P69": "4026.5", "PWD_P70": "4196.2", "PWD_P71": "4369.1", "PWD_P72": "4548.5", "PWD_P73": "4735.8", "PWD_P74": "4922.3", "PWD_P75": "5109.9", "PWD_P76": "5302.1", "PWD_P77": "5513.3", "PWD_P78": "5739.2", "PWD_P79": "5966.7", "PWD_P80": "6191.3", "PWD_P81": "6423.8", "PWD_P82": "6662.3", "PWD_P83": "6925.9", "PWD_P84": "7208.3", "PWD_P85": "7511.0", "PWD_P86": "7830.4", "PWD_P87": "8183.9", "PWD_P88": "8568.1", "PWD_P89": "8984.5", "PWD_P90": "9430.0", "PWD_P91": "9997.7", "PWD_P92": "10668.5", "PWD_P93": "11444.8", "PWD_P94": "12334.7", "PWD_P95": "13325.9", "PWD_P96": "14429.4", "PWD_P97": "16439.3", "PWD_P98": "19926.6", "PWD_P99": "26959.5", "PWD_P100": "37931.2" }, "geometry": { "type": "Point", "coordinates": [ -61.2731, -32.8413 ] } },
{ "type": "Feature", "id": 20, "properties": { "lon": 14.658098220825195, "lat": 47.76922607421875, "year": "2000", "ISO": "AUT", "ISO_No": "40", "Name": "Austria", "PWC_Lat": "47.7692260742188", "PWC_Lon": "14.6580982208252", "Pop": "8069276", "Density": "97.2", "Area": "82998.5", "PWD_A": "1586.0", "PWD_G": "470.2", "PWD_M": "521.5", "PWD_P1": "7.8", "PWD_P2": "13.1", "PWD_P3": "17.6", "PWD_P4": "21.3", "PWD_P5": "24.6", "PWD_P6": "27.8", "PWD_P7": "31.0", "PWD_P8": "34.2", "PWD_P9": "37.4", "PWD_P10": "40.5", "PWD_P11": "43.7", "PWD_P12": "47.0", "PWD_P13": "50.4", "PWD_P14": "53.9", "PWD_P15": "57.6", "PWD_P16": "61.5", "PWD_P17": "65.7", "PWD_P18": "70.1", "PWD_P19": "74.9", "PWD_P20": "79.8", "PWD_P21": "85.1", "PWD_P22": "90.7", "PWD_P23": "96.6", "PWD_P24": "102.9", "PWD_P25": "109.5", "PWD_P26": "116.7", "PWD_P27": "124.2", "PWD_P28": "132.2", "PWD_P29": "140.6", "PWD_P30": "149.4", "PWD_P31": "158.8", "PWD_P32": "168.7", "PWD_P33": "179.2", "PWD_P34": "190.4", "PWD_P35": "202.5", "PWD_P36": "215.3", "PWD_P37": "229.0", "PWD_P38": "243.8", "PWD_P39": "259.5", "PWD_P40": "276.6", "PWD_P41": "294.9", "PWD_P42": "314.3", "PWD_P43": "335.0", "PWD_P44": "357.0", "PWD_P45": "380.7", "PWD_P46": "405.7", "PWD_P47": "432.0", "PWD_P48": "460.2", "PWD_P49": "490.3", "PWD_P50": "521.5", "PWD_P51": "553.8", "PWD_P52": "587.1", "PWD_P53": "622.2", "PWD_P54": "657.7", "PWD_P55": "695.8", "PWD_P56": "734.8", "PWD_P57": "775.1", "PWD_P58": "819.7", "PWD_P59": "868.2", "PWD_P60": "918.5", "PWD_P61": "967.8", "PWD_P62": "1020.8", "PWD_P63": "1077.9", "PWD_P64": "1138.7", "PWD_P65": "1207.8", "PWD_P66": "1283.0", "PWD_P67": "1361.5", "PWD_P68": "1447.2", "PWD_P69": "1540.9", "PWD_P70": "1642.5", "PWD_P71": "1752.3", "PWD_P72": "1880.1", "PWD_P73": "2027.9", "PWD_P74": "2164.2", "PWD_P75": "2309.6", "PWD_P76": "2465.4", "PWD_P77": "2633.4", "PWD_P78": "2877.8", "PWD_P79": "3156.8", "PWD_P80": "3350.6", "PWD_P81": "3516.3", "PWD_P82": "3652.7", "PWD_P83": "3749.2", "PWD_P84": "3892.0", "PWD_P85": "4148.9", "PWD_P86": "4452.8", "PWD_P87": "4661.1", "PWD_P88": "4888.3", "PWD_P89": "5511.4", "PWD_P90": "5840.9", "PWD_P91": "6024.4", "PWD_P92": "6197.2", "PWD_P93": "6324.7", "PWD_P94": "6428.0", "PWD_P95": "6508.3", "PWD_P96": "6572.5", "PWD_P97": "6633.9", "PWD_P98": "6695.0", "PWD_P99": "6769.0", "PWD_P100": "7494.2" }, "geometry": { "type": "Point", "coordinates": [ 14.658098220825195, 47.76922607421875 ] } },
{ "type": "Feature", "id": 21, "properties": { "lon": -77.475090026855469, "lat": 25.275686264038086, "year": "2000", "ISO": "BHS", "ISO_No": "44", "Name": "Bahamas", "PWC_Lat": "25.2756862640381", "PWC_Lon": "-77.4750900268555", "Pop": "298045", "Density": "22.4", "Area": "13324.4", "PWD_A": "864.8", "PWD_G": "394.4", "PWD_M": "1017.6", "PWD_P1": "0.9", "PWD_P2": "1.3", "PWD_P3": "2.8", "PWD_P4": "3.5", "PWD_P5": "4.5", "PWD_P6": "5.9", "PWD_P7": "7.3", "PWD_P8": "9.2", "PWD_P9": "11.6", "PWD_P10": "14.7", "PWD_P11": "18.6", "PWD_P12": "23.6", "PWD_P13": "30.7", "PWD_P14": "39.7", "PWD_P15": "51.5", "PWD_P16": "68.4", "PWD_P17": "94.5", "PWD_P18": "122.4", "PWD_P19": "146.6", "PWD_P20": "165.6", "PWD_P21": "183.1", "PWD_P22": "200.9", "PWD_P23": "215.7", "PWD_P24": "229.1", "PWD_P25": "240.7", "PWD_P26": "253.6", "PWD_P27": "267.4", "PWD_P28": "280.3", "PWD_P29": "291.7", "PWD_P30": "303.0", "PWD_P31": "315.8", "PWD_P32": "332.0", "PWD_P33": "350.8", "PWD_P34": "393.3", "PWD_P35": "442.4", "PWD_P36": "478.5", "PWD_P37": "517.3", "PWD_P38": "559.7", "PWD_P39": "613.4", "PWD_P40": "662.7", "PWD_P41": "706.3", "PWD_P42": "749.7", "PWD_P43": "793.0", "PWD_P44": "843.2", "PWD_P45": "882.0", "PWD_P46": "912.4", "PWD_P47": "937.1", "PWD_P48": "966.0", "PWD_P49": "991.0", "PWD_P50": "1017.6", "PWD_P51": "1040.0", "PWD_P52": "1060.3", "PWD_P53": "1080.4", "PWD_P54": "1101.0", "PWD_P55": "1119.2", "PWD_P56": "1136.7", "PWD_P57": "1152.9", "PWD_P58": "1169.4", "PWD_P59": "1184.9", "PWD_P60": "1198.0", "PWD_P61": "1209.7", "PWD_P62": "1220.6", "PWD_P63": "1230.8", "PWD_P64": "1241.3", "PWD_P65": "1252.4", "PWD_P66": "1262.8", "PWD_P67": "1273.3", "PWD_P68": "1283.6", "PWD_P69": "1294.9", "PWD_P70": "1306.1", "PWD_P71": "1317.8", "PWD_P72": "1330.2", "PWD_P73": "1342.8", "PWD_P74": "1354.7", "PWD_P75": "1366.6", "PWD_P76": "1379.6", "PWD_P77": "1393.6", "PWD_P78": "1406.3", "PWD_P79": "1420.3", "PWD_P80": "1435.8", "PWD_P81": "1450.6", "PWD_P82": "1462.9", "PWD_P83": "1476.6", "PWD_P84": "1492.5", "PWD_P85": "1509.1", "PWD_P86": "1525.9", "PWD_P87": "1544.5", "PWD_P88": "1565.0", "PWD_P89": "1586.2", "PWD_P90": "1612.3", "PWD_P91": "1640.4", "PWD_P92": "1670.0", "PWD_P93": "1707.4", "PWD_P94": "1746.0", "PWD_P95": "1781.4", "PWD_P96": "1809.2", "PWD_P97": "1844.0", "PWD_P98": "1867.2", "PWD_P99": "1895.9", "PWD_P100": "1964.5" }, "geometry": { "type": "Point", "coordinates": [ -77.475090026855469, 25.275686264038086 ] } },
{ "type": "Feature", "id": 22, "properties": { "lon": 50.560714721679688, "lat": 26.18194580078125, "year": "2000", "ISO": "BHR", "ISO_No": "48", "Name": "Bahrain", "PWC_Lat": "26.1819458007812", "PWC_Lon": "50.5607147216797", "Pop": "664609", "Density": "969.0", "Area": "685.8", "PWD_A": "4311.8", "PWD_G": "2639.4", "PWD_M": "3220.5", "PWD_P1": "70.4", "PWD_P2": "106.3", "PWD_P3": "137.6", "PWD_P4": "176.2", "PWD_P5": "218.7", "PWD_P6": "274.6", "PWD_P7": "341.6", "PWD_P8": "416.9", "PWD_P9": "496.1", "PWD_P10": "567.1", "PWD_P11": "637.4", "PWD_P12": "697.8", "PWD_P13": "758.0", "PWD_P14": "824.1", "PWD_P15": "886.5", "PWD_P16": "944.8", "PWD_P17": "1003.3", "PWD_P18": "1067.9", "PWD_P19": "1130.6", "PWD_P20": "1189.6", "PWD_P21": "1251.4", "PWD_P22": "1314.7", "PWD_P23": "1377.4", "PWD_P24": "1443.2", "PWD_P25": "1513.6", "PWD_P26": "1580.6", "PWD_P27": "1657.4", "PWD_P28": "1723.5", "PWD_P29": "1792.4", "PWD_P30": "1869.6", "PWD_P31": "1942.9", "PWD_P32": "2010.3", "PWD_P33": "2076.3", "PWD_P34": "2140.8", "PWD_P35": "2215.9", "PWD_P36": "2280.2", "PWD_P37": "2343.8", "PWD_P38": "2413.4", "PWD_P39": "2484.4", "PWD_P40": "2551.2", "PWD_P41": "2618.4", "PWD_P42": "2686.9", "PWD_P43": "2748.7", "PWD_P44": "2812.8", "PWD_P45": "2868.4", "PWD_P46": "2928.5", "PWD_P47": "3008.2", "PWD_P48": "3074.5", "PWD_P49": "3146.2", "PWD_P50": "3220.5", "PWD_P51": "3292.8", "PWD_P52": "3371.3", "PWD_P53": "3454.0", "PWD_P54": "3535.3", "PWD_P55": "3620.9", "PWD_P56": "3713.7", "PWD_P57": "3818.9", "PWD_P58": "3925.4", "PWD_P59": "4021.9", "PWD_P60": "4116.2", "PWD_P61": "4238.4", "PWD_P62": "4346.5", "PWD_P63": "4468.6", "PWD_P64": "4590.0", "PWD_P65": "4725.4", "PWD_P66": "4834.6", "PWD_P67": "4930.3", "PWD_P68": "5037.8", "PWD_P69": "5142.3", "PWD_P70": "5250.4", "PWD_P71": "5363.0", "PWD_P72": "5485.8", "PWD_P73": "5599.9", "PWD_P74": "5717.4", "PWD_P75": "5832.4", "PWD_P76": "5958.8", "PWD_P77": "6092.8", "PWD_P78": "6238.9", "PWD_P79": "6398.3", "PWD_P80": "6590.2", "PWD_P81": "6735.0", "PWD_P82": "6879.8", "PWD_P83": "7037.8", "PWD_P84": "7192.0", "PWD_P85": "7437.6", "PWD_P86": "7667.1", "PWD_P87": "7877.3", "PWD_P88": "8097.3", "PWD_P89": "8449.5", "PWD_P90": "8936.4", "PWD_P91": "9755.0", "PWD_P92": "10536.0", "PWD_P93": "11445.5", "PWD_P94": "12320.9", "PWD_P95": "13427.4", "PWD_P96": "14483.4", "PWD_P97": "15507.8", "PWD_P98": "16442.7", "PWD_P99": "18153.8", "PWD_P100": "21910.6" }, "geometry": { "type": "Point", "coordinates": [ 50.560714721679688, 26.18194580078125 ] } },
{ "type": "Feature", "id": 23, "properties": { "lon": 90.189865112304688, "lat": 23.919719696044922, "year": "2000", "ISO": "BGD", "ISO_No": "50", "Name": "Bangladesh", "PWC_Lat": "23.9197196960449", "PWC_Lon": "90.1898651123047", "Pop": "127657862", "Density": "957.7", "Area": "133302.0", "PWD_A": "4629.0", "PWD_G": "1532.2", "PWD_M": "1145.8", "PWD_P1": "221.3", "PWD_P2": "346.2", "PWD_P3": "414.2", "PWD_P4": "457.9", "PWD_P5": "487.6", "PWD_P6": "512.6", "PWD_P7": "535.1", "PWD_P8": "556.6", "PWD_P9": "576.0", "PWD_P10": "593.3", "PWD_P11": "609.1", "PWD_P12": "623.8", "PWD_P13": "637.9", "PWD_P14": "651.4", "PWD_P15": "664.4", "PWD_P16": "677.4", "PWD_P17": "690.7", "PWD_P18": "704.0", "PWD_P19": "716.9", "PWD_P20": "729.6", "PWD_P21": "742.0", "PWD_P22": "754.0", "PWD_P23": "765.8", "PWD_P24": "777.7", "PWD_P25": "789.6", "PWD_P26": "801.9", "PWD_P27": "814.2", "PWD_P28": "826.6", "PWD_P29": "839.3", "PWD_P30": "851.8", "PWD_P31": "864.4", "PWD_P32": "876.9", "PWD_P33": "889.4", "PWD_P34": "901.9", "PWD_P35": "914.6", "PWD_P36": "927.5", "PWD_P37": "940.7", "PWD_P38": "954.1", "PWD_P39": "967.7", "PWD_P40": "981.8", "PWD_P41": "996.2", "PWD_P42": "1011.0", "PWD_P43": "1026.2", "PWD_P44": "1041.9", "PWD_P45": "1057.9", "PWD_P46": "1074.1", "PWD_P47": "1091.0", "PWD_P48": "1108.8", "PWD_P49": "1127.0", "PWD_P50": "1145.8", "PWD_P51": "1165.0", "PWD_P52": "1184.4", "PWD_P53": "1204.0", "PWD_P54": "1224.2", "PWD_P55": "1244.8", "PWD_P56": "1266.0", "PWD_P57": "1287.7", "PWD_P58": "1309.8", "PWD_P59": "1332.7", "PWD_P60": "1355.9", "PWD_P61": "1379.7", "PWD_P62": "1404.5", "PWD_P63": "1430.0", "PWD_P64": "1456.5", "PWD_P65": "1484.6", "PWD_P66": "1514.0", "PWD_P67": "1544.8", "PWD_P68": "1576.7", "PWD_P69": "1610.4", "PWD_P70": "1647.3", "PWD_P71": "1687.5", "PWD_P72": "1731.6", "PWD_P73": "1779.9", "PWD_P74": "1833.0", "PWD_P75": "1891.9", "PWD_P76": "1957.6", "PWD_P77": "2033.6", "PWD_P78": "2118.8", "PWD_P79": "2217.5", "PWD_P80": "2335.5", "PWD_P81": "2474.5", "PWD_P82": "2634.8", "PWD_P83": "2827.2", "PWD_P84": "3077.5", "PWD_P85": "3425.4", "PWD_P86": "3928.9", "PWD_P87": "4568.1", "PWD_P88": "5370.4", "PWD_P89": "6700.7", "PWD_P90": "8453.2", "PWD_P91": "10496.4", "PWD_P92": "13124.6", "PWD_P93": "16174.6", "PWD_P94": "19672.0", "PWD_P95": "24768.6", "PWD_P96": "33567.5", "PWD_P97": "41219.2", "PWD_P98": "52362.3", "PWD_P99": "67708.7", "PWD_P100": "153257.8" }, "geometry": { "type": "Point", "coordinates": [ 90.189865112304688, 23.919719696044922 ] } },
{ "type": "Feature", "id": 24, "properties": { "lon": 44.596080780029297, "lat": 40.289897918701172, "year": "2000", "ISO": "ARM", "ISO_No": "51", "Name": "Armenia", "PWC_Lat": "40.2898979187012", "PWC_Lon": "44.5960807800293", "Pop": "3069597", "Density": "108.3", "Area": "28332.4", "PWD_A": "4211.7", "PWD_G": "1341.8", "PWD_M": "2071.5", "PWD_P1": "11.5", "PWD_P2": "17.2", "PWD_P3": "22.7", "PWD_P4": "28.3", "PWD_P5": "33.9", "PWD_P6": "39.8", "PWD_P7": "46.4", "PWD_P8": "53.7", "PWD_P9": "62.0", "PWD_P10": "70.9", "PWD_P11": "81.1", "PWD_P12": "92.1", "PWD_P13": "104.1", "PWD_P14": "116.7", "PWD_P15": "129.9", "PWD_P16": "143.7", "PWD_P17": "158.9", "PWD_P18": "175.4", "PWD_P19": "193.5", "PWD_P20": "212.5", "PWD_P21": "232.3", "PWD_P22": "254.1", "PWD_P23": "277.4", "PWD_P24": "302.9", "PWD_P25": "329.9", "PWD_P26": "357.6", "PWD_P27": "387.9", "PWD_P28": "421.0", "PWD_P29": "456.0", "PWD_P30": "494.2", "PWD_P31": "534.6", "PWD_P32": "577.7", "PWD_P33": "624.8", "PWD_P34": "674.0", "PWD_P35": "725.7", "PWD_P36": "782.5", "PWD_P37": "841.1", "PWD_P38": "901.4", "PWD_P39": "964.4", "PWD_P40": "1033.0", "PWD_P41": "1107.9", "PWD_P42": "1193.2", "PWD_P43": "1286.4", "PWD_P44": "1387.1", "PWD_P45": "1489.9", "PWD_P46": "1597.8", "PWD_P47": "1705.4", "PWD_P48": "1820.6", "PWD_P49": "1933.9", "PWD_P50": "2071.5", "PWD_P51": "2220.2", "PWD_P52": "2372.3", "PWD_P53": "2522.5", "PWD_P54": "2659.7", "PWD_P55": "2865.9", "PWD_P56": "3098.2", "PWD_P57": "3353.3", "PWD_P58": "3611.8", "PWD_P59": "3860.9", "PWD_P60": "4066.8", "PWD_P61": "4269.4", "PWD_P62": "4532.8", "PWD_P63": "4789.8", "PWD_P64": "5018.7", "PWD_P65": "5240.4", "PWD_P66": "5440.8", "PWD_P67": "5616.3", "PWD_P68": "5786.3", "PWD_P69": "5961.0", "PWD_P70": "6119.3", "PWD_P71": "6268.6", "PWD_P72": "6413.2", "PWD_P73": "6552.9", "PWD_P74": "6705.2", "PWD_P75": "6892.5", "PWD_P76": "7098.9", "PWD_P77": "7304.0", "PWD_P78": "7534.8", "PWD_P79": "7782.0", "PWD_P80": "8067.7", "PWD_P81": "8415.5", "PWD_P82": "8767.9", "PWD_P83": "9139.1", "PWD_P84": "9526.1", "PWD_P85": "9885.0", "PWD_P86": "10213.1", "PWD_P87": "10519.6", "PWD_P88": "10877.2", "PWD_P89": "11251.7", "PWD_P90": "11649.9", "PWD_P91": "12023.9", "PWD_P92": "12422.7", "PWD_P93": "12857.9", "PWD_P94": "13342.3", "PWD_P95": "13886.4", "PWD_P96": "14457.5", "PWD_P97": "15139.0", "PWD_P98": "16224.2", "PWD_P99": "17847.7", "PWD_P100": "22242.8" }, "geometry": { "type": "Point", "coordinates": [ 44.596080780029297, 40.289897918701172 ] } },
{ "type": "Feature", "id": 25, "properties": { "lon": -59.570270538330078, "lat": 13.139430046081543, "year": "2000", "ISO": "BRB", "ISO_No": "52", "Name": "Barbados", "PWC_Lat": "13.1394300460815", "PWC_Lon": "-59.5702705383301", "Pop": "271511", "Density": "613.7", "Area": "442.4", "PWD_A": "1250.6", "PWD_G": "892.7", "PWD_M": "955.6", "PWD_P1": "138.5", "PWD_P2": "162.3", "PWD_P3": "181.8", "PWD_P4": "201.8", "PWD_P5": "218.8", "PWD_P6": "233.6", "PWD_P7": "245.1", "PWD_P8": "254.9", "PWD_P9": "263.9", "PWD_P10": "273.2", "PWD_P11": "284.8", "PWD_P12": "295.5", "PWD_P13": "305.9", "PWD_P14": "316.9", "PWD_P15": "327.7", "PWD_P16": "338.7", "PWD_P17": "350.4", "PWD_P18": "361.5", "PWD_P19": "373.2", "PWD_P20": "386.1", "PWD_P21": "398.4", "PWD_P22": "411.7", "PWD_P23": "424.3", "PWD_P24": "436.9", "PWD_P25": "447.8", "PWD_P26": "459.7", "PWD_P27": "471.1", "PWD_P28": "482.8", "PWD_P29": "493.2", "PWD_P30": "504.6", "PWD_P31": "515.4", "PWD_P32": "526.8", "PWD_P33": "539.0", "PWD_P34": "553.2", "PWD_P35": "569.8", "PWD_P36": "589.1", "PWD_P37": "615.9", "PWD_P38": "645.4", "PWD_P39": "679.1", "PWD_P40": "708.5", "PWD_P41": "737.8", "PWD_P42": "767.0", "PWD_P43": "799.2", "PWD_P44": "828.7", "PWD_P45": "855.1", "PWD_P46": "879.4", "PWD_P47": "901.8", "PWD_P48": "922.5", "PWD_P49": "940.1", "PWD_P50": "955.6", "PWD_P51": "976.7", "PWD_P52": "994.0", "PWD_P53": "1013.5", "PWD_P54": "1034.5", "PWD_P55": "1056.4", "PWD_P56": "1074.1", "PWD_P57": "1090.3", "PWD_P58": "1105.8", "PWD_P59": "1119.2", "PWD_P60": "1135.0", "PWD_P61": "1153.1", "PWD_P62": "1172.0", "PWD_P63": "1196.7", "PWD_P64": "1219.6", "PWD_P65": "1243.2", "PWD_P66": "1266.7", "PWD_P67": "1297.5", "PWD_P68": "1331.7", "PWD_P69": "1369.2", "PWD_P70": "1468.8", "PWD_P71": "1765.1", "PWD_P72": "1926.2", "PWD_P73": "2048.4", "PWD_P74": "2150.9", "PWD_P75": "2230.8", "PWD_P76": "2335.3", "PWD_P77": "2408.6", "PWD_P78": "2463.7", "PWD_P79": "2504.4", "PWD_P80": "2538.4", "PWD_P81": "2565.5", "PWD_P82": "2588.8", "PWD_P83": "2610.2", "PWD_P84": "2635.1", "PWD_P85": "2659.4", "PWD_P86": "2680.6", "PWD_P87": "2704.2", "PWD_P88": "2722.9", "PWD_P89": "2739.7", "PWD_P90": "2762.8", "PWD_P91": "2784.4", "PWD_P92": "2810.6", "PWD_P93": "2840.0", "PWD_P94": "2874.9", "PWD_P95": "2912.0", "PWD_P96": "2954.3", "PWD_P97": "3005.5", "PWD_P98": "3076.3", "PWD_P99": "3174.9", "PWD_P100": "3362.3" }, "geometry": { "type": "Point", "coordinates": [ -59.570270538330078, 13.139430046081543 ] } },
{ "type": "Feature", "id": 26, "properties": { "lon": 4.4320998191833496, "lat": 50.842784881591797, "year": "2000", "ISO": "BEL", "ISO_No": "56", "Name": "Belgium", "PWC_Lat": "50.8427848815918", "PWC_Lon": "4.43209981918335", "Pop": "10282045", "Density": "337.7", "Area": "30447.0", "PWD_A": "2135.9", "PWD_G": "849.0", "PWD_M": "815.4", "PWD_P1": "34.5", "PWD_P2": "52.3", "PWD_P3": "66.4", "PWD_P4": "79.1", "PWD_P5": "91.3", "PWD_P6": "103.1", "PWD_P7": "114.5", "PWD_P8": "125.5", "PWD_P9": "136.4", "PWD_P10": "147.2", "PWD_P11": "158.1", "PWD_P12": "168.9", "PWD_P13": "179.7", "PWD_P14": "190.6", "PWD_P15": "201.5", "PWD_P16": "212.5", "PWD_P17": "223.6", "PWD_P18": "234.8", "PWD_P19": "246.1", "PWD_P20": "257.7", "PWD_P21": "269.5", "PWD_P22": "281.5", "PWD_P23": "293.9", "PWD_P24": "306.5", "PWD_P25": "319.5", "PWD_P26": "332.7", "PWD_P27": "346.5", "PWD_P28": "360.7", "PWD_P29": "375.5", "PWD_P30": "390.9", "PWD_P31": "406.7", "PWD_P32": "423.0", "PWD_P33": "439.9", "PWD_P34": "457.6", "PWD_P35": "475.6", "PWD_P36": "494.3", "PWD_P37": "513.6", "PWD_P38": "533.6", "PWD_P39": "554.1", "PWD_P40": "575.4", "PWD_P41": "597.1", "PWD_P42": "619.1", "PWD_P43": "641.8", "PWD_P44": "665.2", "PWD_P45": "688.8", "PWD_P46": "712.9", "PWD_P47": "737.3", "PWD_P48": "762.6", "PWD_P49": "788.6", "PWD_P50": "815.4", "PWD_P51": "842.6", "PWD_P52": "870.5", "PWD_P53": "900.0", "PWD_P54": "930.6", "PWD_P55": "962.0", "PWD_P56": "995.0", "PWD_P57": "1028.9", "PWD_P58": "1064.1", "PWD_P59": "1100.5", "PWD_P60": "1139.1", "PWD_P61": "1180.7", "PWD_P62": "1224.5", "PWD_P63": "1271.0", "PWD_P64": "1321.0", "PWD_P65": "1374.9", "PWD_P66": "1434.3", "PWD_P67": "1498.6", "PWD_P68": "1569.6", "PWD_P69": "1646.1", "PWD_P70": "1729.1", "PWD_P71": "1823.1", "PWD_P72": "1922.3", "PWD_P73": "2028.1", "PWD_P74": "2139.7", "PWD_P75": "2256.2", "PWD_P76": "2388.2", "PWD_P77": "2530.1", "PWD_P78": "2678.8", "PWD_P79": "2834.3", "PWD_P80": "2993.4", "PWD_P81": "3159.6", "PWD_P82": "3334.3", "PWD_P83": "3520.0", "PWD_P84": "3721.1", "PWD_P85": "3938.9", "PWD_P86": "4172.1", "PWD_P87": "4427.2", "PWD_P88": "4714.9", "PWD_P89": "5027.5", "PWD_P90": "5393.5", "PWD_P91": "5831.2", "PWD_P92": "6409.6", "PWD_P93": "7231.4", "PWD_P94": "8343.3", "PWD_P95": "9673.1", "PWD_P96": "11126.7", "PWD_P97": "13177.9", "PWD_P98": "15461.0", "PWD_P99": "18004.0", "PWD_P100": "25740.0" }, "geometry": { "type": "Point", "coordinates": [ 4.43209981918335, 50.842784881591797 ] } },
{ "type": "Feature", "id": 27, "properties": { "lon": -64.784584045410156, "lat": 32.300148010253906, "year": "2000", "ISO": "BMU", "ISO_No": "60", "Name": "Bermuda", "PWC_Lat": "32.3001480102539", "PWC_Lon": "-64.7845840454102", "Pop": "65017", "Density": "842.0", "Area": "77.2", "PWD_A": "1219.1", "PWD_G": "1081.1", "PWD_M": "1165.1", "PWD_P1": "218.0", "PWD_P2": "283.4", "PWD_P3": "317.4", "PWD_P4": "347.7", "PWD_P5": "379.2", "PWD_P6": "428.8", "PWD_P7": "468.8", "PWD_P8": "496.7", "PWD_P9": "518.3", "PWD_P10": "537.7", "PWD_P11": "561.6", "PWD_P12": "585.0", "PWD_P13": "609.6", "PWD_P14": "633.5", "PWD_P15": "653.0", "PWD_P16": "671.5", "PWD_P17": "690.1", "PWD_P18": "706.4", "PWD_P19": "721.7", "PWD_P20": "734.5", "PWD_P21": "749.9", "PWD_P22": "763.7", "PWD_P23": "778.3", "PWD_P24": "790.6", "PWD_P25": "803.5", "PWD_P26": "816.0", "PWD_P27": "827.5", "PWD_P28": "839.6", "PWD_P29": "854.4", "PWD_P30": "868.8", "PWD_P31": "884.3", "PWD_P32": "901.7", "PWD_P33": "919.4", "PWD_P34": "939.0", "PWD_P35": "956.4", "PWD_P36": "980.2", "PWD_P37": "999.2", "PWD_P38": "1016.0", "PWD_P39": "1029.7", "PWD_P40": "1042.3", "PWD_P41": "1054.6", "PWD_P42": "1068.6", "PWD_P43": "1080.7", "PWD_P44": "1095.4", "PWD_P45": "1109.5", "PWD_P46": "1120.4", "PWD_P47": "1133.1", "PWD_P48": "1143.4", "PWD_P49": "1153.3", "PWD_P50": "1165.1", "PWD_P51": "1177.2", "PWD_P52": "1190.9", "PWD_P53": "1206.7", "PWD_P54": "1223.7", "PWD_P55": "1236.6", "PWD_P56": "1250.0", "PWD_P57": "1264.9", "PWD_P58": "1279.4", "PWD_P59": "1298.2", "PWD_P60": "1315.0", "PWD_P61": "1334.0", "PWD_P62": "1354.8", "PWD_P63": "1375.3", "PWD_P64": "1401.3", "PWD_P65": "1421.4", "PWD_P66": "1441.1", "PWD_P67": "1456.1", "PWD_P68": "1473.8", "PWD_P69": "1491.0", "PWD_P70": "1507.9", "PWD_P71": "1524.9", "PWD_P72": "1543.8", "PWD_P73": "1564.8", "PWD_P74": "1586.7", "PWD_P75": "1606.4", "PWD_P76": "1634.7", "PWD_P77": "1664.2", "PWD_P78": "1691.6", "PWD_P79": "1719.6", "PWD_P80": "1747.6", "PWD_P81": "1771.3", "PWD_P82": "1806.1", "PWD_P83": "1827.7", "PWD_P84": "1856.1", "PWD_P85": "1874.3", "PWD_P86": "1890.4", "PWD_P87": "1909.2", "PWD_P88": "1927.7", "PWD_P89": "1944.3", "PWD_P90": "1957.3", "PWD_P91": "1971.6", "PWD_P92": "1987.4", "PWD_P93": "2011.7", "PWD_P94": "2050.3", "PWD_P95": "2098.6", "PWD_P96": "2178.0", "PWD_P97": "2233.9", "PWD_P98": "2299.8", "PWD_P99": "2513.5", "PWD_P100": "2853.7" }, "geometry": { "type": "Point", "coordinates": [ -64.784584045410156, 32.300148010253906 ] } },
{ "type": "Feature", "id": 28, "properties": { "lon": 90.239097595214844, "lat": 27.207265853881836, "year": "2000", "ISO": "BTN", "ISO_No": "64", "Name": "Bhutan", "PWC_Lat": "27.2072658538818", "PWC_Lon": "90.2390975952148", "Pop": "591013", "Density": "14.8", "Area": "40035.6", "PWD_A": "156.3", "PWD_G": "51.4", "PWD_M": "48.4", "PWD_P1": "1.3", "PWD_P2": "2.1", "PWD_P3": "2.8", "PWD_P4": "3.4", "PWD_P5": "4.1", "PWD_P6": "4.8", "PWD_P7": "5.4", "PWD_P8": "6.0", "PWD_P9": "6.7", "PWD_P10": "7.3", "PWD_P11": "7.9", "PWD_P12": "8.5", "PWD_P13": "9.1", "PWD_P14": "9.7", "PWD_P15": "10.3", "PWD_P16": "11.0", "PWD_P17": "11.7", "PWD_P18": "12.5", "PWD_P19": "13.3", "PWD_P20": "14.1", "PWD_P21": "14.9", "PWD_P22": "15.8", "PWD_P23": "16.8", "PWD_P24": "17.8", "PWD_P25": "18.8", "PWD_P26": "19.7", "PWD_P27": "20.7", "PWD_P28": "21.7", "PWD_P29": "22.7", "PWD_P30": "23.7", "PWD_P31": "24.7", "PWD_P32": "25.7", "PWD_P33": "26.8", "PWD_P34": "27.8", "PWD_P35": "28.8", "PWD_P36": "29.9", "PWD_P37": "31.0", "PWD_P38": "32.1", "PWD_P39": "33.3", "PWD_P40": "34.5", "PWD_P41": "35.7", "PWD_P42": "36.9", "PWD_P43": "38.1", "PWD_P44": "39.4", "PWD_P45": "40.8", "PWD_P46": "42.2", "PWD_P47": "43.7", "PWD_P48": "45.2", "PWD_P49": "46.8", "PWD_P50": "48.4", "PWD_P51": "50.0", "PWD_P52": "51.7", "PWD_P53": "53.4", "PWD_P54": "55.1", "PWD_P55": "56.9", "PWD_P56": "59.0", "PWD_P57": "61.3", "PWD_P58": "63.7", "PWD_P59": "66.3", "PWD_P60": "69.0", "PWD_P61": "71.9", "PWD_P62": "75.0", "PWD_P63": "78.0", "PWD_P64": "81.5", "PWD_P65": "85.4", "PWD_P66": "89.4", "PWD_P67": "93.9", "PWD_P68": "98.4", "PWD_P69": "103.2", "PWD_P70": "108.0", "PWD_P71": "112.8", "PWD_P72": "118.9", "PWD_P73": "125.0", "PWD_P74": "131.4", "PWD_P75": "139.1", "PWD_P76": "147.3", "PWD_P77": "155.8", "PWD_P78": "166.7", "PWD_P79": "180.1", "PWD_P80": "197.4", "PWD_P81": "218.1", "PWD_P82": "239.9", "PWD_P83": "262.2", "PWD_P84": "293.9", "PWD_P85": "320.6", "PWD_P86": "346.8", "PWD_P87": "369.1", "PWD_P88": "386.7", "PWD_P89": "401.6", "PWD_P90": "416.6", "PWD_P91": "439.5", "PWD_P92": "490.1", "PWD_P93": "612.3", "PWD_P94": "760.7", "PWD_P95": "866.3", "PWD_P96": "939.5", "PWD_P97": "1058.0", "PWD_P98": "1191.5", "PWD_P99": "1309.9", "PWD_P100": "1484.7" }, "geometry": { "type": "Point", "coordinates": [ 90.239097595214844, 27.207265853881836 ] } },
{ "type": "Feature", "id": 29, "properties": { "lon": -65.7633, "lat": -17.541, "year": "2000", "ISO": "BOL", "ISO_No": "68", "Name": "Bolivia", "PWC_Lat": "-17.541", "PWC_Lon": "-65.7633", "Pop": "8418270", "Density": "7.8", "Area": "1075425.1", "PWD_A": "1034.4", "PWD_G": "153.0", "PWD_M": "214.5", "PWD_P1": "0.4", "PWD_P2": "0.8", "PWD_P3": "1.2", "PWD_P4": "1.6", "PWD_P5": "2.1", "PWD_P6": "2.6", "PWD_P7": "3.1", "PWD_P8": "3.7", "PWD_P9": "4.2", "PWD_P10": "4.8", "PWD_P11": "5.4", "PWD_P12": "6.0", "PWD_P13": "6.6", "PWD_P14": "7.3", "PWD_P15": "8.0", "PWD_P16": "8.6", "PWD_P17": "9.3", "PWD_P18": "10.0", "PWD_P19": "10.7", "PWD_P20": "11.5", "PWD_P21": "12.2", "PWD_P22": "13.1", "PWD_P23": "13.9", "PWD_P24": "14.8", "PWD_P25": "15.8", "PWD_P26": "16.9", "PWD_P27": "18.1", "PWD_P28": "19.4", "PWD_P29": "20.9", "PWD_P30": "22.6", "PWD_P31": "24.6", "PWD_P32": "26.8", "PWD_P33": "29.4", "PWD_P34": "32.3", "PWD_P35": "35.6", "PWD_P36": "39.4", "PWD_P37": "43.9", "PWD_P38": "48.8", "PWD_P39": "54.7", "PWD_P40": "60.7", "PWD_P41": "67.9", "PWD_P42": "76.7", "PWD_P43": "87.2", "PWD_P44": "99.0", "PWD_P45": "113.3", "PWD_P46": "129.6", "PWD_P47": "148.2", "PWD_P48": "168.0", "PWD_P49": "190.3", "PWD_P50": "214.5", "PWD_P51": "240.7", "PWD_P52": "272.0", "PWD_P53": "307.7", "PWD_P54": "345.8", "PWD_P55": "387.8", "PWD_P56": "436.3", "PWD_P57": "480.6", "PWD_P58": "528.0", "PWD_P59": "586.1", "PWD_P60": "643.5", "PWD_P61": "696.0", "PWD_P62": "745.8", "PWD_P63": "807.5", "PWD_P64": "878.3", "PWD_P65": "967.9", "PWD_P66": "1075.5", "PWD_P67": "1167.5", "PWD_P68": "1260.0", "PWD_P69": "1379.0", "PWD_P70": "1476.1", "PWD_P71": "1585.3", "PWD_P72": "1726.0", "PWD_P73": "1922.0", "PWD_P74": "2145.3", "PWD_P75": "2271.0", "PWD_P76": "2337.8", "PWD_P77": "2391.8", "PWD_P78": "2453.2", "PWD_P79": "2526.2", "PWD_P80": "2581.4", "PWD_P81": "2633.9", "PWD_P82": "2704.9", "PWD_P83": "2779.6", "PWD_P84": "2844.1", "PWD_P85": "2912.7", "PWD_P86": "3011.3", "PWD_P87": "3106.0", "PWD_P88": "3170.1", "PWD_P89": "3226.3", "PWD_P90": "3280.9", "PWD_P91": "3336.4", "PWD_P92": "3395.1", "PWD_P93": "3456.7", "PWD_P94": "3528.1", "PWD_P95": "3605.3", "PWD_P96": "3699.1", "PWD_P97": "3810.5", "PWD_P98": "3959.5", "PWD_P99": "4136.4", "PWD_P100": "5024.7" }, "geometry": { "type": "Point", "coordinates": [ -65.7633, -17.541 ] } },
{ "type": "Feature", "id": 30, "properties": { "lon": 17.897359848022461, "lat": 44.342632293701172, "year": "2000", "ISO": "BIH", "ISO_No": "70", "Name": "Bosnia and Herzegovina", "PWC_Lat": "44.3426322937012", "PWC_Lon": "17.8973598480225", "Pop": "3751175", "Density": "74.0", "Area": "50666.8", "PWD_A": "597.2", "PWD_G": "212.8", "PWD_M": "192.3", "PWD_P1": "6.3", "PWD_P2": "9.0", "PWD_P3": "11.7", "PWD_P4": "14.8", "PWD_P5": "18.2", "PWD_P6": "22.2", "PWD_P7": "26.6", "PWD_P8": "31.3", "PWD_P9": "36.4", "PWD_P10": "41.2", "PWD_P11": "45.7", "PWD_P12": "49.8", "PWD_P13": "53.7", "PWD_P14": "57.5", "PWD_P15": "61.2", "PWD_P16": "64.8", "PWD_P17": "68.3", "PWD_P18": "71.8", "PWD_P19": "75.1", "PWD_P20": "78.4", "PWD_P21": "81.5", "PWD_P22": "84.5", "PWD_P23": "87.5", "PWD_P24": "90.5", "PWD_P25": "93.6", "PWD_P26": "96.6", "PWD_P27": "99.6", "PWD_P28": "102.7", "PWD_P29": "106.0", "PWD_P30": "109.1", "PWD_P31": "112.3", "PWD_P32": "115.5", "PWD_P33": "118.8", "PWD_P34": "122.0", "PWD_P35": "125.4", "PWD_P36": "128.8", "PWD_P37": "132.4", "PWD_P38": "136.1", "PWD_P39": "139.9", "PWD_P40": "143.8", "PWD_P41": "147.9", "PWD_P42": "152.1", "PWD_P43": "156.4", "PWD_P44": "160.9", "PWD_P45": "165.5", "PWD_P46": "170.4", "PWD_P47": "175.5", "PWD_P48": "180.8", "PWD_P49": "186.4", "PWD_P50": "192.3", "PWD_P51": "198.3", "PWD_P52": "204.5", "PWD_P53": "211.1", "PWD_P54": "217.8", "PWD_P55": "225.1", "PWD_P56": "232.8", "PWD_P57": "241.1", "PWD_P58": "250.0", "PWD_P59": "259.1", "PWD_P60": "268.7", "PWD_P61": "279.5", "PWD_P62": "290.5", "PWD_P63": "301.8", "PWD_P64": "313.9", "PWD_P65": "327.1", "PWD_P66": "342.2", "PWD_P67": "358.4", "PWD_P68": "375.6", "PWD_P69": "394.3", "PWD_P70": "414.0", "PWD_P71": "435.1", "PWD_P72": "456.0", "PWD_P73": "478.1", "PWD_P74": "500.3", "PWD_P75": "524.1", "PWD_P76": "548.7", "PWD_P77": "574.7", "PWD_P78": "601.4", "PWD_P79": "630.6", "PWD_P80": "665.1", "PWD_P81": "700.9", "PWD_P82": "737.2", "PWD_P83": "782.5", "PWD_P84": "831.5", "PWD_P85": "880.2", "PWD_P86": "933.8", "PWD_P87": "991.3", "PWD_P88": "1064.1", "PWD_P89": "1146.6", "PWD_P90": "1236.8", "PWD_P91": "1388.4", "PWD_P92": "1527.2", "PWD_P93": "1710.5", "PWD_P94": "2503.0", "PWD_P95": "3081.0", "PWD_P96": "3539.7", "PWD_P97": "3849.1", "PWD_P98": "4917.6", "PWD_P99": "7169.6", "PWD_P100": "10506.5" }, "geometry": { "type": "Point", "coordinates": [ 17.897359848022461, 44.342632293701172 ] } },
{ "type": "Feature", "id": 31, "properties": { "lon": 25.804412841796875, "lat": -22.957988739013672, "year": "2000", "ISO": "BWA", "ISO_No": "72", "Name": "Botswana", "PWC_Lat": "-22.9579887390137", "PWC_Lon": "25.8044128417969", "Pop": "1643333", "Density": "2.8", "Area": "579064.2", "PWD_A": "223.8", "PWD_G": "27.5", "PWD_M": "22.7", "PWD_P1": "0.3", "PWD_P2": "0.4", "PWD_P3": "0.4", "PWD_P4": "0.5", "PWD_P5": "0.6", "PWD_P6": "0.8", "PWD_P7": "0.9", "PWD_P8": "0.9", "PWD_P9": "1.1", "PWD_P10": "1.2", "PWD_P11": "1.3", "PWD_P12": "1.4", "PWD_P13": "1.5", "PWD_P14": "1.7", "PWD_P15": "1.8", "PWD_P16": "2.0", "PWD_P17": "2.2", "PWD_P18": "2.4", "PWD_P19": "2.6", "PWD_P20": "2.8", "PWD_P21": "3.0", "PWD_P22": "3.3", "PWD_P23": "3.6", "PWD_P24": "3.9", "PWD_P25": "4.3", "PWD_P26": "4.7", "PWD_P27": "5.2", "PWD_P28": "5.6", "PWD_P29": "6.1", "PWD_P30": "6.5", "PWD_P31": "7.0", "PWD_P32": "7.5", "PWD_P33": "8.0", "PWD_P34": "8.5", "PWD_P35": "9.0", "PWD_P36": "9.6", "PWD_P37": "10.2", "PWD_P38": "10.8", "PWD_P39": "11.4", "PWD_P40": "12.0", "PWD_P41": "12.8", "PWD_P42": "13.5", "PWD_P43": "14.3", "PWD_P44": "15.2", "PWD_P45": "16.2", "PWD_P46": "17.3", "PWD_P47": "18.5", "PWD_P48": "19.8", "PWD_P49": "21.2", "PWD_P50": "22.7", "PWD_P51": "24.4", "PWD_P52": "26.2", "PWD_P53": "28.2", "PWD_P54": "30.5", "PWD_P55": "33.4", "PWD_P56": "36.4", "PWD_P57": "39.7", "PWD_P58": "43.4", "PWD_P59": "47.2", "PWD_P60": "51.1", "PWD_P61": "55.0", "PWD_P62": "59.3", "PWD_P63": "64.7", "PWD_P64": "71.0", "PWD_P65": "78.2", "PWD_P66": "86.8", "PWD_P67": "95.9", "PWD_P68": "106.2", "PWD_P69": "117.3", "PWD_P70": "129.6", "PWD_P71": "143.0", "PWD_P72": "156.6", "PWD_P73": "172.9", "PWD_P74": "191.4", "PWD_P75": "211.4", "PWD_P76": "236.8", "PWD_P77": "262.6", "PWD_P78": "288.2", "PWD_P79": "323.6", "PWD_P80": "356.8", "PWD_P81": "398.2", "PWD_P82": "438.7", "PWD_P83": "478.3", "PWD_P84": "514.4", "PWD_P85": "550.1", "PWD_P86": "582.3", "PWD_P87": "612.2", "PWD_P88": "634.9", "PWD_P89": "656.7", "PWD_P90": "693.7", "PWD_P91": "761.7", "PWD_P92": "869.6", "PWD_P93": "1003.9", "PWD_P94": "1121.1", "PWD_P95": "1232.9", "PWD_P96": "1360.6", "PWD_P97": "1427.1", "PWD_P98": "1625.6", "PWD_P99": "2083.9", "PWD_P100": "3127.6" }, "geometry": { "type": "Point", "coordinates": [ 25.804412841796875, -22.957988739013672 ] } },
{ "type": "Feature", "id": 32, "properties": { "lon": -88.56573486328125, "lat": 17.440462112426758, "year": "2000", "ISO": "BLZ", "ISO_No": "84", "Name": "Belize", "PWC_Lat": "17.4404621124268", "PWC_Lon": "-88.5657348632812", "Pop": "247309", "Density": "11.4", "Area": "21775.8", "PWD_A": "114.1", "PWD_G": "27.6", "PWD_M": "19.0", "PWD_P1": "1.7", "PWD_P2": "2.0", "PWD_P3": "2.2", "PWD_P4": "2.6", "PWD_P5": "3.0", "PWD_P6": "3.6", "PWD_P7": "4.2", "PWD_P8": "4.6", "PWD_P9": "5.0", "PWD_P10": "5.3", "PWD_P11": "5.6", "PWD_P12": "5.8", "PWD_P13": "6.1", "PWD_P14": "6.3", "PWD_P15": "6.5", "PWD_P16": "6.7", "PWD_P17": "7.0", "PWD_P18": "7.2", "PWD_P19": "7.4", "PWD_P20": "7.6", "PWD_P21": "7.8", "PWD_P22": "8.1", "PWD_P23": "8.3", "PWD_P24": "8.6", "PWD_P25": "8.8", "PWD_P26": "9.0", "PWD_P27": "9.3", "PWD_P28": "9.5", "PWD_P29": "9.8", "PWD_P30": "10.1", "PWD_P31": "10.4", "PWD_P32": "10.7", "PWD_P33": "11.1", "PWD_P34": "11.5", "PWD_P35": "11.8", "PWD_P36": "12.2", "PWD_P37": "12.6", "PWD_P38": "12.9", "PWD_P39": "13.3", "PWD_P40": "13.7", "PWD_P41": "14.1", "PWD_P42": "14.5", "PWD_P43": "14.9", "PWD_P44": "15.4", "PWD_P45": "15.9", "PWD_P46": "16.4", "PWD_P47": "17.0", "PWD_P48": "17.7", "PWD_P49": "18.3", "PWD_P50": "19.0", "PWD_P51": "19.8", "PWD_P52": "20.7", "PWD_P53": "21.7", "PWD_P54": "22.9", "PWD_P55": "24.0", "PWD_P56": "25.4", "PWD_P57": "26.9", "PWD_P58": "28.3", "PWD_P59": "29.6", "PWD_P60": "31.1", "PWD_P61": "32.6", "PWD_P62": "34.3", "PWD_P63": "35.9", "PWD_P64": "37.7", "PWD_P65": "39.7", "PWD_P66": "41.7", "PWD_P67": "43.9", "PWD_P68": "46.1", "PWD_P69": "48.3", "PWD_P70": "50.8", "PWD_P71": "54.0", "PWD_P72": "57.7", "PWD_P73": "62.3", "PWD_P74": "66.6", "PWD_P75": "71.4", "PWD_P76": "76.8", "PWD_P77": "83.8", "PWD_P78": "93.1", "PWD_P79": "102.2", "PWD_P80": "112.0", "PWD_P81": "123.0", "PWD_P82": "133.5", "PWD_P83": "144.8", "PWD_P84": "159.3", "PWD_P85": "174.3", "PWD_P86": "189.9", "PWD_P87": "209.0", "PWD_P88": "226.1", "PWD_P89": "241.1", "PWD_P90": "262.1", "PWD_P91": "301.3", "PWD_P92": "346.0", "PWD_P93": "394.3", "PWD_P94": "501.2", "PWD_P95": "822.4", "PWD_P96": "949.8", "PWD_P97": "1098.7", "PWD_P98": "1187.6", "PWD_P99": "1264.1", "PWD_P100": "1679.3" }, "geometry": { "type": "Point", "coordinates": [ -88.56573486328125, 17.440462112426758 ] } },
{ "type": "Feature", "id": 33, "properties": { "lon": 160.07826232910156, "lat": -9.0013027191162109, "year": "2000", "ISO": "SLB", "ISO_No": "90", "Name": "Solomon Islands", "PWC_Lat": "-9.00130271911621", "PWC_Lon": "160.078262329102", "Pop": "412665", "Density": "14.2", "Area": "29053.7", "PWD_A": "788.6", "PWD_G": "113.3", "PWD_M": "101.1", "PWD_P1": "0.9", "PWD_P2": "1.6", "PWD_P3": "2.2", "PWD_P4": "2.8", "PWD_P5": "3.5", "PWD_P6": "4.2", "PWD_P7": "5.0", "PWD_P8": "5.7", "PWD_P9": "6.6", "PWD_P10": "7.5", "PWD_P11": "8.4", "PWD_P12": "9.4", "PWD_P13": "10.5", "PWD_P14": "11.6", "PWD_P15": "12.7", "PWD_P16": "13.9", "PWD_P17": "15.1", "PWD_P18": "16.4", "PWD_P19": "17.8", "PWD_P20": "19.1", "PWD_P21": "20.6", "PWD_P22": "22.1", "PWD_P23": "23.7", "PWD_P24": "25.3", "PWD_P25": "27.0", "PWD_P26": "28.8", "PWD_P27": "30.6", "PWD_P28": "32.5", "PWD_P29": "34.5", "PWD_P30": "36.4", "PWD_P31": "38.5", "PWD_P32": "40.7", "PWD_P33": "43.0", "PWD_P34": "45.3", "PWD_P35": "47.6", "PWD_P36": "50.0", "PWD_P37": "52.5", "PWD_P38": "55.1", "PWD_P39": "57.9", "PWD_P40": "60.8", "PWD_P41": "64.0", "PWD_P42": "67.5", "PWD_P43": "71.1", "PWD_P44": "74.6", "PWD_P45": "78.4", "PWD_P46": "82.3", "PWD_P47": "86.6", "PWD_P48": "91.2", "PWD_P49": "96.0", "PWD_P50": "101.1", "PWD_P51": "106.5", "PWD_P52": "112.3", "PWD_P53": "118.5", "PWD_P54": "124.9", "PWD_P55": "131.6", "PWD_P56": "138.7", "PWD_P57": "146.3", "PWD_P58": "154.8", "PWD_P59": "163.7", "PWD_P60": "172.9", "PWD_P61": "183.1", "PWD_P62": "194.4", "PWD_P63": "206.5", "PWD_P64": "219.6", "PWD_P65": "233.7", "PWD_P66": "249.6", "PWD_P67": "266.2", "PWD_P68": "284.0", "PWD_P69": "303.5", "PWD_P70": "324.3", "PWD_P71": "347.7", "PWD_P72": "374.1", "PWD_P73": "401.3", "PWD_P74": "435.2", "PWD_P75": "470.9", "PWD_P76": "511.4", "PWD_P77": "557.1", "PWD_P78": "612.8", "PWD_P79": "670.1", "PWD_P80": "736.2", "PWD_P81": "820.7", "PWD_P82": "930.5", "PWD_P83": "1041.0", "PWD_P84": "1195.9", "PWD_P85": "1374.0", "PWD_P86": "1543.6", "PWD_P87": "1768.0", "PWD_P88": "2011.4", "PWD_P89": "2329.5", "PWD_P90": "2651.1", "PWD_P91": "2950.7", "PWD_P92": "3250.6", "PWD_P93": "3591.8", "PWD_P94": "4086.1", "PWD_P95": "4502.9", "PWD_P96": "5113.5", "PWD_P97": "5721.0", "PWD_P98": "6639.2", "PWD_P99": "8336.8", "PWD_P100": "33853.3" }, "geometry": { "type": "Point", "coordinates": [ 160.078262329101562, -9.001302719116211 ] } },
{ "type": "Feature", "id": 34, "properties": { "lon": -64.591079711914062, "lat": 18.434513092041016, "year": "2000", "ISO": "VGB", "ISO_No": "92", "Name": "British Virgin Islands", "PWC_Lat": "18.434513092041", "PWC_Lon": "-64.5910797119141", "Pop": "20312", "Density": "108.4", "Area": "187.4", "PWD_A": "270.2", "PWD_G": "224.6", "PWD_M": "273.4", "PWD_P1": "6.8", "PWD_P2": "13.3", "PWD_P3": "26.1", "PWD_P4": "43.0", "PWD_P5": "63.5", "PWD_P6": "73.6", "PWD_P7": "83.1", "PWD_P8": "91.5", "PWD_P9": "97.7", "PWD_P10": "102.7", "PWD_P11": "107.3", "PWD_P12": "112.7", "PWD_P13": "118.3", "PWD_P14": "123.5", "PWD_P15": "130.7", "PWD_P16": "137.1", "PWD_P17": "143.7", "PWD_P18": "149.1", "PWD_P19": "154.7", "PWD_P20": "159.8", "PWD_P21": "164.9", "PWD_P22": "170.2", "PWD_P23": "174.5", "PWD_P24": "179.0", "PWD_P25": "182.4", "PWD_P26": "185.9", "PWD_P27": "189.7", "PWD_P28": "193.8", "PWD_P29": "197.0", "PWD_P30": "200.1", "PWD_P31": "203.5", "PWD_P32": "207.2", "PWD_P33": "211.3", "PWD_P34": "215.6", "PWD_P35": "219.8", "PWD_P36": "223.6", "PWD_P37": "227.0", "PWD_P38": "230.9", "PWD_P39": "234.0", "PWD_P40": "237.7", "PWD_P41": "241.3", "PWD_P42": "244.1", "PWD_P43": "246.9", "PWD_P44": "250.4", "PWD_P45": "254.3", "PWD_P46": "258.0", "PWD_P47": "260.4", "PWD_P48": "264.8", "PWD_P49": "269.3", "PWD_P50": "273.4", "PWD_P51": "277.6", "PWD_P52": "282.1", "PWD_P53": "285.1", "PWD_P54": "289.2", "PWD_P55": "293.2", "PWD_P56": "296.9", "PWD_P57": "300.6", "PWD_P58": "304.3", "PWD_P59": "307.9", "PWD_P60": "311.9", "PWD_P61": "315.2", "PWD_P62": "318.7", "PWD_P63": "321.6", "PWD_P64": "325.0", "PWD_P65": "327.7", "PWD_P66": "331.1", "PWD_P67": "334.1", "PWD_P68": "338.5", "PWD_P69": "341.9", "PWD_P70": "346.4", "PWD_P71": "352.4", "PWD_P72": "358.1", "PWD_P73": "363.7", "PWD_P74": "367.7", "PWD_P75": "373.0", "PWD_P76": "376.7", "PWD_P77": "381.0", "PWD_P78": "384.2", "PWD_P79": "389.2", "PWD_P80": "393.7", "PWD_P81": "397.3", "PWD_P82": "401.2", "PWD_P83": "405.0", "PWD_P84": "409.2", "PWD_P85": "412.9", "PWD_P86": "416.2", "PWD_P87": "419.6", "PWD_P88": "423.8", "PWD_P89": "427.0", "PWD_P90": "431.3", "PWD_P91": "435.1", "PWD_P92": "439.3", "PWD_P93": "444.4", "PWD_P94": "448.9", "PWD_P95": "453.1", "PWD_P96": "457.7", "PWD_P97": "464.0", "PWD_P98": "472.6", "PWD_P99": "478.8", "PWD_P100": "501.1" }, "geometry": { "type": "Point", "coordinates": [ -64.591079711914062, 18.434513092041016 ] } },
{ "type": "Feature", "id": 35, "properties": { "lon": 114.79338836669922, "lat": 4.8402972221374512, "year": "2000", "ISO": "BRN", "ISO_No": "96", "Name": "Brunei", "PWC_Lat": "4.84029722213745", "PWC_Lon": "114.793388366699", "Pop": "333166", "Density": "57.7", "Area": "5777.3", "PWD_A": "827.3", "PWD_G": "437.7", "PWD_M": "526.7", "PWD_P1": "7.3", "PWD_P2": "17.3", "PWD_P3": "27.9", "PWD_P4": "39.7", "PWD_P5": "49.8", "PWD_P6": "60.0", "PWD_P7": "70.0", "PWD_P8": "79.7", "PWD_P9": "88.6", "PWD_P10": "97.8", "PWD_P11": "106.8", "PWD_P12": "115.3", "PWD_P13": "124.6", "PWD_P14": "134.9", "PWD_P15": "144.6", "PWD_P16": "154.4", "PWD_P17": "164.3", "PWD_P18": "175.9", "PWD_P19": "186.3", "PWD_P20": "196.0", "PWD_P21": "205.9", "PWD_P22": "215.2", "PWD_P23": "225.3", "PWD_P24": "235.5", "PWD_P25": "245.1", "PWD_P26": "254.4", "PWD_P27": "263.4", "PWD_P28": "273.1", "PWD_P29": "282.9", "PWD_P30": "293.0", "PWD_P31": "302.5", "PWD_P32": "313.2", "PWD_P33": "323.9", "PWD_P34": "335.9", "PWD_P35": "347.2", "PWD_P36": "359.1", "PWD_P37": "370.6", "PWD_P38": "382.5", "PWD_P39": "394.5", "PWD_P40": "406.0", "PWD_P41": "417.2", "PWD_P42": "428.8", "PWD_P43": "440.7", "PWD_P44": "453.0", "PWD_P45": "464.8", "PWD_P46": "477.2", "PWD_P47": "489.7", "PWD_P48": "503.1", "PWD_P49": "514.9", "PWD_P50": "526.7", "PWD_P51": "538.9", "PWD_P52": "551.9", "PWD_P53": "566.3", "PWD_P54": "581.7", "PWD_P55": "597.5", "PWD_P56": "611.9", "PWD_P57": "625.8", "PWD_P58": "639.3", "PWD_P59": "652.5", "PWD_P60": "665.6", "PWD_P61": "679.7", "PWD_P62": "695.1", "PWD_P63": "712.0", "PWD_P64": "729.8", "PWD_P65": "745.9", "PWD_P66": "761.5", "PWD_P67": "777.2", "PWD_P68": "795.7", "PWD_P69": "813.7", "PWD_P70": "832.1", "PWD_P71": "850.8", "PWD_P72": "866.9", "PWD_P73": "884.8", "PWD_P74": "901.7", "PWD_P75": "920.8", "PWD_P76": "939.8", "PWD_P77": "957.5", "PWD_P78": "976.4", "PWD_P79": "999.1", "PWD_P80": "1023.9", "PWD_P81": "1053.3", "PWD_P82": "1074.5", "PWD_P83": "1093.9", "PWD_P84": "1115.6", "PWD_P85": "1144.0", "PWD_P86": "1186.6", "PWD_P87": "1246.2", "PWD_P88": "1369.3", "PWD_P89": "1514.2", "PWD_P90": "1638.9", "PWD_P91": "1717.7", "PWD_P92": "1792.0", "PWD_P93": "1895.6", "PWD_P94": "1958.6", "PWD_P95": "2047.7", "PWD_P96": "2419.8", "PWD_P97": "3481.1", "PWD_P98": "5290.2", "PWD_P99": "8600.0", "PWD_P100": "13113.6" }, "geometry": { "type": "Point", "coordinates": [ 114.793388366699219, 4.840297222137451 ] } },
{ "type": "Feature", "id": 36, "properties": { "lon": 25.067008972167969, "lat": 42.760890960693359, "year": "2000", "ISO": "BGR", "ISO_No": "100", "Name": "Bulgaria", "PWC_Lat": "42.7608909606934", "PWC_Lon": "25.067008972168", "Pop": "7997951", "Density": "72.2", "Area": "110837.5", "PWD_A": "734.0", "PWD_G": "248.3", "PWD_M": "241.6", "PWD_P1": "7.1", "PWD_P2": "9.3", "PWD_P3": "11.3", "PWD_P4": "13.4", "PWD_P5": "15.9", "PWD_P6": "18.4", "PWD_P7": "20.9", "PWD_P8": "23.4", "PWD_P9": "26.0", "PWD_P10": "28.7", "PWD_P11": "31.4", "PWD_P12": "34.1", "PWD_P13": "36.9", "PWD_P14": "39.8", "PWD_P15": "42.7", "PWD_P16": "45.6", "PWD_P17": "48.6", "PWD_P18": "51.6", "PWD_P19": "54.7", "PWD_P20": "57.9", "PWD_P21": "61.2", "PWD_P22": "64.5", "PWD_P23": "68.0", "PWD_P24": "71.6", "PWD_P25": "75.2", "PWD_P26": "79.1", "PWD_P27": "83.1", "PWD_P28": "87.2", "PWD_P29": "91.6", "PWD_P30": "96.1", "PWD_P31": "100.7", "PWD_P32": "105.5", "PWD_P33": "110.3", "PWD_P34": "115.2", "PWD_P35": "120.4", "PWD_P36": "125.8", "PWD_P37": "131.5", "PWD_P38": "137.6", "PWD_P39": "143.9", "PWD_P40": "150.4", "PWD_P41": "157.2", "PWD_P42": "164.5", "PWD_P43": "172.4", "PWD_P44": "180.6", "PWD_P45": "189.1", "PWD_P46": "198.4", "PWD_P47": "208.2", "PWD_P48": "218.4", "PWD_P49": "229.6", "PWD_P50": "241.6", "PWD_P51": "253.8", "PWD_P52": "266.4", "PWD_P53": "280.4", "PWD_P54": "295.3", "PWD_P55": "311.2", "PWD_P56": "328.4", "PWD_P57": "346.5", "PWD_P58": "365.2", "PWD_P59": "384.0", "PWD_P60": "405.7", "PWD_P61": "429.1", "PWD_P62": "455.6", "PWD_P63": "483.2", "PWD_P64": "514.0", "PWD_P65": "546.7", "PWD_P66": "580.3", "PWD_P67": "611.9", "PWD_P68": "644.2", "PWD_P69": "684.3", "PWD_P70": "727.5", "PWD_P71": "773.0", "PWD_P72": "817.3", "PWD_P73": "861.9", "PWD_P74": "910.7", "PWD_P75": "962.0", "PWD_P76": "1020.2", "PWD_P77": "1085.6", "PWD_P78": "1145.1", "PWD_P79": "1223.0", "PWD_P80": "1321.4", "PWD_P81": "1408.3", "PWD_P82": "1488.0", "PWD_P83": "1556.3", "PWD_P84": "1621.3", "PWD_P85": "1690.3", "PWD_P86": "1759.7", "PWD_P87": "1817.0", "PWD_P88": "1885.5", "PWD_P89": "1945.3", "PWD_P90": "1998.4", "PWD_P91": "2070.0", "PWD_P92": "2154.1", "PWD_P93": "2235.1", "PWD_P94": "2391.6", "PWD_P95": "2640.1", "PWD_P96": "3471.5", "PWD_P97": "4433.7", "PWD_P98": "4955.0", "PWD_P99": "5348.6", "PWD_P100": "6159.2" }, "geometry": { "type": "Point", "coordinates": [ 25.067008972167969, 42.760890960693359 ] } },
{ "type": "Feature", "id": 37, "properties": { "lon": 96.01300048828125, "lat": 19.520702362060547, "year": "2000", "ISO": "MMR", "ISO_No": "104", "Name": "Myanmar", "PWC_Lat": "19.5207023620605", "PWC_Lon": "96.0130004882812", "Pop": "46719697", "Density": "70.1", "Area": "666532.8", "PWD_A": "2138.1", "PWD_G": "401.8", "PWD_M": "351.1", "PWD_P1": "5.2", "PWD_P2": "8.2", "PWD_P3": "11.1", "PWD_P4": "14.2", "PWD_P5": "17.5", "PWD_P6": "21.1", "PWD_P7": "25.0", "PWD_P8": "28.9", "PWD_P9": "32.8", "PWD_P10": "36.7", "PWD_P11": "40.4", "PWD_P12": "44.0", "PWD_P13": "47.9", "PWD_P14": "51.7", "PWD_P15": "55.6", "PWD_P16": "59.4", "PWD_P17": "63.4", "PWD_P18": "67.4", "PWD_P19": "71.4", "PWD_P20": "75.4", "PWD_P21": "79.6", "PWD_P22": "83.9", "PWD_P23": "88.2", "PWD_P24": "92.7", "PWD_P25": "97.2", "PWD_P26": "101.8", "PWD_P27": "106.6", "PWD_P28": "111.8", "PWD_P29": "117.4", "PWD_P30": "123.3", "PWD_P31": "129.6", "PWD_P32": "136.4", "PWD_P33": "143.4", "PWD_P34": "150.9", "PWD_P35": "158.7", "PWD_P36": "167.2", "PWD_P37": "176.5", "PWD_P38": "186.3", "PWD_P39": "196.6", "PWD_P40": "207.1", "PWD_P41": "218.3", "PWD_P42": "230.1", "PWD_P43": "242.8", "PWD_P44": "256.2", "PWD_P45": "270.2", "PWD_P46": "284.6", "PWD_P47": "299.9", "PWD_P48": "316.0", "PWD_P49": "332.9", "PWD_P50": "351.1", "PWD_P51": "370.7", "PWD_P52": "391.5", "PWD_P53": "414.4", "PWD_P54": "438.1", "PWD_P55": "463.2", "PWD_P56": "490.1", "PWD_P57": "518.7", "PWD_P58": "549.0", "PWD_P59": "581.0", "PWD_P60": "615.3", "PWD_P61": "652.0", "PWD_P62": "691.5", "PWD_P63": "732.3", "PWD_P64": "775.8", "PWD_P65": "820.9", "PWD_P66": "871.0", "PWD_P67": "925.5", "PWD_P68": "984.5", "PWD_P69": "1046.5", "PWD_P70": "1111.4", "PWD_P71": "1184.5", "PWD_P72": "1265.4", "PWD_P73": "1353.2", "PWD_P74": "1454.1", "PWD_P75": "1573.8", "PWD_P76": "1718.8", "PWD_P77": "1880.7", "PWD_P78": "2077.5", "PWD_P79": "2302.9", "PWD_P80": "2560.9", "PWD_P81": "2858.4", "PWD_P82": "3210.3", "PWD_P83": "3604.6", "PWD_P84": "4013.6", "PWD_P85": "4418.5", "PWD_P86": "4830.3", "PWD_P87": "5242.5", "PWD_P88": "5743.2", "PWD_P89": "6300.2", "PWD_P90": "6954.8", "PWD_P91": "7637.1", "PWD_P92": "8343.8", "PWD_P93": "9202.6", "PWD_P94": "10380.5", "PWD_P95": "11598.8", "PWD_P96": "13200.8", "PWD_P97": "15074.0", "PWD_P98": "17779.8", "PWD_P99": "20644.1", "PWD_P100": "44517.9" }, "geometry": { "type": "Point", "coordinates": [ 96.01300048828125, 19.520702362060547 ] } },
{ "type": "Feature", "id": 38, "properties": { "lon": 29.830356597900391, "lat": -3.2474124431610107, "year": "2000", "ISO": "BDI", "ISO_No": "108", "Name": "Burundi", "PWC_Lat": "-3.24741244316101", "PWC_Lon": "29.8303565979004", "Pop": "6378870", "Density": "254.5", "Area": "25062.0", "PWD_A": "772.8", "PWD_G": "334.1", "PWD_M": "307.0", "PWD_P1": "74.3", "PWD_P2": "85.5", "PWD_P3": "93.8", "PWD_P4": "101.1", "PWD_P5": "108.3", "PWD_P6": "115.1", "PWD_P7": "121.4", "PWD_P8": "127.1", "PWD_P9": "132.3", "PWD_P10": "137.5", "PWD_P11": "142.6", "PWD_P12": "147.6", "PWD_P13": "152.4", "PWD_P14": "157.0", "PWD_P15": "161.5", "PWD_P16": "165.9", "PWD_P17": "170.1", "PWD_P18": "174.2", "PWD_P19": "178.2", "PWD_P20": "182.1", "PWD_P21": "186.1", "PWD_P22": "190.1", "PWD_P23": "194.1", "PWD_P24": "198.1", "PWD_P25": "202.1", "PWD_P26": "206.2", "PWD_P27": "210.3", "PWD_P28": "214.6", "PWD_P29": "218.9", "PWD_P30": "223.1", "PWD_P31": "227.2", "PWD_P32": "231.3", "PWD_P33": "235.4", "PWD_P34": "239.6", "PWD_P35": "243.7", "PWD_P36": "247.8", "PWD_P37": "251.8", "PWD_P38": "255.7", "PWD_P39": "259.6", "PWD_P40": "263.6", "PWD_P41": "267.7", "PWD_P42": "271.8", "PWD_P43": "275.9", "PWD_P44": "280.1", "PWD_P45": "284.4", "PWD_P46": "288.9", "PWD_P47": "293.4", "PWD_P48": "298.0", "PWD_P49": "302.6", "PWD_P50": "307.0", "PWD_P51": "311.5", "PWD_P52": "315.9", "PWD_P53": "320.4", "PWD_P54": "325.0", "PWD_P55": "329.7", "PWD_P56": "334.5", "PWD_P57": "339.4", "PWD_P58": "344.5", "PWD_P59": "349.6", "PWD_P60": "354.7", "PWD_P61": "359.8", "PWD_P62": "365.2", "PWD_P63": "370.6", "PWD_P64": "376.1", "PWD_P65": "381.7", "PWD_P66": "387.4", "PWD_P67": "393.2", "PWD_P68": "399.3", "PWD_P69": "405.7", "PWD_P70": "412.3", "PWD_P71": "419.1", "PWD_P72": "426.2", "PWD_P73": "433.7", "PWD_P74": "441.6", "PWD_P75": "449.8", "PWD_P76": "458.5", "PWD_P77": "467.9", "PWD_P78": "477.7", "PWD_P79": "488.1", "PWD_P80": "499.0", "PWD_P81": "510.5", "PWD_P82": "522.9", "PWD_P83": "536.6", "PWD_P84": "552.2", "PWD_P85": "569.7", "PWD_P86": "587.3", "PWD_P87": "607.1", "PWD_P88": "631.4", "PWD_P89": "661.3", "PWD_P90": "700.5", "PWD_P91": "749.7", "PWD_P92": "813.5", "PWD_P93": "932.8", "PWD_P94": "1113.7", "PWD_P95": "1413.1", "PWD_P96": "2075.1", "PWD_P97": "3654.1", "PWD_P98": "7865.5", "PWD_P99": "17615.1", "PWD_P100": "31832.6" }, "geometry": { "type": "Point", "coordinates": [ 29.830356597900391, -3.247412443161011 ] } },
{ "type": "Feature", "id": 39, "properties": { "lon": 27.869766235351562, "lat": 53.534969329833984, "year": "2000", "ISO": "BLR", "ISO_No": "112", "Name": "Belarus", "PWC_Lat": "53.534969329834", "PWC_Lon": "27.8697662353516", "Pop": "9871634", "Density": "48.3", "Area": "204255.0", "PWD_A": "2759.7", "PWD_G": "478.8", "PWD_M": "475.6", "PWD_P1": "3.9", "PWD_P2": "5.1", "PWD_P3": "6.2", "PWD_P4": "7.5", "PWD_P5": "9.0", "PWD_P6": "10.7", "PWD_P7": "12.4", "PWD_P8": "14.2", "PWD_P9": "16.0", "PWD_P10": "17.9", "PWD_P11": "19.9", "PWD_P12": "22.0", "PWD_P13": "24.2", "PWD_P14": "26.4", "PWD_P15": "28.6", "PWD_P16": "30.8", "PWD_P17": "33.0", "PWD_P18": "35.4", "PWD_P19": "37.8", "PWD_P20": "40.5", "PWD_P21": "43.3", "PWD_P22": "46.3", "PWD_P23": "49.6", "PWD_P24": "53.2", "PWD_P25": "57.3", "PWD_P26": "61.9", "PWD_P27": "66.9", "PWD_P28": "72.3", "PWD_P29": "78.2", "PWD_P30": "84.5", "PWD_P31": "91.1", "PWD_P32": "98.2", "PWD_P33": "105.8", "PWD_P34": "114.0", "PWD_P35": "123.2", "PWD_P36": "133.9", "PWD_P37": "146.5", "PWD_P38": "161.0", "PWD_P39": "177.8", "PWD_P40": "196.3", "PWD_P41": "214.9", "PWD_P42": "233.5", "PWD_P43": "253.9", "PWD_P44": "275.6", "PWD_P45": "298.9", "PWD_P46": "325.1", "PWD_P47": "354.9", "PWD_P48": "389.6", "PWD_P49": "429.3", "PWD_P50": "475.6", "PWD_P51": "531.3", "PWD_P52": "600.8", "PWD_P53": "692.1", "PWD_P54": "795.8", "PWD_P55": "904.9", "PWD_P56": "1021.8", "PWD_P57": "1145.9", "PWD_P58": "1281.0", "PWD_P59": "1459.0", "PWD_P60": "1782.5", "PWD_P61": "2621.8", "PWD_P62": "3118.5", "PWD_P63": "3464.7", "PWD_P64": "3715.0", "PWD_P65": "3927.7", "PWD_P66": "4114.1", "PWD_P67": "4294.1", "PWD_P68": "4455.4", "PWD_P69": "4598.1", "PWD_P70": "4725.9", "PWD_P71": "4853.0", "PWD_P72": "4971.6", "PWD_P73": "5099.9", "PWD_P74": "5244.5", "PWD_P75": "5400.2", "PWD_P76": "5581.4", "PWD_P77": "5771.0", "PWD_P78": "5954.9", "PWD_P79": "6124.0", "PWD_P80": "6295.5", "PWD_P81": "6476.5", "PWD_P82": "6687.6", "PWD_P83": "6887.1", "PWD_P84": "7066.1", "PWD_P85": "7237.5", "PWD_P86": "7477.7", "PWD_P87": "7743.3", "PWD_P88": "7971.5", "PWD_P89": "8201.9", "PWD_P90": "8412.4", "PWD_P91": "8632.3", "PWD_P92": "8859.7", "PWD_P93": "9134.1", "PWD_P94": "9388.8", "PWD_P95": "9613.6", "PWD_P96": "9838.1", "PWD_P97": "10031.4", "PWD_P98": "10202.3", "PWD_P99": "10454.9", "PWD_P100": "11440.0" }, "geometry": { "type": "Point", "coordinates": [ 27.869766235351562, 53.534969329833984 ] } },
{ "type": "Feature", "id": 40, "properties": { "lon": 104.711181640625, "lat": 12.018159866333008, "year": "2000", "ISO": "KHM", "ISO_No": "116", "Name": "Cambodia", "PWC_Lat": "12.018159866333", "PWC_Lon": "104.711181640625", "Pop": "12155241", "Density": "68.0", "Area": "178738.5", "PWD_A": "2605.3", "PWD_G": "303.1", "PWD_M": "239.7", "PWD_P1": "4.7", "PWD_P2": "9.1", "PWD_P3": "13.3", "PWD_P4": "17.5", "PWD_P5": "21.4", "PWD_P6": "25.5", "PWD_P7": "29.9", "PWD_P8": "34.7", "PWD_P9": "40.0", "PWD_P10": "45.8", "PWD_P11": "51.4", "PWD_P12": "57.0", "PWD_P13": "62.5", "PWD_P14": "68.0", "PWD_P15": "73.5", "PWD_P16": "78.8", "PWD_P17": "84.0", "PWD_P18": "89.1", "PWD_P19": "94.3", "PWD_P20": "99.4", "PWD_P21": "104.4", "PWD_P22": "109.3", "PWD_P23": "114.0", "PWD_P24": "118.7", "PWD_P25": "123.2", "PWD_P26": "127.7", "PWD_P27": "132.1", "PWD_P28": "136.4", "PWD_P29": "140.7", "PWD_P30": "145.2", "PWD_P31": "149.8", "PWD_P32": "154.3", "PWD_P33": "158.8", "PWD_P34": "163.3", "PWD_P35": "167.9", "PWD_P36": "172.5", "PWD_P37": "177.1", "PWD_P38": "181.8", "PWD_P39": "186.5", "PWD_P40": "191.2", "PWD_P41": "195.9", "PWD_P42": "200.6", "PWD_P43": "205.2", "PWD_P44": "209.8", "PWD_P45": "214.4", "PWD_P46": "219.1", "PWD_P47": "224.0", "PWD_P48": "229.0", "PWD_P49": "234.3", "PWD_P50": "239.7", "PWD_P51": "245.5", "PWD_P52": "251.3", "PWD_P53": "257.4", "PWD_P54": "263.8", "PWD_P55": "270.4", "PWD_P56": "277.3", "PWD_P57": "284.6", "PWD_P58": "292.3", "PWD_P59": "300.3", "PWD_P60": "308.8", "PWD_P61": "317.6", "PWD_P62": "327.3", "PWD_P63": "337.7", "PWD_P64": "349.0", "PWD_P65": "361.4", "PWD_P66": "375.0", "PWD_P67": "389.7", "PWD_P68": "405.3", "PWD_P69": "422.3", "PWD_P70": "440.6", "PWD_P71": "460.9", "PWD_P72": "484.0", "PWD_P73": "509.3", "PWD_P74": "537.9", "PWD_P75": "569.8", "PWD_P76": "607.6", "PWD_P77": "650.6", "PWD_P78": "701.1", "PWD_P79": "758.7", "PWD_P80": "826.3", "PWD_P81": "904.3", "PWD_P82": "998.4", "PWD_P83": "1113.7", "PWD_P84": "1252.4", "PWD_P85": "1424.8", "PWD_P86": "1646.0", "PWD_P87": "1943.8", "PWD_P88": "2310.4", "PWD_P89": "2870.6", "PWD_P90": "3611.3", "PWD_P91": "4599.1", "PWD_P92": "5850.0", "PWD_P93": "7501.9", "PWD_P94": "9883.4", "PWD_P95": "13313.8", "PWD_P96": "18144.3", "PWD_P97": "23600.6", "PWD_P98": "31928.1", "PWD_P99": "43831.1", "PWD_P100": "250980.7" }, "geometry": { "type": "Point", "coordinates": [ 104.711181640625, 12.018159866333008 ] } },
{ "type": "Feature", "id": 41, "properties": { "lon": 11.784651756286621, "lat": 6.2592382431030273, "year": "2000", "ISO": "CMR", "ISO_No": "120", "Name": "Cameroon", "PWC_Lat": "6.25923824310303", "PWC_Lon": "11.7846517562866", "Pop": "15513944", "Density": "33.3", "Area": "465487.4", "PWD_A": "1028.5", "PWD_G": "165.0", "PWD_M": "138.5", "PWD_P1": "2.9", "PWD_P2": "3.9", "PWD_P3": "4.8", "PWD_P4": "5.9", "PWD_P5": "7.0", "PWD_P6": "8.2", "PWD_P7": "9.4", "PWD_P8": "10.6", "PWD_P9": "11.8", "PWD_P10": "13.2", "PWD_P11": "14.6", "PWD_P12": "16.1", "PWD_P13": "17.7", "PWD_P14": "19.4", "PWD_P15": "21.2", "PWD_P16": "23.0", "PWD_P17": "25.0", "PWD_P18": "27.0", "PWD_P19": "29.0", "PWD_P20": "31.0", "PWD_P21": "33.3", "PWD_P22": "35.7", "PWD_P23": "38.1", "PWD_P24": "40.6", "PWD_P25": "43.2", "PWD_P26": "45.7", "PWD_P27": "48.2", "PWD_P28": "50.9", "PWD_P29": "53.8", "PWD_P30": "56.8", "PWD_P31": "59.8", "PWD_P32": "62.9", "PWD_P33": "66.0", "PWD_P34": "69.1", "PWD_P35": "72.3", "PWD_P36": "75.9", "PWD_P37": "79.5", "PWD_P38": "83.3", "PWD_P39": "87.1", "PWD_P40": "90.9", "PWD_P41": "95.1", "PWD_P42": "99.4", "PWD_P43": "104.0", "PWD_P44": "108.6", "PWD_P45": "113.4", "PWD_P46": "118.2", "PWD_P47": "123.0", "PWD_P48": "128.0", "PWD_P49": "133.2", "PWD_P50": "138.5", "PWD_P51": "144.2", "PWD_P52": "150.0", "PWD_P53": "156.0", "PWD_P54": "162.5", "PWD_P55": "169.2", "PWD_P56": "175.9", "PWD_P57": "182.7", "PWD_P58": "189.8", "PWD_P59": "197.0", "PWD_P60": "204.6", "PWD_P61": "212.6", "PWD_P62": "221.4", "PWD_P63": "230.9", "PWD_P64": "240.9", "PWD_P65": "251.9", "PWD_P66": "263.9", "PWD_P67": "276.9", "PWD_P68": "292.3", "PWD_P69": "310.0", "PWD_P70": "329.3", "PWD_P71": "352.4", "PWD_P72": "379.5", "PWD_P73": "414.1", "PWD_P74": "459.6", "PWD_P75": "513.3", "PWD_P76": "577.7", "PWD_P77": "645.9", "PWD_P78": "733.4", "PWD_P79": "842.1", "PWD_P80": "983.5", "PWD_P81": "1186.2", "PWD_P82": "1417.8", "PWD_P83": "1710.1", "PWD_P84": "2094.7", "PWD_P85": "2533.7", "PWD_P86": "2948.4", "PWD_P87": "3327.2", "PWD_P88": "3538.1", "PWD_P89": "3657.7", "PWD_P90": "3813.7", "PWD_P91": "3883.2", "PWD_P92": "4636.3", "PWD_P93": "6035.0", "PWD_P94": "6603.5", "PWD_P95": "7254.6", "PWD_P96": "7503.9", "PWD_P97": "7637.8", "PWD_P98": "7863.2", "PWD_P99": "8104.9", "PWD_P100": "8857.8" }, "geometry": { "type": "Point", "coordinates": [ 11.784651756286621, 6.259238243103027 ] } },
{ "type": "Feature", "id": 42, "properties": { "lon": -23.984951019287109, "lat": 15.665094375610352, "year": "2000", "ISO": "CPV", "ISO_No": "132", "Name": "Cape Verde", "PWC_Lat": "15.6650943756104", "PWC_Lon": "-23.9849510192871", "Pop": "428177", "Density": "103.2", "Area": "4149.2", "PWD_A": "1100.4", "PWD_G": "367.4", "PWD_M": "314.1", "PWD_P1": "8.9", "PWD_P2": "14.6", "PWD_P3": "19.0", "PWD_P4": "22.4", "PWD_P5": "25.9", "PWD_P6": "29.9", "PWD_P7": "34.3", "PWD_P8": "39.3", "PWD_P9": "45.0", "PWD_P10": "49.9", "PWD_P11": "54.6", "PWD_P12": "59.6", "PWD_P13": "65.2", "PWD_P14": "69.9", "PWD_P15": "74.8", "PWD_P16": "80.4", "PWD_P17": "84.9", "PWD_P18": "89.6", "PWD_P19": "93.5", "PWD_P20": "97.9", "PWD_P21": "102.4", "PWD_P22": "106.4", "PWD_P23": "110.0", "PWD_P24": "113.8", "PWD_P25": "118.2", "PWD_P26": "123.6", "PWD_P27": "130.1", "PWD_P28": "136.7", "PWD_P29": "143.1", "PWD_P30": "149.9", "PWD_P31": "155.8", "PWD_P32": "162.2", "PWD_P33": "168.9", "PWD_P34": "175.7", "PWD_P35": "182.5", "PWD_P36": "188.4", "PWD_P37": "194.3", "PWD_P38": "200.1", "PWD_P39": "207.7", "PWD_P40": "216.0", "PWD_P41": "224.8", "PWD_P42": "234.5", "PWD_P43": "243.5", "PWD_P44": "253.5", "PWD_P45": "262.3", "PWD_P46": "270.4", "PWD_P47": "280.3", "PWD_P48": "291.1", "PWD_P49": "302.1", "PWD_P50": "314.1", "PWD_P51": "326.5", "PWD_P52": "337.6", "PWD_P53": "347.5", "PWD_P54": "358.0", "PWD_P55": "369.5", "PWD_P56": "380.6", "PWD_P57": "391.6", "PWD_P58": "405.6", "PWD_P59": "420.8", "PWD_P60": "437.2", "PWD_P61": "454.2", "PWD_P62": "475.2", "PWD_P63": "501.9", "PWD_P64": "524.5", "PWD_P65": "552.9", "PWD_P66": "595.8", "PWD_P67": "622.1", "PWD_P68": "664.6", "PWD_P69": "700.7", "PWD_P70": "751.0", "PWD_P71": "809.5", "PWD_P72": "893.6", "PWD_P73": "996.3", "PWD_P74": "1147.0", "PWD_P75": "1927.2", "PWD_P76": "2616.6", "PWD_P77": "2786.6", "PWD_P78": "2930.0", "PWD_P79": "3077.4", "PWD_P80": "3158.4", "PWD_P81": "3227.6", "PWD_P82": "3258.2", "PWD_P83": "3297.5", "PWD_P84": "3335.6", "PWD_P85": "3380.0", "PWD_P86": "3415.7", "PWD_P87": "3461.1", "PWD_P88": "3508.8", "PWD_P89": "3578.3", "PWD_P90": "3632.9", "PWD_P91": "3681.2", "PWD_P92": "3756.3", "PWD_P93": "3793.2", "PWD_P94": "3875.0", "PWD_P95": "3963.2", "PWD_P96": "4040.0", "PWD_P97": "4122.3", "PWD_P98": "4360.1", "PWD_P99": "4797.6", "PWD_P100": "5318.8" }, "geometry": { "type": "Point", "coordinates": [ -23.984951019287109, 15.665094375610352 ] } },
{ "type": "Feature", "id": 43, "properties": { "lon": -81.272041320800781, "lat": 19.326322555541992, "year": "2000", "ISO": "CYM", "ISO_No": "136", "Name": "Cayman Islands", "PWC_Lat": "19.326322555542", "PWC_Lon": "-81.2720413208008", "Pop": "42305", "Density": "145.2", "Area": "291.3", "PWD_A": "659.3", "PWD_G": "480.2", "PWD_M": "753.7", "PWD_P1": "9.3", "PWD_P2": "14.7", "PWD_P3": "18.7", "PWD_P4": "22.4", "PWD_P5": "28.1", "PWD_P6": "31.7", "PWD_P7": "35.4", "PWD_P8": "41.3", "PWD_P9": "48.8", "PWD_P10": "58.4", "PWD_P11": "113.3", "PWD_P12": "192.9", "PWD_P13": "218.1", "PWD_P14": "236.0", "PWD_P15": "249.5", "PWD_P16": "278.2", "PWD_P17": "298.9", "PWD_P18": "324.0", "PWD_P19": "348.9", "PWD_P20": "381.6", "PWD_P21": "404.7", "PWD_P22": "421.6", "PWD_P23": "440.0", "PWD_P24": "461.2", "PWD_P25": "478.2", "PWD_P26": "497.1", "PWD_P27": "511.4", "PWD_P28": "524.4", "PWD_P29": "535.5", "PWD_P30": "545.6", "PWD_P31": "555.2", "PWD_P32": "561.8", "PWD_P33": "570.4", "PWD_P34": "578.3", "PWD_P35": "586.6", "PWD_P36": "594.3", "PWD_P37": "601.0", "PWD_P38": "606.7", "PWD_P39": "614.3", "PWD_P40": "623.8", "PWD_P41": "631.8", "PWD_P42": "645.0", "PWD_P43": "658.5", "PWD_P44": "671.8", "PWD_P45": "686.5", "PWD_P46": "701.9", "PWD_P47": "714.9", "PWD_P48": "731.2", "PWD_P49": "743.2", "PWD_P50": "753.7", "PWD_P51": "763.4", "PWD_P52": "772.0", "PWD_P53": "778.7", "PWD_P54": "784.7", "PWD_P55": "791.3", "PWD_P56": "797.1", "PWD_P57": "803.6", "PWD_P58": "809.1", "PWD_P59": "816.3", "PWD_P60": "822.9", "PWD_P61": "828.4", "PWD_P62": "835.6", "PWD_P63": "841.7", "PWD_P64": "847.9", "PWD_P65": "855.0", "PWD_P66": "860.9", "PWD_P67": "866.6", "PWD_P68": "873.6", "PWD_P69": "881.0", "PWD_P70": "890.1", "PWD_P71": "898.7", "PWD_P72": "906.9", "PWD_P73": "913.0", "PWD_P74": "919.1", "PWD_P75": "923.3", "PWD_P76": "928.1", "PWD_P77": "933.7", "PWD_P78": "938.0", "PWD_P79": "942.0", "PWD_P80": "946.1", "PWD_P81": "950.2", "PWD_P82": "954.0", "PWD_P83": "957.6", "PWD_P84": "961.0", "PWD_P85": "964.5", "PWD_P86": "968.4", "PWD_P87": "972.5", "PWD_P88": "977.4", "PWD_P89": "982.3", "PWD_P90": "986.3", "PWD_P91": "992.0", "PWD_P92": "1000.7", "PWD_P93": "1009.0", "PWD_P94": "1020.0", "PWD_P95": "1032.1", "PWD_P96": "1043.0", "PWD_P97": "1057.6", "PWD_P98": "1073.3", "PWD_P99": "1083.9", "PWD_P100": "1113.3" }, "geometry": { "type": "Point", "coordinates": [ -81.272041320800781, 19.326322555541992 ] } },
{ "type": "Feature", "id": 44, "properties": { "lon": 18.418621063232422, "lat": 5.4521293640136719, "year": "2000", "ISO": "CAF", "ISO_No": "140", "Name": "Central African Republic", "PWC_Lat": "5.45212936401367", "PWC_Lon": "18.4186210632324", "Pop": "3640421", "Density": "5.9", "Area": "621926.8", "PWD_A": "2309.0", "PWD_G": "71.3", "PWD_M": "41.2", "PWD_P1": "0.4", "PWD_P2": "0.8", "PWD_P3": "1.1", "PWD_P4": "1.4", "PWD_P5": "1.7", "PWD_P6": "2.0", "PWD_P7": "2.3", "PWD_P8": "2.6", "PWD_P9": "3.0", "PWD_P10": "3.3", "PWD_P11": "3.7", "PWD_P12": "4.0", "PWD_P13": "4.4", "PWD_P14": "4.8", "PWD_P15": "5.2", "PWD_P16": "5.7", "PWD_P17": "6.1", "PWD_P18": "6.6", "PWD_P19": "7.1", "PWD_P20": "7.6", "PWD_P21": "8.1", "PWD_P22": "8.7", "PWD_P23": "9.2", "PWD_P24": "9.9", "PWD_P25": "10.5", "PWD_P26": "11.1", "PWD_P27": "11.8", "PWD_P28": "12.5", "PWD_P29": "13.2", "PWD_P30": "14.0", "PWD_P31": "14.8", "PWD_P32": "15.7", "PWD_P33": "16.5", "PWD_P34": "17.5", "PWD_P35": "18.4", "PWD_P36": "19.4", "PWD_P37": "20.4", "PWD_P38": "21.6", "PWD_P39": "22.8", "PWD_P40": "24.1", "PWD_P41": "25.5", "PWD_P42": "27.0", "PWD_P43": "28.5", "PWD_P44": "30.0", "PWD_P45": "31.6", "PWD_P46": "33.2", "PWD_P47": "35.0", "PWD_P48": "36.9", "PWD_P49": "39.0", "PWD_P50": "41.2", "PWD_P51": "43.6", "PWD_P52": "46.3", "PWD_P53": "49.2", "PWD_P54": "52.2", "PWD_P55": "55.5", "PWD_P56": "59.0", "PWD_P57": "62.7", "PWD_P58": "66.9", "PWD_P59": "71.4", "PWD_P60": "76.4", "PWD_P61": "82.0", "PWD_P62": "87.9", "PWD_P63": "94.5", "PWD_P64": "101.7", "PWD_P65": "109.7", "PWD_P66": "119.2", "PWD_P67": "129.6", "PWD_P68": "141.6", "PWD_P69": "155.8", "PWD_P70": "171.7", "PWD_P71": "190.1", "PWD_P72": "212.2", "PWD_P73": "239.0", "PWD_P74": "269.4", "PWD_P75": "304.0", "PWD_P76": "348.7", "PWD_P77": "398.0", "PWD_P78": "454.4", "PWD_P79": "521.4", "PWD_P80": "592.4", "PWD_P81": "679.8", "PWD_P82": "801.7", "PWD_P83": "973.9", "PWD_P84": "1205.6", "PWD_P85": "1707.0", "PWD_P86": "2838.2", "PWD_P87": "5409.5", "PWD_P88": "8413.9", "PWD_P89": "10825.3", "PWD_P90": "12202.0", "PWD_P91": "14067.0", "PWD_P92": "15398.8", "PWD_P93": "16410.9", "PWD_P94": "17038.2", "PWD_P95": "17738.9", "PWD_P96": "18575.9", "PWD_P97": "19867.3", "PWD_P98": "21218.1", "PWD_P99": "25301.1", "PWD_P100": "29998.4" }, "geometry": { "type": "Point", "coordinates": [ 18.418621063232422, 5.452129364013672 ] } },
{ "type": "Feature", "id": 45, "properties": { "lon": 80.42547607421875, "lat": 7.2415456771850586, "year": "2000", "ISO": "LKA", "ISO_No": "144", "Name": "Sri Lanka", "PWC_Lat": "7.24154567718506", "PWC_Lon": "80.4254760742188", "Pop": "18777605", "Density": "287.3", "Area": "65366.0", "PWD_A": "3013.8", "PWD_G": "983.9", "PWD_M": "892.6", "PWD_P1": "28.3", "PWD_P2": "47.4", "PWD_P3": "64.7", "PWD_P4": "80.8", "PWD_P5": "96.0", "PWD_P6": "110.2", "PWD_P7": "123.7", "PWD_P8": "137.1", "PWD_P9": "150.1", "PWD_P10": "162.7", "PWD_P11": "175.4", "PWD_P12": "187.8", "PWD_P13": "199.9", "PWD_P14": "212.1", "PWD_P15": "224.3", "PWD_P16": "236.4", "PWD_P17": "248.6", "PWD_P18": "261.0", "PWD_P19": "273.3", "PWD_P20": "285.6", "PWD_P21": "298.0", "PWD_P22": "310.7", "PWD_P23": "323.6", "PWD_P24": "336.6", "PWD_P25": "349.9", "PWD_P26": "363.6", "PWD_P27": "377.9", "PWD_P28": "392.5", "PWD_P29": "407.5", "PWD_P30": "422.8", "PWD_P31": "438.4", "PWD_P32": "454.4", "PWD_P33": "471.0", "PWD_P34": "488.2", "PWD_P35": "505.8", "PWD_P36": "524.1", "PWD_P37": "543.4", "PWD_P38": "563.3", "PWD_P39": "584.1", "PWD_P40": "605.6", "PWD_P41": "628.2", "PWD_P42": "652.0", "PWD_P43": "677.0", "PWD_P44": "703.2", "PWD_P45": "730.9", "PWD_P46": "760.1", "PWD_P47": "790.9", "PWD_P48": "823.4", "PWD_P49": "857.4", "PWD_P50": "892.6", "PWD_P51": "930.0", "PWD_P52": "969.6", "PWD_P53": "1011.0", "PWD_P54": "1054.7", "PWD_P55": "1101.4", "PWD_P56": "1150.2", "PWD_P57": "1202.5", "PWD_P58": "1256.6", "PWD_P59": "1314.2", "PWD_P60": "1374.8", "PWD_P61": "1439.1", "PWD_P62": "1505.5", "PWD_P63": "1576.4", "PWD_P64": "1650.7", "PWD_P65": "1728.0", "PWD_P66": "1809.0", "PWD_P67": "1895.5", "PWD_P68": "1987.4", "PWD_P69": "2082.4", "PWD_P70": "2184.9", "PWD_P71": "2294.1", "PWD_P72": "2413.0", "PWD_P73": "2535.9", "PWD_P74": "2667.8", "PWD_P75": "2807.8", "PWD_P76": "2953.1", "PWD_P77": "3110.4", "PWD_P78": "3278.4", "PWD_P79": "3472.0", "PWD_P80": "3666.9", "PWD_P81": "3870.5", "PWD_P82": "4104.3", "PWD_P83": "4366.9", "PWD_P84": "4650.0", "PWD_P85": "4948.6", "PWD_P86": "5296.1", "PWD_P87": "5690.4", "PWD_P88": "6121.0", "PWD_P89": "6598.6", "PWD_P90": "7153.1", "PWD_P91": "7833.9", "PWD_P92": "8657.6", "PWD_P93": "9628.8", "PWD_P94": "10833.7", "PWD_P95": "12776.0", "PWD_P96": "14858.1", "PWD_P97": "17817.9", "PWD_P98": "23328.2", "PWD_P99": "35797.8", "PWD_P100": "83756.4" }, "geometry": { "type": "Point", "coordinates": [ 80.42547607421875, 7.241545677185059 ] } },
{ "type": "Feature", "id": 46, "properties": { "lon": 17.197099685668945, "lat": 11.181396484375, "year": "2000", "ISO": "TCD", "ISO_No": "148", "Name": "Chad", "PWC_Lat": "11.181396484375", "PWC_Lon": "17.1970996856689", "Pop": "8355653", "Density": "6.6", "Area": "1271778.2", "PWD_A": "250.4", "PWD_G": "29.4", "PWD_M": "24.2", "PWD_P1": "0.6", "PWD_P2": "1.4", "PWD_P3": "2.0", "PWD_P4": "2.4", "PWD_P5": "2.8", "PWD_P6": "3.2", "PWD_P7": "3.6", "PWD_P8": "4.0", "PWD_P9": "4.5", "PWD_P10": "5.0", "PWD_P11": "5.4", "PWD_P12": "5.8", "PWD_P13": "6.2", "PWD_P14": "6.6", "PWD_P15": "7.0", "PWD_P16": "7.4", "PWD_P17": "7.8", "PWD_P18": "8.1", "PWD_P19": "8.5", "PWD_P20": "8.8", "PWD_P21": "9.2", "PWD_P22": "9.5", "PWD_P23": "9.8", "PWD_P24": "10.2", "PWD_P25": "10.5", "PWD_P26": "10.9", "PWD_P27": "11.3", "PWD_P28": "11.7", "PWD_P29": "12.1", "PWD_P30": "12.5", "PWD_P31": "12.9", "PWD_P32": "13.3", "PWD_P33": "13.7", "PWD_P34": "14.2", "PWD_P35": "14.6", "PWD_P36": "15.1", "PWD_P37": "15.6", "PWD_P38": "16.2", "PWD_P39": "16.7", "PWD_P40": "17.3", "PWD_P41": "17.9", "PWD_P42": "18.5", "PWD_P43": "19.2", "PWD_P44": "19.8", "PWD_P45": "20.5", "PWD_P46": "21.2", "PWD_P47": "21.9", "PWD_P48": "22.7", "PWD_P49": "23.4", "PWD_P50": "24.2", "PWD_P51": "25.0", "PWD_P52": "25.9", "PWD_P53": "26.8", "PWD_P54": "27.8", "PWD_P55": "28.9", "PWD_P56": "29.9", "PWD_P57": "31.1", "PWD_P58": "32.2", "PWD_P59": "33.3", "PWD_P60": "34.5", "PWD_P61": "35.7", "PWD_P62": "36.9", "PWD_P63": "38.2", "PWD_P64": "39.5", "PWD_P65": "40.9", "PWD_P66": "42.4", "PWD_P67": "43.9", "PWD_P68": "45.5", "PWD_P69": "47.0", "PWD_P70": "48.6", "PWD_P71": "50.4", "PWD_P72": "52.3", "PWD_P73": "54.2", "PWD_P74": "56.2", "PWD_P75": "58.3", "PWD_P76": "60.4", "PWD_P77": "62.6", "PWD_P78": "65.0", "PWD_P79": "67.6", "PWD_P80": "70.5", "PWD_P81": "73.9", "PWD_P82": "77.4", "PWD_P83": "81.0", "PWD_P84": "84.9", "PWD_P85": "89.9", "PWD_P86": "96.0", "PWD_P87": "102.7", "PWD_P88": "112.9", "PWD_P89": "125.5", "PWD_P90": "144.9", "PWD_P91": "210.1", "PWD_P92": "1113.6", "PWD_P93": "1585.3", "PWD_P94": "1893.2", "PWD_P95": "2707.9", "PWD_P96": "3116.9", "PWD_P97": "3199.3", "PWD_P98": "3236.3", "PWD_P99": "3288.1", "PWD_P100": "3405.3" }, "geometry": { "type": "Point", "coordinates": [ 17.197099685668945, 11.181396484375 ] } },
{ "type": "Feature", "id": 47, "properties": { "lon": 120.91854095458984, "lat": 24.136075973510742, "year": "2000", "ISO": "TWN", "ISO_No": "158", "Name": "Taiwan", "PWC_Lat": "24.1360759735107", "PWC_Lon": "120.91854095459", "Pop": "21966528", "Density": "603.2", "Area": "36417.2", "PWD_A": "9286.4", "PWD_G": "3986.1", "PWD_M": "5012.8", "PWD_P1": "53.6", "PWD_P2": "107.4", "PWD_P3": "158.1", "PWD_P4": "206.9", "PWD_P5": "253.1", "PWD_P6": "297.0", "PWD_P7": "340.0", "PWD_P8": "382.7", "PWD_P9": "426.8", "PWD_P10": "472.2", "PWD_P11": "518.0", "PWD_P12": "565.3", "PWD_P13": "614.5", "PWD_P14": "665.7", "PWD_P15": "719.3", "PWD_P16": "776.6", "PWD_P17": "835.4", "PWD_P18": "898.5", "PWD_P19": "965.7", "PWD_P20": "1035.9", "PWD_P21": "1110.7", "PWD_P22": "1188.3", "PWD_P23": "1270.4", "PWD_P24": "1356.9", "PWD_P25": "1447.8", "PWD_P26": "1544.1", "PWD_P27": "1644.5", "PWD_P28": "1749.7", "PWD_P29": "1859.6", "PWD_P30": "1974.1", "PWD_P31": "2092.3", "PWD_P32": "2214.6", "PWD_P33": "2339.4", "PWD_P34": "2467.0", "PWD_P35": "2597.9", "PWD_P36": "2727.4", "PWD_P37": "2867.4", "PWD_P38": "3009.0", "PWD_P39": "3153.5", "PWD_P40": "3303.8", "PWD_P41": "3460.5", "PWD_P42": "3617.3", "PWD_P43": "3778.7", "PWD_P44": "3939.4", "PWD_P45": "4100.1", "PWD_P46": "4263.8", "PWD_P47": "4437.3", "PWD_P48": "4623.8", "PWD_P49": "4812.4", "PWD_P50": "5012.8", "PWD_P51": "5218.0", "PWD_P52": "5429.7", "PWD_P53": "5649.9", "PWD_P54": "5873.6", "PWD_P55": "6108.4", "PWD_P56": "6350.6", "PWD_P57": "6609.7", "PWD_P58": "6862.9", "PWD_P59": "7134.3", "PWD_P60": "7429.5", "PWD_P61": "7725.6", "PWD_P62": "8026.2", "PWD_P63": "8334.8", "PWD_P64": "8640.3", "PWD_P65": "8958.4", "PWD_P66": "9296.2", "PWD_P67": "9636.3", "PWD_P68": "9979.9", "PWD_P69": "10346.5", "PWD_P70": "10739.0", "PWD_P71": "11158.5", "PWD_P72": "11602.7", "PWD_P73": "12055.3", "PWD_P74": "12557.6", "PWD_P75": "13120.9", "PWD_P76": "13687.2", "PWD_P77": "14266.7", "PWD_P78": "14857.8", "PWD_P79": "15481.4", "PWD_P80": "16196.6", "PWD_P81": "16914.9", "PWD_P82": "17656.9", "PWD_P83": "18457.8", "PWD_P84": "19344.1", "PWD_P85": "20371.3", "PWD_P86": "21571.7", "PWD_P87": "22860.1", "PWD_P88": "24014.0", "PWD_P89": "25233.5", "PWD_P90": "26398.4", "PWD_P91": "27606.6", "PWD_P92": "28872.3", "PWD_P93": "30337.4", "PWD_P94": "31893.9", "PWD_P95": "33284.8", "PWD_P96": "34625.2", "PWD_P97": "36172.4", "PWD_P98": "38360.9", "PWD_P99": "43791.0", "PWD_P100": "63563.8" }, "geometry": { "type": "Point", "coordinates": [ 120.918540954589844, 24.136075973510742 ] } },
{ "type": "Feature", "id": 48, "properties": { "lon": -74.9375, "lat": 5.8792, "year": "2000", "ISO": "COL", "ISO_No": "170", "Name": "Colombia", "PWC_Lat": "5.8792", "PWC_Lon": "-74.9375", "Pop": "39629965", "Density": "35.0", "Area": "1132388.3", "PWD_A": "3837.3", "PWD_G": "684.9", "PWD_M": "967.3", "PWD_P1": "3.1", "PWD_P2": "6.1", "PWD_P3": "8.1", "PWD_P4": "9.9", "PWD_P5": "11.6", "PWD_P6": "13.2", "PWD_P7": "14.9", "PWD_P8": "16.5", "PWD_P9": "18.4", "PWD_P10": "20.4", "PWD_P11": "22.7", "PWD_P12": "25.4", "PWD_P13": "28.6", "PWD_P14": "32.4", "PWD_P15": "36.8", "PWD_P16": "41.7", "PWD_P17": "47.0", "PWD_P18": "52.7", "PWD_P19": "58.5", "PWD_P20": "64.3", "PWD_P21": "70.0", "PWD_P22": "75.7", "PWD_P23": "81.7", "PWD_P24": "88.2", "PWD_P25": "95.2", "PWD_P26": "102.8", "PWD_P27": "111.0", "PWD_P28": "119.7", "PWD_P29": "129.7", "PWD_P30": "140.9", "PWD_P31": "153.6", "PWD_P32": "167.9", "PWD_P33": "184.6", "PWD_P34": "203.3", "PWD_P35": "224.2", "PWD_P36": "247.5", "PWD_P37": "274.1", "PWD_P38": "303.6", "PWD_P39": "335.5", "PWD_P40": "370.7", "PWD_P41": "408.1", "PWD_P42": "448.5", "PWD_P43": "492.3", "PWD_P44": "541.6", "PWD_P45": "595.7", "PWD_P46": "656.2", "PWD_P47": "722.7", "PWD_P48": "799.5", "PWD_P49": "881.8", "PWD_P50": "967.3", "PWD_P51": "1060.0", "PWD_P52": "1158.0", "PWD_P53": "1259.1", "PWD_P54": "1374.0", "PWD_P55": "1493.9", "PWD_P56": "1619.3", "PWD_P57": "1761.2", "PWD_P58": "1913.9", "PWD_P59": "2080.6", "PWD_P60": "2262.9", "PWD_P61": "2447.9", "PWD_P62": "2642.1", "PWD_P63": "2838.8", "PWD_P64": "3059.3", "PWD_P65": "3323.2", "PWD_P66": "3598.6", "PWD_P67": "3905.7", "PWD_P68": "4202.1", "PWD_P69": "4515.4", "PWD_P70": "4863.6", "PWD_P71": "5191.5", "PWD_P72": "5586.1", "PWD_P73": "6060.5", "PWD_P74": "6524.7", "PWD_P75": "6919.0", "PWD_P76": "7345.4", "PWD_P77": "7870.6", "PWD_P78": "8453.1", "PWD_P79": "9053.1", "PWD_P80": "9589.1", "PWD_P81": "10136.4", "PWD_P82": "10504.6", "PWD_P83": "10968.3", "PWD_P84": "11371.6", "PWD_P85": "11732.9", "PWD_P86": "12034.6", "PWD_P87": "12269.5", "PWD_P88": "12483.2", "PWD_P89": "12679.9", "PWD_P90": "12856.3", "PWD_P91": "13040.3", "PWD_P92": "13237.3", "PWD_P93": "13435.1", "PWD_P94": "13635.7", "PWD_P95": "13815.9", "PWD_P96": "14011.5", "PWD_P97": "14208.4", "PWD_P98": "14413.1", "PWD_P99": "14697.8", "PWD_P100": "16200.4" }, "geometry": { "type": "Point", "coordinates": [ -74.9375, 5.8792 ] } },
{ "type": "Feature", "id": 49, "properties": { "lon": 43.577323913574219, "lat": -11.97386646270752, "year": "2000", "ISO": "COM", "ISO_No": "174", "Name": "Comoros", "PWC_Lat": "-11.9738664627075", "PWC_Lon": "43.5773239135742", "Pop": "542357", "Density": "317.7", "Area": "1707.2", "PWD_A": "651.6", "PWD_G": "466.8", "PWD_M": "409.6", "PWD_P1": "53.9", "PWD_P2": "64.9", "PWD_P3": "75.2", "PWD_P4": "94.0", "PWD_P5": "117.9", "PWD_P6": "133.7", "PWD_P7": "144.7", "PWD_P8": "153.1", "PWD_P9": "160.0", "PWD_P10": "166.3", "PWD_P11": "173.7", "PWD_P12": "181.9", "PWD_P13": "189.8", "PWD_P14": "196.4", "PWD_P15": "202.5", "PWD_P16": "209.7", "PWD_P17": "216.1", "PWD_P18": "221.6", "PWD_P19": "226.8", "PWD_P20": "231.6", "PWD_P21": "236.4", "PWD_P22": "241.3", "PWD_P23": "246.5", "PWD_P24": "251.8", "PWD_P25": "256.8", "PWD_P26": "261.7", "PWD_P27": "266.9", "PWD_P28": "272.3", "PWD_P29": "277.8", "PWD_P30": "283.5", "PWD_P31": "289.7", "PWD_P32": "295.7", "PWD_P33": "301.9", "PWD_P34": "308.2", "PWD_P35": "314.7", "PWD_P36": "320.6", "PWD_P37": "326.0", "PWD_P38": "332.0", "PWD_P39": "337.4", "PWD_P40": "342.9", "PWD_P41": "348.3", "PWD_P42": "354.0", "PWD_P43": "360.0", "PWD_P44": "366.3", "PWD_P45": "372.3", "PWD_P46": "378.9", "PWD_P47": "385.6", "PWD_P48": "392.6", "PWD_P49": "400.1", "PWD_P50": "409.6", "PWD_P51": "421.0", "PWD_P52": "435.6", "PWD_P53": "451.4", "PWD_P54": "470.2", "PWD_P55": "492.1", "PWD_P56": "516.3", "PWD_P57": "536.4", "PWD_P58": "557.5", "PWD_P59": "581.1", "PWD_P60": "612.7", "PWD_P61": "644.2", "PWD_P62": "670.5", "PWD_P63": "698.0", "PWD_P64": "730.5", "PWD_P65": "777.6", "PWD_P66": "821.4", "PWD_P67": "855.4", "PWD_P68": "890.1", "PWD_P69": "922.2", "PWD_P70": "948.6", "PWD_P71": "970.3", "PWD_P72": "991.1", "PWD_P73": "1008.8", "PWD_P74": "1023.0", "PWD_P75": "1034.9", "PWD_P76": "1045.9", "PWD_P77": "1058.0", "PWD_P78": "1069.6", "PWD_P79": "1083.3", "PWD_P80": "1097.4", "PWD_P81": "1112.5", "PWD_P82": "1127.9", "PWD_P83": "1147.0", "PWD_P84": "1166.3", "PWD_P85": "1192.9", "PWD_P86": "1223.0", "PWD_P87": "1251.8", "PWD_P88": "1285.9", "PWD_P89": "1321.6", "PWD_P90": "1352.5", "PWD_P91": "1388.5", "PWD_P92": "1420.9", "PWD_P93": "1457.4", "PWD_P94": "1508.3", "PWD_P95": "1597.3", "PWD_P96": "1695.2", "PWD_P97": "1837.8", "PWD_P98": "2058.8", "PWD_P99": "2457.3", "PWD_P100": "2850.0" }, "geometry": { "type": "Point", "coordinates": [ 43.577323913574219, -11.97386646270752 ] } },
{ "type": "Feature", "id": 50, "properties": { "lon": 45.170993804931641, "lat": -12.800802230834961, "year": "2000", "ISO": "MYT", "ISO_No": "175", "Name": "Mayotte", "PWC_Lat": "-12.800802230835", "PWC_Lon": "45.1709938049316", "Pop": "150330", "Density": "370.3", "Area": "406.0", "PWD_A": "676.7", "PWD_G": "504.0", "PWD_M": "533.6", "PWD_P1": "105.1", "PWD_P2": "122.7", "PWD_P3": "134.5", "PWD_P4": "141.2", "PWD_P5": "149.8", "PWD_P6": "158.0", "PWD_P7": "164.7", "PWD_P8": "170.7", "PWD_P9": "175.6", "PWD_P10": "180.1", "PWD_P11": "184.5", "PWD_P12": "188.3", "PWD_P13": "191.9", "PWD_P14": "195.4", "PWD_P15": "199.1", "PWD_P16": "203.3", "PWD_P17": "207.3", "PWD_P18": "211.2", "PWD_P19": "215.0", "PWD_P20": "218.9", "PWD_P21": "223.6", "PWD_P22": "229.2", "PWD_P23": "234.9", "PWD_P24": "240.8", "PWD_P25": "246.6", "PWD_P26": "253.6", "PWD_P27": "260.9", "PWD_P28": "268.1", "PWD_P29": "275.1", "PWD_P30": "282.5", "PWD_P31": "292.7", "PWD_P32": "300.7", "PWD_P33": "308.5", "PWD_P34": "316.4", "PWD_P35": "325.9", "PWD_P36": "336.4", "PWD_P37": "348.6", "PWD_P38": "363.3", "PWD_P39": "373.5", "PWD_P40": "381.0", "PWD_P41": "389.1", "PWD_P42": "399.8", "PWD_P43": "411.1", "PWD_P44": "426.4", "PWD_P45": "444.0", "PWD_P46": "461.2", "PWD_P47": "479.0", "PWD_P48": "499.7", "PWD_P49": "516.3", "PWD_P50": "533.6", "PWD_P51": "549.6", "PWD_P52": "562.8", "PWD_P53": "572.9", "PWD_P54": "581.7", "PWD_P55": "590.7", "PWD_P56": "601.7", "PWD_P57": "612.5", "PWD_P58": "624.0", "PWD_P59": "637.3", "PWD_P60": "652.7", "PWD_P61": "668.1", "PWD_P62": "685.5", "PWD_P63": "703.3", "PWD_P64": "720.5", "PWD_P65": "745.7", "PWD_P66": "778.5", "PWD_P67": "804.8", "PWD_P68": "830.8", "PWD_P69": "871.1", "PWD_P70": "914.3", "PWD_P71": "958.0", "PWD_P72": "992.2", "PWD_P73": "1021.6", "PWD_P74": "1047.3", "PWD_P75": "1072.0", "PWD_P76": "1096.3", "PWD_P77": "1117.5", "PWD_P78": "1149.3", "PWD_P79": "1178.3", "PWD_P80": "1204.8", "PWD_P81": "1225.1", "PWD_P82": "1244.8", "PWD_P83": "1274.1", "PWD_P84": "1299.5", "PWD_P85": "1324.3", "PWD_P86": "1346.5", "PWD_P87": "1372.2", "PWD_P88": "1398.5", "PWD_P89": "1424.8", "PWD_P90": "1452.4", "PWD_P91": "1479.2", "PWD_P92": "1505.6", "PWD_P93": "1530.3", "PWD_P94": "1564.1", "PWD_P95": "1603.6", "PWD_P96": "1647.1", "PWD_P97": "1708.8", "PWD_P98": "1785.0", "PWD_P99": "1938.4", "PWD_P100": "2198.8" }, "geometry": { "type": "Point", "coordinates": [ 45.170993804931641, -12.800802230834961 ] } },
{ "type": "Feature", "id": 51, "properties": { "lon": 14.213052749633789, "lat": -3.7739741802215576, "year": "2000", "ISO": "COG", "ISO_No": "178", "Name": "Republic of Congo", "PWC_Lat": "-3.77397418022156", "PWC_Lon": "14.2130527496338", "Pop": "3127420", "Density": "9.2", "Area": "339923.5", "PWD_A": "3246.6", "PWD_G": "254.2", "PWD_M": "1165.1", "PWD_P1": "0.6", "PWD_P2": "1.0", "PWD_P3": "1.3", "PWD_P4": "1.6", "PWD_P5": "1.9", "PWD_P6": "2.2", "PWD_P7": "2.5", "PWD_P8": "2.9", "PWD_P9": "3.3", "PWD_P10": "3.6", "PWD_P11": "4.1", "PWD_P12": "4.6", "PWD_P13": "5.2", "PWD_P14": "5.9", "PWD_P15": "6.6", "PWD_P16": "7.4", "PWD_P17": "8.0", "PWD_P18": "8.6", "PWD_P19": "9.2", "PWD_P20": "9.8", "PWD_P21": "10.4", "PWD_P22": "11.0", "PWD_P23": "11.7", "PWD_P24": "12.3", "PWD_P25": "12.9", "PWD_P26": "13.5", "PWD_P27": "14.1", "PWD_P28": "14.7", "PWD_P29": "15.5", "PWD_P30": "16.2", "PWD_P31": "16.9", "PWD_P32": "17.8", "PWD_P33": "18.8", "PWD_P34": "19.9", "PWD_P35": "21.2", "PWD_P36": "22.7", "PWD_P37": "24.1", "PWD_P38": "25.7", "PWD_P39": "27.7", "PWD_P40": "29.8", "PWD_P41": "32.4", "PWD_P42": "35.3", "PWD_P43": "38.6", "PWD_P44": "42.6", "PWD_P45": "48.7", "PWD_P46": "58.8", "PWD_P47": "77.9", "PWD_P48": "111.7", "PWD_P49": "957.7", "PWD_P50": "1165.1", "PWD_P51": "1367.9", "PWD_P52": "1584.3", "PWD_P53": "1703.8", "PWD_P54": "1916.7", "PWD_P55": "2209.4", "PWD_P56": "2374.7", "PWD_P57": "2628.6", "PWD_P58": "2742.1", "PWD_P59": "2844.3", "PWD_P60": "3174.7", "PWD_P61": "3426.3", "PWD_P62": "3668.8", "PWD_P63": "3708.3", "PWD_P64": "3848.8", "PWD_P65": "3895.9", "PWD_P66": "4025.0", "PWD_P67": "4176.2", "PWD_P68": "4464.6", "PWD_P69": "4580.7", "PWD_P70": "4612.8", "PWD_P71": "5333.0", "PWD_P72": "5911.4", "PWD_P73": "6033.7", "PWD_P74": "6135.9", "PWD_P75": "6267.6", "PWD_P76": "6367.7", "PWD_P77": "6574.2", "PWD_P78": "6750.9", "PWD_P79": "7006.3", "PWD_P80": "7226.5", "PWD_P81": "7568.9", "PWD_P82": "7690.5", "PWD_P83": "8120.3", "PWD_P84": "8304.7", "PWD_P85": "8373.7", "PWD_P86": "8606.6", "PWD_P87": "8831.0", "PWD_P88": "9075.5", "PWD_P89": "9582.2", "PWD_P90": "9848.9", "PWD_P91": "10441.7", "PWD_P92": "10570.7", "PWD_P93": "10784.5", "PWD_P94": "11078.1", "PWD_P95": "11773.8", "PWD_P96": "11823.1", "PWD_P97": "11901.5", "PWD_P98": "12004.6", "PWD_P99": "12136.4", "PWD_P100": "12988.7" }, "geometry": { "type": "Point", "coordinates": [ 14.213052749633789, -3.773974180221558 ] } },
{ "type": "Feature", "id": 52, "properties": { "lon": 22.7954, "lat": -3.2903, "year": "2000", "ISO": "COD", "ISO_No": "180", "Name": "Democratic Republic of the Congo", "PWC_Lat": "-3.2903", "PWC_Lon": "22.7954", "Pop": "47105829", "Density": "20.5", "Area": "2297129.5", "PWD_A": "3676.4", "PWD_G": "178.6", "PWD_M": "111.5", "PWD_P1": "1.5", "PWD_P2": "2.4", "PWD_P3": "3.2", "PWD_P4": "4.0", "PWD_P5": "4.9", "PWD_P6": "5.8", "PWD_P7": "6.7", "PWD_P8": "7.6", "PWD_P9": "8.6", "PWD_P10": "9.6", "PWD_P11": "10.7", "PWD_P12": "11.8", "PWD_P13": "12.9", "PWD_P14": "14.0", "PWD_P15": "15.2", "PWD_P16": "16.5", "PWD_P17": "17.7", "PWD_P18": "19.0", "PWD_P19": "20.4", "PWD_P20": "21.8", "PWD_P21": "23.2", "PWD_P22": "24.7", "PWD_P23": "26.3", "PWD_P24": "27.9", "PWD_P25": "29.6", "PWD_P26": "31.3", "PWD_P27": "33.1", "PWD_P28": "35.0", "PWD_P29": "36.9", "PWD_P30": "38.9", "PWD_P31": "41.0", "PWD_P32": "43.2", "PWD_P33": "45.5", "PWD_P34": "47.9", "PWD_P35": "50.5", "PWD_P36": "53.2", "PWD_P37": "56.0", "PWD_P38": "59.0", "PWD_P39": "62.2", "PWD_P40": "65.5", "PWD_P41": "68.9", "PWD_P42": "72.5", "PWD_P43": "76.4", "PWD_P44": "80.5", "PWD_P45": "84.8", "PWD_P46": "89.4", "PWD_P47": "94.5", "PWD_P48": "99.8", "PWD_P49": "105.5", "PWD_P50": "111.5", "PWD_P51": "117.9", "PWD_P52": "124.9", "PWD_P53": "132.3", "PWD_P54": "140.2", "PWD_P55": "148.6", "PWD_P56": "157.8", "PWD_P57": "168.0", "PWD_P58": "179.1", "PWD_P59": "190.8", "PWD_P60": "203.8", "PWD_P61": "217.6", "PWD_P62": "232.7", "PWD_P63": "250.0", "PWD_P64": "268.3", "PWD_P65": "288.4", "PWD_P66": "310.7", "PWD_P67": "335.6", "PWD_P68": "364.1", "PWD_P69": "396.1", "PWD_P70": "432.0", "PWD_P71": "471.3", "PWD_P72": "516.5", "PWD_P73": "568.2", "PWD_P74": "637.2", "PWD_P75": "720.6", "PWD_P76": "823.5", "PWD_P77": "954.2", "PWD_P78": "1152.4", "PWD_P79": "1399.2", "PWD_P80": "1716.7", "PWD_P81": "2081.4", "PWD_P82": "2543.4", "PWD_P83": "3079.2", "PWD_P84": "3877.7", "PWD_P85": "5330.5", "PWD_P86": "6860.5", "PWD_P87": "8343.3", "PWD_P88": "9985.6", "PWD_P89": "11449.0", "PWD_P90": "12807.0", "PWD_P91": "14072.5", "PWD_P92": "15603.3", "PWD_P93": "16864.0", "PWD_P94": "18742.3", "PWD_P95": "21447.6", "PWD_P96": "26621.6", "PWD_P97": "30791.8", "PWD_P98": "43072.6", "PWD_P99": "58699.6", "PWD_P100": "95013.3" }, "geometry": { "type": "Point", "coordinates": [ 22.7954, -3.2903 ] } },
{ "type": "Feature", "id": 53, "properties": { "lon": -159.82612609863281, "lat": -19.772771835327148, "year": "2000", "ISO": "COK", "ISO_No": "184", "Name": "Cook Islands", "PWC_Lat": "-19.7727718353271", "PWC_Lon": "-159.826126098633", "Pop": "17935", "Density": "62.4", "Area": "287.6", "PWD_A": "233.1", "PWD_G": "138.9", "PWD_M": "171.5", "PWD_P1": "10.3", "PWD_P2": "12.2", "PWD_P3": "13.3", "PWD_P4": "14.2", "PWD_P5": "15.1", "PWD_P6": "16.0", "PWD_P7": "16.6", "PWD_P8": "17.8", "PWD_P9": "18.8", "PWD_P10": "20.2", "PWD_P11": "21.4", "PWD_P12": "23.1", "PWD_P13": "25.1", "PWD_P14": "26.9", "PWD_P15": "28.4", "PWD_P16": "30.6", "PWD_P17": "34.7", "PWD_P18": "39.6", "PWD_P19": "44.3", "PWD_P20": "47.1", "PWD_P21": "50.7", "PWD_P22": "53.3", "PWD_P23": "54.9", "PWD_P24": "59.2", "PWD_P25": "62.9", "PWD_P26": "66.2", "PWD_P27": "71.0", "PWD_P28": "75.9", "PWD_P29": "81.3", "PWD_P30": "86.4", "PWD_P31": "91.9", "PWD_P32": "96.4", "PWD_P33": "102.2", "PWD_P34": "108.3", "PWD_P35": "113.7", "PWD_P36": "117.8", "PWD_P37": "121.5", "PWD_P38": "124.5", "PWD_P39": "128.9", "PWD_P40": "132.0", "PWD_P41": "136.1", "PWD_P42": "139.3", "PWD_P43": "141.6", "PWD_P44": "145.0", "PWD_P45": "148.4", "PWD_P46": "153.1", "PWD_P47": "157.7", "PWD_P48": "162.2", "PWD_P49": "166.1", "PWD_P50": "171.5", "PWD_P51": "179.8", "PWD_P52": "187.0", "PWD_P53": "194.8", "PWD_P54": "201.1", "PWD_P55": "207.7", "PWD_P56": "214.1", "PWD_P57": "219.1", "PWD_P58": "225.0", "PWD_P59": "230.7", "PWD_P60": "238.8", "PWD_P61": "246.8", "PWD_P62": "256.8", "PWD_P63": "264.5", "PWD_P64": "274.0", "PWD_P65": "282.3", "PWD_P66": "289.5", "PWD_P67": "298.4", "PWD_P68": "305.7", "PWD_P69": "312.7", "PWD_P70": "317.8", "PWD_P71": "324.5", "PWD_P72": "331.2", "PWD_P73": "337.0", "PWD_P74": "343.2", "PWD_P75": "347.7", "PWD_P76": "353.7", "PWD_P77": "358.6", "PWD_P78": "364.6", "PWD_P79": "370.6", "PWD_P80": "377.4", "PWD_P81": "384.6", "PWD_P82": "391.3", "PWD_P83": "402.2", "PWD_P84": "414.0", "PWD_P85": "429.0", "PWD_P86": "449.0", "PWD_P87": "477.1", "PWD_P88": "499.8", "PWD_P89": "519.3", "PWD_P90": "539.1", "PWD_P91": "554.8", "PWD_P92": "576.1", "PWD_P93": "598.9", "PWD_P94": "624.7", "PWD_P95": "667.3", "PWD_P96": "719.4", "PWD_P97": "748.7", "PWD_P98": "781.7", "PWD_P99": "827.4", "PWD_P100": "931.0" }, "geometry": { "type": "Point", "coordinates": [ -159.826126098632812, -19.772771835327148 ] } },
{ "type": "Feature", "id": 54, "properties": { "lon": -84.124046325683594, "lat": 9.9553070068359375, "year": "2000", "ISO": "CRI", "ISO_No": "188", "Name": "Costa Rica", "PWC_Lat": "9.95530700683594", "PWC_Lon": "-84.1240463256836", "Pop": "3962368", "Density": "77.2", "Area": "51350.7", "PWD_A": "3107.1", "PWD_G": "732.0", "PWD_M": "1146.7", "PWD_P1": "5.3", "PWD_P2": "7.6", "PWD_P3": "9.9", "PWD_P4": "12.8", "PWD_P5": "16.2", "PWD_P6": "19.4", "PWD_P7": "22.9", "PWD_P8": "26.6", "PWD_P9": "30.0", "PWD_P10": "33.2", "PWD_P11": "36.4", "PWD_P12": "39.8", "PWD_P13": "43.6", "PWD_P14": "47.6", "PWD_P15": "51.7", "PWD_P16": "55.7", "PWD_P17": "59.9", "PWD_P18": "64.6", "PWD_P19": "69.6", "PWD_P20": "75.1", "PWD_P21": "81.6", "PWD_P22": "89.1", "PWD_P23": "97.5", "PWD_P24": "107.1", "PWD_P25": "117.8", "PWD_P26": "130.0", "PWD_P27": "142.8", "PWD_P28": "156.1", "PWD_P29": "170.5", "PWD_P30": "187.9", "PWD_P31": "207.1", "PWD_P32": "229.3", "PWD_P33": "252.3", "PWD_P34": "278.1", "PWD_P35": "309.2", "PWD_P36": "343.1", "PWD_P37": "378.6", "PWD_P38": "420.0", "PWD_P39": "464.1", "PWD_P40": "513.2", "PWD_P41": "564.3", "PWD_P42": "616.8", "PWD_P43": "671.9", "PWD_P44": "732.4", "PWD_P45": "793.8", "PWD_P46": "858.4", "PWD_P47": "925.4", "PWD_P48": "996.6", "PWD_P49": "1068.8", "PWD_P50": "1146.7", "PWD_P51": "1231.8", "PWD_P52": "1319.3", "PWD_P53": "1411.3", "PWD_P54": "1505.5", "PWD_P55": "1598.0", "PWD_P56": "1700.0", "PWD_P57": "1806.1", "PWD_P58": "1919.2", "PWD_P59": "2036.0", "PWD_P60": "2154.0", "PWD_P61": "2288.6", "PWD_P62": "2432.8", "PWD_P63": "2581.0", "PWD_P64": "2744.0", "PWD_P65": "2910.3", "PWD_P66": "3100.9", "PWD_P67": "3308.5", "PWD_P68": "3531.8", "PWD_P69": "3765.4", "PWD_P70": "3983.0", "PWD_P71": "4219.6", "PWD_P72": "4495.2", "PWD_P73": "4756.8", "PWD_P74": "5006.4", "PWD_P75": "5233.0", "PWD_P76": "5461.6", "PWD_P77": "5710.7", "PWD_P78": "5957.1", "PWD_P79": "6167.7", "PWD_P80": "6365.2", "PWD_P81": "6591.0", "PWD_P82": "6829.3", "PWD_P83": "7071.1", "PWD_P84": "7322.7", "PWD_P85": "7575.0", "PWD_P86": "7845.8", "PWD_P87": "8133.8", "PWD_P88": "8429.7", "PWD_P89": "8738.0", "PWD_P90": "9074.5", "PWD_P91": "9443.0", "PWD_P92": "9901.1", "PWD_P93": "10380.3", "PWD_P94": "10991.5", "PWD_P95": "11524.5", "PWD_P96": "12063.3", "PWD_P97": "12670.8", "PWD_P98": "13622.6", "PWD_P99": "15556.3", "PWD_P100": "35645.8" }, "geometry": { "type": "Point", "coordinates": [ -84.124046325683594, 9.955307006835938 ] } },
{ "type": "Feature", "id": 55, "properties": { "lon": 16.406906127929688, "lat": 45.231273651123047, "year": "2000", "ISO": "HRV", "ISO_No": "191", "Name": "Croatia", "PWC_Lat": "45.231273651123", "PWC_Lon": "16.4069061279297", "Pop": "4428075", "Density": "78.2", "Area": "56598.6", "PWD_A": "883.9", "PWD_G": "300.3", "PWD_M": "306.3", "PWD_P1": "6.7", "PWD_P2": "10.0", "PWD_P3": "13.3", "PWD_P4": "16.5", "PWD_P5": "19.5", "PWD_P6": "22.4", "PWD_P7": "25.2", "PWD_P8": "27.8", "PWD_P9": "30.4", "PWD_P10": "33.1", "PWD_P11": "35.7", "PWD_P12": "38.4", "PWD_P13": "41.2", "PWD_P14": "44.1", "PWD_P15": "47.0", "PWD_P16": "50.0", "PWD_P17": "53.1", "PWD_P18": "56.4", "PWD_P19": "59.8", "PWD_P20": "63.3", "PWD_P21": "66.9", "PWD_P22": "70.6", "PWD_P23": "74.5", "PWD_P24": "78.5", "PWD_P25": "82.5", "PWD_P26": "86.8", "PWD_P27": "91.3", "PWD_P28": "95.9", "PWD_P29": "100.9", "PWD_P30": "106.2", "PWD_P31": "111.6", "PWD_P32": "117.3", "PWD_P33": "123.1", "PWD_P34": "129.3", "PWD_P35": "135.7", "PWD_P36": "142.3", "PWD_P37": "149.4", "PWD_P38": "156.9", "PWD_P39": "164.7", "PWD_P40": "172.9", "PWD_P41": "181.8", "PWD_P42": "191.4", "PWD_P43": "201.6", "PWD_P44": "212.7", "PWD_P45": "224.8", "PWD_P46": "238.2", "PWD_P47": "253.4", "PWD_P48": "269.9", "PWD_P49": "287.3", "PWD_P50": "306.3", "PWD_P51": "326.1", "PWD_P52": "347.4", "PWD_P53": "370.2", "PWD_P54": "393.5", "PWD_P55": "418.3", "PWD_P56": "446.7", "PWD_P57": "476.0", "PWD_P58": "506.1", "PWD_P59": "537.8", "PWD_P60": "569.3", "PWD_P61": "601.4", "PWD_P62": "633.7", "PWD_P63": "669.2", "PWD_P64": "707.0", "PWD_P65": "747.8", "PWD_P66": "791.3", "PWD_P67": "837.2", "PWD_P68": "888.1", "PWD_P69": "941.2", "PWD_P70": "1001.3", "PWD_P71": "1064.3", "PWD_P72": "1131.8", "PWD_P73": "1203.3", "PWD_P74": "1278.1", "PWD_P75": "1347.0", "PWD_P76": "1418.7", "PWD_P77": "1489.3", "PWD_P78": "1558.2", "PWD_P79": "1635.1", "PWD_P80": "1710.0", "PWD_P81": "1781.3", "PWD_P82": "1850.3", "PWD_P83": "1922.9", "PWD_P84": "1990.6", "PWD_P85": "2059.3", "PWD_P86": "2135.8", "PWD_P87": "2213.6", "PWD_P88": "2295.4", "PWD_P89": "2382.8", "PWD_P90": "2475.8", "PWD_P91": "2567.4", "PWD_P92": "2630.7", "PWD_P93": "2703.2", "PWD_P94": "2872.4", "PWD_P95": "3591.4", "PWD_P96": "4105.0", "PWD_P97": "4424.7", "PWD_P98": "4835.1", "PWD_P99": "5261.4", "PWD_P100": "6329.2" }, "geometry": { "type": "Point", "coordinates": [ 16.406906127929688, 45.231273651123047 ] } },
{ "type": "Feature", "id": 56, "properties": { "lon": -79.392280578613281, "lat": 21.808010101318359, "year": "2000", "ISO": "CUB", "ISO_No": "192", "Name": "Cuba", "PWC_Lat": "21.8080101013184", "PWC_Lon": "-79.3922805786133", "Pop": "11126423", "Density": "100.8", "Area": "110338.8", "PWD_A": "1573.0", "PWD_G": "406.0", "PWD_M": "395.5", "PWD_P1": "11.5", "PWD_P2": "15.5", "PWD_P3": "18.7", "PWD_P4": "21.5", "PWD_P5": "24.2", "PWD_P6": "26.7", "PWD_P7": "29.1", "PWD_P8": "31.5", "PWD_P9": "34.0", "PWD_P10": "36.5", "PWD_P11": "39.1", "PWD_P12": "41.8", "PWD_P13": "44.6", "PWD_P14": "47.7", "PWD_P15": "50.9", "PWD_P16": "54.1", "PWD_P17": "57.6", "PWD_P18": "61.2", "PWD_P19": "65.1", "PWD_P20": "69.1", "PWD_P21": "73.4", "PWD_P22": "77.8", "PWD_P23": "82.4", "PWD_P24": "87.2", "PWD_P25": "92.2", "PWD_P26": "97.6", "PWD_P27": "103.4", "PWD_P28": "109.9", "PWD_P29": "116.4", "PWD_P30": "123.2", "PWD_P31": "130.4", "PWD_P32": "138.0", "PWD_P33": "146.0", "PWD_P34": "154.4", "PWD_P35": "163.2", "PWD_P36": "172.7", "PWD_P37": "183.0", "PWD_P38": "193.7", "PWD_P39": "205.2", "PWD_P40": "217.4", "PWD_P41": "230.6", "PWD_P42": "244.7", "PWD_P43": "260.1", "PWD_P44": "275.7", "PWD_P45": "292.5", "PWD_P46": "310.7", "PWD_P47": "329.7", "PWD_P48": "350.1", "PWD_P49": "372.0", "PWD_P50": "395.5", "PWD_P51": "420.2", "PWD_P52": "446.2", "PWD_P53": "473.9", "PWD_P54": "504.8", "PWD_P55": "537.4", "PWD_P56": "570.9", "PWD_P57": "606.0", "PWD_P58": "646.8", "PWD_P59": "691.7", "PWD_P60": "735.6", "PWD_P61": "783.7", "PWD_P62": "839.7", "PWD_P63": "897.9", "PWD_P64": "954.3", "PWD_P65": "1012.3", "PWD_P66": "1077.7", "PWD_P67": "1147.3", "PWD_P68": "1235.6", "PWD_P69": "1334.9", "PWD_P70": "1441.0", "PWD_P71": "1536.5", "PWD_P72": "1635.6", "PWD_P73": "1731.1", "PWD_P74": "1817.5", "PWD_P75": "1901.5", "PWD_P76": "1976.8", "PWD_P77": "2060.5", "PWD_P78": "2164.6", "PWD_P79": "2278.1", "PWD_P80": "2383.7", "PWD_P81": "2481.2", "PWD_P82": "2573.9", "PWD_P83": "2667.8", "PWD_P84": "2763.8", "PWD_P85": "2868.1", "PWD_P86": "3004.8", "PWD_P87": "3195.8", "PWD_P88": "3433.6", "PWD_P89": "3939.3", "PWD_P90": "4567.9", "PWD_P91": "5456.3", "PWD_P92": "6088.6", "PWD_P93": "6733.6", "PWD_P94": "7611.5", "PWD_P95": "8398.4", "PWD_P96": "9172.2", "PWD_P97": "10093.8", "PWD_P98": "11070.0", "PWD_P99": "12115.4", "PWD_P100": "14102.2" }, "geometry": { "type": "Point", "coordinates": [ -79.392280578613281, 21.808010101318359 ] } },
{ "type": "Feature", "id": 57, "properties": { "lon": 33.296428680419922, "lat": 35.013248443603516, "year": "2000", "ISO": "CYP", "ISO_No": "196", "Name": "Cyprus", "PWC_Lat": "35.0132484436035", "PWC_Lon": "33.2964286804199", "Pop": "943288", "Density": "102.2", "Area": "9225.5", "PWD_A": "1474.6", "PWD_G": "586.6", "PWD_M": "986.5", "PWD_P1": "9.1", "PWD_P2": "12.7", "PWD_P3": "15.5", "PWD_P4": "18.3", "PWD_P5": "21.3", "PWD_P6": "24.4", "PWD_P7": "27.7", "PWD_P8": "31.3", "PWD_P9": "35.2", "PWD_P10": "39.6", "PWD_P11": "44.6", "PWD_P12": "50.2", "PWD_P13": "56.2", "PWD_P14": "62.7", "PWD_P15": "69.9", "PWD_P16": "77.3", "PWD_P17": "85.3", "PWD_P18": "93.9", "PWD_P19": "102.7", "PWD_P20": "112.3", "PWD_P21": "123.0", "PWD_P22": "133.7", "PWD_P23": "145.3", "PWD_P24": "157.3", "PWD_P25": "170.3", "PWD_P26": "184.1", "PWD_P27": "198.8", "PWD_P28": "214.3", "PWD_P29": "230.6", "PWD_P30": "248.3", "PWD_P31": "266.6", "PWD_P32": "286.6", "PWD_P33": "309.0", "PWD_P34": "332.9", "PWD_P35": "357.7", "PWD_P36": "384.7", "PWD_P37": "411.9", "PWD_P38": "440.0", "PWD_P39": "470.1", "PWD_P40": "502.0", "PWD_P41": "533.3", "PWD_P42": "568.8", "PWD_P43": "606.7", "PWD_P44": "649.4", "PWD_P45": "696.5", "PWD_P46": "747.2", "PWD_P47": "802.7", "PWD_P48": "860.2", "PWD_P49": "921.1", "PWD_P50": "986.5", "PWD_P51": "1052.3", "PWD_P52": "1121.3", "PWD_P53": "1189.8", "PWD_P54": "1254.3", "PWD_P55": "1319.4", "PWD_P56": "1382.3", "PWD_P57": "1446.6", "PWD_P58": "1508.4", "PWD_P59": "1572.2", "PWD_P60": "1635.8", "PWD_P61": "1695.4", "PWD_P62": "1760.7", "PWD_P63": "1823.1", "PWD_P64": "1880.0", "PWD_P65": "1932.8", "PWD_P66": "1986.3", "PWD_P67": "2035.7", "PWD_P68": "2090.7", "PWD_P69": "2147.3", "PWD_P70": "2205.0", "PWD_P71": "2259.8", "PWD_P72": "2304.8", "PWD_P73": "2358.2", "PWD_P74": "2412.8", "PWD_P75": "2458.9", "PWD_P76": "2498.8", "PWD_P77": "2549.0", "PWD_P78": "2597.7", "PWD_P79": "2662.8", "PWD_P80": "2749.7", "PWD_P81": "2846.4", "PWD_P82": "2949.1", "PWD_P83": "3042.5", "PWD_P84": "3153.3", "PWD_P85": "3237.2", "PWD_P86": "3326.1", "PWD_P87": "3413.1", "PWD_P88": "3499.3", "PWD_P89": "3573.3", "PWD_P90": "3660.5", "PWD_P91": "3843.8", "PWD_P92": "4050.1", "PWD_P93": "4178.8", "PWD_P94": "4307.6", "PWD_P95": "4429.8", "PWD_P96": "4545.3", "PWD_P97": "4616.7", "PWD_P98": "4788.4", "PWD_P99": "5063.6", "PWD_P100": "6194.6" }, "geometry": { "type": "Point", "coordinates": [ 33.296428680419922, 35.013248443603516 ] } },
{ "type": "Feature", "id": 58, "properties": { "lon": 15.624821662902832, "lat": 49.821743011474609, "year": "2000", "ISO": "CZE", "ISO_No": "203", "Name": "Czech Republic", "PWC_Lat": "49.8217430114746", "PWC_Lon": "15.6248216629028", "Pop": "10289373", "Density": "132.0", "Area": "77965.6", "PWD_A": "1236.5", "PWD_G": "492.3", "PWD_M": "638.2", "PWD_P1": "14.5", "PWD_P2": "19.4", "PWD_P3": "23.4", "PWD_P4": "27.2", "PWD_P5": "30.8", "PWD_P6": "34.3", "PWD_P7": "37.8", "PWD_P8": "41.3", "PWD_P9": "44.9", "PWD_P10": "48.6", "PWD_P11": "52.5", "PWD_P12": "56.5", "PWD_P13": "60.8", "PWD_P14": "65.1", "PWD_P15": "69.7", "PWD_P16": "74.6", "PWD_P17": "79.7", "PWD_P18": "85.1", "PWD_P19": "90.7", "PWD_P20": "96.5", "PWD_P21": "102.6", "PWD_P22": "109.0", "PWD_P23": "115.9", "PWD_P24": "123.1", "PWD_P25": "131.0", "PWD_P26": "139.2", "PWD_P27": "147.9", "PWD_P28": "157.4", "PWD_P29": "167.6", "PWD_P30": "178.6", "PWD_P31": "190.5", "PWD_P32": "203.2", "PWD_P33": "217.0", "PWD_P34": "232.0", "PWD_P35": "248.1", "PWD_P36": "264.9", "PWD_P37": "282.8", "PWD_P38": "302.3", "PWD_P39": "322.6", "PWD_P40": "343.9", "PWD_P41": "366.6", "PWD_P42": "390.5", "PWD_P43": "415.8", "PWD_P44": "442.9", "PWD_P45": "471.7", "PWD_P46": "501.8", "PWD_P47": "533.3", "PWD_P48": "566.8", "PWD_P49": "601.4", "PWD_P50": "638.2", "PWD_P51": "677.8", "PWD_P52": "718.7", "PWD_P53": "761.5", "PWD_P54": "806.5", "PWD_P55": "854.3", "PWD_P56": "902.3", "PWD_P57": "953.0", "PWD_P58": "1006.4", "PWD_P59": "1059.3", "PWD_P60": "1112.8", "PWD_P61": "1168.7", "PWD_P62": "1225.8", "PWD_P63": "1283.6", "PWD_P64": "1344.9", "PWD_P65": "1405.3", "PWD_P66": "1467.9", "PWD_P67": "1528.8", "PWD_P68": "1589.6", "PWD_P69": "1649.9", "PWD_P70": "1709.3", "PWD_P71": "1776.1", "PWD_P72": "1844.1", "PWD_P73": "1915.2", "PWD_P74": "1985.6", "PWD_P75": "2051.3", "PWD_P76": "2112.1", "PWD_P77": "2179.3", "PWD_P78": "2258.3", "PWD_P79": "2340.9", "PWD_P80": "2427.1", "PWD_P81": "2511.2", "PWD_P82": "2595.1", "PWD_P83": "2673.5", "PWD_P84": "2747.4", "PWD_P85": "2823.1", "PWD_P86": "2909.3", "PWD_P87": "3019.1", "PWD_P88": "3144.6", "PWD_P89": "3281.4", "PWD_P90": "3402.5", "PWD_P91": "3525.2", "PWD_P92": "3654.8", "PWD_P93": "3772.8", "PWD_P94": "3901.5", "PWD_P95": "4074.5", "PWD_P96": "4299.0", "PWD_P97": "4594.2", "PWD_P98": "4842.6", "PWD_P99": "5064.1", "PWD_P100": "6213.6" }, "geometry": { "type": "Point", "coordinates": [ 15.624821662902832, 49.821743011474609 ] } },
{ "type": "Feature", "id": 59, "properties": { "lon": 2.2606301307678223, "lat": 7.9615616798400879, "year": "2000", "ISO": "BEN", "ISO_No": "204", "Name": "Benin", "PWC_Lat": "7.96156167984009", "PWC_Lon": "2.26063013076782", "Pop": "6865945", "Density": "59.4", "Area": "115556.5", "PWD_A": "2483.9", "PWD_G": "245.0", "PWD_M": "179.5", "PWD_P1": "7.3", "PWD_P2": "9.3", "PWD_P3": "11.3", "PWD_P4": "13.1", "PWD_P5": "14.7", "PWD_P6": "16.1", "PWD_P7": "17.4", "PWD_P8": "18.8", "PWD_P9": "20.1", "PWD_P10": "21.5", "PWD_P11": "22.7", "PWD_P12": "24.0", "PWD_P13": "25.3", "PWD_P14": "26.6", "PWD_P15": "28.0", "PWD_P16": "29.7", "PWD_P17": "31.5", "PWD_P18": "33.5", "PWD_P19": "35.4", "PWD_P20": "37.4", "PWD_P21": "39.3", "PWD_P22": "41.3", "PWD_P23": "43.4", "PWD_P24": "45.6", "PWD_P25": "47.8", "PWD_P26": "50.3", "PWD_P27": "52.8", "PWD_P28": "55.3", "PWD_P29": "58.2", "PWD_P30": "61.4", "PWD_P31": "65.0", "PWD_P32": "68.7", "PWD_P33": "72.3", "PWD_P34": "76.0", "PWD_P35": "79.9", "PWD_P36": "84.0", "PWD_P37": "88.2", "PWD_P38": "92.4", "PWD_P39": "96.9", "PWD_P40": "101.8", "PWD_P41": "107.1", "PWD_P42": "112.8", "PWD_P43": "119.2", "PWD_P44": "126.6", "PWD_P45": "135.0", "PWD_P46": "143.9", "PWD_P47": "153.3", "PWD_P48": "162.2", "PWD_P49": "170.7", "PWD_P50": "179.5", "PWD_P51": "189.4", "PWD_P52": "198.8", "PWD_P53": "208.0", "PWD_P54": "217.4", "PWD_P55": "227.9", "PWD_P56": "239.1", "PWD_P57": "250.9", "PWD_P58": "263.0", "PWD_P59": "275.2", "PWD_P60": "289.0", "PWD_P61": "303.2", "PWD_P62": "319.3", "PWD_P63": "336.4", "PWD_P64": "354.4", "PWD_P65": "373.3", "PWD_P66": "395.2", "PWD_P67": "419.2", "PWD_P68": "444.7", "PWD_P69": "471.4", "PWD_P70": "502.9", "PWD_P71": "538.9", "PWD_P72": "574.9", "PWD_P73": "612.6", "PWD_P74": "658.9", "PWD_P75": "720.0", "PWD_P76": "789.4", "PWD_P77": "871.5", "PWD_P78": "968.9", "PWD_P79": "1087.6", "PWD_P80": "1213.8", "PWD_P81": "1390.0", "PWD_P82": "1626.8", "PWD_P83": "2046.5", "PWD_P84": "2475.6", "PWD_P85": "3030.7", "PWD_P86": "3737.4", "PWD_P87": "4859.0", "PWD_P88": "9277.7", "PWD_P89": "10630.8", "PWD_P90": "11396.0", "PWD_P91": "13793.3", "PWD_P92": "16395.2", "PWD_P93": "17505.5", "PWD_P94": "18254.9", "PWD_P95": "18929.7", "PWD_P96": "19676.8", "PWD_P97": "20481.0", "PWD_P98": "21248.2", "PWD_P99": "21886.4", "PWD_P100": "24228.1" }, "geometry": { "type": "Point", "coordinates": [ 2.260630130767822, 7.961561679840088 ] } },
{ "type": "Feature", "id": 60, "properties": { "lon": 10.833333969116211, "lat": 55.852027893066406, "year": "2000", "ISO": "DNK", "ISO_No": "208", "Name": "Denmark", "PWC_Lat": "55.8520278930664", "PWC_Lon": "10.8333339691162", "Pop": "5341192", "Density": "124.6", "Area": "42863.7", "PWD_A": "2153.4", "PWD_G": "672.8", "PWD_M": "1007.2", "PWD_P1": "10.8", "PWD_P2": "14.2", "PWD_P3": "17.2", "PWD_P4": "20.0", "PWD_P5": "23.0", "PWD_P6": "26.2", "PWD_P7": "29.7", "PWD_P8": "33.6", "PWD_P9": "37.8", "PWD_P10": "42.4", "PWD_P11": "47.4", "PWD_P12": "52.9", "PWD_P13": "58.9", "PWD_P14": "65.4", "PWD_P15": "72.4", "PWD_P16": "80.0", "PWD_P17": "88.4", "PWD_P18": "97.8", "PWD_P19": "108.4", "PWD_P20": "120.2", "PWD_P21": "133.7", "PWD_P22": "148.5", "PWD_P23": "164.8", "PWD_P24": "182.5", "PWD_P25": "201.4", "PWD_P26": "221.3", "PWD_P27": "242.3", "PWD_P28": "264.7", "PWD_P29": "288.4", "PWD_P30": "313.4", "PWD_P31": "340.0", "PWD_P32": "368.1", "PWD_P33": "397.9", "PWD_P34": "428.6", "PWD_P35": "460.4", "PWD_P36": "493.1", "PWD_P37": "526.2", "PWD_P38": "560.2", "PWD_P39": "594.8", "PWD_P40": "629.7", "PWD_P41": "664.6", "PWD_P42": "700.6", "PWD_P43": "735.8", "PWD_P44": "772.5", "PWD_P45": "809.7", "PWD_P46": "847.9", "PWD_P47": "886.0", "PWD_P48": "925.7", "PWD_P49": "965.7", "PWD_P50": "1007.2", "PWD_P51": "1049.0", "PWD_P52": "1091.1", "PWD_P53": "1134.2", "PWD_P54": "1178.8", "PWD_P55": "1223.7", "PWD_P56": "1270.8", "PWD_P57": "1318.6", "PWD_P58": "1368.1", "PWD_P59": "1417.6", "PWD_P60": "1467.4", "PWD_P61": "1517.5", "PWD_P62": "1570.5", "PWD_P63": "1624.0", "PWD_P64": "1678.5", "PWD_P65": "1733.6", "PWD_P66": "1791.4", "PWD_P67": "1850.5", "PWD_P68": "1908.6", "PWD_P69": "1966.0", "PWD_P70": "2026.2", "PWD_P71": "2088.0", "PWD_P72": "2151.3", "PWD_P73": "2218.0", "PWD_P74": "2287.8", "PWD_P75": "2359.0", "PWD_P76": "2430.2", "PWD_P77": "2504.4", "PWD_P78": "2585.0", "PWD_P79": "2674.9", "PWD_P80": "2775.1", "PWD_P81": "2898.6", "PWD_P82": "3036.2", "PWD_P83": "3204.3", "PWD_P84": "3393.3", "PWD_P85": "3583.8", "PWD_P86": "3774.8", "PWD_P87": "3999.8", "PWD_P88": "4259.9", "PWD_P89": "4542.6", "PWD_P90": "4851.0", "PWD_P91": "5221.7", "PWD_P92": "5685.4", "PWD_P93": "6368.8", "PWD_P94": "7270.7", "PWD_P95": "8634.9", "PWD_P96": "10273.8", "PWD_P97": "12605.0", "PWD_P98": "16282.7", "PWD_P99": "19855.1", "PWD_P100": "39079.1" }, "geometry": { "type": "Point", "coordinates": [ 10.833333969116211, 55.852027893066406 ] } },
{ "type": "Feature", "id": 61, "properties": { "lon": -61.359260559082031, "lat": 15.389225959777832, "year": "2000", "ISO": "DMA", "ISO_No": "212", "Name": "Dominica", "PWC_Lat": "15.3892259597778", "PWC_Lon": "-61.359260559082", "Pop": "69650", "Density": "90.9", "Area": "766.3", "PWD_A": "410.2", "PWD_G": "178.3", "PWD_M": "147.8", "PWD_P1": "14.5", "PWD_P2": "17.6", "PWD_P3": "21.0", "PWD_P4": "24.3", "PWD_P5": "27.4", "PWD_P6": "30.1", "PWD_P7": "32.4", "PWD_P8": "34.5", "PWD_P9": "36.8", "PWD_P10": "39.1", "PWD_P11": "41.6", "PWD_P12": "43.8", "PWD_P13": "46.1", "PWD_P14": "48.2", "PWD_P15": "50.5", "PWD_P16": "52.6", "PWD_P17": "54.6", "PWD_P18": "56.5", "PWD_P19": "58.5", "PWD_P20": "60.5", "PWD_P21": "62.4", "PWD_P22": "64.5", "PWD_P23": "66.6", "PWD_P24": "69.0", "PWD_P25": "71.0", "PWD_P26": "72.6", "PWD_P27": "74.3", "PWD_P28": "76.3", "PWD_P29": "78.5", "PWD_P30": "80.9", "PWD_P31": "83.5", "PWD_P32": "86.0", "PWD_P33": "88.1", "PWD_P34": "90.0", "PWD_P35": "92.2", "PWD_P36": "94.8", "PWD_P37": "97.8", "PWD_P38": "100.7", "PWD_P39": "104.1", "PWD_P40": "107.7", "PWD_P41": "111.0", "PWD_P42": "114.4", "PWD_P43": "117.5", "PWD_P44": "120.6", "PWD_P45": "123.9", "PWD_P46": "127.9", "PWD_P47": "132.4", "PWD_P48": "137.5", "PWD_P49": "142.7", "PWD_P50": "147.8", "PWD_P51": "153.5", "PWD_P52": "159.0", "PWD_P53": "163.3", "PWD_P54": "167.3", "PWD_P55": "170.9", "PWD_P56": "174.4", "PWD_P57": "177.9", "PWD_P58": "182.2", "PWD_P59": "186.5", "PWD_P60": "191.4", "PWD_P61": "197.3", "PWD_P62": "204.9", "PWD_P63": "215.8", "PWD_P64": "228.8", "PWD_P65": "239.4", "PWD_P66": "250.2", "PWD_P67": "259.4", "PWD_P68": "273.2", "PWD_P69": "286.5", "PWD_P70": "304.0", "PWD_P71": "331.1", "PWD_P72": "361.1", "PWD_P73": "386.1", "PWD_P74": "418.3", "PWD_P75": "452.9", "PWD_P76": "491.1", "PWD_P77": "527.1", "PWD_P78": "562.4", "PWD_P79": "590.5", "PWD_P80": "615.0", "PWD_P81": "653.7", "PWD_P82": "698.0", "PWD_P83": "744.5", "PWD_P84": "767.9", "PWD_P85": "828.4", "PWD_P86": "986.5", "PWD_P87": "1238.2", "PWD_P88": "1392.9", "PWD_P89": "1495.1", "PWD_P90": "1564.2", "PWD_P91": "1646.7", "PWD_P92": "1715.0", "PWD_P93": "1778.1", "PWD_P94": "1819.7", "PWD_P95": "1860.2", "PWD_P96": "1918.3", "PWD_P97": "2018.9", "PWD_P98": "2071.7", "PWD_P99": "2104.2", "PWD_P100": "2163.0" }, "geometry": { "type": "Point", "coordinates": [ -61.359260559082031, 15.389225959777832 ] } },
{ "type": "Feature", "id": 62, "properties": { "lon": -70.239669799804688, "lat": 18.842292785644531, "year": "2000", "ISO": "DOM", "ISO_No": "214", "Name": "Dominican Republic", "PWC_Lat": "18.8422927856445", "PWC_Lon": "-70.2396697998047", "Pop": "8471316", "Density": "175.8", "Area": "48194.2", "PWD_A": "3754.9", "PWD_G": "1160.8", "PWD_M": "1645.2", "PWD_P1": "14.3", "PWD_P2": "20.5", "PWD_P3": "25.7", "PWD_P4": "30.8", "PWD_P5": "36.2", "PWD_P6": "41.5", "PWD_P7": "47.3", "PWD_P8": "53.7", "PWD_P9": "60.4", "PWD_P10": "67.4", "PWD_P11": "75.2", "PWD_P12": "84.0", "PWD_P13": "93.2", "PWD_P14": "102.8", "PWD_P15": "113.1", "PWD_P16": "124.5", "PWD_P17": "136.8", "PWD_P18": "150.4", "PWD_P19": "164.5", "PWD_P20": "179.7", "PWD_P21": "196.0", "PWD_P22": "213.2", "PWD_P23": "231.4", "PWD_P24": "250.6", "PWD_P25": "271.8", "PWD_P26": "294.8", "PWD_P27": "320.0", "PWD_P28": "346.3", "PWD_P29": "373.3", "PWD_P30": "402.7", "PWD_P31": "434.3", "PWD_P32": "467.0", "PWD_P33": "502.2", "PWD_P34": "539.5", "PWD_P35": "579.8", "PWD_P36": "623.0", "PWD_P37": "669.5", "PWD_P38": "719.6", "PWD_P39": "771.2", "PWD_P40": "826.4", "PWD_P41": "885.7", "PWD_P42": "953.5", "PWD_P43": "1024.3", "PWD_P44": "1097.1", "PWD_P45": "1174.2", "PWD_P46": "1255.5", "PWD_P47": "1339.3", "PWD_P48": "1437.1", "PWD_P49": "1542.3", "PWD_P50": "1645.2", "PWD_P51": "1757.9", "PWD_P52": "1884.0", "PWD_P53": "2015.0", "PWD_P54": "2157.7", "PWD_P55": "2301.1", "PWD_P56": "2431.8", "PWD_P57": "2557.5", "PWD_P58": "2687.3", "PWD_P59": "2817.5", "PWD_P60": "2950.3", "PWD_P61": "3092.7", "PWD_P62": "3263.4", "PWD_P63": "3465.1", "PWD_P64": "3664.7", "PWD_P65": "3852.9", "PWD_P66": "4058.5", "PWD_P67": "4282.6", "PWD_P68": "4531.7", "PWD_P69": "4751.5", "PWD_P70": "4985.2", "PWD_P71": "5207.1", "PWD_P72": "5407.2", "PWD_P73": "5622.2", "PWD_P74": "5842.2", "PWD_P75": "6077.7", "PWD_P76": "6356.1", "PWD_P77": "6650.6", "PWD_P78": "6946.8", "PWD_P79": "7295.4", "PWD_P80": "7701.4", "PWD_P81": "8084.7", "PWD_P82": "8470.4", "PWD_P83": "8812.1", "PWD_P84": "9170.7", "PWD_P85": "9492.2", "PWD_P86": "9820.8", "PWD_P87": "10315.2", "PWD_P88": "10782.5", "PWD_P89": "11253.3", "PWD_P90": "11592.7", "PWD_P91": "11923.4", "PWD_P92": "12241.2", "PWD_P93": "12548.3", "PWD_P94": "12896.8", "PWD_P95": "13334.5", "PWD_P96": "13733.6", "PWD_P97": "14073.8", "PWD_P98": "14350.9", "PWD_P99": "14715.9", "PWD_P100": "24091.3" }, "geometry": { "type": "Point", "coordinates": [ -70.239669799804688, 18.842292785644531 ] } },
{ "type": "Feature", "id": 63, "properties": { "lon": -79.302253723144531, "lat": -1.4329328536987305, "year": "2000", "ISO": "ECU", "ISO_No": "218", "Name": "Ecuador", "PWC_Lat": "-1.43293285369873", "PWC_Lon": "-79.3022537231445", "Pop": "12681122", "Density": "49.5", "Area": "256125.0", "PWD_A": "1983.9", "PWD_G": "533.9", "PWD_M": "708.7", "PWD_P1": "4.2", "PWD_P2": "7.1", "PWD_P3": "9.5", "PWD_P4": "11.8", "PWD_P5": "14.0", "PWD_P6": "16.3", "PWD_P7": "18.7", "PWD_P8": "21.2", "PWD_P9": "24.0", "PWD_P10": "27.3", "PWD_P11": "31.1", "PWD_P12": "35.6", "PWD_P13": "40.4", "PWD_P14": "45.4", "PWD_P15": "50.5", "PWD_P16": "55.5", "PWD_P17": "60.6", "PWD_P18": "65.8", "PWD_P19": "71.2", "PWD_P20": "77.0", "PWD_P21": "83.0", "PWD_P22": "89.0", "PWD_P23": "95.6", "PWD_P24": "102.6", "PWD_P25": "110.1", "PWD_P26": "118.3", "PWD_P27": "127.1", "PWD_P28": "136.7", "PWD_P29": "147.8", "PWD_P30": "160.2", "PWD_P31": "173.5", "PWD_P32": "187.4", "PWD_P33": "202.0", "PWD_P34": "217.0", "PWD_P35": "232.7", "PWD_P36": "250.1", "PWD_P37": "269.1", "PWD_P38": "289.1", "PWD_P39": "311.5", "PWD_P40": "335.3", "PWD_P41": "361.5", "PWD_P42": "390.3", "PWD_P43": "419.8", "PWD_P44": "451.8", "PWD_P45": "487.0", "PWD_P46": "524.3", "PWD_P47": "566.2", "PWD_P48": "609.9", "PWD_P49": "657.0", "PWD_P50": "708.7", "PWD_P51": "764.7", "PWD_P52": "824.7", "PWD_P53": "888.0", "PWD_P54": "956.2", "PWD_P55": "1025.3", "PWD_P56": "1096.2", "PWD_P57": "1176.7", "PWD_P58": "1259.7", "PWD_P59": "1349.9", "PWD_P60": "1445.4", "PWD_P61": "1554.4", "PWD_P62": "1673.3", "PWD_P63": "1808.2", "PWD_P64": "1939.5", "PWD_P65": "2070.1", "PWD_P66": "2206.6", "PWD_P67": "2340.7", "PWD_P68": "2491.5", "PWD_P69": "2637.5", "PWD_P70": "2792.1", "PWD_P71": "2956.4", "PWD_P72": "3123.0", "PWD_P73": "3276.7", "PWD_P74": "3415.1", "PWD_P75": "3562.7", "PWD_P76": "3712.0", "PWD_P77": "3861.7", "PWD_P78": "4042.9", "PWD_P79": "4228.8", "PWD_P80": "4423.0", "PWD_P81": "4633.5", "PWD_P82": "4845.5", "PWD_P83": "5047.1", "PWD_P84": "5234.6", "PWD_P85": "5421.4", "PWD_P86": "5594.4", "PWD_P87": "5733.3", "PWD_P88": "5858.3", "PWD_P89": "5985.4", "PWD_P90": "6120.0", "PWD_P91": "6268.7", "PWD_P92": "6434.7", "PWD_P93": "6583.7", "PWD_P94": "6710.8", "PWD_P95": "6829.3", "PWD_P96": "6944.6", "PWD_P97": "7069.2", "PWD_P98": "7222.1", "PWD_P99": "7474.2", "PWD_P100": "8366.9" }, "geometry": { "type": "Point", "coordinates": [ -79.302253723144531, -1.43293285369873 ] } },
{ "type": "Feature", "id": 64, "properties": { "lon": -89.05316162109375, "lat": 13.718563079833984, "year": "2000", "ISO": "SLV", "ISO_No": "222", "Name": "El Salvador", "PWC_Lat": "13.718563079834", "PWC_Lon": "-89.0531616210938", "Pop": "5887930", "Density": "290.0", "Area": "20305.3", "PWD_A": "2393.0", "PWD_G": "789.4", "PWD_M": "650.8", "PWD_P1": "47.6", "PWD_P2": "56.5", "PWD_P3": "64.5", "PWD_P4": "72.0", "PWD_P5": "78.4", "PWD_P6": "84.8", "PWD_P7": "90.4", "PWD_P8": "96.2", "PWD_P9": "102.2", "PWD_P10": "108.3", "PWD_P11": "114.6", "PWD_P12": "120.7", "PWD_P13": "126.9", "PWD_P14": "133.1", "PWD_P15": "139.2", "PWD_P16": "145.7", "PWD_P17": "152.1", "PWD_P18": "158.5", "PWD_P19": "164.9", "PWD_P20": "171.5", "PWD_P21": "177.9", "PWD_P22": "184.3", "PWD_P23": "191.0", "PWD_P24": "197.7", "PWD_P25": "204.6", "PWD_P26": "211.4", "PWD_P27": "218.2", "PWD_P28": "225.3", "PWD_P29": "233.1", "PWD_P30": "241.5", "PWD_P31": "250.5", "PWD_P32": "259.6", "PWD_P33": "269.5", "PWD_P34": "280.4", "PWD_P35": "291.9", "PWD_P36": "304.0", "PWD_P37": "317.6", "PWD_P38": "332.2", "PWD_P39": "348.4", "PWD_P40": "366.6", "PWD_P41": "386.0", "PWD_P42": "406.9", "PWD_P43": "429.6", "PWD_P44": "455.8", "PWD_P45": "482.2", "PWD_P46": "511.3", "PWD_P47": "541.9", "PWD_P48": "575.7", "PWD_P49": "611.3", "PWD_P50": "650.8", "PWD_P51": "694.0", "PWD_P52": "741.8", "PWD_P53": "794.8", "PWD_P54": "850.1", "PWD_P55": "912.0", "PWD_P56": "982.1", "PWD_P57": "1053.5", "PWD_P58": "1129.4", "PWD_P59": "1205.1", "PWD_P60": "1289.1", "PWD_P61": "1378.6", "PWD_P62": "1478.3", "PWD_P63": "1574.8", "PWD_P64": "1679.5", "PWD_P65": "1780.2", "PWD_P66": "1890.0", "PWD_P67": "2005.0", "PWD_P68": "2144.7", "PWD_P69": "2299.9", "PWD_P70": "2447.3", "PWD_P71": "2606.8", "PWD_P72": "2779.7", "PWD_P73": "2939.8", "PWD_P74": "3058.5", "PWD_P75": "3256.3", "PWD_P76": "3445.0", "PWD_P77": "3585.0", "PWD_P78": "3789.9", "PWD_P79": "3995.7", "PWD_P80": "4275.0", "PWD_P81": "4535.6", "PWD_P82": "4862.3", "PWD_P83": "5243.4", "PWD_P84": "5563.2", "PWD_P85": "5765.0", "PWD_P86": "6110.3", "PWD_P87": "6525.0", "PWD_P88": "6721.1", "PWD_P89": "6858.0", "PWD_P90": "7046.3", "PWD_P91": "7310.7", "PWD_P92": "7738.6", "PWD_P93": "9717.1", "PWD_P94": "10969.5", "PWD_P95": "11418.5", "PWD_P96": "11837.0", "PWD_P97": "12116.4", "PWD_P98": "12545.7", "PWD_P99": "13994.9", "PWD_P100": "16992.7" }, "geometry": { "type": "Point", "coordinates": [ -89.05316162109375, 13.718563079833984 ] } },
{ "type": "Feature", "id": 65, "properties": { "lon": 9.9711904525756836, "lat": 2.1420319080352783, "year": "2000", "ISO": "GNQ", "ISO_No": "226", "Name": "Equatorial Guinea", "PWC_Lat": "2.14203190803528", "PWC_Lon": "9.97119045257568", "Pop": "606180", "Density": "22.4", "Area": "27057.0", "PWD_A": "88.9", "PWD_G": "38.8", "PWD_M": "28.2", "PWD_P1": "5.1", "PWD_P2": "6.0", "PWD_P3": "6.7", "PWD_P4": "7.3", "PWD_P5": "7.8", "PWD_P6": "8.3", "PWD_P7": "8.9", "PWD_P8": "9.4", "PWD_P9": "9.9", "PWD_P10": "10.3", "PWD_P11": "10.7", "PWD_P12": "11.1", "PWD_P13": "11.5", "PWD_P14": "11.9", "PWD_P15": "12.2", "PWD_P16": "12.6", "PWD_P17": "13.0", "PWD_P18": "13.4", "PWD_P19": "13.8", "PWD_P20": "14.2", "PWD_P21": "14.6", "PWD_P22": "15.0", "PWD_P23": "15.4", "PWD_P24": "15.8", "PWD_P25": "16.2", "PWD_P26": "16.6", "PWD_P27": "17.1", "PWD_P28": "17.5", "PWD_P29": "17.9", "PWD_P30": "18.3", "PWD_P31": "18.7", "PWD_P32": "19.1", "PWD_P33": "19.5", "PWD_P34": "20.0", "PWD_P35": "20.4", "PWD_P36": "20.9", "PWD_P37": "21.3", "PWD_P38": "21.8", "PWD_P39": "22.2", "PWD_P40": "22.7", "PWD_P41": "23.2", "PWD_P42": "23.7", "PWD_P43": "24.1", "PWD_P44": "24.6", "PWD_P45": "25.1", "PWD_P46": "25.7", "PWD_P47": "26.3", "PWD_P48": "26.8", "PWD_P49": "27.4", "PWD_P50": "28.2", "PWD_P51": "28.9", "PWD_P52": "29.6", "PWD_P53": "30.4", "PWD_P54": "31.2", "PWD_P55": "32.1", "PWD_P56": "33.0", "PWD_P57": "34.0", "PWD_P58": "35.0", "PWD_P59": "36.1", "PWD_P60": "37.1", "PWD_P61": "38.4", "PWD_P62": "39.7", "PWD_P63": "41.2", "PWD_P64": "42.9", "PWD_P65": "44.8", "PWD_P66": "46.6", "PWD_P67": "48.7", "PWD_P68": "50.9", "PWD_P69": "53.2", "PWD_P70": "56.2", "PWD_P71": "59.4", "PWD_P72": "62.7", "PWD_P73": "66.1", "PWD_P74": "72.2", "PWD_P75": "78.8", "PWD_P76": "89.2", "PWD_P77": "114.9", "PWD_P78": "133.9", "PWD_P79": "147.0", "PWD_P80": "156.9", "PWD_P81": "163.6", "PWD_P82": "170.4", "PWD_P83": "176.2", "PWD_P84": "181.4", "PWD_P85": "186.9", "PWD_P86": "194.2", "PWD_P87": "202.5", "PWD_P88": "211.8", "PWD_P89": "226.2", "PWD_P90": "246.3", "PWD_P91": "265.8", "PWD_P92": "298.2", "PWD_P93": "331.5", "PWD_P94": "375.0", "PWD_P95": "425.9", "PWD_P96": "473.2", "PWD_P97": "519.7", "PWD_P98": "582.0", "PWD_P99": "629.5", "PWD_P100": "1001.7" }, "geometry": { "type": "Point", "coordinates": [ 9.971190452575684, 2.142031908035278 ] } },
{ "type": "Feature", "id": 66, "properties": { "lon": 38.6144, "lat": 9.1389, "year": "2000", "ISO": "ETH", "ISO_No": "231", "Name": "Ethiopia", "PWC_Lat": "9.1389", "PWC_Lon": "38.6144", "Pop": "66224809", "Density": "58.7", "Area": "1128529.1", "PWD_A": "1142.1", "PWD_G": "208.7", "PWD_M": "186.4", "PWD_P1": "4.3", "PWD_P2": "6.9", "PWD_P3": "9.7", "PWD_P4": "12.6", "PWD_P5": "15.7", "PWD_P6": "19.1", "PWD_P7": "22.7", "PWD_P8": "26.4", "PWD_P9": "30.0", "PWD_P10": "33.4", "PWD_P11": "36.6", "PWD_P12": "39.6", "PWD_P13": "42.7", "PWD_P14": "45.7", "PWD_P15": "48.7", "PWD_P16": "51.7", "PWD_P17": "54.5", "PWD_P18": "57.3", "PWD_P19": "60.0", "PWD_P20": "62.7", "PWD_P21": "65.3", "PWD_P22": "67.9", "PWD_P23": "70.6", "PWD_P24": "73.3", "PWD_P25": "76.0", "PWD_P26": "78.8", "PWD_P27": "81.6", "PWD_P28": "84.4", "PWD_P29": "87.3", "PWD_P30": "90.2", "PWD_P31": "93.2", "PWD_P32": "96.2", "PWD_P33": "99.5", "PWD_P34": "102.9", "PWD_P35": "106.4", "PWD_P36": "110.1", "PWD_P37": "113.9", "PWD_P38": "117.9", "PWD_P39": "122.2", "PWD_P40": "126.8", "PWD_P41": "131.7", "PWD_P42": "136.8", "PWD_P43": "142.1", "PWD_P44": "147.7", "PWD_P45": "153.6", "PWD_P46": "159.6", "PWD_P47": "165.9", "PWD_P48": "172.4", "PWD_P49": "179.2", "PWD_P50": "186.4", "PWD_P51": "193.9", "PWD_P52": "201.8", "PWD_P53": "210.1", "PWD_P54": "218.6", "PWD_P55": "227.4", "PWD_P56": "236.7", "PWD_P57": "246.1", "PWD_P58": "255.6", "PWD_P59": "265.7", "PWD_P60": "275.9", "PWD_P61": "286.4", "PWD_P62": "297.3", "PWD_P63": "308.7", "PWD_P64": "320.0", "PWD_P65": "331.5", "PWD_P66": "343.6", "PWD_P67": "356.1", "PWD_P68": "369.4", "PWD_P69": "383.3", "PWD_P70": "398.0", "PWD_P71": "413.7", "PWD_P72": "430.5", "PWD_P73": "448.3", "PWD_P74": "467.0", "PWD_P75": "487.4", "PWD_P76": "509.5", "PWD_P77": "533.3", "PWD_P78": "559.7", "PWD_P79": "588.4", "PWD_P80": "620.5", "PWD_P81": "656.1", "PWD_P82": "696.5", "PWD_P83": "743.5", "PWD_P84": "799.2", "PWD_P85": "866.7", "PWD_P86": "950.2", "PWD_P87": "1054.1", "PWD_P88": "1187.9", "PWD_P89": "1371.8", "PWD_P90": "1625.8", "PWD_P91": "1997.2", "PWD_P92": "2535.5", "PWD_P93": "3324.2", "PWD_P94": "4286.2", "PWD_P95": "5528.0", "PWD_P96": "6896.4", "PWD_P97": "9287.9", "PWD_P98": "12994.6", "PWD_P99": "22755.4", "PWD_P100": "47596.9" }, "geometry": { "type": "Point", "coordinates": [ 38.6144, 9.1389 ] } },
{ "type": "Feature", "id": 67, "properties": { "lon": 38.587379455566406, "lat": 15.451798439025879, "year": "2000", "ISO": "ERI", "ISO_No": "232", "Name": "Eritrea", "PWC_Lat": "15.4517984390259", "PWC_Lon": "38.5873794555664", "Pop": "2292413", "Density": "19.0", "Area": "120383.3", "PWD_A": "379.6", "PWD_G": "74.7", "PWD_M": "61.0", "PWD_P1": "1.9", "PWD_P2": "2.9", "PWD_P3": "3.6", "PWD_P4": "4.2", "PWD_P5": "4.8", "PWD_P6": "5.4", "PWD_P7": "5.8", "PWD_P8": "6.2", "PWD_P9": "6.6", "PWD_P10": "7.0", "PWD_P11": "7.5", "PWD_P12": "8.1", "PWD_P13": "8.8", "PWD_P14": "9.5", "PWD_P15": "10.2", "PWD_P16": "11.0", "PWD_P17": "11.7", "PWD_P18": "12.5", "PWD_P19": "13.4", "PWD_P20": "14.3", "PWD_P21": "15.2", "PWD_P22": "16.2", "PWD_P23": "17.2", "PWD_P24": "18.2", "PWD_P25": "19.3", "PWD_P26": "20.4", "PWD_P27": "21.6", "PWD_P28": "22.7", "PWD_P29": "23.9", "PWD_P30": "25.1", "PWD_P31": "26.2", "PWD_P32": "27.3", "PWD_P33": "28.5", "PWD_P34": "29.6", "PWD_P35": "30.8", "PWD_P36": "32.1", "PWD_P37": "33.5", "PWD_P38": "34.9", "PWD_P39": "36.4", "PWD_P40": "38.0", "PWD_P41": "39.7", "PWD_P42": "41.4", "PWD_P43": "43.2", "PWD_P44": "45.2", "PWD_P45": "47.2", "PWD_P46": "49.5", "PWD_P47": "52.2", "PWD_P48": "55.1", "PWD_P49": "58.0", "PWD_P50": "61.0", "PWD_P51": "64.1", "PWD_P52": "67.1", "PWD_P53": "70.4", "PWD_P54": "74.2", "PWD_P55": "78.1", "PWD_P56": "82.4", "PWD_P57": "88.7", "PWD_P58": "96.6", "PWD_P59": "104.6", "PWD_P60": "112.5", "PWD_P61": "120.4", "PWD_P62": "128.4", "PWD_P63": "136.9", "PWD_P64": "145.6", "PWD_P65": "154.5", "PWD_P66": "163.2", "PWD_P67": "172.2", "PWD_P68": "182.4", "PWD_P69": "192.8", "PWD_P70": "203.5", "PWD_P71": "215.2", "PWD_P72": "227.8", "PWD_P73": "241.1", "PWD_P74": "254.7", "PWD_P75": "269.6", "PWD_P76": "287.2", "PWD_P77": "307.1", "PWD_P78": "328.6", "PWD_P79": "352.3", "PWD_P80": "377.4", "PWD_P81": "404.6", "PWD_P82": "435.9", "PWD_P83": "480.7", "PWD_P84": "536.4", "PWD_P85": "599.2", "PWD_P86": "663.5", "PWD_P87": "741.9", "PWD_P88": "830.8", "PWD_P89": "935.0", "PWD_P90": "1071.0", "PWD_P91": "1231.7", "PWD_P92": "1401.2", "PWD_P93": "1593.2", "PWD_P94": "1902.9", "PWD_P95": "2369.5", "PWD_P96": "2947.9", "PWD_P97": "3440.8", "PWD_P98": "3731.6", "PWD_P99": "4012.7", "PWD_P100": "4552.9" }, "geometry": { "type": "Point", "coordinates": [ 38.587379455566406, 15.451798439025879 ] } },
{ "type": "Feature", "id": 68, "properties": { "lon": 25.692937850952148, "lat": 58.991355895996094, "year": "2000", "ISO": "EST", "ISO_No": "233", "Name": "Estonia", "PWC_Lat": "58.9913558959961", "PWC_Lon": "25.6929378509521", "Pop": "1399111", "Density": "32.3", "Area": "43255.8", "PWD_A": "2855.2", "PWD_G": "879.4", "PWD_M": "1779.1", "PWD_P1": "1.8", "PWD_P2": "3.1", "PWD_P3": "4.4", "PWD_P4": "5.9", "PWD_P5": "7.7", "PWD_P6": "9.9", "PWD_P7": "12.6", "PWD_P8": "15.9", "PWD_P9": "20.0", "PWD_P10": "25.0", "PWD_P11": "31.1", "PWD_P12": "38.6", "PWD_P13": "47.8", "PWD_P14": "58.8", "PWD_P15": "72.2", "PWD_P16": "87.7", "PWD_P17": "105.5", "PWD_P18": "125.6", "PWD_P19": "148.4", "PWD_P20": "173.1", "PWD_P21": "199.9", "PWD_P22": "229.9", "PWD_P23": "262.0", "PWD_P24": "298.2", "PWD_P25": "334.9", "PWD_P26": "374.2", "PWD_P27": "414.4", "PWD_P28": "458.4", "PWD_P29": "504.9", "PWD_P30": "554.0", "PWD_P31": "603.9", "PWD_P32": "653.4", "PWD_P33": "702.6", "PWD_P34": "753.9", "PWD_P35": "805.6", "PWD_P36": "858.6", "PWD_P37": "916.6", "PWD_P38": "974.0", "PWD_P39": "1034.1", "PWD_P40": "1093.3", "PWD_P41": "1152.4", "PWD_P42": "1213.2", "PWD_P43": "1276.3", "PWD_P44": "1341.5", "PWD_P45": "1407.3", "PWD_P46": "1477.8", "PWD_P47": "1548.4", "PWD_P48": "1618.4", "PWD_P49": "1694.7", "PWD_P50": "1779.1", "PWD_P51": "1861.7", "PWD_P52": "1948.5", "PWD_P53": "2038.0", "PWD_P54": "2125.4", "PWD_P55": "2215.4", "PWD_P56": "2305.3", "PWD_P57": "2390.6", "PWD_P58": "2474.6", "PWD_P59": "2561.6", "PWD_P60": "2651.3", "PWD_P61": "2735.7", "PWD_P62": "2823.3", "PWD_P63": "2918.3", "PWD_P64": "3025.1", "PWD_P65": "3134.4", "PWD_P66": "3247.2", "PWD_P67": "3363.5", "PWD_P68": "3479.0", "PWD_P69": "3600.7", "PWD_P70": "3718.5", "PWD_P71": "3836.8", "PWD_P72": "3942.3", "PWD_P73": "4036.4", "PWD_P74": "4127.5", "PWD_P75": "4216.6", "PWD_P76": "4308.8", "PWD_P77": "4407.7", "PWD_P78": "4515.3", "PWD_P79": "4640.6", "PWD_P80": "4773.2", "PWD_P81": "4896.2", "PWD_P82": "5056.2", "PWD_P83": "5241.8", "PWD_P84": "5422.2", "PWD_P85": "5614.8", "PWD_P86": "5853.5", "PWD_P87": "6170.3", "PWD_P88": "6485.1", "PWD_P89": "6739.1", "PWD_P90": "6983.5", "PWD_P91": "7310.9", "PWD_P92": "7710.9", "PWD_P93": "8248.0", "PWD_P94": "8811.5", "PWD_P95": "9435.7", "PWD_P96": "9935.9", "PWD_P97": "10393.4", "PWD_P98": "10999.1", "PWD_P99": "13090.7", "PWD_P100": "41085.4" }, "geometry": { "type": "Point", "coordinates": [ 25.692937850952148, 58.991355895996094 ] } },
{ "type": "Feature", "id": 69, "properties": { "lon": -6.8144659996032715, "lat": 62.033954620361328, "year": "2000", "ISO": "FRO", "ISO_No": "234", "Name": "Faroe Islands", "PWC_Lat": "62.0339546203613", "PWC_Lon": "-6.81446599960327", "Pop": "46738", "Density": "32.7", "Area": "1429.5", "PWD_A": "410.6", "PWD_G": "144.9", "PWD_M": "172.0", "PWD_P1": "2.8", "PWD_P2": "4.2", "PWD_P3": "5.5", "PWD_P4": "6.7", "PWD_P5": "7.9", "PWD_P6": "9.1", "PWD_P7": "10.4", "PWD_P8": "11.5", "PWD_P9": "12.7", "PWD_P10": "13.8", "PWD_P11": "14.9", "PWD_P12": "16.2", "PWD_P13": "17.6", "PWD_P14": "19.0", "PWD_P15": "20.6", "PWD_P16": "22.2", "PWD_P17": "23.7", "PWD_P18": "25.3", "PWD_P19": "27.0", "PWD_P20": "28.7", "PWD_P21": "30.5", "PWD_P22": "32.4", "PWD_P23": "34.5", "PWD_P24": "36.7", "PWD_P25": "39.0", "PWD_P26": "41.5", "PWD_P27": "44.2", "PWD_P28": "47.0", "PWD_P29": "49.9", "PWD_P30": "53.1", "PWD_P31": "56.2", "PWD_P32": "59.8", "PWD_P33": "63.9", "PWD_P34": "67.9", "PWD_P35": "71.9", "PWD_P36": "76.5", "PWD_P37": "82.2", "PWD_P38": "87.6", "PWD_P39": "92.9", "PWD_P40": "97.8", "PWD_P41": "103.5", "PWD_P42": "109.5", "PWD_P43": "115.7", "PWD_P44": "122.6", "PWD_P45": "129.7", "PWD_P46": "136.9", "PWD_P47": "145.6", "PWD_P48": "154.5", "PWD_P49": "162.8", "PWD_P50": "172.0", "PWD_P51": "181.3", "PWD_P52": "191.8", "PWD_P53": "202.1", "PWD_P54": "214.2", "PWD_P55": "227.0", "PWD_P56": "238.0", "PWD_P57": "249.2", "PWD_P58": "260.0", "PWD_P59": "271.1", "PWD_P60": "281.5", "PWD_P61": "293.3", "PWD_P62": "308.2", "PWD_P63": "324.5", "PWD_P64": "341.7", "PWD_P65": "357.6", "PWD_P66": "373.1", "PWD_P67": "387.1", "PWD_P68": "404.1", "PWD_P69": "419.3", "PWD_P70": "436.5", "PWD_P71": "464.9", "PWD_P72": "497.5", "PWD_P73": "531.9", "PWD_P74": "567.7", "PWD_P75": "607.0", "PWD_P76": "645.6", "PWD_P77": "686.1", "PWD_P78": "735.6", "PWD_P79": "806.4", "PWD_P80": "910.5", "PWD_P81": "1008.0", "PWD_P82": "1074.1", "PWD_P83": "1129.2", "PWD_P84": "1172.3", "PWD_P85": "1202.4", "PWD_P86": "1233.2", "PWD_P87": "1261.9", "PWD_P88": "1283.5", "PWD_P89": "1300.2", "PWD_P90": "1322.8", "PWD_P91": "1348.6", "PWD_P92": "1366.7", "PWD_P93": "1384.6", "PWD_P94": "1409.7", "PWD_P95": "1437.7", "PWD_P96": "1456.6", "PWD_P97": "1483.8", "PWD_P98": "1521.3", "PWD_P99": "1578.1", "PWD_P100": "1782.1" }, "geometry": { "type": "Point", "coordinates": [ -6.814465999603271, 62.033954620361328 ] } },
{ "type": "Feature", "id": 70, "properties": { "lon": -58.168594360351562, "lat": -51.726894378662109, "year": "2000", "ISO": "FLK", "ISO_No": "238", "Name": "Falkland Islands", "PWC_Lat": "-51.7268943786621", "PWC_Lon": "-58.1685943603516", "Pop": "2892", "Density": "0.2", "Area": "12552.5", "PWD_A": "77.4", "PWD_G": "27.6", "PWD_M": "44.5", "PWD_P1": "0.0", "PWD_P2": "0.0", "PWD_P3": "0.0", "PWD_P4": "0.0", "PWD_P5": "0.1", "PWD_P6": "0.1", "PWD_P7": "0.1", "PWD_P8": "0.2", "PWD_P9": "0.5", "PWD_P10": "0.7", "PWD_P11": "1.0", "PWD_P12": "1.6", "PWD_P13": "6.8", "PWD_P14": "10.0", "PWD_P15": "12.2", "PWD_P16": "13.6", "PWD_P17": "15.0", "PWD_P18": "18.1", "PWD_P19": "20.3", "PWD_P20": "21.0", "PWD_P21": "21.7", "PWD_P22": "22.3", "PWD_P23": "22.7", "PWD_P24": "23.1", "PWD_P25": "23.5", "PWD_P26": "23.9", "PWD_P27": "24.4", "PWD_P28": "24.8", "PWD_P29": "25.3", "PWD_P30": "25.7", "PWD_P31": "26.3", "PWD_P32": "26.9", "PWD_P33": "27.5", "PWD_P34": "28.3", "PWD_P35": "29.3", "PWD_P36": "30.3", "PWD_P37": "30.8", "PWD_P38": "31.4", "PWD_P39": "31.9", "PWD_P40": "32.6", "PWD_P41": "33.4", "PWD_P42": "33.9", "PWD_P43": "34.8", "PWD_P44": "36.1", "PWD_P45": "37.0", "PWD_P46": "37.9", "PWD_P47": "38.5", "PWD_P48": "39.2", "PWD_P49": "42.4", "PWD_P50": "44.5", "PWD_P51": "46.8", "PWD_P52": "49.8", "PWD_P53": "50.5", "PWD_P54": "52.7", "PWD_P55": "55.1", "PWD_P56": "57.5", "PWD_P57": "65.8", "PWD_P58": "71.7", "PWD_P59": "74.5", "PWD_P60": "76.4", "PWD_P61": "81.9", "PWD_P62": "85.2", "PWD_P63": "87.8", "PWD_P64": "89.0", "PWD_P65": "90.5", "PWD_P66": "94.7", "PWD_P67": "98.8", "PWD_P68": "102.0", "PWD_P69": "103.9", "PWD_P70": "104.8", "PWD_P71": "106.8", "PWD_P72": "110.4", "PWD_P73": "130.9", "PWD_P74": "135.2", "PWD_P75": "138.5", "PWD_P76": "160.4", "PWD_P77": "167.6", "PWD_P78": "171.1", "PWD_P79": "173.0", "PWD_P80": "174.7", "PWD_P81": "176.2", "PWD_P82": "177.8", "PWD_P83": "178.7", "PWD_P84": "179.6", "PWD_P85": "180.9", "PWD_P86": "182.3", "PWD_P87": "184.3", "PWD_P88": "186.2", "PWD_P89": "187.8", "PWD_P90": "189.0", "PWD_P91": "190.4", "PWD_P92": "191.7", "PWD_P93": "192.8", "PWD_P94": "194.1", "PWD_P95": "195.3", "PWD_P96": "198.5", "PWD_P97": "201.5", "PWD_P98": "204.6", "PWD_P99": "210.0", "PWD_P100": "214.5" }, "geometry": { "type": "Point", "coordinates": [ -58.168594360351562, -51.726894378662109 ] } },
{ "type": "Feature", "id": 71, "properties": { "lon": 178.3234, "lat": -17.6525, "year": "2000", "ISO": "FJI", "ISO_No": "242", "Name": "Fiji", "PWC_Lat": "-17.6525", "PWC_Lon": "178.3234", "Pop": "811010", "Density": "42.2", "Area": "19217.6", "PWD_A": "2374.9", "PWD_G": "370.0", "PWD_M": "357.9", "PWD_P1": "3.2", "PWD_P2": "4.5", "PWD_P3": "5.8", "PWD_P4": "7.1", "PWD_P5": "8.4", "PWD_P6": "9.9", "PWD_P7": "11.6", "PWD_P8": "13.3", "PWD_P9": "15.0", "PWD_P10": "16.7", "PWD_P11": "18.6", "PWD_P12": "20.6", "PWD_P13": "22.7", "PWD_P14": "24.9", "PWD_P15": "27.3", "PWD_P16": "29.8", "PWD_P17": "32.3", "PWD_P18": "35.0", "PWD_P19": "38.0", "PWD_P20": "41.2", "PWD_P21": "44.7", "PWD_P22": "48.2", "PWD_P23": "51.9", "PWD_P24": "55.9", "PWD_P25": "60.2", "PWD_P26": "64.6", "PWD_P27": "69.3", "PWD_P28": "74.3", "PWD_P29": "79.8", "PWD_P30": "85.8", "PWD_P31": "92.0", "PWD_P32": "98.7", "PWD_P33": "105.5", "PWD_P34": "112.5", "PWD_P35": "120.4", "PWD_P36": "128.8", "PWD_P37": "138.3", "PWD_P38": "149.0", "PWD_P39": "160.3", "PWD_P40": "172.5", "PWD_P41": "186.4", "PWD_P42": "200.8", "PWD_P43": "215.5", "PWD_P44": "232.4", "PWD_P45": "249.2", "PWD_P46": "267.6", "PWD_P47": "286.7", "PWD_P48": "307.4", "PWD_P49": "331.6", "PWD_P50": "357.9", "PWD_P51": "387.1", "PWD_P52": "420.0", "PWD_P53": "454.1", "PWD_P54": "493.0", "PWD_P55": "538.6", "PWD_P56": "587.5", "PWD_P57": "641.9", "PWD_P58": "699.3", "PWD_P59": "764.4", "PWD_P60": "832.9", "PWD_P61": "902.1", "PWD_P62": "980.5", "PWD_P63": "1075.4", "PWD_P64": "1175.6", "PWD_P65": "1286.6", "PWD_P66": "1408.7", "PWD_P67": "1534.3", "PWD_P68": "1669.7", "PWD_P69": "1818.8", "PWD_P70": "1985.6", "PWD_P71": "2166.7", "PWD_P72": "2353.9", "PWD_P73": "2559.4", "PWD_P74": "2758.3", "PWD_P75": "2960.8", "PWD_P76": "3149.3", "PWD_P77": "3375.2", "PWD_P78": "3580.1", "PWD_P79": "3815.8", "PWD_P80": "4089.2", "PWD_P81": "4381.8", "PWD_P82": "4693.8", "PWD_P83": "4977.1", "PWD_P84": "5318.4", "PWD_P85": "5672.3", "PWD_P86": "6008.9", "PWD_P87": "6324.7", "PWD_P88": "6662.3", "PWD_P89": "7036.6", "PWD_P90": "7454.7", "PWD_P91": "7874.2", "PWD_P92": "8326.7", "PWD_P93": "8923.0", "PWD_P94": "9534.3", "PWD_P95": "10543.1", "PWD_P96": "11783.0", "PWD_P97": "13164.2", "PWD_P98": "15376.3", "PWD_P99": "20326.5", "PWD_P100": "48752.8" }, "geometry": { "type": "Point", "coordinates": [ 178.3234, -17.6525 ] } },
{ "type": "Feature", "id": 72, "properties": { "lon": 24.978445053100586, "lat": 61.785503387451172, "year": "2000", "ISO": "FIN", "ISO_No": "246", "Name": "Finland", "PWC_Lat": "61.7855033874512", "PWC_Lon": "24.9784450531006", "Pop": "5187953", "Density": "16.8", "Area": "307940.1", "PWD_A": "660.7", "PWD_G": "195.4", "PWD_M": "273.1", "PWD_P1": "1.0", "PWD_P2": "1.6", "PWD_P3": "2.3", "PWD_P4": "3.0", "PWD_P5": "3.9", "PWD_P6": "5.1", "PWD_P7": "6.7", "PWD_P8": "8.5", "PWD_P9": "10.4", "PWD_P10": "12.5", "PWD_P11": "14.7", "PWD_P12": "16.9", "PWD_P13": "19.2", "PWD_P14": "21.6", "PWD_P15": "24.2", "PWD_P16": "26.9", "PWD_P17": "29.7", "PWD_P18": "32.7", "PWD_P19": "35.9", "PWD_P20": "39.3", "PWD_P21": "43.1", "PWD_P22": "47.1", "PWD_P23": "51.3", "PWD_P24": "55.8", "PWD_P25": "60.5", "PWD_P26": "65.5", "PWD_P27": "70.7", "PWD_P28": "76.1", "PWD_P29": "81.8", "PWD_P30": "87.9", "PWD_P31": "94.2", "PWD_P32": "100.8", "PWD_P33": "107.6", "PWD_P34": "114.6", "PWD_P35": "122.1", "PWD_P36": "129.9", "PWD_P37": "138.0", "PWD_P38": "146.5", "PWD_P39": "155.1", "PWD_P40": "164.0", "PWD_P41": "173.4", "PWD_P42": "183.1", "PWD_P43": "192.7", "PWD_P44": "202.7", "PWD_P45": "213.4", "PWD_P46": "224.4", "PWD_P47": "235.8", "PWD_P48": "247.7", "PWD_P49": "260.2", "PWD_P50": "273.1", "PWD_P51": "286.1", "PWD_P52": "299.7", "PWD_P53": "313.5", "PWD_P54": "328.1", "PWD_P55": "343.0", "PWD_P56": "358.5", "PWD_P57": "374.9", "PWD_P58": "392.1", "PWD_P59": "410.3", "PWD_P60": "429.5", "PWD_P61": "450.2", "PWD_P62": "471.2", "PWD_P63": "491.8", "PWD_P64": "513.4", "PWD_P65": "538.0", "PWD_P66": "564.2", "PWD_P67": "588.6", "PWD_P68": "615.6", "PWD_P69": "645.7", "PWD_P70": "680.1", "PWD_P71": "719.0", "PWD_P72": "756.7", "PWD_P73": "792.3", "PWD_P74": "828.0", "PWD_P75": "862.5", "PWD_P76": "899.8", "PWD_P77": "936.7", "PWD_P78": "984.3", "PWD_P79": "1029.1", "PWD_P80": "1072.6", "PWD_P81": "1117.1", "PWD_P82": "1166.2", "PWD_P83": "1214.8", "PWD_P84": "1263.4", "PWD_P85": "1318.4", "PWD_P86": "1381.5", "PWD_P87": "1443.8", "PWD_P88": "1508.6", "PWD_P89": "1582.0", "PWD_P90": "1705.4", "PWD_P91": "2351.6", "PWD_P92": "2818.4", "PWD_P93": "2976.5", "PWD_P94": "3096.5", "PWD_P95": "3190.0", "PWD_P96": "3268.0", "PWD_P97": "3350.9", "PWD_P98": "3458.3", "PWD_P99": "3614.3", "PWD_P100": "4047.7" }, "geometry": { "type": "Point", "coordinates": [ 24.978445053100586, 61.785503387451172 ] } },
{ "type": "Feature", "id": 73, "properties": { "lon": 2.6706845760345459, "lat": 47.159641265869141, "year": "2000", "ISO": "FRA", "ISO_No": "250", "Name": "France", "PWC_Lat": "47.1596412658691", "PWC_Lon": "2.67068457603455", "Pop": "59015092", "Density": "108.2", "Area": "545584.7", "PWD_A": "3732.3", "PWD_G": "856.8", "PWD_M": "1193.3", "PWD_P1": "8.7", "PWD_P2": "12.4", "PWD_P3": "15.7", "PWD_P4": "18.8", "PWD_P5": "22.0", "PWD_P6": "25.2", "PWD_P7": "28.7", "PWD_P8": "32.3", "PWD_P9": "36.2", "PWD_P10": "40.4", "PWD_P11": "44.9", "PWD_P12": "49.7", "PWD_P13": "55.0", "PWD_P14": "60.7", "PWD_P15": "66.8", "PWD_P16": "73.4", "PWD_P17": "80.6", "PWD_P18": "88.3", "PWD_P19": "96.7", "PWD_P20": "105.8", "PWD_P21": "115.5", "PWD_P22": "126.1", "PWD_P23": "137.6", "PWD_P24": "150.0", "PWD_P25": "163.4", "PWD_P26": "178.1", "PWD_P27": "194.4", "PWD_P28": "212.6", "PWD_P29": "232.8", "PWD_P30": "255.3", "PWD_P31": "280.4", "PWD_P32": "308.1", "PWD_P33": "338.5", "PWD_P34": "371.5", "PWD_P35": "406.6", "PWD_P36": "444.2", "PWD_P37": "484.3", "PWD_P38": "526.3", "PWD_P39": "570.4", "PWD_P40": "616.0", "PWD_P41": "663.2", "PWD_P42": "712.1", "PWD_P43": "762.9", "PWD_P44": "815.9", "PWD_P45": "870.6", "PWD_P46": "928.2", "PWD_P47": "988.8", "PWD_P48": "1052.9", "PWD_P49": "1120.4", "PWD_P50": "1193.3", "PWD_P51": "1271.6", "PWD_P52": "1354.3", "PWD_P53": "1442.6", "PWD_P54": "1538.3", "PWD_P55": "1639.6", "PWD_P56": "1747.2", "PWD_P57": "1859.5", "PWD_P58": "1979.0", "PWD_P59": "2105.5", "PWD_P60": "2237.4", "PWD_P61": "2375.3", "PWD_P62": "2519.3", "PWD_P63": "2668.6", "PWD_P64": "2821.4", "PWD_P65": "2978.8", "PWD_P66": "3139.0", "PWD_P67": "3303.2", "PWD_P68": "3471.2", "PWD_P69": "3647.2", "PWD_P70": "3826.4", "PWD_P71": "4011.9", "PWD_P72": "4200.4", "PWD_P73": "4397.0", "PWD_P74": "4593.8", "PWD_P75": "4793.2", "PWD_P76": "5001.2", "PWD_P77": "5210.5", "PWD_P78": "5428.1", "PWD_P79": "5655.2", "PWD_P80": "5892.7", "PWD_P81": "6144.8", "PWD_P82": "6416.6", "PWD_P83": "6706.0", "PWD_P84": "7020.2", "PWD_P85": "7355.1", "PWD_P86": "7720.6", "PWD_P87": "8100.5", "PWD_P88": "8519.3", "PWD_P89": "8970.5", "PWD_P90": "9478.9", "PWD_P91": "10125.1", "PWD_P92": "10839.7", "PWD_P93": "11863.7", "PWD_P94": "13414.8", "PWD_P95": "15575.4", "PWD_P96": "18946.9", "PWD_P97": "23404.4", "PWD_P98": "26888.0", "PWD_P99": "31508.3", "PWD_P100": "50026.2" }, "geometry": { "type": "Point", "coordinates": [ 2.670684576034546, 47.159641265869141 ] } },
{ "type": "Feature", "id": 74, "properties": { "lon": -52.799709320068359, "lat": 4.9346928596496582, "year": "2000", "ISO": "GUF", "ISO_No": "254", "Name": "French Guiana", "PWC_Lat": "4.93469285964966", "PWC_Lon": "-52.7997093200684", "Pop": "163163", "Density": "2.0", "Area": "83065.1", "PWD_A": "833.2", "PWD_G": "120.9", "PWD_M": "242.8", "PWD_P1": "0.1", "PWD_P2": "0.1", "PWD_P3": "0.2", "PWD_P4": "0.3", "PWD_P5": "0.4", "PWD_P6": "0.5", "PWD_P7": "0.6", "PWD_P8": "0.8", "PWD_P9": "1.0", "PWD_P10": "1.2", "PWD_P11": "1.5", "PWD_P12": "1.9", "PWD_P13": "2.5", "PWD_P14": "3.2", "PWD_P15": "4.0", "PWD_P16": "5.1", "PWD_P17": "6.5", "PWD_P18": "8.0", "PWD_P19": "9.7", "PWD_P20": "11.7", "PWD_P21": "14.1", "PWD_P22": "16.5", "PWD_P23": "19.2", "PWD_P24": "21.9", "PWD_P25": "24.6", "PWD_P26": "27.3", "PWD_P27": "29.9", "PWD_P28": "32.7", "PWD_P29": "36.0", "PWD_P30": "39.6", "PWD_P31": "43.2", "PWD_P32": "47.5", "PWD_P33": "52.2", "PWD_P34": "57.8", "PWD_P35": "63.1", "PWD_P36": "70.1", "PWD_P37": "77.1", "PWD_P38": "85.4", "PWD_P39": "95.2", "PWD_P40": "106.0", "PWD_P41": "117.2", "PWD_P42": "131.0", "PWD_P43": "144.3", "PWD_P44": "157.9", "PWD_P45": "170.9", "PWD_P46": "184.9", "PWD_P47": "202.0", "PWD_P48": "218.3", "PWD_P49": "231.7", "PWD_P50": "242.8", "PWD_P51": "254.3", "PWD_P52": "265.2", "PWD_P53": "275.4", "PWD_P54": "288.0", "PWD_P55": "302.6", "PWD_P56": "319.0", "PWD_P57": "335.5", "PWD_P58": "354.5", "PWD_P59": "372.3", "PWD_P60": "390.5", "PWD_P61": "404.8", "PWD_P62": "425.2", "PWD_P63": "452.9", "PWD_P64": "483.5", "PWD_P65": "522.0", "PWD_P66": "569.6", "PWD_P67": "637.5", "PWD_P68": "749.1", "PWD_P69": "1019.1", "PWD_P70": "1160.4", "PWD_P71": "1251.5", "PWD_P72": "1324.5", "PWD_P73": "1429.7", "PWD_P74": "1543.0", "PWD_P75": "1603.4", "PWD_P76": "1655.8", "PWD_P77": "1694.8", "PWD_P78": "1725.9", "PWD_P79": "1764.2", "PWD_P80": "1814.1", "PWD_P81": "1879.2", "PWD_P82": "1944.8", "PWD_P83": "2030.8", "PWD_P84": "2115.2", "PWD_P85": "2250.7", "PWD_P86": "2380.5", "PWD_P87": "2457.6", "PWD_P88": "2535.2", "PWD_P89": "2638.6", "PWD_P90": "2769.4", "PWD_P91": "2875.2", "PWD_P92": "2964.7", "PWD_P93": "3073.0", "PWD_P94": "3191.3", "PWD_P95": "3294.0", "PWD_P96": "3374.8", "PWD_P97": "3496.1", "PWD_P98": "3682.4", "PWD_P99": "3977.0", "PWD_P100": "4925.3" }, "geometry": { "type": "Point", "coordinates": [ -52.799709320068359, 4.934692859649658 ] } },
{ "type": "Feature", "id": 75, "properties": { "lon": -149.0491943359375, "lat": -17.273811340332031, "year": "2000", "ISO": "PYF", "ISO_No": "258", "Name": "French Polynesia", "PWC_Lat": "-17.273811340332", "PWC_Lon": "-149.049194335938", "Pop": "240680", "Density": "52.3", "Area": "4599.4", "PWD_A": "441.2", "PWD_G": "180.9", "PWD_M": "178.6", "PWD_P1": "5.0", "PWD_P2": "6.6", "PWD_P3": "7.8", "PWD_P4": "9.1", "PWD_P5": "10.9", "PWD_P6": "13.1", "PWD_P7": "14.6", "PWD_P8": "16.0", "PWD_P9": "18.2", "PWD_P10": "20.3", "PWD_P11": "22.5", "PWD_P12": "26.0", "PWD_P13": "28.9", "PWD_P14": "32.3", "PWD_P15": "35.6", "PWD_P16": "38.2", "PWD_P17": "41.0", "PWD_P18": "43.3", "PWD_P19": "45.6", "PWD_P20": "47.9", "PWD_P21": "50.1", "PWD_P22": "52.4", "PWD_P23": "54.9", "PWD_P24": "57.8", "PWD_P25": "61.4", "PWD_P26": "66.3", "PWD_P27": "70.6", "PWD_P28": "74.3", "PWD_P29": "78.1", "PWD_P30": "81.8", "PWD_P31": "85.8", "PWD_P32": "89.1", "PWD_P33": "92.1", "PWD_P34": "95.4", "PWD_P35": "98.9", "PWD_P36": "101.9", "PWD_P37": "105.5", "PWD_P38": "109.3", "PWD_P39": "112.9", "PWD_P40": "116.8", "PWD_P41": "121.3", "PWD_P42": "126.4", "PWD_P43": "131.8", "PWD_P44": "138.5", "PWD_P45": "144.5", "PWD_P46": "149.4", "PWD_P47": "154.1", "PWD_P48": "159.4", "PWD_P49": "167.4", "PWD_P50": "178.6", "PWD_P51": "201.5", "PWD_P52": "216.2", "PWD_P53": "227.7", "PWD_P54": "237.7", "PWD_P55": "247.9", "PWD_P56": "261.6", "PWD_P57": "279.5", "PWD_P58": "301.4", "PWD_P59": "321.4", "PWD_P60": "345.0", "PWD_P61": "368.0", "PWD_P62": "391.0", "PWD_P63": "420.2", "PWD_P64": "447.4", "PWD_P65": "465.8", "PWD_P66": "482.6", "PWD_P67": "496.3", "PWD_P68": "509.3", "PWD_P69": "522.0", "PWD_P70": "535.8", "PWD_P71": "551.0", "PWD_P72": "566.6", "PWD_P73": "583.6", "PWD_P74": "604.8", "PWD_P75": "640.4", "PWD_P76": "674.0", "PWD_P77": "723.4", "PWD_P78": "768.2", "PWD_P79": "822.0", "PWD_P80": "871.2", "PWD_P81": "904.6", "PWD_P82": "941.6", "PWD_P83": "984.1", "PWD_P84": "1018.1", "PWD_P85": "1060.4", "PWD_P86": "1125.4", "PWD_P87": "1173.6", "PWD_P88": "1207.5", "PWD_P89": "1236.2", "PWD_P90": "1292.9", "PWD_P91": "1330.8", "PWD_P92": "1380.1", "PWD_P93": "1438.0", "PWD_P94": "1473.4", "PWD_P95": "1526.6", "PWD_P96": "1646.8", "PWD_P97": "1772.1", "PWD_P98": "1916.8", "PWD_P99": "1975.5", "PWD_P100": "2094.1" }, "geometry": { "type": "Point", "coordinates": [ -149.0491943359375, -17.273811340332031 ] } },
{ "type": "Feature", "id": 76, "properties": { "lon": 42.939132690429688, "lat": 11.546548843383789, "year": "2000", "ISO": "DJI", "ISO_No": "262", "Name": "Djibouti", "PWC_Lat": "11.5465488433838", "PWC_Lon": "42.9391326904297", "Pop": "717577", "Density": "33.2", "Area": "21614.8", "PWD_A": "4079.7", "PWD_G": "801.8", "PWD_M": "3358.6", "PWD_P1": "2.7", "PWD_P2": "3.4", "PWD_P3": "4.0", "PWD_P4": "4.6", "PWD_P5": "5.3", "PWD_P6": "5.9", "PWD_P7": "6.5", "PWD_P8": "7.1", "PWD_P9": "7.8", "PWD_P10": "8.6", "PWD_P11": "9.7", "PWD_P12": "11.3", "PWD_P13": "13.8", "PWD_P14": "16.8", "PWD_P15": "20.4", "PWD_P16": "25.0", "PWD_P17": "30.7", "PWD_P18": "36.9", "PWD_P19": "42.6", "PWD_P20": "47.5", "PWD_P21": "51.8", "PWD_P22": "56.9", "PWD_P23": "61.5", "PWD_P24": "67.1", "PWD_P25": "73.3", "PWD_P26": "80.7", "PWD_P27": "91.0", "PWD_P28": "104.6", "PWD_P29": "119.2", "PWD_P30": "136.2", "PWD_P31": "158.6", "PWD_P32": "190.8", "PWD_P33": "237.0", "PWD_P34": "285.4", "PWD_P35": "340.9", "PWD_P36": "402.4", "PWD_P37": "486.2", "PWD_P38": "608.0", "PWD_P39": "728.1", "PWD_P40": "901.8", "PWD_P41": "1174.4", "PWD_P42": "1489.8", "PWD_P43": "1890.7", "PWD_P44": "2219.8", "PWD_P45": "2487.8", "PWD_P46": "2653.3", "PWD_P47": "2812.0", "PWD_P48": "2999.1", "PWD_P49": "3183.2", "PWD_P50": "3358.6", "PWD_P51": "3577.8", "PWD_P52": "3805.8", "PWD_P53": "3980.5", "PWD_P54": "4146.9", "PWD_P55": "4296.7", "PWD_P56": "4445.8", "PWD_P57": "4569.0", "PWD_P58": "4708.1", "PWD_P59": "4845.6", "PWD_P60": "4994.0", "PWD_P61": "5167.1", "PWD_P62": "5302.9", "PWD_P63": "5457.5", "PWD_P64": "5673.4", "PWD_P65": "5891.1", "PWD_P66": "6205.1", "PWD_P67": "6497.6", "PWD_P68": "6906.9", "PWD_P69": "7199.7", "PWD_P70": "7441.5", "PWD_P71": "7681.0", "PWD_P72": "7844.8", "PWD_P73": "8004.9", "PWD_P74": "8168.2", "PWD_P75": "8347.4", "PWD_P76": "8539.0", "PWD_P77": "8645.1", "PWD_P78": "8744.2", "PWD_P79": "8885.7", "PWD_P80": "8981.8", "PWD_P81": "9083.2", "PWD_P82": "9174.4", "PWD_P83": "9255.5", "PWD_P84": "9336.3", "PWD_P85": "9428.5", "PWD_P86": "9536.1", "PWD_P87": "9590.1", "PWD_P88": "9639.6", "PWD_P89": "9681.9", "PWD_P90": "9730.4", "PWD_P91": "9783.2", "PWD_P92": "9825.6", "PWD_P93": "9862.6", "PWD_P94": "9904.9", "PWD_P95": "9959.1", "PWD_P96": "10001.0", "PWD_P97": "10044.8", "PWD_P98": "10098.4", "PWD_P99": "10154.6", "PWD_P100": "10411.1" }, "geometry": { "type": "Point", "coordinates": [ 42.939132690429688, 11.546548843383789 ] } },
{ "type": "Feature", "id": 77, "properties": { "lon": 10.749788284301758, "lat": -0.25756663084030151, "year": "2000", "ISO": "GAB", "ISO_No": "266", "Name": "Gabon", "PWC_Lat": "-0.257566630840302", "PWC_Lon": "10.7497882843018", "Pop": "1228358", "Density": "4.7", "Area": "262820.0", "PWD_A": "635.5", "PWD_G": "49.3", "PWD_M": "20.3", "PWD_P1": "0.5", "PWD_P2": "0.7", "PWD_P3": "0.7", "PWD_P4": "0.8", "PWD_P5": "0.9", "PWD_P6": "1.0", "PWD_P7": "1.1", "PWD_P8": "1.2", "PWD_P9": "1.3", "PWD_P10": "1.5", "PWD_P11": "1.6", "PWD_P12": "1.7", "PWD_P13": "1.9", "PWD_P14": "2.1", "PWD_P15": "2.2", "PWD_P16": "2.4", "PWD_P17": "2.6", "PWD_P18": "2.8", "PWD_P19": "3.1", "PWD_P20": "3.3", "PWD_P21": "3.6", "PWD_P22": "3.9", "PWD_P23": "4.2", "PWD_P24": "4.5", "PWD_P25": "4.9", "PWD_P26": "5.4", "PWD_P27": "5.8", "PWD_P28": "6.2", "PWD_P29": "6.7", "PWD_P30": "7.2", "PWD_P31": "7.6", "PWD_P32": "8.0", "PWD_P33": "8.5", "PWD_P34": "9.0", "PWD_P35": "9.5", "PWD_P36": "10.1", "PWD_P37": "10.6", "PWD_P38": "11.2", "PWD_P39": "11.8", "PWD_P40": "12.4", "PWD_P41": "13.1", "PWD_P42": "13.8", "PWD_P43": "14.5", "PWD_P44": "15.3", "PWD_P45": "16.1", "PWD_P46": "16.9", "PWD_P47": "17.6", "PWD_P48": "18.5", "PWD_P49": "19.4", "PWD_P50": "20.3", "PWD_P51": "21.5", "PWD_P52": "22.7", "PWD_P53": "24.2", "PWD_P54": "25.8", "PWD_P55": "27.8", "PWD_P56": "30.0", "PWD_P57": "32.8", "PWD_P58": "35.8", "PWD_P59": "39.7", "PWD_P60": "44.5", "PWD_P61": "52.3", "PWD_P62": "63.7", "PWD_P63": "89.4", "PWD_P64": "170.2", "PWD_P65": "743.5", "PWD_P66": "861.7", "PWD_P67": "958.7", "PWD_P68": "1029.9", "PWD_P69": "1086.3", "PWD_P70": "1182.1", "PWD_P71": "1244.3", "PWD_P72": "1290.1", "PWD_P73": "1372.8", "PWD_P74": "1435.9", "PWD_P75": "1485.6", "PWD_P76": "1535.4", "PWD_P77": "1570.6", "PWD_P78": "1615.9", "PWD_P79": "1664.7", "PWD_P80": "1693.9", "PWD_P81": "1731.1", "PWD_P82": "1771.6", "PWD_P83": "1805.6", "PWD_P84": "1837.7", "PWD_P85": "1874.0", "PWD_P86": "1947.9", "PWD_P87": "1995.4", "PWD_P88": "2012.4", "PWD_P89": "2031.9", "PWD_P90": "2044.5", "PWD_P91": "2064.2", "PWD_P92": "2102.4", "PWD_P93": "2145.1", "PWD_P94": "2259.5", "PWD_P95": "2373.1", "PWD_P96": "2409.8", "PWD_P97": "2498.3", "PWD_P98": "2531.9", "PWD_P99": "2775.6", "PWD_P100": "2867.7" }, "geometry": { "type": "Point", "coordinates": [ 10.749788284301758, -0.257566630840302 ] } },
{ "type": "Feature", "id": 78, "properties": { "lon": 43.642776489257812, "lat": 41.936931610107422, "year": "2000", "ISO": "GEO", "ISO_No": "268", "Name": "Georgia", "PWC_Lat": "41.9369316101074", "PWC_Lon": "43.6427764892578", "Pop": "4362184", "Density": "62.8", "Area": "69484.6", "PWD_A": "2670.7", "PWD_G": "478.3", "PWD_M": "365.6", "PWD_P1": "4.6", "PWD_P2": "7.1", "PWD_P3": "9.8", "PWD_P4": "12.7", "PWD_P5": "15.4", "PWD_P6": "18.2", "PWD_P7": "21.0", "PWD_P8": "23.8", "PWD_P9": "26.6", "PWD_P10": "29.6", "PWD_P11": "32.6", "PWD_P12": "35.6", "PWD_P13": "38.7", "PWD_P14": "41.9", "PWD_P15": "45.3", "PWD_P16": "49.2", "PWD_P17": "53.2", "PWD_P18": "57.3", "PWD_P19": "61.7", "PWD_P20": "66.5", "PWD_P21": "71.5", "PWD_P22": "76.7", "PWD_P23": "82.0", "PWD_P24": "87.4", "PWD_P25": "93.1", "PWD_P26": "99.0", "PWD_P27": "105.0", "PWD_P28": "111.4", "PWD_P29": "118.2", "PWD_P30": "125.3", "PWD_P31": "132.5", "PWD_P32": "139.9", "PWD_P33": "147.8", "PWD_P34": "156.1", "PWD_P35": "165.2", "PWD_P36": "174.7", "PWD_P37": "184.6", "PWD_P38": "194.8", "PWD_P39": "205.3", "PWD_P40": "216.3", "PWD_P41": "228.2", "PWD_P42": "240.9", "PWD_P43": "254.6", "PWD_P44": "268.7", "PWD_P45": "282.9", "PWD_P46": "297.9", "PWD_P47": "313.5", "PWD_P48": "330.1", "PWD_P49": "347.2", "PWD_P50": "365.6", "PWD_P51": "386.1", "PWD_P52": "407.9", "PWD_P53": "431.0", "PWD_P54": "455.6", "PWD_P55": "481.7", "PWD_P56": "511.7", "PWD_P57": "547.4", "PWD_P58": "589.6", "PWD_P59": "639.7", "PWD_P60": "698.9", "PWD_P61": "767.2", "PWD_P62": "853.1", "PWD_P63": "967.6", "PWD_P64": "1137.1", "PWD_P65": "1353.5", "PWD_P66": "1540.6", "PWD_P67": "1796.3", "PWD_P68": "2106.1", "PWD_P69": "2424.3", "PWD_P70": "2744.8", "PWD_P71": "3047.9", "PWD_P72": "3316.4", "PWD_P73": "3629.6", "PWD_P74": "4100.1", "PWD_P75": "4582.9", "PWD_P76": "5002.2", "PWD_P77": "5362.6", "PWD_P78": "5687.8", "PWD_P79": "5982.9", "PWD_P80": "6286.3", "PWD_P81": "6556.4", "PWD_P82": "6793.4", "PWD_P83": "7045.0", "PWD_P84": "7274.4", "PWD_P85": "7504.0", "PWD_P86": "7724.9", "PWD_P87": "8018.4", "PWD_P88": "8363.3", "PWD_P89": "8684.0", "PWD_P90": "8990.1", "PWD_P91": "9288.5", "PWD_P92": "9558.8", "PWD_P93": "9860.6", "PWD_P94": "10124.7", "PWD_P95": "10530.7", "PWD_P96": "11134.7", "PWD_P97": "12932.1", "PWD_P98": "15515.2", "PWD_P99": "17486.7", "PWD_P100": "19826.1" }, "geometry": { "type": "Point", "coordinates": [ 43.642776489257812, 41.936931610107422 ] } },
{ "type": "Feature", "id": 79, "properties": { "lon": -15.928374290466309, "lat": 13.423710823059082, "year": "2000", "ISO": "GMB", "ISO_No": "270", "Name": "Gambia", "PWC_Lat": "13.4237108230591", "PWC_Lon": "-15.9283742904663", "Pop": "1317708", "Density": "124.6", "Area": "10576.8", "PWD_A": "2134.0", "PWD_G": "407.8", "PWD_M": "217.4", "PWD_P1": "23.6", "PWD_P2": "29.6", "PWD_P3": "33.0", "PWD_P4": "35.8", "PWD_P5": "38.7", "PWD_P6": "41.2", "PWD_P7": "43.4", "PWD_P8": "45.4", "PWD_P9": "47.2", "PWD_P10": "48.9", "PWD_P11": "50.5", "PWD_P12": "52.2", "PWD_P13": "53.9", "PWD_P14": "55.8", "PWD_P15": "57.8", "PWD_P16": "59.8", "PWD_P17": "61.8", "PWD_P18": "63.9", "PWD_P19": "65.9", "PWD_P20": "67.9", "PWD_P21": "69.9", "PWD_P22": "71.9", "PWD_P23": "73.9", "PWD_P24": "76.1", "PWD_P25": "78.2", "PWD_P26": "80.5", "PWD_P27": "82.9", "PWD_P28": "85.4", "PWD_P29": "87.9", "PWD_P30": "90.7", "PWD_P31": "93.4", "PWD_P32": "96.3", "PWD_P33": "99.2", "PWD_P34": "102.5", "PWD_P35": "106.1", "PWD_P36": "109.9", "PWD_P37": "114.1", "PWD_P38": "118.7", "PWD_P39": "123.3", "PWD_P40": "128.2", "PWD_P41": "133.5", "PWD_P42": "139.4", "PWD_P43": "146.1", "PWD_P44": "153.3", "PWD_P45": "161.1", "PWD_P46": "169.9", "PWD_P47": "180.4", "PWD_P48": "191.3", "PWD_P49": "203.0", "PWD_P50": "217.4", "PWD_P51": "233.4", "PWD_P52": "251.7", "PWD_P53": "272.4", "PWD_P54": "297.6", "PWD_P55": "324.6", "PWD_P56": "352.4", "PWD_P57": "380.5", "PWD_P58": "410.0", "PWD_P59": "451.4", "PWD_P60": "509.0", "PWD_P61": "578.3", "PWD_P62": "652.8", "PWD_P63": "720.6", "PWD_P64": "792.1", "PWD_P65": "884.7", "PWD_P66": "969.3", "PWD_P67": "1042.5", "PWD_P68": "1132.4", "PWD_P69": "1284.3", "PWD_P70": "1520.7", "PWD_P71": "1765.4", "PWD_P72": "2031.8", "PWD_P73": "2414.2", "PWD_P74": "2842.7", "PWD_P75": "3139.3", "PWD_P76": "3440.7", "PWD_P77": "3792.4", "PWD_P78": "4137.4", "PWD_P79": "4534.8", "PWD_P80": "4911.9", "PWD_P81": "5180.9", "PWD_P82": "5364.5", "PWD_P83": "5528.7", "PWD_P84": "5665.5", "PWD_P85": "5809.7", "PWD_P86": "5964.7", "PWD_P87": "6106.3", "PWD_P88": "6264.8", "PWD_P89": "6408.1", "PWD_P90": "6558.9", "PWD_P91": "6684.7", "PWD_P92": "6834.3", "PWD_P93": "7005.0", "PWD_P94": "7207.6", "PWD_P95": "7489.6", "PWD_P96": "7776.6", "PWD_P97": "8272.9", "PWD_P98": "17383.6", "PWD_P99": "23549.0", "PWD_P100": "28485.8" }, "geometry": { "type": "Point", "coordinates": [ -15.928374290466309, 13.423710823059082 ] } },
{ "type": "Feature", "id": 80, "properties": { "lon": 34.922943115234375, "lat": 31.766098022460938, "year": "2000", "ISO": "PSE", "ISO_No": "275", "Name": "Palestina", "PWC_Lat": "31.7660980224609", "PWC_Lon": "34.9229431152344", "Pop": "3224008", "Density": "534.1", "Area": "6036.1", "PWD_A": "7538.2", "PWD_G": "2962.3", "PWD_M": "3775.4", "PWD_P1": "27.5", "PWD_P2": "53.2", "PWD_P3": "80.6", "PWD_P4": "120.1", "PWD_P5": "161.1", "PWD_P6": "199.5", "PWD_P7": "236.5", "PWD_P8": "270.1", "PWD_P9": "301.5", "PWD_P10": "332.3", "PWD_P11": "363.4", "PWD_P12": "394.4", "PWD_P13": "425.5", "PWD_P14": "455.7", "PWD_P15": "485.4", "PWD_P16": "516.2", "PWD_P17": "548.7", "PWD_P18": "583.6", "PWD_P19": "622.4", "PWD_P20": "666.5", "PWD_P21": "713.7", "PWD_P22": "762.4", "PWD_P23": "811.9", "PWD_P24": "863.4", "PWD_P25": "921.6", "PWD_P26": "988.7", "PWD_P27": "1059.5", "PWD_P28": "1133.3", "PWD_P29": "1208.6", "PWD_P30": "1284.5", "PWD_P31": "1360.9", "PWD_P32": "1441.9", "PWD_P33": "1529.3", "PWD_P34": "1615.2", "PWD_P35": "1704.0", "PWD_P36": "1794.3", "PWD_P37": "1883.5", "PWD_P38": "1979.4", "PWD_P39": "2079.6", "PWD_P40": "2193.6", "PWD_P41": "2319.7", "PWD_P42": "2468.6", "PWD_P43": "2632.1", "PWD_P44": "2805.5", "PWD_P45": "2964.9", "PWD_P46": "3112.8", "PWD_P47": "3262.6", "PWD_P48": "3428.4", "PWD_P49": "3600.5", "PWD_P50": "3775.4", "PWD_P51": "3963.8", "PWD_P52": "4164.0", "PWD_P53": "4371.7", "PWD_P54": "4568.5", "PWD_P55": "4764.6", "PWD_P56": "4962.9", "PWD_P57": "5201.7", "PWD_P58": "5452.2", "PWD_P59": "5737.1", "PWD_P60": "6068.7", "PWD_P61": "6414.8", "PWD_P62": "6805.4", "PWD_P63": "7152.9", "PWD_P64": "7540.5", "PWD_P65": "7897.3", "PWD_P66": "8230.1", "PWD_P67": "8560.7", "PWD_P68": "8861.8", "PWD_P69": "9199.5", "PWD_P70": "9488.1", "PWD_P71": "9823.4", "PWD_P72": "10211.6", "PWD_P73": "10637.5", "PWD_P74": "11070.8", "PWD_P75": "11480.7", "PWD_P76": "11912.3", "PWD_P77": "12396.0", "PWD_P78": "12903.3", "PWD_P79": "13515.8", "PWD_P80": "14106.9", "PWD_P81": "14704.2", "PWD_P82": "15442.7", "PWD_P83": "16147.0", "PWD_P84": "16950.5", "PWD_P85": "17694.5", "PWD_P86": "18487.6", "PWD_P87": "19174.7", "PWD_P88": "19922.7", "PWD_P89": "20621.0", "PWD_P90": "21288.0", "PWD_P91": "21867.7", "PWD_P92": "22388.1", "PWD_P93": "22986.6", "PWD_P94": "23828.9", "PWD_P95": "25164.6", "PWD_P96": "26565.5", "PWD_P97": "28197.2", "PWD_P98": "29864.4", "PWD_P99": "37634.7", "PWD_P100": "49482.2" }, "geometry": { "type": "Point", "coordinates": [ 34.922943115234375, 31.766098022460938 ] } },
{ "type": "Feature", "id": 81, "properties": { "lon": 9.7052860260009766, "lat": 50.866024017333984, "year": "2000", "ISO": "DEU", "ISO_No": "276", "Name": "Germany", "PWC_Lat": "50.866024017334", "PWC_Lon": "9.70528602600098", "Pop": "81400882", "Density": "230.6", "Area": "353045.5", "PWD_A": "1367.3", "PWD_G": "669.5", "PWD_M": "836.9", "PWD_P1": "24.4", "PWD_P2": "33.6", "PWD_P3": "40.8", "PWD_P4": "47.2", "PWD_P5": "53.3", "PWD_P6": "59.4", "PWD_P7": "65.6", "PWD_P8": "72.0", "PWD_P9": "78.8", "PWD_P10": "85.9", "PWD_P11": "93.6", "PWD_P12": "101.6", "PWD_P13": "110.1", "PWD_P14": "118.9", "PWD_P15": "128.1", "PWD_P16": "137.7", "PWD_P17": "147.7", "PWD_P18": "158.1", "PWD_P19": "168.8", "PWD_P20": "180.1", "PWD_P21": "191.8", "PWD_P22": "203.9", "PWD_P23": "216.7", "PWD_P24": "230.0", "PWD_P25": "243.9", "PWD_P26": "258.5", "PWD_P27": "273.7", "PWD_P28": "289.7", "PWD_P29": "306.4", "PWD_P30": "323.8", "PWD_P31": "342.0", "PWD_P32": "361.2", "PWD_P33": "381.4", "PWD_P34": "402.4", "PWD_P35": "424.0", "PWD_P36": "446.5", "PWD_P37": "469.6", "PWD_P38": "493.5", "PWD_P39": "517.9", "PWD_P40": "542.9", "PWD_P41": "568.6", "PWD_P42": "595.1", "PWD_P43": "622.4", "PWD_P44": "650.4", "PWD_P45": "679.3", "PWD_P46": "708.9", "PWD_P47": "739.4", "PWD_P48": "770.9", "PWD_P49": "803.3", "PWD_P50": "836.9", "PWD_P51": "872.1", "PWD_P52": "908.7", "PWD_P53": "947.0", "PWD_P54": "986.8", "PWD_P55": "1028.5", "PWD_P56": "1071.0", "PWD_P57": "1115.5", "PWD_P58": "1161.7", "PWD_P59": "1209.3", "PWD_P60": "1258.1", "PWD_P61": "1307.8", "PWD_P62": "1359.0", "PWD_P63": "1410.2", "PWD_P64": "1463.6", "PWD_P65": "1519.0", "PWD_P66": "1576.1", "PWD_P67": "1634.4", "PWD_P68": "1694.3", "PWD_P69": "1755.6", "PWD_P70": "1817.6", "PWD_P71": "1881.4", "PWD_P72": "1946.0", "PWD_P73": "2011.6", "PWD_P74": "2079.7", "PWD_P75": "2149.5", "PWD_P76": "2217.9", "PWD_P77": "2287.3", "PWD_P78": "2359.1", "PWD_P79": "2432.2", "PWD_P80": "2505.8", "PWD_P81": "2580.2", "PWD_P82": "2658.2", "PWD_P83": "2744.4", "PWD_P84": "2833.3", "PWD_P85": "2924.0", "PWD_P86": "3015.4", "PWD_P87": "3102.6", "PWD_P88": "3188.5", "PWD_P89": "3284.4", "PWD_P90": "3403.1", "PWD_P91": "3558.4", "PWD_P92": "3700.0", "PWD_P93": "3829.6", "PWD_P94": "3963.0", "PWD_P95": "4111.3", "PWD_P96": "4405.2", "PWD_P97": "5221.0", "PWD_P98": "5555.6", "PWD_P99": "5809.2", "PWD_P100": "6426.7" }, "geometry": { "type": "Point", "coordinates": [ 9.705286026000977, 50.866024017333984 ] } },
{ "type": "Feature", "id": 82, "properties": { "lon": -1.0292057991027832, "lat": 6.9261550903320312, "year": "2000", "ISO": "GHA", "ISO_No": "288", "Name": "Ghana", "PWC_Lat": "6.92615509033203", "PWC_Lon": "-1.02920579910278", "Pop": "19278850", "Density": "82.6", "Area": "233480.5", "PWD_A": "1378.2", "PWD_G": "276.4", "PWD_M": "200.9", "PWD_P1": "9.0", "PWD_P2": "13.0", "PWD_P3": "16.4", "PWD_P4": "19.4", "PWD_P5": "22.1", "PWD_P6": "24.8", "PWD_P7": "27.2", "PWD_P8": "29.7", "PWD_P9": "32.0", "PWD_P10": "34.4", "PWD_P11": "36.7", "PWD_P12": "38.9", "PWD_P13": "41.2", "PWD_P14": "43.4", "PWD_P15": "45.6", "PWD_P16": "47.9", "PWD_P17": "50.1", "PWD_P18": "52.3", "PWD_P19": "54.6", "PWD_P20": "56.9", "PWD_P21": "59.3", "PWD_P22": "61.7", "PWD_P23": "64.2", "PWD_P24": "66.7", "PWD_P25": "69.2", "PWD_P26": "71.9", "PWD_P27": "74.7", "PWD_P28": "77.5", "PWD_P29": "80.5", "PWD_P30": "83.6", "PWD_P31": "86.9", "PWD_P32": "90.4", "PWD_P33": "94.1", "PWD_P34": "98.0", "PWD_P35": "102.2", "PWD_P36": "106.7", "PWD_P37": "111.4", "PWD_P38": "116.3", "PWD_P39": "121.6", "PWD_P40": "127.0", "PWD_P41": "132.7", "PWD_P42": "138.8", "PWD_P43": "145.3", "PWD_P44": "152.1", "PWD_P45": "159.3", "PWD_P46": "166.7", "PWD_P47": "174.6", "PWD_P48": "182.8", "PWD_P49": "191.5", "PWD_P50": "200.9", "PWD_P51": "210.9", "PWD_P52": "221.6", "PWD_P53": "233.5", "PWD_P54": "246.7", "PWD_P55": "260.9", "PWD_P56": "275.7", "PWD_P57": "290.8", "PWD_P58": "306.7", "PWD_P59": "324.5", "PWD_P60": "343.4", "PWD_P61": "362.3", "PWD_P62": "381.4", "PWD_P63": "402.1", "PWD_P64": "424.6", "PWD_P65": "448.6", "PWD_P66": "474.0", "PWD_P67": "501.7", "PWD_P68": "532.0", "PWD_P69": "566.8", "PWD_P70": "605.4", "PWD_P71": "646.0", "PWD_P72": "694.0", "PWD_P73": "746.0", "PWD_P74": "807.1", "PWD_P75": "885.6", "PWD_P76": "980.6", "PWD_P77": "1101.7", "PWD_P78": "1238.8", "PWD_P79": "1406.0", "PWD_P80": "1581.4", "PWD_P81": "1770.3", "PWD_P82": "1992.0", "PWD_P83": "2244.9", "PWD_P84": "2548.8", "PWD_P85": "2823.1", "PWD_P86": "3158.6", "PWD_P87": "3730.6", "PWD_P88": "4381.2", "PWD_P89": "5152.1", "PWD_P90": "5821.5", "PWD_P91": "6499.7", "PWD_P92": "7033.9", "PWD_P93": "7473.5", "PWD_P94": "7846.8", "PWD_P95": "8157.7", "PWD_P96": "8512.3", "PWD_P97": "9017.7", "PWD_P98": "9944.1", "PWD_P99": "11937.1", "PWD_P100": "12658.0" }, "geometry": { "type": "Point", "coordinates": [ -1.029205799102783, 6.926155090332031 ] } },
{ "type": "Feature", "id": 83, "properties": { "lon": -5.3508696556091309, "lat": 36.144859313964844, "year": "2000", "ISO": "GIB", "ISO_No": "292", "Name": "Gibraltar", "PWC_Lat": "36.1448593139648", "PWC_Lon": "-5.35086965560913", "Pop": "31080", "Density": "3801.9", "Area": "8.2", "PWD_A": "5726.2", "PWD_G": "4907.0", "PWD_M": "6309.0", "PWD_P1": "800.6", "PWD_P2": "879.5", "PWD_P3": "973.1", "PWD_P4": "1077.2", "PWD_P5": "1198.0", "PWD_P6": "1320.9", "PWD_P7": "1457.5", "PWD_P8": "1549.6", "PWD_P9": "1634.5", "PWD_P10": "1786.5", "PWD_P11": "1898.3", "PWD_P12": "2049.6", "PWD_P13": "2139.6", "PWD_P14": "2221.9", "PWD_P15": "2355.6", "PWD_P16": "2445.2", "PWD_P17": "2539.2", "PWD_P18": "2672.7", "PWD_P19": "2774.4", "PWD_P20": "2873.6", "PWD_P21": "3070.5", "PWD_P22": "3157.1", "PWD_P23": "3250.5", "PWD_P24": "3321.6", "PWD_P25": "3427.1", "PWD_P26": "3525.0", "PWD_P27": "3683.0", "PWD_P28": "3842.3", "PWD_P29": "4069.5", "PWD_P30": "4174.6", "PWD_P31": "4406.3", "PWD_P32": "4612.0", "PWD_P33": "4722.7", "PWD_P34": "4885.3", "PWD_P35": "5071.0", "PWD_P36": "5213.2", "PWD_P37": "5328.3", "PWD_P38": "5376.1", "PWD_P39": "5519.4", "PWD_P40": "5699.5", "PWD_P41": "5786.2", "PWD_P42": "5824.6", "PWD_P43": "5874.9", "PWD_P44": "5972.1", "PWD_P45": "6070.9", "PWD_P46": "6104.9", "PWD_P47": "6172.4", "PWD_P48": "6208.3", "PWD_P49": "6270.1", "PWD_P50": "6309.0", "PWD_P51": "6341.8", "PWD_P52": "6359.6", "PWD_P53": "6386.9", "PWD_P54": "6436.1", "PWD_P55": "6477.4", "PWD_P56": "6522.2", "PWD_P57": "6550.7", "PWD_P58": "6569.3", "PWD_P59": "6618.2", "PWD_P60": "6675.5", "PWD_P61": "6825.4", "PWD_P62": "7062.7", "PWD_P63": "7195.3", "PWD_P64": "7290.4", "PWD_P65": "7345.3", "PWD_P66": "7410.6", "PWD_P67": "7473.5", "PWD_P68": "7530.0", "PWD_P69": "7676.0", "PWD_P70": "7773.0", "PWD_P71": "7879.5", "PWD_P72": "7934.3", "PWD_P73": "8018.1", "PWD_P74": "8123.7", "PWD_P75": "8176.2", "PWD_P76": "8213.1", "PWD_P77": "8244.5", "PWD_P78": "8271.2", "PWD_P79": "8307.8", "PWD_P80": "8350.7", "PWD_P81": "8373.1", "PWD_P82": "8384.7", "PWD_P83": "8406.4", "PWD_P84": "8435.0", "PWD_P85": "8475.6", "PWD_P86": "8512.9", "PWD_P87": "8542.1", "PWD_P88": "8583.0", "PWD_P89": "8598.8", "PWD_P90": "8633.9", "PWD_P91": "8644.3", "PWD_P92": "8672.1", "PWD_P93": "8695.3", "PWD_P94": "8729.6", "PWD_P95": "8763.7", "PWD_P96": "8782.1", "PWD_P97": "8833.9", "PWD_P98": "8966.8", "PWD_P99": "9003.2", "PWD_P100": "9178.6" }, "geometry": { "type": "Point", "coordinates": [ -5.350869655609131, 36.144859313964844 ] } },
{ "type": "Feature", "id": 84, "properties": { "lon": 137.7938, "lat": 1.0764, "year": "2000", "ISO": "KIR", "ISO_No": "296", "Name": "Kiribati", "PWC_Lat": "1.0764", "PWC_Lon": "137.7938", "Pop": "84405", "Density": "100.1", "Area": "843.0", "PWD_A": "4384.4", "PWD_G": "2148.6", "PWD_M": "2262.3", "PWD_P1": "43.1", "PWD_P2": "173.2", "PWD_P3": "239.9", "PWD_P4": "290.9", "PWD_P5": "347.8", "PWD_P6": "381.2", "PWD_P7": "405.9", "PWD_P8": "426.8", "PWD_P9": "446.8", "PWD_P10": "467.7", "PWD_P11": "500.2", "PWD_P12": "545.1", "PWD_P13": "588.5", "PWD_P14": "624.6", "PWD_P15": "659.5", "PWD_P16": "694.4", "PWD_P17": "726.9", "PWD_P18": "756.6", "PWD_P19": "788.0", "PWD_P20": "819.7", "PWD_P21": "848.8", "PWD_P22": "879.4", "PWD_P23": "918.3", "PWD_P24": "949.8", "PWD_P25": "995.8", "PWD_P26": "1036.1", "PWD_P27": "1082.4", "PWD_P28": "1141.5", "PWD_P29": "1198.4", "PWD_P30": "1236.7", "PWD_P31": "1268.5", "PWD_P32": "1294.6", "PWD_P33": "1330.2", "PWD_P34": "1371.0", "PWD_P35": "1408.7", "PWD_P36": "1464.8", "PWD_P37": "1519.2", "PWD_P38": "1556.7", "PWD_P39": "1594.0", "PWD_P40": "1636.7", "PWD_P41": "1679.9", "PWD_P42": "1733.4", "PWD_P43": "1807.5", "PWD_P44": "1874.7", "PWD_P45": "1950.1", "PWD_P46": "2022.7", "PWD_P47": "2088.0", "PWD_P48": "2147.6", "PWD_P49": "2208.9", "PWD_P50": "2262.3", "PWD_P51": "2328.8", "PWD_P52": "2379.8", "PWD_P53": "2447.4", "PWD_P54": "2515.0", "PWD_P55": "2580.3", "PWD_P56": "2639.4", "PWD_P57": "2729.7", "PWD_P58": "2800.1", "PWD_P59": "2907.3", "PWD_P60": "2977.7", "PWD_P61": "3063.3", "PWD_P62": "3152.1", "PWD_P63": "3223.2", "PWD_P64": "3337.0", "PWD_P65": "3433.0", "PWD_P66": "3517.7", "PWD_P67": "3698.6", "PWD_P68": "3824.9", "PWD_P69": "4009.8", "PWD_P70": "4227.8", "PWD_P71": "4336.2", "PWD_P72": "4621.6", "PWD_P73": "4803.0", "PWD_P74": "5052.3", "PWD_P75": "5179.5", "PWD_P76": "5401.9", "PWD_P77": "5632.2", "PWD_P78": "5771.0", "PWD_P79": "5918.4", "PWD_P80": "6224.5", "PWD_P81": "6459.1", "PWD_P82": "6692.8", "PWD_P83": "7099.2", "PWD_P84": "7496.3", "PWD_P85": "7905.1", "PWD_P86": "8339.1", "PWD_P87": "9434.3", "PWD_P88": "9764.9", "PWD_P89": "10423.2", "PWD_P90": "10847.3", "PWD_P91": "11695.3", "PWD_P92": "12473.1", "PWD_P93": "13169.5", "PWD_P94": "14380.6", "PWD_P95": "15666.0", "PWD_P96": "16382.9", "PWD_P97": "18617.5", "PWD_P98": "22254.6", "PWD_P99": "37041.2", "PWD_P100": "45848.0" }, "geometry": { "type": "Point", "coordinates": [ 137.7938, 1.0764 ] } },
{ "type": "Feature", "id": 85, "properties": { "lon": 23.300052642822266, "lat": 38.697299957275391, "year": "2000", "ISO": "GRC", "ISO_No": "300", "Name": "Greece", "PWC_Lat": "38.6972999572754", "PWC_Lon": "23.3000526428223", "Pop": "11082102", "Density": "83.8", "Area": "132233.2", "PWD_A": "6454.2", "PWD_G": "1226.9", "PWD_M": "2078.6", "PWD_P1": "5.7", "PWD_P2": "8.8", "PWD_P3": "11.7", "PWD_P4": "14.6", "PWD_P5": "17.5", "PWD_P6": "20.6", "PWD_P7": "23.8", "PWD_P8": "27.2", "PWD_P9": "30.8", "PWD_P10": "34.8", "PWD_P11": "39.1", "PWD_P12": "43.8", "PWD_P13": "48.8", "PWD_P14": "54.2", "PWD_P15": "60.0", "PWD_P16": "66.3", "PWD_P17": "73.1", "PWD_P18": "80.5", "PWD_P19": "88.7", "PWD_P20": "97.7", "PWD_P21": "107.7", "PWD_P22": "118.6", "PWD_P23": "130.5", "PWD_P24": "143.8", "PWD_P25": "158.6", "PWD_P26": "175.1", "PWD_P27": "193.6", "PWD_P28": "213.6", "PWD_P29": "236.2", "PWD_P30": "261.6", "PWD_P31": "290.3", "PWD_P32": "322.7", "PWD_P33": "359.3", "PWD_P34": "400.7", "PWD_P35": "446.6", "PWD_P36": "498.6", "PWD_P37": "556.0", "PWD_P38": "619.5", "PWD_P39": "688.7", "PWD_P40": "767.3", "PWD_P41": "854.8", "PWD_P42": "950.5", "PWD_P43": "1055.4", "PWD_P44": "1170.0", "PWD_P45": "1292.9", "PWD_P46": "1426.5", "PWD_P47": "1574.2", "PWD_P48": "1727.0", "PWD_P49": "1894.0", "PWD_P50": "2078.6", "PWD_P51": "2273.7", "PWD_P52": "2485.8", "PWD_P53": "2711.9", "PWD_P54": "2962.2", "PWD_P55": "3222.2", "PWD_P56": "3495.8", "PWD_P57": "3778.5", "PWD_P58": "4095.1", "PWD_P59": "4432.9", "PWD_P60": "4778.5", "PWD_P61": "5154.6", "PWD_P62": "5533.8", "PWD_P63": "5934.8", "PWD_P64": "6338.1", "PWD_P65": "6732.9", "PWD_P66": "7125.4", "PWD_P67": "7554.7", "PWD_P68": "7982.1", "PWD_P69": "8437.7", "PWD_P70": "8867.5", "PWD_P71": "9300.2", "PWD_P72": "9773.1", "PWD_P73": "10242.6", "PWD_P74": "10691.3", "PWD_P75": "11173.6", "PWD_P76": "11660.6", "PWD_P77": "12135.9", "PWD_P78": "12624.1", "PWD_P79": "13156.1", "PWD_P80": "13722.9", "PWD_P81": "14262.0", "PWD_P82": "14870.7", "PWD_P83": "15456.1", "PWD_P84": "16022.6", "PWD_P85": "16634.0", "PWD_P86": "17260.6", "PWD_P87": "17901.3", "PWD_P88": "18577.2", "PWD_P89": "19180.2", "PWD_P90": "19855.7", "PWD_P91": "20551.9", "PWD_P92": "21333.5", "PWD_P93": "22208.2", "PWD_P94": "23131.1", "PWD_P95": "24110.5", "PWD_P96": "25117.5", "PWD_P97": "26062.8", "PWD_P98": "27214.5", "PWD_P99": "28695.3", "PWD_P100": "41967.5" }, "geometry": { "type": "Point", "coordinates": [ 23.300052642822266, 38.697299957275391 ] } },
{ "type": "Feature", "id": 86, "properties": { "lon": -61.680465698242188, "lat": 12.117266654968262, "year": "2000", "ISO": "GRD", "ISO_No": "308", "Name": "Grenada", "PWC_Lat": "12.1172666549683", "PWC_Lon": "-61.6804656982422", "Pop": "102837", "Density": "274.5", "Area": "374.7", "PWD_A": "532.6", "PWD_G": "398.9", "PWD_M": "442.1", "PWD_P1": "60.5", "PWD_P2": "72.2", "PWD_P3": "79.0", "PWD_P4": "85.3", "PWD_P5": "90.3", "PWD_P6": "95.6", "PWD_P7": "101.7", "PWD_P8": "107.4", "PWD_P9": "113.0", "PWD_P10": "118.9", "PWD_P11": "124.6", "PWD_P12": "131.3", "PWD_P13": "137.7", "PWD_P14": "144.4", "PWD_P15": "151.8", "PWD_P16": "159.4", "PWD_P17": "166.1", "PWD_P18": "173.4", "PWD_P19": "180.6", "PWD_P20": "188.2", "PWD_P21": "195.2", "PWD_P22": "202.7", "PWD_P23": "209.5", "PWD_P24": "216.2", "PWD_P25": "221.9", "PWD_P26": "227.9", "PWD_P27": "233.7", "PWD_P28": "239.8", "PWD_P29": "246.0", "PWD_P30": "252.0", "PWD_P31": "257.8", "PWD_P32": "263.3", "PWD_P33": "269.5", "PWD_P34": "275.9", "PWD_P35": "282.4", "PWD_P36": "289.7", "PWD_P37": "297.4", "PWD_P38": "304.9", "PWD_P39": "313.2", "PWD_P40": "322.5", "PWD_P41": "332.8", "PWD_P42": "342.5", "PWD_P43": "352.3", "PWD_P44": "362.1", "PWD_P45": "373.8", "PWD_P46": "386.6", "PWD_P47": "399.6", "PWD_P48": "413.5", "PWD_P49": "426.8", "PWD_P50": "442.1", "PWD_P51": "457.6", "PWD_P52": "472.9", "PWD_P53": "488.8", "PWD_P54": "504.5", "PWD_P55": "520.8", "PWD_P56": "538.7", "PWD_P57": "556.7", "PWD_P58": "574.4", "PWD_P59": "593.0", "PWD_P60": "609.2", "PWD_P61": "629.2", "PWD_P62": "644.9", "PWD_P63": "663.1", "PWD_P64": "678.6", "PWD_P65": "696.0", "PWD_P66": "713.7", "PWD_P67": "729.4", "PWD_P68": "744.8", "PWD_P69": "758.2", "PWD_P70": "771.8", "PWD_P71": "785.0", "PWD_P72": "798.5", "PWD_P73": "811.7", "PWD_P74": "823.5", "PWD_P75": "836.3", "PWD_P76": "848.1", "PWD_P77": "859.1", "PWD_P78": "870.6", "PWD_P79": "882.7", "PWD_P80": "892.6", "PWD_P81": "902.6", "PWD_P82": "913.3", "PWD_P83": "923.1", "PWD_P84": "935.2", "PWD_P85": "945.9", "PWD_P86": "956.1", "PWD_P87": "966.8", "PWD_P88": "976.8", "PWD_P89": "989.1", "PWD_P90": "1000.8", "PWD_P91": "1014.8", "PWD_P92": "1031.7", "PWD_P93": "1055.6", "PWD_P94": "1093.2", "PWD_P95": "1145.0", "PWD_P96": "1220.0", "PWD_P97": "1337.7", "PWD_P98": "1408.3", "PWD_P99": "1470.9", "PWD_P100": "1606.7" }, "geometry": { "type": "Point", "coordinates": [ -61.680465698242188, 12.117266654968262 ] } },
{ "type": "Feature", "id": 87, "properties": { "lon": -61.546241760253906, "lat": 16.205549240112305, "year": "2000", "ISO": "GLP", "ISO_No": "312", "Name": "Guadeloupe", "PWC_Lat": "16.2055492401123", "PWC_Lon": "-61.5462417602539", "Pop": "422047", "Density": "250.8", "Area": "1682.6", "PWD_A": "1023.8", "PWD_G": "492.6", "PWD_M": "479.7", "PWD_P1": "29.0", "PWD_P2": "38.7", "PWD_P3": "49.3", "PWD_P4": "60.1", "PWD_P5": "70.2", "PWD_P6": "80.4", "PWD_P7": "90.2", "PWD_P8": "100.9", "PWD_P9": "111.5", "PWD_P10": "121.7", "PWD_P11": "131.3", "PWD_P12": "141.3", "PWD_P13": "149.9", "PWD_P14": "157.7", "PWD_P15": "164.6", "PWD_P16": "171.2", "PWD_P17": "177.3", "PWD_P18": "183.6", "PWD_P19": "190.4", "PWD_P20": "197.5", "PWD_P21": "205.0", "PWD_P22": "212.9", "PWD_P23": "220.7", "PWD_P24": "228.7", "PWD_P25": "236.9", "PWD_P26": "245.1", "PWD_P27": "253.2", "PWD_P28": "261.4", "PWD_P29": "269.4", "PWD_P30": "277.5", "PWD_P31": "285.5", "PWD_P32": "293.8", "PWD_P33": "302.3", "PWD_P34": "310.7", "PWD_P35": "319.5", "PWD_P36": "328.9", "PWD_P37": "339.0", "PWD_P38": "349.1", "PWD_P39": "359.6", "PWD_P40": "370.4", "PWD_P41": "380.5", "PWD_P42": "390.6", "PWD_P43": "400.5", "PWD_P44": "410.6", "PWD_P45": "421.3", "PWD_P46": "432.1", "PWD_P47": "443.7", "PWD_P48": "454.6", "PWD_P49": "467.1", "PWD_P50": "479.7", "PWD_P51": "493.4", "PWD_P52": "507.8", "PWD_P53": "523.8", "PWD_P54": "541.3", "PWD_P55": "559.7", "PWD_P56": "579.0", "PWD_P57": "597.1", "PWD_P58": "614.0", "PWD_P59": "631.4", "PWD_P60": "648.4", "PWD_P61": "664.7", "PWD_P62": "681.3", "PWD_P63": "698.1", "PWD_P64": "714.3", "PWD_P65": "729.9", "PWD_P66": "746.0", "PWD_P67": "764.2", "PWD_P68": "779.8", "PWD_P69": "794.7", "PWD_P70": "811.3", "PWD_P71": "828.1", "PWD_P72": "845.9", "PWD_P73": "863.9", "PWD_P74": "882.2", "PWD_P75": "909.1", "PWD_P76": "935.7", "PWD_P77": "974.0", "PWD_P78": "1017.8", "PWD_P79": "1080.8", "PWD_P80": "1161.3", "PWD_P81": "1233.8", "PWD_P82": "1305.5", "PWD_P83": "1384.6", "PWD_P84": "1480.4", "PWD_P85": "1594.6", "PWD_P86": "1683.7", "PWD_P87": "1749.3", "PWD_P88": "1805.2", "PWD_P89": "1872.3", "PWD_P90": "1974.5", "PWD_P91": "2186.6", "PWD_P92": "2546.4", "PWD_P93": "2664.2", "PWD_P94": "2821.4", "PWD_P95": "6535.7", "PWD_P96": "7353.9", "PWD_P97": "7583.5", "PWD_P98": "7866.6", "PWD_P99": "8343.9", "PWD_P100": "8892.4" }, "geometry": { "type": "Point", "coordinates": [ -61.546241760253906, 16.205549240112305 ] } },
{ "type": "Feature", "id": 88, "properties": { "lon": 144.79689025878906, "lat": 13.480312347412109, "year": "2000", "ISO": "GUM", "ISO_No": "316", "Name": "Guam", "PWC_Lat": "13.4803123474121", "PWC_Lon": "144.796890258789", "Pop": "155322", "Density": "276.5", "Area": "561.8", "PWD_A": "1642.4", "PWD_G": "1001.0", "PWD_M": "1176.1", "PWD_P1": "26.0", "PWD_P2": "48.3", "PWD_P3": "70.5", "PWD_P4": "94.1", "PWD_P5": "120.1", "PWD_P6": "147.8", "PWD_P7": "171.7", "PWD_P8": "192.0", "PWD_P9": "211.0", "PWD_P10": "230.2", "PWD_P11": "249.3", "PWD_P12": "269.6", "PWD_P13": "289.9", "PWD_P14": "309.2", "PWD_P15": "328.8", "PWD_P16": "348.8", "PWD_P17": "366.5", "PWD_P18": "383.6", "PWD_P19": "402.8", "PWD_P20": "420.4", "PWD_P21": "439.2", "PWD_P22": "457.8", "PWD_P23": "476.5", "PWD_P24": "494.2", "PWD_P25": "514.9", "PWD_P26": "533.5", "PWD_P27": "554.5", "PWD_P28": "576.5", "PWD_P29": "597.9", "PWD_P30": "620.7", "PWD_P31": "643.2", "PWD_P32": "666.0", "PWD_P33": "687.9", "PWD_P34": "710.6", "PWD_P35": "731.6", "PWD_P36": "758.2", "PWD_P37": "783.8", "PWD_P38": "812.0", "PWD_P39": "839.2", "PWD_P40": "867.7", "PWD_P41": "897.1", "PWD_P42": "929.0", "PWD_P43": "958.1", "PWD_P44": "987.9", "PWD_P45": "1018.4", "PWD_P46": "1046.9", "PWD_P47": "1078.5", "PWD_P48": "1111.0", "PWD_P49": "1143.5", "PWD_P50": "1176.1", "PWD_P51": "1212.8", "PWD_P52": "1248.1", "PWD_P53": "1279.9", "PWD_P54": "1314.0", "PWD_P55": "1349.5", "PWD_P56": "1389.7", "PWD_P57": "1427.9", "PWD_P58": "1473.7", "PWD_P59": "1518.5", "PWD_P60": "1560.8", "PWD_P61": "1614.1", "PWD_P62": "1665.5", "PWD_P63": "1719.6", "PWD_P64": "1779.7", "PWD_P65": "1828.8", "PWD_P66": "1875.4", "PWD_P67": "1930.9", "PWD_P68": "1979.5", "PWD_P69": "2043.5", "PWD_P70": "2102.4", "PWD_P71": "2162.3", "PWD_P72": "2225.0", "PWD_P73": "2275.0", "PWD_P74": "2333.4", "PWD_P75": "2394.2", "PWD_P76": "2448.5", "PWD_P77": "2510.8", "PWD_P78": "2581.6", "PWD_P79": "2644.3", "PWD_P80": "2724.4", "PWD_P81": "2791.5", "PWD_P82": "2871.3", "PWD_P83": "2964.0", "PWD_P84": "3045.3", "PWD_P85": "3123.3", "PWD_P86": "3247.4", "PWD_P87": "3357.7", "PWD_P88": "3449.9", "PWD_P89": "3551.2", "PWD_P90": "3645.0", "PWD_P91": "3796.7", "PWD_P92": "3921.3", "PWD_P93": "4051.7", "PWD_P94": "4228.6", "PWD_P95": "4444.3", "PWD_P96": "4597.2", "PWD_P97": "4974.0", "PWD_P98": "5349.9", "PWD_P99": "7001.4", "PWD_P100": "11893.8" }, "geometry": { "type": "Point", "coordinates": [ 144.796890258789062, 13.480312347412109 ] } },
{ "type": "Feature", "id": 89, "properties": { "lon": -90.754318237304688, "lat": 14.920787811279297, "year": "2000", "ISO": "GTM", "ISO_No": "320", "Name": "Guatemala", "PWC_Lat": "14.9207878112793", "PWC_Lon": "-90.7543182373047", "Pop": "11650744", "Density": "106.7", "Area": "109227.2", "PWD_A": "1684.5", "PWD_G": "376.8", "PWD_M": "282.6", "PWD_P1": "10.6", "PWD_P2": "18.1", "PWD_P3": "24.5", "PWD_P4": "29.7", "PWD_P5": "33.8", "PWD_P6": "37.8", "PWD_P7": "41.3", "PWD_P8": "44.7", "PWD_P9": "48.4", "PWD_P10": "52.2", "PWD_P11": "55.9", "PWD_P12": "59.5", "PWD_P13": "63.1", "PWD_P14": "66.5", "PWD_P15": "70.0", "PWD_P16": "73.5", "PWD_P17": "77.1", "PWD_P18": "80.7", "PWD_P19": "84.3", "PWD_P20": "87.8", "PWD_P21": "91.3", "PWD_P22": "95.0", "PWD_P23": "98.7", "PWD_P24": "102.6", "PWD_P25": "106.7", "PWD_P26": "110.9", "PWD_P27": "115.2", "PWD_P28": "119.8", "PWD_P29": "124.5", "PWD_P30": "129.4", "PWD_P31": "134.4", "PWD_P32": "139.8", "PWD_P33": "145.4", "PWD_P34": "151.3", "PWD_P35": "157.3", "PWD_P36": "163.3", "PWD_P37": "169.5", "PWD_P38": "176.0", "PWD_P39": "182.4", "PWD_P40": "189.1", "PWD_P41": "196.1", "PWD_P42": "203.5", "PWD_P43": "211.4", "PWD_P44": "219.7", "PWD_P45": "228.7", "PWD_P46": "238.4", "PWD_P47": "248.6", "PWD_P48": "259.3", "PWD_P49": "270.4", "PWD_P50": "282.6", "PWD_P51": "295.6", "PWD_P52": "309.0", "PWD_P53": "323.2", "PWD_P54": "338.3", "PWD_P55": "353.9", "PWD_P56": "370.6", "PWD_P57": "388.1", "PWD_P58": "407.1", "PWD_P59": "426.9", "PWD_P60": "448.7", "PWD_P61": "472.8", "PWD_P62": "499.9", "PWD_P63": "527.3", "PWD_P64": "557.0", "PWD_P65": "589.3", "PWD_P66": "625.2", "PWD_P67": "663.9", "PWD_P68": "705.6", "PWD_P69": "753.3", "PWD_P70": "804.3", "PWD_P71": "859.8", "PWD_P72": "925.8", "PWD_P73": "996.2", "PWD_P74": "1074.6", "PWD_P75": "1165.2", "PWD_P76": "1260.7", "PWD_P77": "1365.6", "PWD_P78": "1488.5", "PWD_P79": "1633.0", "PWD_P80": "1804.7", "PWD_P81": "2015.4", "PWD_P82": "2262.8", "PWD_P83": "2566.9", "PWD_P84": "2950.1", "PWD_P85": "3413.4", "PWD_P86": "3884.9", "PWD_P87": "4284.6", "PWD_P88": "4755.9", "PWD_P89": "5289.5", "PWD_P90": "5850.2", "PWD_P91": "6433.9", "PWD_P92": "7024.6", "PWD_P93": "7643.1", "PWD_P94": "8362.4", "PWD_P95": "9093.4", "PWD_P96": "10092.9", "PWD_P97": "11465.7", "PWD_P98": "12972.3", "PWD_P99": "16206.0", "PWD_P100": "33616.8" }, "geometry": { "type": "Point", "coordinates": [ -90.754318237304688, 14.920787811279297 ] } },
{ "type": "Feature", "id": 90, "properties": { "lon": -11.611775398254395, "lat": 10.098522186279297, "year": "2000", "ISO": "GIN", "ISO_No": "324", "Name": "Guinea", "PWC_Lat": "10.0985221862793", "PWC_Lon": "-11.6117753982544", "Pop": "8240735", "Density": "33.6", "Area": "245069.9", "PWD_A": "1376.9", "PWD_G": "136.7", "PWD_M": "72.6", "PWD_P1": "4.1", "PWD_P2": "5.5", "PWD_P3": "6.6", "PWD_P4": "7.6", "PWD_P5": "8.6", "PWD_P6": "9.5", "PWD_P7": "10.5", "PWD_P8": "11.4", "PWD_P9": "12.3", "PWD_P10": "13.3", "PWD_P11": "14.1", "PWD_P12": "15.0", "PWD_P13": "15.9", "PWD_P14": "16.9", "PWD_P15": "17.8", "PWD_P16": "18.9", "PWD_P17": "19.9", "PWD_P18": "21.0", "PWD_P19": "22.1", "PWD_P20": "23.2", "PWD_P21": "24.3", "PWD_P22": "25.4", "PWD_P23": "26.6", "PWD_P24": "27.8", "PWD_P25": "29.0", "PWD_P26": "30.2", "PWD_P27": "31.4", "PWD_P28": "32.7", "PWD_P29": "34.1", "PWD_P30": "35.5", "PWD_P31": "36.9", "PWD_P32": "38.3", "PWD_P33": "39.7", "PWD_P34": "41.2", "PWD_P35": "42.8", "PWD_P36": "44.3", "PWD_P37": "45.9", "PWD_P38": "47.6", "PWD_P39": "49.3", "PWD_P40": "51.0", "PWD_P41": "52.8", "PWD_P42": "54.6", "PWD_P43": "56.5", "PWD_P44": "58.6", "PWD_P45": "60.7", "PWD_P46": "62.8", "PWD_P47": "65.1", "PWD_P48": "67.4", "PWD_P49": "69.9", "PWD_P50": "72.6", "PWD_P51": "75.5", "PWD_P52": "78.5", "PWD_P53": "81.7", "PWD_P54": "85.1", "PWD_P55": "88.7", "PWD_P56": "92.6", "PWD_P57": "97.0", "PWD_P58": "101.5", "PWD_P59": "106.5", "PWD_P60": "112.2", "PWD_P61": "118.6", "PWD_P62": "125.8", "PWD_P63": "133.9", "PWD_P64": "142.8", "PWD_P65": "153.4", "PWD_P66": "166.7", "PWD_P67": "183.1", "PWD_P68": "204.8", "PWD_P69": "234.9", "PWD_P70": "272.5", "PWD_P71": "323.5", "PWD_P72": "394.2", "PWD_P73": "471.6", "PWD_P74": "563.9", "PWD_P75": "682.4", "PWD_P76": "795.3", "PWD_P77": "923.3", "PWD_P78": "1059.1", "PWD_P79": "1237.7", "PWD_P80": "1463.9", "PWD_P81": "1675.3", "PWD_P82": "1890.2", "PWD_P83": "2160.6", "PWD_P84": "2420.1", "PWD_P85": "2724.5", "PWD_P86": "3074.0", "PWD_P87": "3475.3", "PWD_P88": "3830.0", "PWD_P89": "4117.2", "PWD_P90": "4501.8", "PWD_P91": "5260.7", "PWD_P92": "5976.0", "PWD_P93": "6546.9", "PWD_P94": "7097.8", "PWD_P95": "7729.8", "PWD_P96": "9260.4", "PWD_P97": "11728.0", "PWD_P98": "14421.4", "PWD_P99": "17559.6", "PWD_P100": "21393.4" }, "geometry": { "type": "Point", "coordinates": [ -11.611775398254395, 10.098522186279297 ] } },
{ "type": "Feature", "id": 91, "properties": { "lon": -58.138820648193359, "lat": 6.5266561508178711, "year": "2000", "ISO": "GUY", "ISO_No": "328", "Name": "Guyana", "PWC_Lat": "6.52665615081787", "PWC_Lon": "-58.1388206481934", "Pop": "746717", "Density": "3.6", "Area": "210153.5", "PWD_A": "1196.1", "PWD_G": "299.7", "PWD_M": "477.5", "PWD_P1": "0.2", "PWD_P2": "0.5", "PWD_P3": "0.7", "PWD_P4": "1.2", "PWD_P5": "1.8", "PWD_P6": "2.5", "PWD_P7": "3.5", "PWD_P8": "5.1", "PWD_P9": "7.1", "PWD_P10": "11.0", "PWD_P11": "15.8", "PWD_P12": "19.8", "PWD_P13": "25.1", "PWD_P14": "31.2", "PWD_P15": "37.2", "PWD_P16": "42.9", "PWD_P17": "48.7", "PWD_P18": "54.6", "PWD_P19": "61.0", "PWD_P20": "68.3", "PWD_P21": "76.6", "PWD_P22": "85.7", "PWD_P23": "95.2", "PWD_P24": "105.6", "PWD_P25": "116.3", "PWD_P26": "127.0", "PWD_P27": "138.4", "PWD_P28": "150.8", "PWD_P29": "164.6", "PWD_P30": "178.7", "PWD_P31": "192.2", "PWD_P32": "205.1", "PWD_P33": "217.9", "PWD_P34": "230.4", "PWD_P35": "242.7", "PWD_P36": "254.9", "PWD_P37": "267.9", "PWD_P38": "282.7", "PWD_P39": "297.7", "PWD_P40": "313.7", "PWD_P41": "329.0", "PWD_P42": "344.5", "PWD_P43": "360.7", "PWD_P44": "379.0", "PWD_P45": "395.2", "PWD_P46": "410.9", "PWD_P47": "426.0", "PWD_P48": "441.7", "PWD_P49": "458.8", "PWD_P50": "477.5", "PWD_P51": "495.5", "PWD_P52": "514.7", "PWD_P53": "535.4", "PWD_P54": "557.3", "PWD_P55": "577.5", "PWD_P56": "601.5", "PWD_P57": "628.1", "PWD_P58": "655.5", "PWD_P59": "681.9", "PWD_P60": "708.7", "PWD_P61": "736.7", "PWD_P62": "766.0", "PWD_P63": "796.7", "PWD_P64": "827.4", "PWD_P65": "861.7", "PWD_P66": "897.1", "PWD_P67": "935.2", "PWD_P68": "980.1", "PWD_P69": "1021.5", "PWD_P70": "1070.9", "PWD_P71": "1117.6", "PWD_P72": "1166.6", "PWD_P73": "1219.8", "PWD_P74": "1281.3", "PWD_P75": "1354.0", "PWD_P76": "1472.1", "PWD_P77": "1646.9", "PWD_P78": "1859.3", "PWD_P79": "2069.2", "PWD_P80": "2286.5", "PWD_P81": "2546.1", "PWD_P82": "2857.2", "PWD_P83": "3077.2", "PWD_P84": "3249.5", "PWD_P85": "3461.1", "PWD_P86": "3586.8", "PWD_P87": "3715.8", "PWD_P88": "3847.0", "PWD_P89": "3983.1", "PWD_P90": "4094.8", "PWD_P91": "4189.0", "PWD_P92": "4298.4", "PWD_P93": "4392.8", "PWD_P94": "4554.6", "PWD_P95": "4735.9", "PWD_P96": "4924.2", "PWD_P97": "5097.2", "PWD_P98": "5378.0", "PWD_P99": "5738.5", "PWD_P100": "8256.4" }, "geometry": { "type": "Point", "coordinates": [ -58.138820648193359, 6.526656150817871 ] } },
{ "type": "Feature", "id": 92, "properties": { "lon": -72.608345031738281, "lat": 18.875320434570312, "year": "2000", "ISO": "HTI", "ISO_No": "332", "Name": "Haiti", "PWC_Lat": "18.8753204345703", "PWC_Lon": "-72.6083450317383", "Pop": "8463801", "Density": "312.6", "Area": "27074.7", "PWD_A": "4338.2", "PWD_G": "868.8", "PWD_M": "446.5", "PWD_P1": "63.0", "PWD_P2": "79.0", "PWD_P3": "89.3", "PWD_P4": "97.6", "PWD_P5": "104.7", "PWD_P6": "110.6", "PWD_P7": "116.2", "PWD_P8": "122.1", "PWD_P9": "127.8", "PWD_P10": "133.1", "PWD_P11": "138.2", "PWD_P12": "143.0", "PWD_P13": "147.7", "PWD_P14": "152.2", "PWD_P15": "156.7", "PWD_P16": "161.1", "PWD_P17": "165.6", "PWD_P18": "170.2", "PWD_P19": "174.9", "PWD_P20": "179.6", "PWD_P21": "184.3", "PWD_P22": "189.3", "PWD_P23": "194.4", "PWD_P24": "199.6", "PWD_P25": "204.8", "PWD_P26": "210.1", "PWD_P27": "215.6", "PWD_P28": "221.1", "PWD_P29": "226.8", "PWD_P30": "232.8", "PWD_P31": "239.3", "PWD_P32": "246.0", "PWD_P33": "252.7", "PWD_P34": "259.6", "PWD_P35": "267.0", "PWD_P36": "274.6", "PWD_P37": "282.6", "PWD_P38": "290.8", "PWD_P39": "299.4", "PWD_P40": "308.2", "PWD_P41": "317.5", "PWD_P42": "327.7", "PWD_P43": "338.8", "PWD_P44": "350.3", "PWD_P45": "362.8", "PWD_P46": "376.7", "PWD_P47": "391.5", "PWD_P48": "408.1", "PWD_P49": "426.4", "PWD_P50": "446.5", "PWD_P51": "468.8", "PWD_P52": "493.4", "PWD_P53": "520.9", "PWD_P54": "550.0", "PWD_P55": "580.9", "PWD_P56": "616.7", "PWD_P57": "655.7", "PWD_P58": "701.0", "PWD_P59": "752.8", "PWD_P60": "816.8", "PWD_P61": "889.6", "PWD_P62": "979.8", "PWD_P63": "1080.2", "PWD_P64": "1193.8", "PWD_P65": "1310.9", "PWD_P66": "1437.9", "PWD_P67": "1575.6", "PWD_P68": "1742.1", "PWD_P69": "1972.9", "PWD_P70": "2241.9", "PWD_P71": "2516.2", "PWD_P72": "2846.8", "PWD_P73": "3200.9", "PWD_P74": "3611.2", "PWD_P75": "4082.3", "PWD_P76": "4577.4", "PWD_P77": "5131.2", "PWD_P78": "5650.5", "PWD_P79": "6179.9", "PWD_P80": "6960.9", "PWD_P81": "7776.3", "PWD_P82": "8675.1", "PWD_P83": "9797.3", "PWD_P84": "10612.5", "PWD_P85": "11528.3", "PWD_P86": "12511.8", "PWD_P87": "13252.8", "PWD_P88": "14146.5", "PWD_P89": "14912.7", "PWD_P90": "15670.1", "PWD_P91": "16685.9", "PWD_P92": "18133.0", "PWD_P93": "20579.4", "PWD_P94": "22019.6", "PWD_P95": "23455.1", "PWD_P96": "25025.4", "PWD_P97": "26842.0", "PWD_P98": "29369.4", "PWD_P99": "35349.6", "PWD_P100": "43634.3" }, "geometry": { "type": "Point", "coordinates": [ -72.608345031738281, 18.875320434570312 ] } },
{ "type": "Feature", "id": 93, "properties": { "lon": -87.462089538574219, "lat": 14.741547584533691, "year": "2000", "ISO": "HND", "ISO_No": "340", "Name": "Honduras", "PWC_Lat": "14.7415475845337", "PWC_Lon": "-87.4620895385742", "Pop": "6574510", "Density": "58.7", "Area": "112024.5", "PWD_A": "736.8", "PWD_G": "239.1", "PWD_M": "197.6", "PWD_P1": "5.8", "PWD_P2": "9.2", "PWD_P3": "12.2", "PWD_P4": "14.9", "PWD_P5": "17.3", "PWD_P6": "19.7", "PWD_P7": "22.1", "PWD_P8": "24.3", "PWD_P9": "26.5", "PWD_P10": "28.6", "PWD_P11": "30.7", "PWD_P12": "32.8", "PWD_P13": "35.0", "PWD_P14": "37.3", "PWD_P15": "39.6", "PWD_P16": "41.9", "PWD_P17": "44.3", "PWD_P18": "46.8", "PWD_P19": "49.4", "PWD_P20": "52.1", "PWD_P21": "54.8", "PWD_P22": "57.5", "PWD_P23": "60.3", "PWD_P24": "63.1", "PWD_P25": "66.0", "PWD_P26": "69.0", "PWD_P27": "71.9", "PWD_P28": "75.0", "PWD_P29": "78.2", "PWD_P30": "81.4", "PWD_P31": "84.8", "PWD_P32": "88.3", "PWD_P33": "91.9", "PWD_P34": "95.6", "PWD_P35": "99.5", "PWD_P36": "103.5", "PWD_P37": "107.9", "PWD_P38": "112.4", "PWD_P39": "117.2", "PWD_P40": "122.3", "PWD_P41": "127.8", "PWD_P42": "133.6", "PWD_P43": "139.9", "PWD_P44": "146.3", "PWD_P45": "153.3", "PWD_P46": "160.7", "PWD_P47": "168.7", "PWD_P48": "177.5", "PWD_P49": "187.0", "PWD_P50": "197.6", "PWD_P51": "209.7", "PWD_P52": "223.3", "PWD_P53": "238.1", "PWD_P54": "254.3", "PWD_P55": "271.9", "PWD_P56": "291.4", "PWD_P57": "314.0", "PWD_P58": "339.2", "PWD_P59": "367.0", "PWD_P60": "397.3", "PWD_P61": "429.6", "PWD_P62": "463.0", "PWD_P63": "497.7", "PWD_P64": "535.5", "PWD_P65": "576.4", "PWD_P66": "617.8", "PWD_P67": "662.3", "PWD_P68": "713.4", "PWD_P69": "766.6", "PWD_P70": "830.2", "PWD_P71": "902.2", "PWD_P72": "975.2", "PWD_P73": "1055.2", "PWD_P74": "1138.2", "PWD_P75": "1219.1", "PWD_P76": "1285.6", "PWD_P77": "1353.3", "PWD_P78": "1437.3", "PWD_P79": "1529.4", "PWD_P80": "1627.6", "PWD_P81": "1728.4", "PWD_P82": "1818.2", "PWD_P83": "1908.2", "PWD_P84": "2008.7", "PWD_P85": "2121.8", "PWD_P86": "2221.4", "PWD_P87": "2304.1", "PWD_P88": "2372.2", "PWD_P89": "2429.4", "PWD_P90": "2480.0", "PWD_P91": "2525.3", "PWD_P92": "2567.3", "PWD_P93": "2612.9", "PWD_P94": "2661.9", "PWD_P95": "2716.1", "PWD_P96": "2777.2", "PWD_P97": "2861.0", "PWD_P98": "2988.1", "PWD_P99": "3219.4", "PWD_P100": "4597.5" }, "geometry": { "type": "Point", "coordinates": [ -87.462089538574219, 14.741547584533691 ] } },
{ "type": "Feature", "id": 94, "properties": { "lon": 114.15071868896484, "lat": 22.35145378112793, "year": "2000", "ISO": "HKG", "ISO_No": "344", "Name": "Hong Kong", "PWC_Lat": "22.3514537811279", "PWC_Lon": "114.150718688965", "Pop": "6606327", "Density": "5717.2", "Area": "1155.5", "PWD_A": "74462.3", "PWD_G": "41541.7", "PWD_M": "61493.9", "PWD_P1": "328.0", "PWD_P2": "732.2", "PWD_P3": "1201.1", "PWD_P4": "1740.3", "PWD_P5": "2283.3", "PWD_P6": "2840.8", "PWD_P7": "3471.4", "PWD_P8": "4159.0", "PWD_P9": "4980.9", "PWD_P10": "5895.5", "PWD_P11": "6919.9", "PWD_P12": "7887.7", "PWD_P13": "8811.9", "PWD_P14": "9802.5", "PWD_P15": "10869.2", "PWD_P16": "11934.3", "PWD_P17": "13106.7", "PWD_P18": "14259.9", "PWD_P19": "15521.8", "PWD_P20": "17007.2", "PWD_P21": "18576.5", "PWD_P22": "20110.9", "PWD_P23": "21501.9", "PWD_P24": "22835.2", "PWD_P25": "24299.9", "PWD_P26": "25815.5", "PWD_P27": "27235.6", "PWD_P28": "28847.3", "PWD_P29": "30401.0", "PWD_P30": "31723.9", "PWD_P31": "32992.7", "PWD_P32": "34356.0", "PWD_P33": "35853.1", "PWD_P34": "37023.7", "PWD_P35": "38174.2", "PWD_P36": "39490.4", "PWD_P37": "40718.5", "PWD_P38": "41953.6", "PWD_P39": "43365.8", "PWD_P40": "44823.8", "PWD_P41": "46310.0", "PWD_P42": "47816.9", "PWD_P43": "49282.1", "PWD_P44": "50937.5", "PWD_P45": "52650.1", "PWD_P46": "54358.8", "PWD_P47": "56058.2", "PWD_P48": "57769.9", "PWD_P49": "59664.4", "PWD_P50": "61493.9", "PWD_P51": "62944.9", "PWD_P52": "64507.4", "PWD_P53": "65912.2", "PWD_P54": "67278.7", "PWD_P55": "68880.2", "PWD_P56": "70647.7", "PWD_P57": "72447.7", "PWD_P58": "74214.1", "PWD_P59": "76030.4", "PWD_P60": "77667.1", "PWD_P61": "79222.8", "PWD_P62": "80837.0", "PWD_P63": "82389.8", "PWD_P64": "84006.1", "PWD_P65": "85527.9", "PWD_P66": "87144.9", "PWD_P67": "89515.8", "PWD_P68": "91430.1", "PWD_P69": "93516.8", "PWD_P70": "95722.7", "PWD_P71": "97940.9", "PWD_P72": "99993.9", "PWD_P73": "102262.4", "PWD_P74": "104517.4", "PWD_P75": "107229.1", "PWD_P76": "110012.9", "PWD_P77": "112657.5", "PWD_P78": "115183.6", "PWD_P79": "117935.9", "PWD_P80": "120500.3", "PWD_P81": "123540.5", "PWD_P82": "126995.5", "PWD_P83": "129963.3", "PWD_P84": "132634.8", "PWD_P85": "136718.4", "PWD_P86": "140168.1", "PWD_P87": "145075.9", "PWD_P88": "149792.6", "PWD_P89": "155736.3", "PWD_P90": "160536.5", "PWD_P91": "165057.6", "PWD_P92": "171598.0", "PWD_P93": "178617.0", "PWD_P94": "185343.9", "PWD_P95": "194558.5", "PWD_P96": "206020.5", "PWD_P97": "218870.4", "PWD_P98": "235888.5", "PWD_P99": "290152.8", "PWD_P100": "589105.1" }, "geometry": { "type": "Point", "coordinates": [ 114.150718688964844, 22.35145378112793 ] } },
{ "type": "Feature", "id": 95, "properties": { "lon": 19.331426620483398, "lat": 47.264995574951172, "year": "2000", "ISO": "HUN", "ISO_No": "348", "Name": "Hungary", "PWC_Lat": "47.2649955749512", "PWC_Lon": "19.3314266204834", "Pop": "10220509", "Density": "112.1", "Area": "91162.6", "PWD_A": "1730.0", "PWD_G": "479.3", "PWD_M": "548.4", "PWD_P1": "11.2", "PWD_P2": "14.9", "PWD_P3": "18.5", "PWD_P4": "21.8", "PWD_P5": "24.9", "PWD_P6": "27.9", "PWD_P7": "30.9", "PWD_P8": "33.7", "PWD_P9": "36.6", "PWD_P10": "39.5", "PWD_P11": "42.4", "PWD_P12": "45.4", "PWD_P13": "48.5", "PWD_P14": "51.8", "PWD_P15": "55.2", "PWD_P16": "59.0", "PWD_P17": "63.0", "PWD_P18": "67.4", "PWD_P19": "72.0", "PWD_P20": "77.1", "PWD_P21": "82.7", "PWD_P22": "88.9", "PWD_P23": "95.8", "PWD_P24": "103.2", "PWD_P25": "111.2", "PWD_P26": "119.8", "PWD_P27": "129.1", "PWD_P28": "139.2", "PWD_P29": "150.1", "PWD_P30": "161.6", "PWD_P31": "173.9", "PWD_P32": "186.9", "PWD_P33": "201.0", "PWD_P34": "215.7", "PWD_P35": "231.1", "PWD_P36": "247.0", "PWD_P37": "263.2", "PWD_P38": "279.7", "PWD_P39": "296.9", "PWD_P40": "314.9", "PWD_P41": "333.7", "PWD_P42": "353.3", "PWD_P43": "373.8", "PWD_P44": "395.1", "PWD_P45": "417.6", "PWD_P46": "441.0", "PWD_P47": "465.7", "PWD_P48": "491.7", "PWD_P49": "519.0", "PWD_P50": "548.4", "PWD_P51": "579.3", "PWD_P52": "611.1", "PWD_P53": "644.3", "PWD_P54": "679.0", "PWD_P55": "715.4", "PWD_P56": "754.0", "PWD_P57": "795.0", "PWD_P58": "836.8", "PWD_P59": "880.7", "PWD_P60": "927.7", "PWD_P61": "976.6", "PWD_P62": "1029.0", "PWD_P63": "1082.6", "PWD_P64": "1138.6", "PWD_P65": "1197.8", "PWD_P66": "1259.2", "PWD_P67": "1323.3", "PWD_P68": "1389.5", "PWD_P69": "1461.5", "PWD_P70": "1536.6", "PWD_P71": "1617.3", "PWD_P72": "1704.7", "PWD_P73": "1796.0", "PWD_P74": "1892.5", "PWD_P75": "1994.1", "PWD_P76": "2106.1", "PWD_P77": "2224.0", "PWD_P78": "2350.0", "PWD_P79": "2489.1", "PWD_P80": "2638.9", "PWD_P81": "2803.9", "PWD_P82": "2978.3", "PWD_P83": "3166.9", "PWD_P84": "3371.0", "PWD_P85": "3600.1", "PWD_P86": "3836.6", "PWD_P87": "4099.2", "PWD_P88": "4379.1", "PWD_P89": "4668.2", "PWD_P90": "4969.1", "PWD_P91": "5297.6", "PWD_P92": "5685.4", "PWD_P93": "6144.4", "PWD_P94": "6622.7", "PWD_P95": "7149.2", "PWD_P96": "7731.8", "PWD_P97": "8575.9", "PWD_P98": "10593.7", "PWD_P99": "14827.1", "PWD_P100": "33809.8" }, "geometry": { "type": "Point", "coordinates": [ 19.331426620483398, 47.264995574951172 ] } },
{ "type": "Feature", "id": 96, "properties": { "lon": -21.086090087890625, "lat": 64.41009521484375, "year": "2000", "ISO": "ISL", "ISO_No": "352", "Name": "Iceland", "PWC_Lat": "64.4100952148438", "PWC_Lon": "-21.0860900878906", "Pop": "280438", "Density": "2.8", "Area": "100429.1", "PWD_A": "550.1", "PWD_G": "165.1", "PWD_M": "371.5", "PWD_P1": "0.1", "PWD_P2": "0.2", "PWD_P3": "0.3", "PWD_P4": "0.4", "PWD_P5": "0.6", "PWD_P6": "0.8", "PWD_P7": "1.1", "PWD_P8": "1.4", "PWD_P9": "2.2", "PWD_P10": "4.0", "PWD_P11": "6.3", "PWD_P12": "8.4", "PWD_P13": "10.7", "PWD_P14": "13.5", "PWD_P15": "16.5", "PWD_P16": "18.9", "PWD_P17": "21.8", "PWD_P18": "24.9", "PWD_P19": "28.4", "PWD_P20": "33.0", "PWD_P21": "37.9", "PWD_P22": "42.9", "PWD_P23": "48.4", "PWD_P24": "55.6", "PWD_P25": "65.9", "PWD_P26": "79.0", "PWD_P27": "88.5", "PWD_P28": "98.5", "PWD_P29": "110.8", "PWD_P30": "122.2", "PWD_P31": "132.6", "PWD_P32": "141.6", "PWD_P33": "150.8", "PWD_P34": "160.7", "PWD_P35": "170.9", "PWD_P36": "182.7", "PWD_P37": "197.8", "PWD_P38": "212.7", "PWD_P39": "228.3", "PWD_P40": "242.3", "PWD_P41": "256.1", "PWD_P42": "269.8", "PWD_P43": "280.7", "PWD_P44": "292.7", "PWD_P45": "305.5", "PWD_P46": "318.8", "PWD_P47": "333.1", "PWD_P48": "346.0", "PWD_P49": "358.0", "PWD_P50": "371.5", "PWD_P51": "385.4", "PWD_P52": "399.9", "PWD_P53": "417.2", "PWD_P54": "438.2", "PWD_P55": "461.3", "PWD_P56": "482.7", "PWD_P57": "503.0", "PWD_P58": "527.1", "PWD_P59": "548.1", "PWD_P60": "564.9", "PWD_P61": "580.1", "PWD_P62": "595.5", "PWD_P63": "610.3", "PWD_P64": "625.4", "PWD_P65": "643.1", "PWD_P66": "664.5", "PWD_P67": "688.7", "PWD_P68": "714.2", "PWD_P69": "743.8", "PWD_P70": "776.0", "PWD_P71": "813.4", "PWD_P72": "850.8", "PWD_P73": "886.2", "PWD_P74": "920.6", "PWD_P75": "945.7", "PWD_P76": "967.4", "PWD_P77": "986.2", "PWD_P78": "1004.4", "PWD_P79": "1021.4", "PWD_P80": "1038.2", "PWD_P81": "1055.8", "PWD_P82": "1076.5", "PWD_P83": "1099.0", "PWD_P84": "1123.5", "PWD_P85": "1154.1", "PWD_P86": "1186.1", "PWD_P87": "1226.4", "PWD_P88": "1269.5", "PWD_P89": "1306.3", "PWD_P90": "1353.4", "PWD_P91": "1403.1", "PWD_P92": "1448.5", "PWD_P93": "1491.6", "PWD_P94": "1543.6", "PWD_P95": "1608.7", "PWD_P96": "1690.8", "PWD_P97": "1794.2", "PWD_P98": "1936.0", "PWD_P99": "2233.9", "PWD_P100": "2907.9" }, "geometry": { "type": "Point", "coordinates": [ -21.086090087890625, 64.41009521484375 ] } },
{ "type": "Feature", "id": 97, "properties": { "lon": 80.1239, "lat": 22.3362, "year": "2000", "ISO": "IND", "ISO_No": "356", "Name": "India", "PWC_Lat": "22.3362", "PWC_Lon": "80.1239", "Pop": "1056575548", "Density": "332.9", "Area": "3173835.8", "PWD_A": "3816.8", "PWD_G": "862.1", "PWD_M": "673.8", "PWD_P1": "54.2", "PWD_P2": "75.1", "PWD_P3": "90.9", "PWD_P4": "104.1", "PWD_P5": "115.2", "PWD_P6": "125.0", "PWD_P7": "134.1", "PWD_P8": "142.6", "PWD_P9": "150.7", "PWD_P10": "158.7", "PWD_P11": "166.7", "PWD_P12": "174.6", "PWD_P13": "182.7", "PWD_P14": "190.8", "PWD_P15": "199.0", "PWD_P16": "207.4", "PWD_P17": "216.1", "PWD_P18": "224.8", "PWD_P19": "233.7", "PWD_P20": "242.9", "PWD_P21": "252.3", "PWD_P22": "261.9", "PWD_P23": "271.8", "PWD_P24": "282.1", "PWD_P25": "292.8", "PWD_P26": "303.9", "PWD_P27": "315.4", "PWD_P28": "327.4", "PWD_P29": "340.0", "PWD_P30": "353.2", "PWD_P31": "366.9", "PWD_P32": "381.3", "PWD_P33": "396.3", "PWD_P34": "411.8", "PWD_P35": "427.5", "PWD_P36": "443.3", "PWD_P37": "459.4", "PWD_P38": "475.4", "PWD_P39": "491.4", "PWD_P40": "507.2", "PWD_P41": "523.1", "PWD_P42": "539.1", "PWD_P43": "555.2", "PWD_P44": "571.4", "PWD_P45": "587.8", "PWD_P46": "604.5", "PWD_P47": "621.4", "PWD_P48": "638.6", "PWD_P49": "656.0", "PWD_P50": "673.8", "PWD_P51": "692.2", "PWD_P52": "711.1", "PWD_P53": "730.7", "PWD_P54": "750.9", "PWD_P55": "771.9", "PWD_P56": "793.4", "PWD_P57": "816.0", "PWD_P58": "839.7", "PWD_P59": "864.6", "PWD_P60": "891.0", "PWD_P61": "919.1", "PWD_P62": "948.8", "PWD_P63": "980.3", "PWD_P64": "1013.9", "PWD_P65": "1050.3", "PWD_P66": "1089.7", "PWD_P67": "1132.0", "PWD_P68": "1177.8", "PWD_P69": "1228.7", "PWD_P70": "1285.3", "PWD_P71": "1348.0", "PWD_P72": "1417.8", "PWD_P73": "1495.2", "PWD_P74": "1582.3", "PWD_P75": "1679.9", "PWD_P76": "1790.4", "PWD_P77": "1919.0", "PWD_P78": "2072.0", "PWD_P79": "2253.6", "PWD_P80": "2470.7", "PWD_P81": "2735.6", "PWD_P82": "3069.1", "PWD_P83": "3491.9", "PWD_P84": "4036.5", "PWD_P85": "4723.2", "PWD_P86": "5566.4", "PWD_P87": "6566.7", "PWD_P88": "7694.9", "PWD_P89": "8943.7", "PWD_P90": "10411.8", "PWD_P91": "12140.6", "PWD_P92": "14128.0", "PWD_P93": "16420.5", "PWD_P94": "19170.7", "PWD_P95": "22310.7", "PWD_P96": "26109.5", "PWD_P97": "30872.1", "PWD_P98": "36290.3", "PWD_P99": "47602.3", "PWD_P100": "167586.8" }, "geometry": { "type": "Point", "coordinates": [ 80.1239, 22.3362 ] } },
{ "type": "Feature", "id": 98, "properties": { "lon": 51.915, "lat": 34.2084, "year": "2000", "ISO": "IRN", "ISO_No": "364", "Name": "Iran", "PWC_Lat": "34.2084", "PWC_Lon": "51.915", "Pop": "65623397", "Density": "40.6", "Area": "1615773.7", "PWD_A": "1667.5", "PWD_G": "324.1", "PWD_M": "364.9", "PWD_P1": "3.0", "PWD_P2": "4.5", "PWD_P3": "5.9", "PWD_P4": "7.2", "PWD_P5": "8.6", "PWD_P6": "10.1", "PWD_P7": "11.7", "PWD_P8": "13.3", "PWD_P9": "15.1", "PWD_P10": "17.1", "PWD_P11": "19.2", "PWD_P12": "21.6", "PWD_P13": "24.0", "PWD_P14": "26.6", "PWD_P15": "29.4", "PWD_P16": "32.6", "PWD_P17": "36.0", "PWD_P18": "39.6", "PWD_P19": "43.5", "PWD_P20": "47.3", "PWD_P21": "51.3", "PWD_P22": "55.6", "PWD_P23": "60.2", "PWD_P24": "65.1", "PWD_P25": "70.3", "PWD_P26": "75.8", "PWD_P27": "81.6", "PWD_P28": "87.6", "PWD_P29": "94.0", "PWD_P30": "100.8", "PWD_P31": "107.9", "PWD_P32": "115.6", "PWD_P33": "123.6", "PWD_P34": "132.1", "PWD_P35": "141.0", "PWD_P36": "150.5", "PWD_P37": "160.7", "PWD_P38": "171.4", "PWD_P39": "182.8", "PWD_P40": "194.8", "PWD_P41": "207.5", "PWD_P42": "221.1", "PWD_P43": "235.7", "PWD_P44": "251.1", "PWD_P45": "267.1", "PWD_P46": "284.3", "PWD_P47": "302.3", "PWD_P48": "321.5", "PWD_P49": "342.2", "PWD_P50": "364.9", "PWD_P51": "389.1", "PWD_P52": "414.8", "PWD_P53": "440.9", "PWD_P54": "467.7", "PWD_P55": "494.0", "PWD_P56": "521.2", "PWD_P57": "549.7", "PWD_P58": "580.2", "PWD_P59": "612.7", "PWD_P60": "650.4", "PWD_P61": "691.8", "PWD_P62": "737.6", "PWD_P63": "786.3", "PWD_P64": "836.8", "PWD_P65": "891.8", "PWD_P66": "949.7", "PWD_P67": "1006.4", "PWD_P68": "1060.4", "PWD_P69": "1120.9", "PWD_P70": "1186.4", "PWD_P71": "1260.5", "PWD_P72": "1341.4", "PWD_P73": "1431.0", "PWD_P74": "1517.4", "PWD_P75": "1607.6", "PWD_P76": "1696.1", "PWD_P77": "1784.2", "PWD_P78": "1882.8", "PWD_P79": "2010.9", "PWD_P80": "2187.0", "PWD_P81": "2366.2", "PWD_P82": "2535.9", "PWD_P83": "2752.9", "PWD_P84": "3053.2", "PWD_P85": "3662.9", "PWD_P86": "4213.6", "PWD_P87": "4769.8", "PWD_P88": "5465.2", "PWD_P89": "5946.2", "PWD_P90": "6391.9", "PWD_P91": "6751.7", "PWD_P92": "7037.6", "PWD_P93": "7345.4", "PWD_P94": "7676.4", "PWD_P95": "7916.6", "PWD_P96": "8224.3", "PWD_P97": "8715.6", "PWD_P98": "11537.2", "PWD_P99": "14739.4", "PWD_P100": "21808.9" }, "geometry": { "type": "Point", "coordinates": [ 51.915, 34.2084 ] } },
{ "type": "Feature", "id": 99, "properties": { "lon": 44.670818328857422, "lat": 33.564338684082031, "year": "2000", "ISO": "IRQ", "ISO_No": "368", "Name": "Iraq", "PWC_Lat": "33.564338684082", "PWC_Lon": "44.6708183288574", "Pop": "23497588", "Density": "53.3", "Area": "440607.9", "PWD_A": "1264.3", "PWD_G": "391.6", "PWD_M": "398.1", "PWD_P1": "5.9", "PWD_P2": "9.8", "PWD_P3": "13.4", "PWD_P4": "17.0", "PWD_P5": "20.6", "PWD_P6": "24.2", "PWD_P7": "27.8", "PWD_P8": "31.5", "PWD_P9": "35.2", "PWD_P10": "39.0", "PWD_P11": "42.6", "PWD_P12": "46.1", "PWD_P13": "49.8", "PWD_P14": "53.6", "PWD_P15": "57.7", "PWD_P16": "61.7", "PWD_P17": "66.0", "PWD_P18": "70.3", "PWD_P19": "75.1", "PWD_P20": "80.1", "PWD_P21": "85.3", "PWD_P22": "91.0", "PWD_P23": "97.1", "PWD_P24": "103.5", "PWD_P25": "110.1", "PWD_P26": "116.7", "PWD_P27": "123.5", "PWD_P28": "130.5", "PWD_P29": "137.9", "PWD_P30": "145.5", "PWD_P31": "153.3", "PWD_P32": "161.5", "PWD_P33": "170.3", "PWD_P34": "179.5", "PWD_P35": "188.9", "PWD_P36": "198.7", "PWD_P37": "209.0", "PWD_P38": "220.0", "PWD_P39": "232.1", "PWD_P40": "244.1", "PWD_P41": "256.2", "PWD_P42": "269.1", "PWD_P43": "282.8", "PWD_P44": "297.5", "PWD_P45": "312.6", "PWD_P46": "328.6", "PWD_P47": "345.2", "PWD_P48": "362.5", "PWD_P49": "380.3", "PWD_P50": "398.1", "PWD_P51": "416.3", "PWD_P52": "436.7", "PWD_P53": "458.1", "PWD_P54": "480.8", "PWD_P55": "505.6", "PWD_P56": "531.9", "PWD_P57": "561.4", "PWD_P58": "594.1", "PWD_P59": "630.0", "PWD_P60": "669.7", "PWD_P61": "713.9", "PWD_P62": "762.8", "PWD_P63": "816.9", "PWD_P64": "877.3", "PWD_P65": "943.3", "PWD_P66": "1013.3", "PWD_P67": "1089.6", "PWD_P68": "1162.8", "PWD_P69": "1238.5", "PWD_P70": "1317.1", "PWD_P71": "1399.2", "PWD_P72": "1478.4", "PWD_P73": "1569.5", "PWD_P74": "1661.3", "PWD_P75": "1752.1", "PWD_P76": "1840.3", "PWD_P77": "1932.5", "PWD_P78": "2036.6", "PWD_P79": "2150.1", "PWD_P80": "2255.9", "PWD_P81": "2389.7", "PWD_P82": "2525.1", "PWD_P83": "2684.5", "PWD_P84": "2848.9", "PWD_P85": "3031.3", "PWD_P86": "3229.3", "PWD_P87": "3463.3", "PWD_P88": "3698.3", "PWD_P89": "3962.9", "PWD_P90": "4219.3", "PWD_P91": "4471.1", "PWD_P92": "4719.2", "PWD_P93": "4990.8", "PWD_P94": "5264.8", "PWD_P95": "5520.9", "PWD_P96": "5796.6", "PWD_P97": "6075.7", "PWD_P98": "6388.9", "PWD_P99": "6873.2", "PWD_P100": "8332.1" }, "geometry": { "type": "Point", "coordinates": [ 44.670818328857422, 33.564338684082031 ] } },
{ "type": "Feature", "id": 100, "properties": { "lon": -7.4388127326965332, "lat": 53.107738494873047, "year": "2000", "ISO": "IRL", "ISO_No": "372", "Name": "Ireland", "PWC_Lat": "53.107738494873", "PWC_Lon": "-7.43881273269653", "Pop": "3783094", "Density": "54.9", "Area": "68958.7", "PWD_A": "3242.7", "PWD_G": "777.2", "PWD_M": "1548.3", "PWD_P1": "3.6", "PWD_P2": "5.2", "PWD_P3": "6.7", "PWD_P4": "8.2", "PWD_P5": "9.8", "PWD_P6": "11.7", "PWD_P7": "13.9", "PWD_P8": "16.4", "PWD_P9": "19.4", "PWD_P10": "22.8", "PWD_P11": "26.8", "PWD_P12": "31.2", "PWD_P13": "36.4", "PWD_P14": "42.1", "PWD_P15": "48.7", "PWD_P16": "55.9", "PWD_P17": "64.2", "PWD_P18": "73.6", "PWD_P19": "83.9", "PWD_P20": "95.4", "PWD_P21": "108.1", "PWD_P22": "121.6", "PWD_P23": "136.1", "PWD_P24": "151.4", "PWD_P25": "167.9", "PWD_P26": "185.2", "PWD_P27": "203.3", "PWD_P28": "222.7", "PWD_P29": "243.3", "PWD_P30": "265.2", "PWD_P31": "288.4", "PWD_P32": "313.2", "PWD_P33": "340.3", "PWD_P34": "370.1", "PWD_P35": "402.8", "PWD_P36": "438.6", "PWD_P37": "478.3", "PWD_P38": "523.9", "PWD_P39": "573.9", "PWD_P40": "631.6", "PWD_P41": "694.7", "PWD_P42": "765.2", "PWD_P43": "840.9", "PWD_P44": "924.1", "PWD_P45": "1012.0", "PWD_P46": "1110.2", "PWD_P47": "1213.4", "PWD_P48": "1317.9", "PWD_P49": "1428.8", "PWD_P50": "1548.3", "PWD_P51": "1667.4", "PWD_P52": "1789.9", "PWD_P53": "1907.4", "PWD_P54": "2024.9", "PWD_P55": "2146.5", "PWD_P56": "2264.5", "PWD_P57": "2385.1", "PWD_P58": "2503.9", "PWD_P59": "2626.1", "PWD_P60": "2753.0", "PWD_P61": "2875.3", "PWD_P62": "3002.2", "PWD_P63": "3132.0", "PWD_P64": "3257.9", "PWD_P65": "3381.4", "PWD_P66": "3510.8", "PWD_P67": "3644.6", "PWD_P68": "3782.0", "PWD_P69": "3912.0", "PWD_P70": "4044.6", "PWD_P71": "4174.2", "PWD_P72": "4311.6", "PWD_P73": "4458.1", "PWD_P74": "4606.5", "PWD_P75": "4756.4", "PWD_P76": "4915.1", "PWD_P77": "5078.4", "PWD_P78": "5257.9", "PWD_P79": "5437.6", "PWD_P80": "5611.7", "PWD_P81": "5804.4", "PWD_P82": "6006.9", "PWD_P83": "6221.8", "PWD_P84": "6450.6", "PWD_P85": "6690.0", "PWD_P86": "6930.8", "PWD_P87": "7204.8", "PWD_P88": "7480.9", "PWD_P89": "7807.8", "PWD_P90": "8155.7", "PWD_P91": "8521.3", "PWD_P92": "8966.7", "PWD_P93": "9472.5", "PWD_P94": "10018.0", "PWD_P95": "10747.0", "PWD_P96": "11775.0", "PWD_P97": "13238.6", "PWD_P98": "15860.3", "PWD_P99": "22294.6", "PWD_P100": "82511.6" }, "geometry": { "type": "Point", "coordinates": [ -7.438812732696533, 53.107738494873047 ] } },
{ "type": "Feature", "id": 101, "properties": { "lon": 34.979679107666016, "lat": 32.148471832275391, "year": "2000", "ISO": "ISR", "ISO_No": "376", "Name": "Israel", "PWC_Lat": "32.1484718322754", "PWC_Lon": "34.979679107666", "Pop": "5945948", "Density": "271.3", "Area": "21920.1", "PWD_A": "3399.5", "PWD_G": "1723.3", "PWD_M": "2085.3", "PWD_P1": "21.7", "PWD_P2": "43.7", "PWD_P3": "67.0", "PWD_P4": "91.0", "PWD_P5": "115.9", "PWD_P6": "143.2", "PWD_P7": "169.9", "PWD_P8": "197.6", "PWD_P9": "229.2", "PWD_P10": "262.7", "PWD_P11": "296.8", "PWD_P12": "332.7", "PWD_P13": "370.6", "PWD_P14": "407.9", "PWD_P15": "444.5", "PWD_P16": "481.1", "PWD_P17": "517.1", "PWD_P18": "552.6", "PWD_P19": "588.6", "PWD_P20": "625.0", "PWD_P21": "660.5", "PWD_P22": "696.6", "PWD_P23": "731.6", "PWD_P24": "767.0", "PWD_P25": "801.5", "PWD_P26": "837.5", "PWD_P27": "874.9", "PWD_P28": "911.6", "PWD_P29": "949.1", "PWD_P30": "990.2", "PWD_P31": "1031.0", "PWD_P32": "1074.1", "PWD_P33": "1117.2", "PWD_P34": "1161.5", "PWD_P35": "1208.4", "PWD_P36": "1255.7", "PWD_P37": "1303.5", "PWD_P38": "1351.2", "PWD_P39": "1402.0", "PWD_P40": "1456.4", "PWD_P41": "1512.8", "PWD_P42": "1570.5", "PWD_P43": "1629.6", "PWD_P44": "1691.7", "PWD_P45": "1751.8", "PWD_P46": "1813.8", "PWD_P47": "1877.3", "PWD_P48": "1942.0", "PWD_P49": "2012.1", "PWD_P50": "2085.3", "PWD_P51": "2162.8", "PWD_P52": "2251.1", "PWD_P53": "2342.2", "PWD_P54": "2440.5", "PWD_P55": "2536.6", "PWD_P56": "2624.2", "PWD_P57": "2725.6", "PWD_P58": "2822.8", "PWD_P59": "2919.7", "PWD_P60": "3023.1", "PWD_P61": "3119.6", "PWD_P62": "3218.7", "PWD_P63": "3325.3", "PWD_P64": "3451.7", "PWD_P65": "3576.0", "PWD_P66": "3695.3", "PWD_P67": "3813.0", "PWD_P68": "3944.1", "PWD_P69": "4070.2", "PWD_P70": "4191.9", "PWD_P71": "4316.7", "PWD_P72": "4436.4", "PWD_P73": "4559.4", "PWD_P74": "4713.2", "PWD_P75": "4905.1", "PWD_P76": "5177.1", "PWD_P77": "5491.6", "PWD_P78": "5688.9", "PWD_P79": "5911.4", "PWD_P80": "6133.9", "PWD_P81": "6310.9", "PWD_P82": "6461.9", "PWD_P83": "6678.9", "PWD_P84": "6958.8", "PWD_P85": "7270.4", "PWD_P86": "7729.1", "PWD_P87": "8370.5", "PWD_P88": "8934.0", "PWD_P89": "9258.5", "PWD_P90": "9523.9", "PWD_P91": "9750.9", "PWD_P92": "9902.8", "PWD_P93": "10018.4", "PWD_P94": "10295.1", "PWD_P95": "10723.3", "PWD_P96": "11049.2", "PWD_P97": "11399.0", "PWD_P98": "12053.7", "PWD_P99": "12602.1", "PWD_P100": "14330.1" }, "geometry": { "type": "Point", "coordinates": [ 34.979679107666016, 32.148471832275391 ] } },
{ "type": "Feature", "id": 102, "properties": { "lon": 12.137849807739258, "lat": 42.856433868408203, "year": "2000", "ISO": "ITA", "ISO_No": "380", "Name": "Italy", "PWC_Lat": "42.8564338684082", "PWC_Lon": "12.1378498077393", "Pop": "56692178", "Density": "190.2", "Area": "298067.4", "PWD_A": "10116.0", "PWD_G": "4520.6", "PWD_M": "5360.5", "PWD_P1": "19.5", "PWD_P2": "43.0", "PWD_P3": "73.2", "PWD_P4": "116.6", "PWD_P5": "190.1", "PWD_P6": "318.7", "PWD_P7": "483.5", "PWD_P8": "638.0", "PWD_P9": "773.6", "PWD_P10": "895.9", "PWD_P11": "1009.6", "PWD_P12": "1118.1", "PWD_P13": "1222.0", "PWD_P14": "1324.2", "PWD_P15": "1424.4", "PWD_P16": "1523.8", "PWD_P17": "1622.9", "PWD_P18": "1720.7", "PWD_P19": "1818.4", "PWD_P20": "1916.9", "PWD_P21": "2016.2", "PWD_P22": "2115.0", "PWD_P23": "2214.0", "PWD_P24": "2313.1", "PWD_P25": "2413.8", "PWD_P26": "2514.3", "PWD_P27": "2615.6", "PWD_P28": "2718.1", "PWD_P29": "2821.6", "PWD_P30": "2925.1", "PWD_P31": "3030.2", "PWD_P32": "3136.8", "PWD_P33": "3243.6", "PWD_P34": "3350.5", "PWD_P35": "3460.0", "PWD_P36": "3570.6", "PWD_P37": "3682.7", "PWD_P38": "3796.5", "PWD_P39": "3911.9", "PWD_P40": "4029.8", "PWD_P41": "4150.4", "PWD_P42": "4273.9", "PWD_P43": "4397.7", "PWD_P44": "4524.3", "PWD_P45": "4652.1", "PWD_P46": "4788.0", "PWD_P47": "4923.5", "PWD_P48": "5063.9", "PWD_P49": "5208.5", "PWD_P50": "5360.5", "PWD_P51": "5518.6", "PWD_P52": "5677.8", "PWD_P53": "5845.6", "PWD_P54": "6016.9", "PWD_P55": "6196.1", "PWD_P56": "6379.9", "PWD_P57": "6570.1", "PWD_P58": "6769.8", "PWD_P59": "6980.8", "PWD_P60": "7197.9", "PWD_P61": "7423.5", "PWD_P62": "7661.2", "PWD_P63": "7904.4", "PWD_P64": "8160.2", "PWD_P65": "8428.6", "PWD_P66": "8706.2", "PWD_P67": "9006.6", "PWD_P68": "9305.0", "PWD_P69": "9619.4", "PWD_P70": "9962.3", "PWD_P71": "10309.5", "PWD_P72": "10692.5", "PWD_P73": "11098.5", "PWD_P74": "11525.0", "PWD_P75": "11974.9", "PWD_P76": "12439.3", "PWD_P77": "12940.0", "PWD_P78": "13470.6", "PWD_P79": "14013.3", "PWD_P80": "14617.0", "PWD_P81": "15244.9", "PWD_P82": "15924.2", "PWD_P83": "16666.7", "PWD_P84": "17471.7", "PWD_P85": "18331.3", "PWD_P86": "19281.8", "PWD_P87": "20302.9", "PWD_P88": "21426.8", "PWD_P89": "22706.2", "PWD_P90": "24106.2", "PWD_P91": "25609.0", "PWD_P92": "27319.4", "PWD_P93": "29350.7", "PWD_P94": "31728.1", "PWD_P95": "34738.4", "PWD_P96": "38623.9", "PWD_P97": "43751.0", "PWD_P98": "51033.0", "PWD_P99": "64649.6", "PWD_P100": "1007741.9" }, "geometry": { "type": "Point", "coordinates": [ 12.137849807739258, 42.856433868408203 ] } },
{ "type": "Feature", "id": 103, "properties": { "lon": -5.2814455032348633, "lat": 6.6469497680664062, "year": "2000", "ISO": "CIV", "ISO_No": "384", "Name": "CIte dIvoire", "PWC_Lat": "6.64694976806641", "PWC_Lon": "-5.28144550323486", "Pop": "16454659", "Density": "51.3", "Area": "320755.8", "PWD_A": "2804.7", "PWD_G": "224.6", "PWD_M": "103.6", "PWD_P1": "7.3", "PWD_P2": "9.8", "PWD_P3": "11.5", "PWD_P4": "13.0", "PWD_P5": "14.5", "PWD_P6": "15.8", "PWD_P7": "17.1", "PWD_P8": "18.4", "PWD_P9": "19.6", "PWD_P10": "20.9", "PWD_P11": "22.2", "PWD_P12": "23.5", "PWD_P13": "24.9", "PWD_P14": "26.3", "PWD_P15": "27.6", "PWD_P16": "29.0", "PWD_P17": "30.4", "PWD_P18": "31.8", "PWD_P19": "33.2", "PWD_P20": "34.6", "PWD_P21": "36.0", "PWD_P22": "37.5", "PWD_P23": "38.9", "PWD_P24": "40.2", "PWD_P25": "41.7", "PWD_P26": "43.1", "PWD_P27": "44.6", "PWD_P28": "46.1", "PWD_P29": "47.5", "PWD_P30": "49.0", "PWD_P31": "50.5", "PWD_P32": "52.1", "PWD_P33": "53.8", "PWD_P34": "55.6", "PWD_P35": "57.4", "PWD_P36": "59.4", "PWD_P37": "61.4", "PWD_P38": "63.5", "PWD_P39": "65.7", "PWD_P40": "68.0", "PWD_P41": "70.5", "PWD_P42": "73.1", "PWD_P43": "75.9", "PWD_P44": "79.0", "PWD_P45": "82.4", "PWD_P46": "86.1", "PWD_P47": "90.0", "PWD_P48": "94.1", "PWD_P49": "98.6", "PWD_P50": "103.6", "PWD_P51": "109.0", "PWD_P52": "115.2", "PWD_P53": "121.8", "PWD_P54": "128.9", "PWD_P55": "136.6", "PWD_P56": "145.2", "PWD_P57": "154.3", "PWD_P58": "164.4", "PWD_P59": "175.4", "PWD_P60": "187.7", "PWD_P61": "200.9", "PWD_P62": "215.6", "PWD_P63": "232.2", "PWD_P64": "251.2", "PWD_P65": "272.8", "PWD_P66": "297.4", "PWD_P67": "326.3", "PWD_P68": "363.8", "PWD_P69": "409.2", "PWD_P70": "468.1", "PWD_P71": "542.8", "PWD_P72": "639.4", "PWD_P73": "765.2", "PWD_P74": "922.0", "PWD_P75": "1084.7", "PWD_P76": "1309.1", "PWD_P77": "1547.7", "PWD_P78": "1914.2", "PWD_P79": "2220.6", "PWD_P80": "2528.7", "PWD_P81": "3056.2", "PWD_P82": "3650.0", "PWD_P83": "4084.1", "PWD_P84": "4641.6", "PWD_P85": "5932.0", "PWD_P86": "7215.6", "PWD_P87": "8280.2", "PWD_P88": "9631.1", "PWD_P89": "11149.6", "PWD_P90": "12646.0", "PWD_P91": "13597.7", "PWD_P92": "14468.4", "PWD_P93": "15626.4", "PWD_P94": "17329.8", "PWD_P95": "19130.0", "PWD_P96": "20400.4", "PWD_P97": "21398.3", "PWD_P98": "22724.3", "PWD_P99": "25926.4", "PWD_P100": "43547.1" }, "geometry": { "type": "Point", "coordinates": [ -5.281445503234863, 6.646949768066406 ] } },
{ "type": "Feature", "id": 104, "properties": { "lon": -77.186653137207031, "lat": 18.113079071044922, "year": "2000", "ISO": "JAM", "ISO_No": "388", "Name": "Jamaica", "PWC_Lat": "18.1130790710449", "PWC_Lon": "-77.186653137207", "Pop": "2654697", "Density": "239.7", "Area": "11076.9", "PWD_A": "1368.2", "PWD_G": "603.0", "PWD_M": "663.5", "PWD_P1": "33.1", "PWD_P2": "40.9", "PWD_P3": "47.3", "PWD_P4": "53.0", "PWD_P5": "59.1", "PWD_P6": "64.9", "PWD_P7": "70.3", "PWD_P8": "76.1", "PWD_P9": "81.9", "PWD_P10": "88.1", "PWD_P11": "94.6", "PWD_P12": "101.2", "PWD_P13": "107.8", "PWD_P14": "114.7", "PWD_P15": "122.1", "PWD_P16": "129.3", "PWD_P17": "136.5", "PWD_P18": "143.6", "PWD_P19": "150.6", "PWD_P20": "158.2", "PWD_P21": "166.0", "PWD_P22": "174.1", "PWD_P23": "182.7", "PWD_P24": "191.3", "PWD_P25": "199.8", "PWD_P26": "209.0", "PWD_P27": "218.8", "PWD_P28": "229.4", "PWD_P29": "241.2", "PWD_P30": "253.9", "PWD_P31": "267.2", "PWD_P32": "281.1", "PWD_P33": "295.4", "PWD_P34": "309.6", "PWD_P35": "324.4", "PWD_P36": "340.0", "PWD_P37": "356.5", "PWD_P38": "374.0", "PWD_P39": "392.9", "PWD_P40": "412.0", "PWD_P41": "432.0", "PWD_P42": "453.4", "PWD_P43": "475.5", "PWD_P44": "499.1", "PWD_P45": "523.8", "PWD_P46": "550.1", "PWD_P47": "578.0", "PWD_P48": "605.7", "PWD_P49": "634.3", "PWD_P50": "663.5", "PWD_P51": "693.4", "PWD_P52": "724.3", "PWD_P53": "757.2", "PWD_P54": "790.6", "PWD_P55": "827.1", "PWD_P56": "866.7", "PWD_P57": "906.9", "PWD_P58": "949.2", "PWD_P59": "994.3", "PWD_P60": "1037.4", "PWD_P61": "1080.0", "PWD_P62": "1121.5", "PWD_P63": "1162.6", "PWD_P64": "1203.7", "PWD_P65": "1243.9", "PWD_P66": "1286.9", "PWD_P67": "1329.3", "PWD_P68": "1372.4", "PWD_P69": "1415.9", "PWD_P70": "1460.4", "PWD_P71": "1509.8", "PWD_P72": "1560.2", "PWD_P73": "1612.3", "PWD_P74": "1672.4", "PWD_P75": "1732.7", "PWD_P76": "1787.7", "PWD_P77": "1843.4", "PWD_P78": "1907.3", "PWD_P79": "1982.4", "PWD_P80": "2062.1", "PWD_P81": "2158.1", "PWD_P82": "2279.1", "PWD_P83": "2660.8", "PWD_P84": "2997.3", "PWD_P85": "3208.4", "PWD_P86": "3387.1", "PWD_P87": "3572.4", "PWD_P88": "3730.8", "PWD_P89": "3892.2", "PWD_P90": "4026.7", "PWD_P91": "4131.8", "PWD_P92": "4230.8", "PWD_P93": "4314.5", "PWD_P94": "4390.3", "PWD_P95": "4484.6", "PWD_P96": "4605.0", "PWD_P97": "6756.7", "PWD_P98": "7819.3", "PWD_P99": "8342.2", "PWD_P100": "8937.4" }, "geometry": { "type": "Point", "coordinates": [ -77.186653137207031, 18.113079071044922 ] } },
{ "type": "Feature", "id": 105, "properties": { "lon": 137.06312561035156, "lat": 35.619449615478516, "year": "2000", "ISO": "JPN", "ISO_No": "392", "Name": "Japan", "PWC_Lat": "35.6194496154785", "PWC_Lon": "137.063125610352", "Pop": "127524167", "Density": "343.5", "Area": "371226.7", "PWD_A": "4723.4", "PWD_G": "1992.0", "PWD_M": "2511.4", "PWD_P1": "22.8", "PWD_P2": "40.0", "PWD_P3": "55.8", "PWD_P4": "72.2", "PWD_P5": "90.1", "PWD_P6": "109.7", "PWD_P7": "131.3", "PWD_P8": "154.2", "PWD_P9": "178.5", "PWD_P10": "205.0", "PWD_P11": "234.8", "PWD_P12": "267.2", "PWD_P13": "301.4", "PWD_P14": "337.1", "PWD_P15": "373.6", "PWD_P16": "410.7", "PWD_P17": "449.0", "PWD_P18": "487.5", "PWD_P19": "526.9", "PWD_P20": "567.2", "PWD_P21": "608.2", "PWD_P22": "650.4", "PWD_P23": "693.6", "PWD_P24": "737.7", "PWD_P25": "782.3", "PWD_P26": "827.4", "PWD_P27": "873.1", "PWD_P28": "919.3", "PWD_P29": "966.6", "PWD_P30": "1015.1", "PWD_P31": "1065.6", "PWD_P32": "1117.2", "PWD_P33": "1170.5", "PWD_P34": "1225.6", "PWD_P35": "1283.0", "PWD_P36": "1342.3", "PWD_P37": "1403.8", "PWD_P38": "1468.3", "PWD_P39": "1536.1", "PWD_P40": "1607.1", "PWD_P41": "1681.5", "PWD_P42": "1759.8", "PWD_P43": "1842.2", "PWD_P44": "1928.7", "PWD_P45": "2018.0", "PWD_P46": "2110.8", "PWD_P47": "2206.3", "PWD_P48": "2304.8", "PWD_P49": "2406.3", "PWD_P50": "2511.4", "PWD_P51": "2619.6", "PWD_P52": "2734.0", "PWD_P53": "2853.0", "PWD_P54": "2980.0", "PWD_P55": "3112.1", "PWD_P56": "3250.9", "PWD_P57": "3395.8", "PWD_P58": "3547.1", "PWD_P59": "3704.1", "PWD_P60": "3867.2", "PWD_P61": "4037.1", "PWD_P62": "4216.3", "PWD_P63": "4399.9", "PWD_P64": "4587.7", "PWD_P65": "4781.5", "PWD_P66": "4980.9", "PWD_P67": "5184.1", "PWD_P68": "5394.1", "PWD_P69": "5609.2", "PWD_P70": "5831.0", "PWD_P71": "6062.6", "PWD_P72": "6310.0", "PWD_P73": "6561.9", "PWD_P74": "6825.0", "PWD_P75": "7099.4", "PWD_P76": "7393.9", "PWD_P77": "7715.8", "PWD_P78": "8055.3", "PWD_P79": "8409.1", "PWD_P80": "8771.3", "PWD_P81": "9126.4", "PWD_P82": "9486.0", "PWD_P83": "9840.8", "PWD_P84": "10195.3", "PWD_P85": "10561.6", "PWD_P86": "10937.9", "PWD_P87": "11340.7", "PWD_P88": "11767.8", "PWD_P89": "12214.0", "PWD_P90": "12703.7", "PWD_P91": "13244.8", "PWD_P92": "13871.5", "PWD_P93": "14592.1", "PWD_P94": "15433.7", "PWD_P95": "16326.0", "PWD_P96": "17199.8", "PWD_P97": "18137.9", "PWD_P98": "19162.0", "PWD_P99": "20578.7", "PWD_P100": "149055.2" }, "geometry": { "type": "Point", "coordinates": [ 137.063125610351562, 35.619449615478516 ] } },
{ "type": "Feature", "id": 106, "properties": { "lon": 70.1989, "lat": 47.4822, "year": "2000", "ISO": "KAZ", "ISO_No": "398", "Name": "Kazakhstan", "PWC_Lat": "47.4822", "PWC_Lon": "70.1989", "Pop": "14922723", "Density": "5.6", "Area": "2652616.2", "PWD_A": "538.1", "PWD_G": "66.6", "PWD_M": "105.0", "PWD_P1": "0.4", "PWD_P2": "0.6", "PWD_P3": "0.7", "PWD_P4": "0.9", "PWD_P5": "1.0", "PWD_P6": "1.2", "PWD_P7": "1.4", "PWD_P8": "1.6", "PWD_P9": "1.8", "PWD_P10": "2.0", "PWD_P11": "2.2", "PWD_P12": "2.5", "PWD_P13": "2.7", "PWD_P14": "3.0", "PWD_P15": "3.3", "PWD_P16": "3.6", "PWD_P17": "3.9", "PWD_P18": "4.3", "PWD_P19": "4.7", "PWD_P20": "5.1", "PWD_P21": "5.5", "PWD_P22": "6.0", "PWD_P23": "6.5", "PWD_P24": "7.1", "PWD_P25": "7.8", "PWD_P26": "8.6", "PWD_P27": "9.5", "PWD_P28": "10.5", "PWD_P29": "11.8", "PWD_P30": "13.3", "PWD_P31": "15.1", "PWD_P32": "17.2", "PWD_P33": "19.6", "PWD_P34": "22.3", "PWD_P35": "25.3", "PWD_P36": "28.9", "PWD_P37": "32.7", "PWD_P38": "36.7", "PWD_P39": "40.9", "PWD_P40": "45.5", "PWD_P41": "50.2", "PWD_P42": "55.3", "PWD_P43": "60.8", "PWD_P44": "66.6", "PWD_P45": "72.6", "PWD_P46": "78.8", "PWD_P47": "85.3", "PWD_P48": "91.8", "PWD_P49": "98.4", "PWD_P50": "105.0", "PWD_P51": "112.1", "PWD_P52": "120.0", "PWD_P53": "128.2", "PWD_P54": "136.7", "PWD_P55": "145.3", "PWD_P56": "154.2", "PWD_P57": "163.3", "PWD_P58": "172.7", "PWD_P59": "182.3", "PWD_P60": "192.5", "PWD_P61": "202.8", "PWD_P62": "213.6", "PWD_P63": "224.9", "PWD_P64": "237.0", "PWD_P65": "250.3", "PWD_P66": "264.2", "PWD_P67": "278.3", "PWD_P68": "293.0", "PWD_P69": "308.3", "PWD_P70": "324.9", "PWD_P71": "343.7", "PWD_P72": "362.9", "PWD_P73": "382.7", "PWD_P74": "402.7", "PWD_P75": "425.5", "PWD_P76": "450.3", "PWD_P77": "473.7", "PWD_P78": "493.8", "PWD_P79": "514.6", "PWD_P80": "536.1", "PWD_P81": "560.6", "PWD_P82": "587.9", "PWD_P83": "616.8", "PWD_P84": "650.0", "PWD_P85": "689.6", "PWD_P86": "747.6", "PWD_P87": "814.1", "PWD_P88": "916.0", "PWD_P89": "1124.4", "PWD_P90": "1473.7", "PWD_P91": "1896.6", "PWD_P92": "2285.1", "PWD_P93": "3295.2", "PWD_P94": "3863.0", "PWD_P95": "4050.3", "PWD_P96": "4273.2", "PWD_P97": "4453.7", "PWD_P98": "4626.8", "PWD_P99": "4779.2", "PWD_P100": "5306.6" }, "geometry": { "type": "Point", "coordinates": [ 70.1989, 47.4822 ] } },
{ "type": "Feature", "id": 107, "properties": { "lon": 35.897819519042969, "lat": 31.980159759521484, "year": "2000", "ISO": "JOR", "ISO_No": "400", "Name": "Jordan", "PWC_Lat": "31.9801597595215", "PWC_Lon": "35.897819519043", "Pop": "5122494", "Density": "57.7", "Area": "88742.6", "PWD_A": "3428.4", "PWD_G": "1324.1", "PWD_M": "1763.1", "PWD_P1": "6.2", "PWD_P2": "17.9", "PWD_P3": "34.0", "PWD_P4": "47.7", "PWD_P5": "58.8", "PWD_P6": "70.3", "PWD_P7": "83.7", "PWD_P8": "98.6", "PWD_P9": "114.5", "PWD_P10": "129.7", "PWD_P11": "146.4", "PWD_P12": "164.5", "PWD_P13": "183.7", "PWD_P14": "204.6", "PWD_P15": "226.2", "PWD_P16": "246.2", "PWD_P17": "266.5", "PWD_P18": "288.0", "PWD_P19": "310.3", "PWD_P20": "334.6", "PWD_P21": "358.9", "PWD_P22": "383.7", "PWD_P23": "410.9", "PWD_P24": "439.0", "PWD_P25": "467.1", "PWD_P26": "494.1", "PWD_P27": "522.3", "PWD_P28": "551.8", "PWD_P29": "582.2", "PWD_P30": "615.7", "PWD_P31": "654.1", "PWD_P32": "691.1", "PWD_P33": "727.8", "PWD_P34": "766.4", "PWD_P35": "805.3", "PWD_P36": "845.8", "PWD_P37": "891.7", "PWD_P38": "942.5", "PWD_P39": "997.6", "PWD_P40": "1050.7", "PWD_P41": "1108.4", "PWD_P42": "1169.9", "PWD_P43": "1236.3", "PWD_P44": "1306.4", "PWD_P45": "1376.5", "PWD_P46": "1446.9", "PWD_P47": "1522.7", "PWD_P48": "1600.3", "PWD_P49": "1680.7", "PWD_P50": "1763.1", "PWD_P51": "1851.5", "PWD_P52": "1938.5", "PWD_P53": "2032.3", "PWD_P54": "2128.5", "PWD_P55": "2228.3", "PWD_P56": "2323.5", "PWD_P57": "2418.9", "PWD_P58": "2518.7", "PWD_P59": "2612.8", "PWD_P60": "2715.3", "PWD_P61": "2827.7", "PWD_P62": "2944.5", "PWD_P63": "3077.7", "PWD_P64": "3214.3", "PWD_P65": "3336.8", "PWD_P66": "3441.0", "PWD_P67": "3577.3", "PWD_P68": "3712.0", "PWD_P69": "3856.4", "PWD_P70": "4084.6", "PWD_P71": "4363.3", "PWD_P72": "4588.2", "PWD_P73": "4815.6", "PWD_P74": "5061.5", "PWD_P75": "5317.2", "PWD_P76": "5614.7", "PWD_P77": "5863.0", "PWD_P78": "6235.6", "PWD_P79": "6725.4", "PWD_P80": "7268.1", "PWD_P81": "7745.5", "PWD_P82": "8030.4", "PWD_P83": "8317.6", "PWD_P84": "8627.3", "PWD_P85": "8875.8", "PWD_P86": "9110.2", "PWD_P87": "9362.8", "PWD_P88": "9646.0", "PWD_P89": "9897.5", "PWD_P90": "10119.8", "PWD_P91": "10328.2", "PWD_P92": "10549.0", "PWD_P93": "10797.3", "PWD_P94": "11069.4", "PWD_P95": "11336.9", "PWD_P96": "11649.0", "PWD_P97": "12025.4", "PWD_P98": "12435.7", "PWD_P99": "12846.3", "PWD_P100": "14684.6" }, "geometry": { "type": "Point", "coordinates": [ 35.897819519042969, 31.980159759521484 ] } },
{ "type": "Feature", "id": 108, "properties": { "lon": 36.463947296142578, "lat": -0.50940221548080444, "year": "2000", "ISO": "KEN", "ISO_No": "404", "Name": "Kenya", "PWC_Lat": "-0.509402215480804", "PWC_Lon": "36.4639472961426", "Pop": "31964556", "Density": "52.3", "Area": "611334.8", "PWD_A": "3115.3", "PWD_G": "413.8", "PWD_M": "410.0", "PWD_P1": "3.5", "PWD_P2": "6.0", "PWD_P3": "8.9", "PWD_P4": "11.7", "PWD_P5": "15.3", "PWD_P6": "19.6", "PWD_P7": "24.7", "PWD_P8": "30.2", "PWD_P9": "36.1", "PWD_P10": "42.2", "PWD_P11": "48.7", "PWD_P12": "55.4", "PWD_P13": "62.6", "PWD_P14": "70.0", "PWD_P15": "77.7", "PWD_P16": "85.7", "PWD_P17": "94.2", "PWD_P18": "102.5", "PWD_P19": "110.8", "PWD_P20": "119.3", "PWD_P21": "127.9", "PWD_P22": "136.3", "PWD_P23": "144.6", "PWD_P24": "152.8", "PWD_P25": "161.1", "PWD_P26": "169.7", "PWD_P27": "178.6", "PWD_P28": "187.5", "PWD_P29": "196.6", "PWD_P30": "205.9", "PWD_P31": "215.1", "PWD_P32": "224.6", "PWD_P33": "234.3", "PWD_P34": "244.2", "PWD_P35": "254.3", "PWD_P36": "264.3", "PWD_P37": "274.1", "PWD_P38": "283.8", "PWD_P39": "293.7", "PWD_P40": "304.0", "PWD_P41": "314.2", "PWD_P42": "324.4", "PWD_P43": "334.8", "PWD_P44": "345.3", "PWD_P45": "356.1", "PWD_P46": "366.7", "PWD_P47": "377.4", "PWD_P48": "388.3", "PWD_P49": "399.2", "PWD_P50": "410.0", "PWD_P51": "420.7", "PWD_P52": "431.3", "PWD_P53": "442.1", "PWD_P54": "453.0", "PWD_P55": "464.0", "PWD_P56": "475.6", "PWD_P57": "487.7", "PWD_P58": "500.2", "PWD_P59": "513.3", "PWD_P60": "527.3", "PWD_P61": "542.5", "PWD_P62": "558.6", "PWD_P63": "575.1", "PWD_P64": "592.3", "PWD_P65": "610.6", "PWD_P66": "630.3", "PWD_P67": "651.5", "PWD_P68": "674.3", "PWD_P69": "698.3", "PWD_P70": "724.0", "PWD_P71": "752.3", "PWD_P72": "783.4", "PWD_P73": "817.3", "PWD_P74": "854.5", "PWD_P75": "897.6", "PWD_P76": "949.4", "PWD_P77": "1012.7", "PWD_P78": "1089.8", "PWD_P79": "1185.5", "PWD_P80": "1299.9", "PWD_P81": "1443.7", "PWD_P82": "1620.0", "PWD_P83": "1840.0", "PWD_P84": "2097.4", "PWD_P85": "2404.9", "PWD_P86": "2757.6", "PWD_P87": "3189.7", "PWD_P88": "3734.7", "PWD_P89": "4383.5", "PWD_P90": "5149.8", "PWD_P91": "6183.3", "PWD_P92": "7498.7", "PWD_P93": "9313.6", "PWD_P94": "11578.8", "PWD_P95": "14594.5", "PWD_P96": "18547.9", "PWD_P97": "24165.7", "PWD_P98": "33901.9", "PWD_P99": "54433.0", "PWD_P100": "951626.0" }, "geometry": { "type": "Point", "coordinates": [ 36.463947296142578, -0.509402215480804 ] } },
{ "type": "Feature", "id": 109, "properties": { "lon": 126.60317993164062, "lat": 39.616867065429688, "year": "2000", "ISO": "PRK", "ISO_No": "408", "Name": "North Korea", "PWC_Lat": "39.6168670654297", "PWC_Lon": "126.603179931641", "Pop": "22929077", "Density": "188.7", "Area": "121536.2", "PWD_A": "1388.0", "PWD_G": "589.2", "PWD_M": "675.1", "PWD_P1": "17.1", "PWD_P2": "24.0", "PWD_P3": "30.5", "PWD_P4": "37.0", "PWD_P5": "43.5", "PWD_P6": "50.1", "PWD_P7": "56.6", "PWD_P8": "63.1", "PWD_P9": "69.7", "PWD_P10": "76.4", "PWD_P11": "83.4", "PWD_P12": "90.4", "PWD_P13": "97.5", "PWD_P14": "104.9", "PWD_P15": "112.4", "PWD_P16": "120.2", "PWD_P17": "128.3", "PWD_P18": "136.8", "PWD_P19": "145.6", "PWD_P20": "154.8", "PWD_P21": "164.1", "PWD_P22": "174.1", "PWD_P23": "184.5", "PWD_P24": "195.3", "PWD_P25": "206.3", "PWD_P26": "217.9", "PWD_P27": "229.8", "PWD_P28": "242.4", "PWD_P29": "255.4", "PWD_P30": "268.9", "PWD_P31": "283.3", "PWD_P32": "298.3", "PWD_P33": "314.1", "PWD_P34": "330.6", "PWD_P35": "347.7", "PWD_P36": "365.3", "PWD_P37": "383.4", "PWD_P38": "402.0", "PWD_P39": "421.3", "PWD_P40": "441.7", "PWD_P41": "462.7", "PWD_P42": "484.5", "PWD_P43": "507.0", "PWD_P44": "529.5", "PWD_P45": "552.5", "PWD_P46": "576.1", "PWD_P47": "599.8", "PWD_P48": "623.8", "PWD_P49": "648.9", "PWD_P50": "675.1", "PWD_P51": "701.3", "PWD_P52": "728.0", "PWD_P53": "755.6", "PWD_P54": "784.4", "PWD_P55": "813.9", "PWD_P56": "845.2", "PWD_P57": "877.7", "PWD_P58": "911.4", "PWD_P59": "946.3", "PWD_P60": "982.4", "PWD_P61": "1019.7", "PWD_P62": "1059.8", "PWD_P63": "1101.5", "PWD_P64": "1145.5", "PWD_P65": "1192.5", "PWD_P66": "1242.9", "PWD_P67": "1296.3", "PWD_P68": "1351.8", "PWD_P69": "1409.8", "PWD_P70": "1472.1", "PWD_P71": "1540.4", "PWD_P72": "1616.8", "PWD_P73": "1695.4", "PWD_P74": "1778.4", "PWD_P75": "1864.4", "PWD_P76": "1957.7", "PWD_P77": "2061.2", "PWD_P78": "2167.6", "PWD_P79": "2282.5", "PWD_P80": "2410.9", "PWD_P81": "2547.4", "PWD_P82": "2685.8", "PWD_P83": "2825.7", "PWD_P84": "2973.2", "PWD_P85": "3114.8", "PWD_P86": "3253.8", "PWD_P87": "3400.7", "PWD_P88": "3564.4", "PWD_P89": "3745.5", "PWD_P90": "3926.3", "PWD_P91": "4151.8", "PWD_P92": "4382.7", "PWD_P93": "4589.6", "PWD_P94": "4808.8", "PWD_P95": "5052.2", "PWD_P96": "5340.6", "PWD_P97": "5643.6", "PWD_P98": "6033.0", "PWD_P99": "7076.9", "PWD_P100": "15665.8" }, "geometry": { "type": "Point", "coordinates": [ 126.603179931640625, 39.616867065429688 ] } },
{ "type": "Feature", "id": 110, "properties": { "lon": 127.54900360107422, "lat": 36.569835662841797, "year": "2000", "ISO": "KOR", "ISO_No": "410", "Name": "South Korea", "PWC_Lat": "36.5698356628418", "PWC_Lon": "127.549003601074", "Pop": "47379237", "Density": "474.6", "Area": "99820.0", "PWD_A": "9632.2", "PWD_G": "3828.9", "PWD_M": "6810.4", "PWD_P1": "29.1", "PWD_P2": "44.3", "PWD_P3": "59.0", "PWD_P4": "74.8", "PWD_P5": "91.6", "PWD_P6": "109.7", "PWD_P7": "130.1", "PWD_P8": "153.9", "PWD_P9": "180.4", "PWD_P10": "210.9", "PWD_P11": "245.9", "PWD_P12": "285.1", "PWD_P13": "328.7", "PWD_P14": "377.4", "PWD_P15": "431.5", "PWD_P16": "491.2", "PWD_P17": "558.3", "PWD_P18": "633.2", "PWD_P19": "715.6", "PWD_P20": "804.0", "PWD_P21": "899.9", "PWD_P22": "1003.4", "PWD_P23": "1114.0", "PWD_P24": "1231.0", "PWD_P25": "1352.3", "PWD_P26": "1477.4", "PWD_P27": "1609.0", "PWD_P28": "1749.1", "PWD_P29": "1893.4", "PWD_P30": "2040.2", "PWD_P31": "2197.1", "PWD_P32": "2360.2", "PWD_P33": "2532.4", "PWD_P34": "2715.2", "PWD_P35": "2907.6", "PWD_P36": "3106.7", "PWD_P37": "3312.5", "PWD_P38": "3529.9", "PWD_P39": "3756.6", "PWD_P40": "3996.5", "PWD_P41": "4245.9", "PWD_P42": "4504.7", "PWD_P43": "4757.8", "PWD_P44": "5026.7", "PWD_P45": "5306.6", "PWD_P46": "5602.0", "PWD_P47": "5899.3", "PWD_P48": "6200.6", "PWD_P49": "6502.4", "PWD_P50": "6810.4", "PWD_P51": "7130.9", "PWD_P52": "7468.3", "PWD_P53": "7800.9", "PWD_P54": "8154.6", "PWD_P55": "8548.2", "PWD_P56": "8950.8", "PWD_P57": "9313.2", "PWD_P58": "9660.6", "PWD_P59": "10024.3", "PWD_P60": "10417.6", "PWD_P61": "10845.2", "PWD_P62": "11289.0", "PWD_P63": "11702.8", "PWD_P64": "12094.2", "PWD_P65": "12472.4", "PWD_P66": "12859.2", "PWD_P67": "13235.3", "PWD_P68": "13603.7", "PWD_P69": "13960.5", "PWD_P70": "14308.1", "PWD_P71": "14638.1", "PWD_P72": "14973.7", "PWD_P73": "15305.1", "PWD_P74": "15665.9", "PWD_P75": "16014.2", "PWD_P76": "16390.1", "PWD_P77": "16807.3", "PWD_P78": "17290.5", "PWD_P79": "17819.3", "PWD_P80": "18302.7", "PWD_P81": "18798.7", "PWD_P82": "19310.8", "PWD_P83": "19836.1", "PWD_P84": "20325.1", "PWD_P85": "20777.4", "PWD_P86": "21241.5", "PWD_P87": "21758.2", "PWD_P88": "22344.0", "PWD_P89": "23038.0", "PWD_P90": "23694.9", "PWD_P91": "24404.7", "PWD_P92": "25142.9", "PWD_P93": "25865.4", "PWD_P94": "26514.1", "PWD_P95": "27205.3", "PWD_P96": "28277.0", "PWD_P97": "29655.6", "PWD_P98": "30949.9", "PWD_P99": "32867.4", "PWD_P100": "42991.9" }, "geometry": { "type": "Point", "coordinates": [ 127.549003601074219, 36.569835662841797 ] } },
{ "type": "Feature", "id": 111, "properties": { "lon": 47.944187164306641, "lat": 29.248224258422852, "year": "2000", "ISO": "KWT", "ISO_No": "414", "Name": "Kuwait", "PWC_Lat": "29.2482242584229", "PWC_Lon": "47.9441871643066", "Pop": "2045123", "Density": "117.2", "Area": "17454.4", "PWD_A": "3129.1", "PWD_G": "1142.4", "PWD_M": "2610.9", "PWD_P1": "7.4", "PWD_P2": "11.1", "PWD_P3": "15.9", "PWD_P4": "20.3", "PWD_P5": "25.1", "PWD_P6": "31.6", "PWD_P7": "38.5", "PWD_P8": "44.2", "PWD_P9": "48.3", "PWD_P10": "53.0", "PWD_P11": "60.0", "PWD_P12": "67.6", "PWD_P13": "73.3", "PWD_P14": "78.4", "PWD_P15": "83.4", "PWD_P16": "89.7", "PWD_P17": "96.0", "PWD_P18": "106.5", "PWD_P19": "116.8", "PWD_P20": "126.5", "PWD_P21": "135.1", "PWD_P22": "141.4", "PWD_P23": "146.0", "PWD_P24": "150.7", "PWD_P25": "154.8", "PWD_P26": "158.2", "PWD_P27": "161.0", "PWD_P28": "163.6", "PWD_P29": "166.1", "PWD_P30": "169.6", "PWD_P31": "2273.1", "PWD_P32": "2352.3", "PWD_P33": "2376.7", "PWD_P34": "2394.9", "PWD_P35": "2410.1", "PWD_P36": "2423.2", "PWD_P37": "2435.0", "PWD_P38": "2447.2", "PWD_P39": "2459.1", "PWD_P40": "2472.6", "PWD_P41": "2484.8", "PWD_P42": "2498.3", "PWD_P43": "2511.1", "PWD_P44": "2526.1", "PWD_P45": "2541.5", "PWD_P46": "2555.2", "PWD_P47": "2568.2", "PWD_P48": "2583.5", "PWD_P49": "2598.7", "PWD_P50": "2610.9", "PWD_P51": "2620.7", "PWD_P52": "2630.0", "PWD_P53": "2638.7", "PWD_P54": "2647.2", "PWD_P55": "2656.4", "PWD_P56": "2664.9", "PWD_P57": "2673.7", "PWD_P58": "2682.0", "PWD_P59": "2692.4", "PWD_P60": "2702.1", "PWD_P61": "2712.8", "PWD_P62": "2724.3", "PWD_P63": "2737.6", "PWD_P64": "2750.8", "PWD_P65": "2766.9", "PWD_P66": "2793.0", "PWD_P67": "4920.0", "PWD_P68": "4968.1", "PWD_P69": "5002.8", "PWD_P70": "5034.1", "PWD_P71": "5057.9", "PWD_P72": "5088.8", "PWD_P73": "5122.7", "PWD_P74": "5154.8", "PWD_P75": "5188.2", "PWD_P76": "5226.3", "PWD_P77": "5259.5", "PWD_P78": "5321.9", "PWD_P79": "6940.6", "PWD_P80": "7007.4", "PWD_P81": "7032.8", "PWD_P82": "7052.4", "PWD_P83": "7072.6", "PWD_P84": "7087.8", "PWD_P85": "7111.2", "PWD_P86": "7133.0", "PWD_P87": "7155.9", "PWD_P88": "7175.5", "PWD_P89": "7195.3", "PWD_P90": "7215.7", "PWD_P91": "7236.9", "PWD_P92": "7264.1", "PWD_P93": "7288.0", "PWD_P94": "7317.8", "PWD_P95": "7345.7", "PWD_P96": "7374.9", "PWD_P97": "7411.9", "PWD_P98": "7458.3", "PWD_P99": "7502.1", "PWD_P100": "7772.6" }, "geometry": { "type": "Point", "coordinates": [ 47.944187164306641, 29.248224258422852 ] } },
{ "type": "Feature", "id": 112, "properties": { "lon": 73.704681396484375, "lat": 41.612831115722656, "year": "2000", "ISO": "KGZ", "ISO_No": "417", "Name": "Kyrgyzstan", "PWC_Lat": "41.6128311157227", "PWC_Lon": "73.7046813964844", "Pop": "4920712", "Density": "25.6", "Area": "192192.6", "PWD_A": "2969.8", "PWD_G": "222.6", "PWD_M": "156.3", "PWD_P1": "1.6", "PWD_P2": "2.4", "PWD_P3": "3.3", "PWD_P4": "4.3", "PWD_P5": "5.5", "PWD_P6": "6.7", "PWD_P7": "7.8", "PWD_P8": "8.9", "PWD_P9": "10.1", "PWD_P10": "11.3", "PWD_P11": "12.6", "PWD_P12": "13.9", "PWD_P13": "15.3", "PWD_P14": "16.7", "PWD_P15": "18.2", "PWD_P16": "19.7", "PWD_P17": "21.4", "PWD_P18": "23.3", "PWD_P19": "25.3", "PWD_P20": "27.4", "PWD_P21": "29.5", "PWD_P22": "31.8", "PWD_P23": "34.1", "PWD_P24": "36.3", "PWD_P25": "38.6", "PWD_P26": "41.0", "PWD_P27": "43.6", "PWD_P28": "46.5", "PWD_P29": "49.6", "PWD_P30": "52.7", "PWD_P31": "56.0", "PWD_P32": "59.6", "PWD_P33": "63.2", "PWD_P34": "66.8", "PWD_P35": "70.9", "PWD_P36": "75.3", "PWD_P37": "80.0", "PWD_P38": "85.0", "PWD_P39": "90.0", "PWD_P40": "95.1", "PWD_P41": "100.2", "PWD_P42": "105.6", "PWD_P43": "111.4", "PWD_P44": "117.3", "PWD_P45": "123.3", "PWD_P46": "129.8", "PWD_P47": "136.4", "PWD_P48": "143.0", "PWD_P49": "149.5", "PWD_P50": "156.3", "PWD_P51": "163.5", "PWD_P52": "172.1", "PWD_P53": "181.1", "PWD_P54": "190.5", "PWD_P55": "200.4", "PWD_P56": "210.5", "PWD_P57": "221.7", "PWD_P58": "233.6", "PWD_P59": "247.3", "PWD_P60": "261.5", "PWD_P61": "277.0", "PWD_P62": "293.0", "PWD_P63": "310.0", "PWD_P64": "327.9", "PWD_P65": "347.1", "PWD_P66": "370.2", "PWD_P67": "394.0", "PWD_P68": "420.4", "PWD_P69": "447.8", "PWD_P70": "479.5", "PWD_P71": "517.2", "PWD_P72": "566.5", "PWD_P73": "620.5", "PWD_P74": "684.4", "PWD_P75": "761.0", "PWD_P76": "852.7", "PWD_P77": "1018.8", "PWD_P78": "1247.4", "PWD_P79": "1635.0", "PWD_P80": "3022.6", "PWD_P81": "7577.9", "PWD_P82": "9175.0", "PWD_P83": "10143.6", "PWD_P84": "10890.9", "PWD_P85": "11585.6", "PWD_P86": "12055.5", "PWD_P87": "12523.2", "PWD_P88": "12940.9", "PWD_P89": "13405.5", "PWD_P90": "13843.2", "PWD_P91": "14263.0", "PWD_P92": "14657.2", "PWD_P93": "15118.6", "PWD_P94": "15741.7", "PWD_P95": "16844.7", "PWD_P96": "17888.8", "PWD_P97": "18576.3", "PWD_P98": "19246.5", "PWD_P99": "20532.0", "PWD_P100": "21544.2" }, "geometry": { "type": "Point", "coordinates": [ 73.704681396484375, 41.612831115722656 ] } },
{ "type": "Feature", "id": 113, "properties": { "lon": 103.77494049072266, "lat": 18.005189895629883, "year": "2000", "ISO": "LAO", "ISO_No": "418", "Name": "Laos", "PWC_Lat": "18.0051898956299", "PWC_Lon": "103.774940490723", "Pop": "5323700", "Density": "23.3", "Area": "228853.4", "PWD_A": "1245.6", "PWD_G": "164.6", "PWD_M": "159.8", "PWD_P1": "1.7", "PWD_P2": "2.9", "PWD_P3": "3.9", "PWD_P4": "4.9", "PWD_P5": "5.9", "PWD_P6": "6.9", "PWD_P7": "7.9", "PWD_P8": "9.0", "PWD_P9": "10.0", "PWD_P10": "11.1", "PWD_P11": "12.3", "PWD_P12": "13.5", "PWD_P13": "14.7", "PWD_P14": "16.0", "PWD_P15": "17.4", "PWD_P16": "18.8", "PWD_P17": "20.2", "PWD_P18": "21.8", "PWD_P19": "23.4", "PWD_P20": "25.1", "PWD_P21": "27.0", "PWD_P22": "28.9", "PWD_P23": "31.0", "PWD_P24": "33.2", "PWD_P25": "35.5", "PWD_P26": "38.0", "PWD_P27": "40.5", "PWD_P28": "43.1", "PWD_P29": "45.9", "PWD_P30": "48.9", "PWD_P31": "52.1", "PWD_P32": "55.3", "PWD_P33": "58.8", "PWD_P34": "62.6", "PWD_P35": "66.5", "PWD_P36": "70.6", "PWD_P37": "75.0", "PWD_P38": "79.7", "PWD_P39": "84.6", "PWD_P40": "89.9", "PWD_P41": "95.5", "PWD_P42": "101.2", "PWD_P43": "107.4", "PWD_P44": "113.8", "PWD_P45": "120.5", "PWD_P46": "127.6", "PWD_P47": "135.2", "PWD_P48": "142.9", "PWD_P49": "151.2", "PWD_P50": "159.8", "PWD_P51": "169.0", "PWD_P52": "178.6", "PWD_P53": "188.8", "PWD_P54": "199.5", "PWD_P55": "210.8", "PWD_P56": "222.7", "PWD_P57": "235.3", "PWD_P58": "248.7", "PWD_P59": "262.9", "PWD_P60": "277.9", "PWD_P61": "294.1", "PWD_P62": "311.5", "PWD_P63": "330.1", "PWD_P64": "349.6", "PWD_P65": "370.5", "PWD_P66": "393.3", "PWD_P67": "418.0", "PWD_P68": "445.0", "PWD_P69": "473.9", "PWD_P70": "505.7", "PWD_P71": "541.1", "PWD_P72": "577.7", "PWD_P73": "618.8", "PWD_P74": "664.9", "PWD_P75": "713.5", "PWD_P76": "769.1", "PWD_P77": "830.2", "PWD_P78": "898.1", "PWD_P79": "973.5", "PWD_P80": "1054.2", "PWD_P81": "1149.4", "PWD_P82": "1254.9", "PWD_P83": "1373.7", "PWD_P84": "1509.6", "PWD_P85": "1667.8", "PWD_P86": "1839.3", "PWD_P87": "2035.4", "PWD_P88": "2253.4", "PWD_P89": "2512.5", "PWD_P90": "2808.8", "PWD_P91": "3150.8", "PWD_P92": "3530.5", "PWD_P93": "4030.2", "PWD_P94": "4660.1", "PWD_P95": "5477.6", "PWD_P96": "6617.6", "PWD_P97": "8328.1", "PWD_P98": "10956.0", "PWD_P99": "18104.5", "PWD_P100": "160909.3" }, "geometry": { "type": "Point", "coordinates": [ 103.774940490722656, 18.005189895629883 ] } },
{ "type": "Feature", "id": 114, "properties": { "lon": 35.674240112304688, "lat": 33.906040191650391, "year": "2000", "ISO": "LBN", "ISO_No": "422", "Name": "Lebanon", "PWC_Lat": "33.9060401916504", "PWC_Lon": "35.6742401123047", "Pop": "3842773", "Density": "368.4", "Area": "10429.9", "PWD_A": "16581.8", "PWD_G": "3279.6", "PWD_M": "3008.2", "PWD_P1": "28.4", "PWD_P2": "47.8", "PWD_P3": "66.3", "PWD_P4": "86.2", "PWD_P5": "107.1", "PWD_P6": "128.1", "PWD_P7": "149.3", "PWD_P8": "171.5", "PWD_P9": "195.1", "PWD_P10": "219.9", "PWD_P11": "244.2", "PWD_P12": "269.3", "PWD_P13": "295.2", "PWD_P14": "322.3", "PWD_P15": "350.8", "PWD_P16": "380.8", "PWD_P17": "411.3", "PWD_P18": "442.2", "PWD_P19": "473.6", "PWD_P20": "505.9", "PWD_P21": "540.5", "PWD_P22": "575.9", "PWD_P23": "613.3", "PWD_P24": "651.8", "PWD_P25": "690.9", "PWD_P26": "733.0", "PWD_P27": "776.8", "PWD_P28": "822.6", "PWD_P29": "868.6", "PWD_P30": "918.8", "PWD_P31": "971.1", "PWD_P32": "1024.2", "PWD_P33": "1079.4", "PWD_P34": "1138.1", "PWD_P35": "1200.2", "PWD_P36": "1263.0", "PWD_P37": "1330.4", "PWD_P38": "1402.8", "PWD_P39": "1484.2", "PWD_P40": "1570.3", "PWD_P41": "1664.6", "PWD_P42": "1769.5", "PWD_P43": "1877.7", "PWD_P44": "1996.3", "PWD_P45": "2121.8", "PWD_P46": "2271.3", "PWD_P47": "2422.8", "PWD_P48": "2599.7", "PWD_P49": "2796.5", "PWD_P50": "3008.2", "PWD_P51": "3256.0", "PWD_P52": "3538.5", "PWD_P53": "3847.8", "PWD_P54": "4167.3", "PWD_P55": "4512.5", "PWD_P56": "4931.0", "PWD_P57": "5418.9", "PWD_P58": "5877.8", "PWD_P59": "6413.4", "PWD_P60": "6907.6", "PWD_P61": "7442.1", "PWD_P62": "7987.3", "PWD_P63": "8586.8", "PWD_P64": "9345.6", "PWD_P65": "10373.9", "PWD_P66": "11676.1", "PWD_P67": "12783.9", "PWD_P68": "13815.8", "PWD_P69": "14984.7", "PWD_P70": "16161.7", "PWD_P71": "17397.0", "PWD_P72": "18606.9", "PWD_P73": "19820.3", "PWD_P74": "21203.8", "PWD_P75": "22681.2", "PWD_P76": "23829.8", "PWD_P77": "24789.5", "PWD_P78": "25844.5", "PWD_P79": "26894.5", "PWD_P80": "28024.9", "PWD_P81": "29388.3", "PWD_P82": "30675.8", "PWD_P83": "32061.2", "PWD_P84": "33230.5", "PWD_P85": "34357.3", "PWD_P86": "35375.0", "PWD_P87": "36282.2", "PWD_P88": "37364.2", "PWD_P89": "38437.3", "PWD_P90": "40239.0", "PWD_P91": "41485.8", "PWD_P92": "43114.0", "PWD_P93": "44733.7", "PWD_P94": "46702.6", "PWD_P95": "70630.6", "PWD_P96": "103676.2", "PWD_P97": "124705.1", "PWD_P98": "141032.5", "PWD_P99": "158305.0", "PWD_P100": "213855.1" }, "geometry": { "type": "Point", "coordinates": [ 35.674240112304688, 33.906040191650391 ] } },
{ "type": "Feature", "id": 115, "properties": { "lon": 27.93665885925293, "lat": -29.469743728637695, "year": "2000", "ISO": "LSO", "ISO_No": "426", "Name": "Lesotho", "PWC_Lat": "-29.4697437286377", "PWC_Lon": "27.9366588592529", "Pop": "2032805", "Density": "66.8", "Area": "30408.5", "PWD_A": "426.8", "PWD_G": "142.5", "PWD_M": "115.4", "PWD_P1": "13.7", "PWD_P2": "14.9", "PWD_P3": "15.8", "PWD_P4": "16.8", "PWD_P5": "17.7", "PWD_P6": "18.6", "PWD_P7": "19.5", "PWD_P8": "20.6", "PWD_P9": "21.9", "PWD_P10": "23.2", "PWD_P11": "24.8", "PWD_P12": "26.4", "PWD_P13": "28.1", "PWD_P14": "29.8", "PWD_P15": "31.7", "PWD_P16": "33.6", "PWD_P17": "35.6", "PWD_P18": "37.9", "PWD_P19": "40.3", "PWD_P20": "42.9", "PWD_P21": "45.6", "PWD_P22": "48.1", "PWD_P23": "50.7", "PWD_P24": "53.3", "PWD_P25": "55.8", "PWD_P26": "58.3", "PWD_P27": "60.8", "PWD_P28": "63.5", "PWD_P29": "66.1", "PWD_P30": "68.5", "PWD_P31": "70.8", "PWD_P32": "72.9", "PWD_P33": "74.9", "PWD_P34": "76.8", "PWD_P35": "78.7", "PWD_P36": "80.6", "PWD_P37": "82.5", "PWD_P38": "84.6", "PWD_P39": "86.8", "PWD_P40": "89.1", "PWD_P41": "91.5", "PWD_P42": "93.9", "PWD_P43": "96.4", "PWD_P44": "99.0", "PWD_P45": "101.6", "PWD_P46": "104.2", "PWD_P47": "107.0", "PWD_P48": "109.8", "PWD_P49": "112.6", "PWD_P50": "115.4", "PWD_P51": "118.2", "PWD_P52": "120.9", "PWD_P53": "123.8", "PWD_P54": "127.1", "PWD_P55": "130.6", "PWD_P56": "134.5", "PWD_P57": "138.7", "PWD_P58": "143.0", "PWD_P59": "147.6", "PWD_P60": "152.7", "PWD_P61": "157.9", "PWD_P62": "163.1", "PWD_P63": "168.4", "PWD_P64": "173.8", "PWD_P65": "179.7", "PWD_P66": "185.9", "PWD_P67": "192.5", "PWD_P68": "200.2", "PWD_P69": "208.9", "PWD_P70": "218.9", "PWD_P71": "230.8", "PWD_P72": "244.0", "PWD_P73": "257.5", "PWD_P74": "274.1", "PWD_P75": "293.1", "PWD_P76": "315.9", "PWD_P77": "344.8", "PWD_P78": "380.7", "PWD_P79": "428.1", "PWD_P80": "474.5", "PWD_P81": "522.3", "PWD_P82": "582.1", "PWD_P83": "652.3", "PWD_P84": "734.0", "PWD_P85": "830.5", "PWD_P86": "929.5", "PWD_P87": "1028.5", "PWD_P88": "1135.6", "PWD_P89": "1270.9", "PWD_P90": "1446.0", "PWD_P91": "1689.0", "PWD_P92": "1877.9", "PWD_P93": "2014.4", "PWD_P94": "2140.7", "PWD_P95": "2262.2", "PWD_P96": "2486.4", "PWD_P97": "2791.2", "PWD_P98": "3299.7", "PWD_P99": "3596.5", "PWD_P100": "4374.7" }, "geometry": { "type": "Point", "coordinates": [ 27.93665885925293, -29.469743728637695 ] } },
{ "type": "Feature", "id": 116, "properties": { "lon": 24.447444915771484, "lat": 56.837871551513672, "year": "2000", "ISO": "LVA", "ISO_No": "428", "Name": "Latvia", "PWC_Lat": "56.8378715515137", "PWC_Lon": "24.4474449157715", "Pop": "2384150", "Density": "37.5", "Area": "63542.7", "PWD_A": "1480.5", "PWD_G": "386.0", "PWD_M": "750.4", "PWD_P1": "3.3", "PWD_P2": "4.2", "PWD_P3": "4.9", "PWD_P4": "5.6", "PWD_P5": "6.3", "PWD_P6": "7.0", "PWD_P7": "7.8", "PWD_P8": "8.7", "PWD_P9": "9.6", "PWD_P10": "10.7", "PWD_P11": "11.9", "PWD_P12": "13.2", "PWD_P13": "14.7", "PWD_P14": "16.4", "PWD_P15": "18.5", "PWD_P16": "20.9", "PWD_P17": "23.7", "PWD_P18": "26.9", "PWD_P19": "30.5", "PWD_P20": "34.7", "PWD_P21": "39.4", "PWD_P22": "44.7", "PWD_P23": "50.8", "PWD_P24": "57.7", "PWD_P25": "65.2", "PWD_P26": "73.5", "PWD_P27": "82.8", "PWD_P28": "93.3", "PWD_P29": "105.0", "PWD_P30": "118.1", "PWD_P31": "131.7", "PWD_P32": "146.9", "PWD_P33": "163.3", "PWD_P34": "181.3", "PWD_P35": "200.1", "PWD_P36": "220.3", "PWD_P37": "240.9", "PWD_P38": "263.4", "PWD_P39": "287.7", "PWD_P40": "314.2", "PWD_P41": "340.9", "PWD_P42": "367.9", "PWD_P43": "399.5", "PWD_P44": "433.6", "PWD_P45": "471.3", "PWD_P46": "515.4", "PWD_P47": "559.5", "PWD_P48": "606.0", "PWD_P49": "673.8", "PWD_P50": "750.4", "PWD_P51": "836.4", "PWD_P52": "924.3", "PWD_P53": "1014.8", "PWD_P54": "1104.6", "PWD_P55": "1210.2", "PWD_P56": "1325.0", "PWD_P57": "1441.6", "PWD_P58": "1558.8", "PWD_P59": "1630.8", "PWD_P60": "1713.5", "PWD_P61": "1791.5", "PWD_P62": "1850.7", "PWD_P63": "1921.9", "PWD_P64": "2006.4", "PWD_P65": "2103.5", "PWD_P66": "2210.2", "PWD_P67": "2323.6", "PWD_P68": "2415.8", "PWD_P69": "2488.5", "PWD_P70": "2561.1", "PWD_P71": "2631.5", "PWD_P72": "2691.9", "PWD_P73": "2751.4", "PWD_P74": "2822.8", "PWD_P75": "2904.9", "PWD_P76": "3000.5", "PWD_P77": "3077.9", "PWD_P78": "3133.6", "PWD_P79": "3187.8", "PWD_P80": "3240.5", "PWD_P81": "3305.4", "PWD_P82": "3376.8", "PWD_P83": "3447.8", "PWD_P84": "3515.9", "PWD_P85": "3580.4", "PWD_P86": "3641.8", "PWD_P87": "3697.2", "PWD_P88": "3746.3", "PWD_P89": "3798.0", "PWD_P90": "3861.5", "PWD_P91": "3939.2", "PWD_P92": "4009.9", "PWD_P93": "4073.8", "PWD_P94": "4131.6", "PWD_P95": "4183.7", "PWD_P96": "4235.7", "PWD_P97": "4289.4", "PWD_P98": "4346.3", "PWD_P99": "4424.7", "PWD_P100": "4919.5" }, "geometry": { "type": "Point", "coordinates": [ 24.447444915771484, 56.837871551513672 ] } },
{ "type": "Feature", "id": 117, "properties": { "lon": -9.8069734573364258, "lat": 6.5292234420776367, "year": "2000", "ISO": "LBR", "ISO_No": "430", "Name": "Liberia", "PWC_Lat": "6.52922344207764", "PWC_Lon": "-9.80697345733643", "Pop": "2848446", "Density": "29.6", "Area": "96081.5", "PWD_A": "1048.4", "PWD_G": "122.8", "PWD_M": "57.0", "PWD_P1": "3.2", "PWD_P2": "4.5", "PWD_P3": "5.7", "PWD_P4": "6.9", "PWD_P5": "8.0", "PWD_P6": "9.0", "PWD_P7": "10.0", "PWD_P8": "10.9", "PWD_P9": "11.8", "PWD_P10": "12.7", "PWD_P11": "13.6", "PWD_P12": "14.5", "PWD_P13": "15.4", "PWD_P14": "16.3", "PWD_P15": "17.2", "PWD_P16": "18.1", "PWD_P17": "19.0", "PWD_P18": "19.9", "PWD_P19": "20.8", "PWD_P20": "21.8", "PWD_P21": "22.7", "PWD_P22": "23.6", "PWD_P23": "24.5", "PWD_P24": "25.5", "PWD_P25": "26.4", "PWD_P26": "27.4", "PWD_P27": "28.3", "PWD_P28": "29.3", "PWD_P29": "30.3", "PWD_P30": "31.3", "PWD_P31": "32.2", "PWD_P32": "33.2", "PWD_P33": "34.3", "PWD_P34": "35.4", "PWD_P35": "36.4", "PWD_P36": "37.5", "PWD_P37": "38.6", "PWD_P38": "39.7", "PWD_P39": "40.9", "PWD_P40": "42.1", "PWD_P41": "43.3", "PWD_P42": "44.6", "PWD_P43": "45.9", "PWD_P44": "47.3", "PWD_P45": "48.7", "PWD_P46": "50.3", "PWD_P47": "51.9", "PWD_P48": "53.5", "PWD_P49": "55.2", "PWD_P50": "57.0", "PWD_P51": "58.9", "PWD_P52": "60.8", "PWD_P53": "63.0", "PWD_P54": "65.3", "PWD_P55": "67.7", "PWD_P56": "70.3", "PWD_P57": "73.2", "PWD_P58": "76.1", "PWD_P59": "79.5", "PWD_P60": "83.3", "PWD_P61": "87.4", "PWD_P62": "91.9", "PWD_P63": "96.6", "PWD_P64": "101.7", "PWD_P65": "107.9", "PWD_P66": "116.0", "PWD_P67": "125.6", "PWD_P68": "137.1", "PWD_P69": "152.5", "PWD_P70": "178.2", "PWD_P71": "227.7", "PWD_P72": "351.0", "PWD_P73": "581.0", "PWD_P74": "899.9", "PWD_P75": "1270.7", "PWD_P76": "1662.8", "PWD_P77": "2057.7", "PWD_P78": "2423.3", "PWD_P79": "2728.3", "PWD_P80": "2984.5", "PWD_P81": "3176.4", "PWD_P82": "3326.9", "PWD_P83": "3448.0", "PWD_P84": "3569.0", "PWD_P85": "3686.8", "PWD_P86": "3819.9", "PWD_P87": "3931.6", "PWD_P88": "4046.1", "PWD_P89": "4191.8", "PWD_P90": "4318.2", "PWD_P91": "4493.2", "PWD_P92": "4632.1", "PWD_P93": "4809.4", "PWD_P94": "5001.5", "PWD_P95": "5129.1", "PWD_P96": "5268.5", "PWD_P97": "5326.9", "PWD_P98": "5448.4", "PWD_P99": "5758.6", "PWD_P100": "6260.6" }, "geometry": { "type": "Point", "coordinates": [ -9.806973457336426, 6.529223442077637 ] } },
{ "type": "Feature", "id": 118, "properties": { "lon": 15.729400634765625, "lat": 31.802631378173828, "year": "2000", "ISO": "LBY", "ISO_No": "434", "Name": "Libya", "PWC_Lat": "31.8026313781738", "PWC_Lon": "15.7294006347656", "Pop": "5357892", "Density": "3.3", "Area": "1618544.8", "PWD_A": "888.0", "PWD_G": "151.1", "PWD_M": "244.4", "PWD_P1": "0.2", "PWD_P2": "0.2", "PWD_P3": "0.3", "PWD_P4": "0.4", "PWD_P5": "0.6", "PWD_P6": "1.0", "PWD_P7": "1.4", "PWD_P8": "2.1", "PWD_P9": "2.8", "PWD_P10": "3.6", "PWD_P11": "4.6", "PWD_P12": "5.9", "PWD_P13": "7.5", "PWD_P14": "9.3", "PWD_P15": "11.2", "PWD_P16": "13.3", "PWD_P17": "15.6", "PWD_P18": "18.1", "PWD_P19": "20.7", "PWD_P20": "23.4", "PWD_P21": "26.0", "PWD_P22": "28.6", "PWD_P23": "31.4", "PWD_P24": "34.3", "PWD_P25": "37.4", "PWD_P26": "40.8", "PWD_P27": "44.4", "PWD_P28": "48.0", "PWD_P29": "51.9", "PWD_P30": "56.1", "PWD_P31": "60.4", "PWD_P32": "65.2", "PWD_P33": "70.4", "PWD_P34": "76.0", "PWD_P35": "81.8", "PWD_P36": "88.0", "PWD_P37": "94.7", "PWD_P38": "101.9", "PWD_P39": "109.7", "PWD_P40": "118.1", "PWD_P41": "126.8", "PWD_P42": "136.3", "PWD_P43": "146.8", "PWD_P44": "158.4", "PWD_P45": "170.8", "PWD_P46": "184.2", "PWD_P47": "198.1", "PWD_P48": "212.6", "PWD_P49": "227.9", "PWD_P50": "244.4", "PWD_P51": "262.0", "PWD_P52": "280.0", "PWD_P53": "299.8", "PWD_P54": "320.3", "PWD_P55": "341.6", "PWD_P56": "363.7", "PWD_P57": "387.6", "PWD_P58": "412.7", "PWD_P59": "437.5", "PWD_P60": "462.8", "PWD_P61": "488.6", "PWD_P62": "515.9", "PWD_P63": "544.3", "PWD_P64": "573.8", "PWD_P65": "605.2", "PWD_P66": "640.2", "PWD_P67": "678.1", "PWD_P68": "718.9", "PWD_P69": "764.1", "PWD_P70": "811.5", "PWD_P71": "859.5", "PWD_P72": "907.4", "PWD_P73": "956.3", "PWD_P74": "1006.0", "PWD_P75": "1058.4", "PWD_P76": "1115.8", "PWD_P77": "1174.9", "PWD_P78": "1236.4", "PWD_P79": "1301.2", "PWD_P80": "1371.6", "PWD_P81": "1448.7", "PWD_P82": "1532.9", "PWD_P83": "1636.3", "PWD_P84": "1750.5", "PWD_P85": "1882.5", "PWD_P86": "2046.2", "PWD_P87": "2206.1", "PWD_P88": "2354.5", "PWD_P89": "2533.2", "PWD_P90": "2765.2", "PWD_P91": "2994.1", "PWD_P92": "3369.9", "PWD_P93": "3704.3", "PWD_P94": "4059.0", "PWD_P95": "4484.7", "PWD_P96": "5007.6", "PWD_P97": "5476.4", "PWD_P98": "5882.1", "PWD_P99": "6267.1", "PWD_P100": "7144.0" }, "geometry": { "type": "Point", "coordinates": [ 15.729400634765625, 31.802631378173828 ] } },
{ "type": "Feature", "id": 119, "properties": { "lon": 9.534428596496582, "lat": 47.158699035644531, "year": "2000", "ISO": "LIE", "ISO_No": "438", "Name": "Liechtenstein", "PWC_Lat": "47.1586990356445", "PWC_Lon": "9.53442859649658", "Pop": "33183", "Density": "205.7", "Area": "161.3", "PWD_A": "332.9", "PWD_G": "281.8", "PWD_M": "340.0", "PWD_P1": "35.8", "PWD_P2": "41.9", "PWD_P3": "46.2", "PWD_P4": "51.4", "PWD_P5": "56.3", "PWD_P6": "61.6", "PWD_P7": "66.6", "PWD_P8": "73.9", "PWD_P9": "81.2", "PWD_P10": "93.0", "PWD_P11": "103.0", "PWD_P12": "114.7", "PWD_P13": "125.4", "PWD_P14": "134.2", "PWD_P15": "143.7", "PWD_P16": "157.3", "PWD_P17": "168.8", "PWD_P18": "182.4", "PWD_P19": "188.8", "PWD_P20": "196.4", "PWD_P21": "203.1", "PWD_P22": "213.4", "PWD_P23": "224.3", "PWD_P24": "233.3", "PWD_P25": "241.9", "PWD_P26": "246.6", "PWD_P27": "249.7", "PWD_P28": "252.6", "PWD_P29": "254.9", "PWD_P30": "257.6", "PWD_P31": "260.9", "PWD_P32": "265.2", "PWD_P33": "268.4", "PWD_P34": "272.1", "PWD_P35": "276.5", "PWD_P36": "282.3", "PWD_P37": "284.5", "PWD_P38": "291.2", "PWD_P39": "299.6", "PWD_P40": "305.0", "PWD_P41": "309.9", "PWD_P42": "314.5", "PWD_P43": "317.4", "PWD_P44": "321.8", "PWD_P45": "325.3", "PWD_P46": "329.8", "PWD_P47": "332.9", "PWD_P48": "335.6", "PWD_P49": "338.3", "PWD_P50": "340.0", "PWD_P51": "342.9", "PWD_P52": "347.7", "PWD_P53": "366.6", "PWD_P54": "375.7", "PWD_P55": "383.9", "PWD_P56": "391.4", "PWD_P57": "398.0", "PWD_P58": "404.2", "PWD_P59": "409.6", "PWD_P60": "413.1", "PWD_P61": "418.4", "PWD_P62": "421.3", "PWD_P63": "423.3", "PWD_P64": "425.8", "PWD_P65": "427.8", "PWD_P66": "429.6", "PWD_P67": "431.5", "PWD_P68": "433.1", "PWD_P69": "434.5", "PWD_P70": "435.9", "PWD_P71": "437.6", "PWD_P72": "439.3", "PWD_P73": "441.5", "PWD_P74": "443.7", "PWD_P75": "445.6", "PWD_P76": "447.4", "PWD_P77": "450.0", "PWD_P78": "454.4", "PWD_P79": "458.9", "PWD_P80": "462.5", "PWD_P81": "466.9", "PWD_P82": "468.6", "PWD_P83": "470.7", "PWD_P84": "473.8", "PWD_P85": "475.8", "PWD_P86": "479.0", "PWD_P87": "483.7", "PWD_P88": "493.8", "PWD_P89": "498.9", "PWD_P90": "508.6", "PWD_P91": "520.1", "PWD_P92": "533.9", "PWD_P93": "544.9", "PWD_P94": "552.0", "PWD_P95": "557.6", "PWD_P96": "564.0", "PWD_P97": "570.2", "PWD_P98": "575.2", "PWD_P99": "580.7", "PWD_P100": "597.9" }, "geometry": { "type": "Point", "coordinates": [ 9.534428596496582, 47.158699035644531 ] } },
{ "type": "Feature", "id": 120, "properties": { "lon": 23.870319366455078, "lat": 55.22125244140625, "year": "2000", "ISO": "LTU", "ISO_No": "440", "Name": "Lithuania", "PWC_Lat": "55.2212524414062", "PWC_Lon": "23.8703193664551", "Pop": "3501842", "Density": "54.8", "Area": "63864.0", "PWD_A": "973.3", "PWD_G": "267.0", "PWD_M": "262.7", "PWD_P1": "7.0", "PWD_P2": "8.0", "PWD_P3": "8.9", "PWD_P4": "9.8", "PWD_P5": "10.6", "PWD_P6": "11.5", "PWD_P7": "12.5", "PWD_P8": "13.7", "PWD_P9": "15.0", "PWD_P10": "16.4", "PWD_P11": "18.1", "PWD_P12": "20.0", "PWD_P13": "21.7", "PWD_P14": "23.5", "PWD_P15": "25.3", "PWD_P16": "27.1", "PWD_P17": "28.9", "PWD_P18": "31.0", "PWD_P19": "33.4", "PWD_P20": "35.9", "PWD_P21": "38.7", "PWD_P22": "41.8", "PWD_P23": "45.2", "PWD_P24": "48.6", "PWD_P25": "51.7", "PWD_P26": "55.1", "PWD_P27": "58.7", "PWD_P28": "62.5", "PWD_P29": "66.5", "PWD_P30": "71.0", "PWD_P31": "76.0", "PWD_P32": "81.4", "PWD_P33": "87.3", "PWD_P34": "93.4", "PWD_P35": "99.5", "PWD_P36": "105.7", "PWD_P37": "111.3", "PWD_P38": "117.4", "PWD_P39": "123.5", "PWD_P40": "129.7", "PWD_P41": "136.6", "PWD_P42": "144.3", "PWD_P43": "153.5", "PWD_P44": "164.0", "PWD_P45": "175.7", "PWD_P46": "189.0", "PWD_P47": "204.7", "PWD_P48": "223.7", "PWD_P49": "243.5", "PWD_P50": "262.7", "PWD_P51": "283.0", "PWD_P52": "304.5", "PWD_P53": "329.7", "PWD_P54": "360.9", "PWD_P55": "395.9", "PWD_P56": "445.4", "PWD_P57": "489.9", "PWD_P58": "542.7", "PWD_P59": "595.9", "PWD_P60": "667.6", "PWD_P61": "752.5", "PWD_P62": "928.0", "PWD_P63": "1142.7", "PWD_P64": "1301.7", "PWD_P65": "1407.6", "PWD_P66": "1485.8", "PWD_P67": "1569.9", "PWD_P68": "1637.0", "PWD_P69": "1692.7", "PWD_P70": "1751.8", "PWD_P71": "1798.3", "PWD_P72": "1853.8", "PWD_P73": "1910.4", "PWD_P74": "1965.8", "PWD_P75": "2014.9", "PWD_P76": "2064.9", "PWD_P77": "2112.9", "PWD_P78": "2164.5", "PWD_P79": "2213.3", "PWD_P80": "2262.5", "PWD_P81": "2306.7", "PWD_P82": "2344.8", "PWD_P83": "2377.6", "PWD_P84": "2413.9", "PWD_P85": "2455.1", "PWD_P86": "2498.8", "PWD_P87": "2549.6", "PWD_P88": "2626.4", "PWD_P89": "2712.4", "PWD_P90": "2778.3", "PWD_P91": "2845.6", "PWD_P92": "2903.0", "PWD_P93": "2957.3", "PWD_P94": "3009.9", "PWD_P95": "3065.8", "PWD_P96": "3123.9", "PWD_P97": "3180.8", "PWD_P98": "3240.8", "PWD_P99": "3341.5", "PWD_P100": "4950.8" }, "geometry": { "type": "Point", "coordinates": [ 23.870319366455078, 55.22125244140625 ] } },
{ "type": "Feature", "id": 121, "properties": { "lon": 6.0848803520202637, "lat": 49.643547058105469, "year": "2000", "ISO": "LUX", "ISO_No": "442", "Name": "Luxembourg", "PWC_Lat": "49.6435470581055", "PWC_Lon": "6.08488035202026", "Pop": "436105", "Density": "170.8", "Area": "2553.2", "PWD_A": "1185.7", "PWD_G": "480.6", "PWD_M": "531.5", "PWD_P1": "20.4", "PWD_P2": "25.4", "PWD_P3": "29.9", "PWD_P4": "34.4", "PWD_P5": "38.2", "PWD_P6": "42.4", "PWD_P7": "46.6", "PWD_P8": "50.9", "PWD_P9": "55.5", "PWD_P10": "60.2", "PWD_P11": "65.1", "PWD_P12": "70.3", "PWD_P13": "75.3", "PWD_P14": "80.8", "PWD_P15": "86.6", "PWD_P16": "92.8", "PWD_P17": "99.4", "PWD_P18": "106.1", "PWD_P19": "113.2", "PWD_P20": "120.5", "PWD_P21": "128.0", "PWD_P22": "135.6", "PWD_P23": "143.2", "PWD_P24": "151.6", "PWD_P25": "160.4", "PWD_P26": "170.0", "PWD_P27": "179.5", "PWD_P28": "188.9", "PWD_P29": "198.2", "PWD_P30": "208.3", "PWD_P31": "218.9", "PWD_P32": "229.8", "PWD_P33": "241.1", "PWD_P34": "252.6", "PWD_P35": "264.3", "PWD_P36": "277.0", "PWD_P37": "289.6", "PWD_P38": "302.7", "PWD_P39": "317.0", "PWD_P40": "332.6", "PWD_P41": "349.5", "PWD_P42": "367.3", "PWD_P43": "384.5", "PWD_P44": "403.1", "PWD_P45": "421.0", "PWD_P46": "440.5", "PWD_P47": "461.9", "PWD_P48": "483.6", "PWD_P49": "506.8", "PWD_P50": "531.5", "PWD_P51": "559.4", "PWD_P52": "588.4", "PWD_P53": "617.6", "PWD_P54": "649.8", "PWD_P55": "680.1", "PWD_P56": "708.9", "PWD_P57": "736.2", "PWD_P58": "764.8", "PWD_P59": "792.7", "PWD_P60": "822.9", "PWD_P61": "855.6", "PWD_P62": "889.2", "PWD_P63": "926.0", "PWD_P64": "964.3", "PWD_P65": "1004.8", "PWD_P66": "1044.6", "PWD_P67": "1084.6", "PWD_P68": "1124.5", "PWD_P69": "1166.7", "PWD_P70": "1211.5", "PWD_P71": "1259.3", "PWD_P72": "1312.6", "PWD_P73": "1369.7", "PWD_P74": "1435.6", "PWD_P75": "1500.0", "PWD_P76": "1567.9", "PWD_P77": "1635.8", "PWD_P78": "1716.6", "PWD_P79": "1791.6", "PWD_P80": "1876.0", "PWD_P81": "1970.7", "PWD_P82": "2061.4", "PWD_P83": "2159.3", "PWD_P84": "2242.3", "PWD_P85": "2344.4", "PWD_P86": "2462.3", "PWD_P87": "2583.5", "PWD_P88": "2722.2", "PWD_P89": "2924.1", "PWD_P90": "3088.1", "PWD_P91": "3226.2", "PWD_P92": "3365.9", "PWD_P93": "3868.5", "PWD_P94": "4827.1", "PWD_P95": "5314.8", "PWD_P96": "5858.2", "PWD_P97": "6224.9", "PWD_P98": "6582.4", "PWD_P99": "7395.0", "PWD_P100": "10770.7" }, "geometry": { "type": "Point", "coordinates": [ 6.084880352020264, 49.643547058105469 ] } },
{ "type": "Feature", "id": 122, "properties": { "lon": 113.56122589111328, "lat": 22.197124481201172, "year": "2000", "ISO": "MAC", "ISO_No": "446", "Name": "Macao", "PWC_Lat": "22.1971244812012", "PWC_Lon": "113.561225891113", "Pop": "427772", "Density": "14449.8", "Area": "29.6", "PWD_A": "65153.0", "PWD_G": "46825.7", "PWD_M": "53805.6", "PWD_P1": "1560.4", "PWD_P2": "2907.2", "PWD_P3": "3781.6", "PWD_P4": "4745.3", "PWD_P5": "6167.8", "PWD_P6": "8005.4", "PWD_P7": "9128.9", "PWD_P8": "10412.6", "PWD_P9": "12088.1", "PWD_P10": "13705.3", "PWD_P11": "15021.8", "PWD_P12": "16339.1", "PWD_P13": "17693.7", "PWD_P14": "18891.5", "PWD_P15": "20602.2", "PWD_P16": "22194.0", "PWD_P17": "23705.2", "PWD_P18": "25487.4", "PWD_P19": "26931.9", "PWD_P20": "28508.8", "PWD_P21": "29451.6", "PWD_P22": "30474.6", "PWD_P23": "31214.7", "PWD_P24": "31825.3", "PWD_P25": "32842.6", "PWD_P26": "33649.7", "PWD_P27": "34595.7", "PWD_P28": "36027.6", "PWD_P29": "36989.3", "PWD_P30": "37982.9", "PWD_P31": "38775.5", "PWD_P32": "39312.3", "PWD_P33": "39798.5", "PWD_P34": "40787.0", "PWD_P35": "41502.6", "PWD_P36": "42408.9", "PWD_P37": "42982.5", "PWD_P38": "43332.8", "PWD_P39": "43942.1", "PWD_P40": "44905.2", "PWD_P41": "45799.0", "PWD_P42": "47261.5", "PWD_P43": "48342.3", "PWD_P44": "48948.0", "PWD_P45": "49560.8", "PWD_P46": "50485.5", "PWD_P47": "51190.9", "PWD_P48": "51700.9", "PWD_P49": "52794.5", "PWD_P50": "53805.6", "PWD_P51": "54746.9", "PWD_P52": "56028.6", "PWD_P53": "57499.0", "PWD_P54": "59163.1", "PWD_P55": "61572.4", "PWD_P56": "63613.3", "PWD_P57": "65446.0", "PWD_P58": "68217.5", "PWD_P59": "69350.5", "PWD_P60": "69957.4", "PWD_P61": "70393.7", "PWD_P62": "72744.4", "PWD_P63": "73800.9", "PWD_P64": "75863.6", "PWD_P65": "77006.0", "PWD_P66": "77967.3", "PWD_P67": "78696.7", "PWD_P68": "79280.6", "PWD_P69": "80682.9", "PWD_P70": "82698.9", "PWD_P71": "84018.0", "PWD_P72": "85176.2", "PWD_P73": "87614.7", "PWD_P74": "89080.8", "PWD_P75": "91437.0", "PWD_P76": "92431.6", "PWD_P77": "94026.3", "PWD_P78": "95474.9", "PWD_P79": "98692.8", "PWD_P80": "102246.9", "PWD_P81": "106056.2", "PWD_P82": "110200.6", "PWD_P83": "116677.6", "PWD_P84": "120324.2", "PWD_P85": "126971.7", "PWD_P86": "128012.1", "PWD_P87": "130032.4", "PWD_P88": "131358.2", "PWD_P89": "134788.7", "PWD_P90": "137818.5", "PWD_P91": "139446.8", "PWD_P92": "141384.1", "PWD_P93": "142554.4", "PWD_P94": "143298.9", "PWD_P95": "146542.9", "PWD_P96": "148766.3", "PWD_P97": "150408.2", "PWD_P98": "153592.6", "PWD_P99": "162585.7", "PWD_P100": "172956.6" }, "geometry": { "type": "Point", "coordinates": [ 113.561225891113281, 22.197124481201172 ] } },
{ "type": "Feature", "id": 123, "properties": { "lon": 47.414588928222656, "lat": -19.34766960144043, "year": "2000", "ISO": "MDG", "ISO_No": "450", "Name": "Madagascar", "PWC_Lat": "-19.3476696014404", "PWC_Lon": "47.4145889282227", "Pop": "15766805", "Density": "26.8", "Area": "589171.1", "PWD_A": "808.7", "PWD_G": "90.4", "PWD_M": "72.1", "PWD_P1": "2.7", "PWD_P2": "3.8", "PWD_P3": "4.9", "PWD_P4": "5.8", "PWD_P5": "6.7", "PWD_P6": "7.5", "PWD_P7": "8.4", "PWD_P8": "9.3", "PWD_P9": "10.3", "PWD_P10": "11.2", "PWD_P11": "12.2", "PWD_P12": "13.1", "PWD_P13": "14.0", "PWD_P14": "15.0", "PWD_P15": "16.0", "PWD_P16": "17.0", "PWD_P17": "18.1", "PWD_P18": "19.1", "PWD_P19": "20.2", "PWD_P20": "21.3", "PWD_P21": "22.5", "PWD_P22": "23.6", "PWD_P23": "24.8", "PWD_P24": "26.0", "PWD_P25": "27.2", "PWD_P26": "28.4", "PWD_P27": "29.7", "PWD_P28": "30.9", "PWD_P29": "32.2", "PWD_P30": "33.6", "PWD_P31": "35.0", "PWD_P32": "36.4", "PWD_P33": "37.9", "PWD_P34": "39.5", "PWD_P35": "41.1", "PWD_P36": "42.8", "PWD_P37": "44.5", "PWD_P38": "46.3", "PWD_P39": "48.0", "PWD_P40": "49.9", "PWD_P41": "51.8", "PWD_P42": "53.8", "PWD_P43": "55.8", "PWD_P44": "57.9", "PWD_P45": "60.1", "PWD_P46": "62.5", "PWD_P47": "64.8", "PWD_P48": "67.2", "PWD_P49": "69.7", "PWD_P50": "72.1", "PWD_P51": "74.7", "PWD_P52": "77.2", "PWD_P53": "79.9", "PWD_P54": "82.7", "PWD_P55": "85.6", "PWD_P56": "88.6", "PWD_P57": "91.7", "PWD_P58": "95.1", "PWD_P59": "98.5", "PWD_P60": "102.2", "PWD_P61": "106.1", "PWD_P62": "110.3", "PWD_P63": "114.7", "PWD_P64": "119.5", "PWD_P65": "124.7", "PWD_P66": "130.2", "PWD_P67": "135.9", "PWD_P68": "142.1", "PWD_P69": "148.7", "PWD_P70": "156.1", "PWD_P71": "164.4", "PWD_P72": "173.7", "PWD_P73": "183.7", "PWD_P74": "194.5", "PWD_P75": "206.6", "PWD_P76": "219.3", "PWD_P77": "232.7", "PWD_P78": "247.0", "PWD_P79": "263.4", "PWD_P80": "283.6", "PWD_P81": "309.5", "PWD_P82": "344.2", "PWD_P83": "387.4", "PWD_P84": "436.7", "PWD_P85": "493.7", "PWD_P86": "560.3", "PWD_P87": "644.2", "PWD_P88": "756.6", "PWD_P89": "941.5", "PWD_P90": "1206.3", "PWD_P91": "1606.3", "PWD_P92": "2081.8", "PWD_P93": "2840.5", "PWD_P94": "4534.0", "PWD_P95": "5967.9", "PWD_P96": "7218.4", "PWD_P97": "8772.3", "PWD_P98": "10848.1", "PWD_P99": "14569.2", "PWD_P100": "29859.3" }, "geometry": { "type": "Point", "coordinates": [ 47.414588928222656, -19.34766960144043 ] } },
{ "type": "Feature", "id": 124, "properties": { "lon": 34.481666564941406, "lat": -14.289579391479492, "year": "2000", "ISO": "MWI", "ISO_No": "454", "Name": "Malawi", "PWC_Lat": "-14.2895793914795", "PWC_Lon": "34.4816665649414", "Pop": "11148750", "Density": "118.2", "Area": "94297.5", "PWD_A": "1697.3", "PWD_G": "328.8", "PWD_M": "254.7", "PWD_P1": "19.2", "PWD_P2": "28.8", "PWD_P3": "36.1", "PWD_P4": "42.2", "PWD_P5": "47.8", "PWD_P6": "52.9", "PWD_P7": "57.8", "PWD_P8": "62.4", "PWD_P9": "66.8", "PWD_P10": "71.0", "PWD_P11": "75.0", "PWD_P12": "78.9", "PWD_P13": "82.8", "PWD_P14": "86.6", "PWD_P15": "90.4", "PWD_P16": "94.1", "PWD_P17": "97.8", "PWD_P18": "101.5", "PWD_P19": "105.3", "PWD_P20": "109.2", "PWD_P21": "113.0", "PWD_P22": "117.0", "PWD_P23": "121.0", "PWD_P24": "125.0", "PWD_P25": "129.1", "PWD_P26": "133.2", "PWD_P27": "137.4", "PWD_P28": "141.5", "PWD_P29": "145.7", "PWD_P30": "149.9", "PWD_P31": "154.2", "PWD_P32": "158.5", "PWD_P33": "162.8", "PWD_P34": "167.1", "PWD_P35": "171.6", "PWD_P36": "176.2", "PWD_P37": "181.0", "PWD_P38": "186.0", "PWD_P39": "191.1", "PWD_P40": "196.3", "PWD_P41": "201.7", "PWD_P42": "207.1", "PWD_P43": "212.5", "PWD_P44": "218.0", "PWD_P45": "223.6", "PWD_P46": "229.5", "PWD_P47": "235.5", "PWD_P48": "241.7", "PWD_P49": "248.1", "PWD_P50": "254.7", "PWD_P51": "261.4", "PWD_P52": "268.3", "PWD_P53": "275.3", "PWD_P54": "282.5", "PWD_P55": "289.8", "PWD_P56": "297.4", "PWD_P57": "305.4", "PWD_P58": "313.9", "PWD_P59": "322.7", "PWD_P60": "332.1", "PWD_P61": "341.8", "PWD_P62": "352.2", "PWD_P63": "363.2", "PWD_P64": "374.8", "PWD_P65": "387.0", "PWD_P66": "399.5", "PWD_P67": "412.8", "PWD_P68": "426.9", "PWD_P69": "442.1", "PWD_P70": "458.3", "PWD_P71": "476.1", "PWD_P72": "496.0", "PWD_P73": "518.0", "PWD_P74": "541.7", "PWD_P75": "568.4", "PWD_P76": "598.7", "PWD_P77": "631.5", "PWD_P78": "669.6", "PWD_P79": "715.8", "PWD_P80": "769.4", "PWD_P81": "830.9", "PWD_P82": "906.2", "PWD_P83": "999.6", "PWD_P84": "1122.2", "PWD_P85": "1274.8", "PWD_P86": "1470.3", "PWD_P87": "1718.8", "PWD_P88": "2050.7", "PWD_P89": "2479.3", "PWD_P90": "3025.9", "PWD_P91": "3711.1", "PWD_P92": "4533.2", "PWD_P93": "5493.7", "PWD_P94": "6700.7", "PWD_P95": "8444.5", "PWD_P96": "10736.4", "PWD_P97": "13962.6", "PWD_P98": "18429.1", "PWD_P99": "30714.6", "PWD_P100": "152459.0" }, "geometry": { "type": "Point", "coordinates": [ 34.481666564941406, -14.289579391479492 ] } },
{ "type": "Feature", "id": 125, "properties": { "lon": 104.33992004394531, "lat": 3.8568933010101318, "year": "2000", "ISO": "MYS", "ISO_No": "458", "Name": "Malaysia", "PWC_Lat": "3.85689330101013", "PWC_Lon": "104.339920043945", "Pop": "23194251", "Density": "70.3", "Area": "329946.9", "PWD_A": "1779.0", "PWD_G": "581.7", "PWD_M": "858.6", "PWD_P1": "4.8", "PWD_P2": "8.3", "PWD_P3": "11.4", "PWD_P4": "14.2", "PWD_P5": "17.0", "PWD_P6": "20.2", "PWD_P7": "23.9", "PWD_P8": "28.2", "PWD_P9": "33.0", "PWD_P10": "38.0", "PWD_P11": "43.2", "PWD_P12": "48.6", "PWD_P13": "54.2", "PWD_P14": "60.1", "PWD_P15": "66.4", "PWD_P16": "73.2", "PWD_P17": "80.6", "PWD_P18": "88.7", "PWD_P19": "97.2", "PWD_P20": "106.4", "PWD_P21": "116.2", "PWD_P22": "126.4", "PWD_P23": "137.3", "PWD_P24": "148.8", "PWD_P25": "161.1", "PWD_P26": "174.3", "PWD_P27": "188.0", "PWD_P28": "202.5", "PWD_P29": "217.7", "PWD_P30": "233.7", "PWD_P31": "250.5", "PWD_P32": "268.1", "PWD_P33": "287.1", "PWD_P34": "307.7", "PWD_P35": "329.7", "PWD_P36": "353.1", "PWD_P37": "378.2", "PWD_P38": "404.7", "PWD_P39": "432.8", "PWD_P40": "462.7", "PWD_P41": "494.1", "PWD_P42": "527.1", "PWD_P43": "562.1", "PWD_P44": "598.8", "PWD_P45": "637.1", "PWD_P46": "678.1", "PWD_P47": "720.6", "PWD_P48": "764.0", "PWD_P49": "810.3", "PWD_P50": "858.6", "PWD_P51": "908.2", "PWD_P52": "960.7", "PWD_P53": "1014.7", "PWD_P54": "1069.9", "PWD_P55": "1127.9", "PWD_P56": "1188.4", "PWD_P57": "1252.9", "PWD_P58": "1320.2", "PWD_P59": "1389.2", "PWD_P60": "1461.2", "PWD_P61": "1535.1", "PWD_P62": "1609.5", "PWD_P63": "1686.8", "PWD_P64": "1765.7", "PWD_P65": "1845.2", "PWD_P66": "1926.6", "PWD_P67": "2008.9", "PWD_P68": "2092.7", "PWD_P69": "2174.2", "PWD_P70": "2254.6", "PWD_P71": "2336.6", "PWD_P72": "2420.0", "PWD_P73": "2503.6", "PWD_P74": "2584.0", "PWD_P75": "2664.2", "PWD_P76": "2748.4", "PWD_P77": "2835.0", "PWD_P78": "2920.4", "PWD_P79": "3005.1", "PWD_P80": "3090.9", "PWD_P81": "3185.2", "PWD_P82": "3295.3", "PWD_P83": "3420.1", "PWD_P84": "3564.9", "PWD_P85": "3717.3", "PWD_P86": "3881.7", "PWD_P87": "4051.8", "PWD_P88": "4241.1", "PWD_P89": "4470.6", "PWD_P90": "4731.9", "PWD_P91": "4994.9", "PWD_P92": "5289.0", "PWD_P93": "5698.4", "PWD_P94": "6196.8", "PWD_P95": "6651.4", "PWD_P96": "7120.3", "PWD_P97": "7705.8", "PWD_P98": "9147.8", "PWD_P99": "10160.4", "PWD_P100": "15360.0" }, "geometry": { "type": "Point", "coordinates": [ 104.339920043945312, 3.856893301010132 ] } },
{ "type": "Feature", "id": 126, "properties": { "lon": 73.275871276855469, "lat": 3.8001410961151123, "year": "2000", "ISO": "MDV", "ISO_No": "462", "Name": "Maldives", "PWC_Lat": "3.80014109611511", "PWC_Lon": "73.2758712768555", "Pop": "279395", "Density": "657.3", "Area": "425.1", "PWD_A": "8848.4", "PWD_G": "2958.0", "PWD_M": "2194.3", "PWD_P1": "159.5", "PWD_P2": "214.4", "PWD_P3": "257.2", "PWD_P4": "290.2", "PWD_P5": "316.4", "PWD_P6": "346.9", "PWD_P7": "375.9", "PWD_P8": "404.1", "PWD_P9": "431.5", "PWD_P10": "455.6", "PWD_P11": "480.2", "PWD_P12": "506.8", "PWD_P13": "532.7", "PWD_P14": "561.2", "PWD_P15": "591.5", "PWD_P16": "619.8", "PWD_P17": "652.0", "PWD_P18": "682.9", "PWD_P19": "719.3", "PWD_P20": "759.7", "PWD_P21": "798.4", "PWD_P22": "836.4", "PWD_P23": "873.5", "PWD_P24": "913.6", "PWD_P25": "953.4", "PWD_P26": "987.3", "PWD_P27": "1025.9", "PWD_P28": "1058.3", "PWD_P29": "1095.7", "PWD_P30": "1125.6", "PWD_P31": "1154.7", "PWD_P32": "1188.5", "PWD_P33": "1225.7", "PWD_P34": "1260.3", "PWD_P35": "1300.3", "PWD_P36": "1342.0", "PWD_P37": "1389.9", "PWD_P38": "1446.5", "PWD_P39": "1503.5", "PWD_P40": "1565.8", "PWD_P41": "1629.3", "PWD_P42": "1692.8", "PWD_P43": "1752.7", "PWD_P44": "1820.8", "PWD_P45": "1882.8", "PWD_P46": "1956.5", "PWD_P47": "2011.5", "PWD_P48": "2071.8", "PWD_P49": "2122.2", "PWD_P50": "2194.3", "PWD_P51": "2259.8", "PWD_P52": "2330.9", "PWD_P53": "2417.0", "PWD_P54": "2515.8", "PWD_P55": "2607.9", "PWD_P56": "2723.1", "PWD_P57": "2824.9", "PWD_P58": "2921.9", "PWD_P59": "3052.2", "PWD_P60": "3236.0", "PWD_P61": "3418.3", "PWD_P62": "3677.1", "PWD_P63": "3858.2", "PWD_P64": "4011.9", "PWD_P65": "4268.3", "PWD_P66": "4554.2", "PWD_P67": "5006.2", "PWD_P68": "5473.7", "PWD_P69": "5948.7", "PWD_P70": "6527.3", "PWD_P71": "7460.3", "PWD_P72": "8287.3", "PWD_P73": "8875.2", "PWD_P74": "10440.0", "PWD_P75": "11222.7", "PWD_P76": "11981.4", "PWD_P77": "13314.3", "PWD_P78": "14571.6", "PWD_P79": "18000.4", "PWD_P80": "21210.4", "PWD_P81": "24858.7", "PWD_P82": "26416.0", "PWD_P83": "28019.0", "PWD_P84": "28824.1", "PWD_P85": "29901.2", "PWD_P86": "30844.1", "PWD_P87": "31736.4", "PWD_P88": "32085.5", "PWD_P89": "32561.3", "PWD_P90": "33014.5", "PWD_P91": "33669.0", "PWD_P92": "34219.1", "PWD_P93": "34380.4", "PWD_P94": "34588.5", "PWD_P95": "34846.4", "PWD_P96": "35060.9", "PWD_P97": "35386.5", "PWD_P98": "35724.7", "PWD_P99": "36861.8", "PWD_P100": "39945.3" }, "geometry": { "type": "Point", "coordinates": [ 73.275871276855469, 3.800141096115112 ] } },
{ "type": "Feature", "id": 127, "properties": { "lon": -6.3621, "lat": 13.4551, "year": "2000", "ISO": "MLI", "ISO_No": "466", "Name": "Mali", "PWC_Lat": "13.4551", "PWC_Lon": "-6.3621", "Pop": "10946448", "Density": "8.7", "Area": "1251658.8", "PWD_A": "1488.4", "PWD_G": "80.1", "PWD_M": "40.9", "PWD_P1": "0.8", "PWD_P2": "2.0", "PWD_P3": "3.1", "PWD_P4": "4.0", "PWD_P5": "4.9", "PWD_P6": "5.7", "PWD_P7": "6.4", "PWD_P8": "7.2", "PWD_P9": "8.0", "PWD_P10": "8.8", "PWD_P11": "9.6", "PWD_P12": "10.3", "PWD_P13": "11.0", "PWD_P14": "11.6", "PWD_P15": "12.3", "PWD_P16": "12.9", "PWD_P17": "13.6", "PWD_P18": "14.2", "PWD_P19": "14.7", "PWD_P20": "15.3", "PWD_P21": "15.9", "PWD_P22": "16.4", "PWD_P23": "17.0", "PWD_P24": "17.6", "PWD_P25": "18.2", "PWD_P26": "18.8", "PWD_P27": "19.5", "PWD_P28": "20.1", "PWD_P29": "20.8", "PWD_P30": "21.5", "PWD_P31": "22.1", "PWD_P32": "22.8", "PWD_P33": "23.6", "PWD_P34": "24.3", "PWD_P35": "25.1", "PWD_P36": "25.9", "PWD_P37": "26.7", "PWD_P38": "27.5", "PWD_P39": "28.4", "PWD_P40": "29.4", "PWD_P41": "30.4", "PWD_P42": "31.4", "PWD_P43": "32.4", "PWD_P44": "33.5", "PWD_P45": "34.6", "PWD_P46": "35.8", "PWD_P47": "37.0", "PWD_P48": "38.2", "PWD_P49": "39.6", "PWD_P50": "40.9", "PWD_P51": "42.3", "PWD_P52": "43.8", "PWD_P53": "45.4", "PWD_P54": "47.0", "PWD_P55": "48.8", "PWD_P56": "50.8", "PWD_P57": "52.8", "PWD_P58": "54.9", "PWD_P59": "57.2", "PWD_P60": "59.6", "PWD_P61": "62.3", "PWD_P62": "65.3", "PWD_P63": "68.5", "PWD_P64": "72.0", "PWD_P65": "75.8", "PWD_P66": "80.1", "PWD_P67": "85.1", "PWD_P68": "91.1", "PWD_P69": "97.8", "PWD_P70": "105.2", "PWD_P71": "114.5", "PWD_P72": "126.0", "PWD_P73": "140.0", "PWD_P74": "157.4", "PWD_P75": "179.8", "PWD_P76": "210.3", "PWD_P77": "254.2", "PWD_P78": "312.7", "PWD_P79": "399.3", "PWD_P80": "536.7", "PWD_P81": "736.4", "PWD_P82": "1024.8", "PWD_P83": "1412.8", "PWD_P84": "1894.1", "PWD_P85": "2358.7", "PWD_P86": "2822.2", "PWD_P87": "3398.4", "PWD_P88": "4048.7", "PWD_P89": "4757.9", "PWD_P90": "5539.1", "PWD_P91": "6281.4", "PWD_P92": "6992.7", "PWD_P93": "7892.3", "PWD_P94": "8988.5", "PWD_P95": "10369.3", "PWD_P96": "11793.1", "PWD_P97": "13175.8", "PWD_P98": "14876.3", "PWD_P99": "17968.4", "PWD_P100": "77681.9" }, "geometry": { "type": "Point", "coordinates": [ -6.3621, 13.4551 ] } },
{ "type": "Feature", "id": 128, "properties": { "lon": 14.458741188049316, "lat": 35.899341583251953, "year": "2000", "ISO": "MLT", "ISO_No": "470", "Name": "Malta", "PWC_Lat": "35.899341583252", "PWC_Lon": "14.4587411880493", "Pop": "393648", "Density": "1172.9", "Area": "335.6", "PWD_A": "3858.0", "PWD_G": "2366.2", "PWD_M": "2770.9", "PWD_P1": "150.6", "PWD_P2": "193.2", "PWD_P3": "229.3", "PWD_P4": "262.7", "PWD_P5": "291.2", "PWD_P6": "322.1", "PWD_P7": "352.8", "PWD_P8": "387.0", "PWD_P9": "423.7", "PWD_P10": "458.6", "PWD_P11": "492.9", "PWD_P12": "529.1", "PWD_P13": "569.5", "PWD_P14": "609.4", "PWD_P15": "651.1", "PWD_P16": "692.6", "PWD_P17": "736.1", "PWD_P18": "778.9", "PWD_P19": "821.3", "PWD_P20": "864.0", "PWD_P21": "911.0", "PWD_P22": "954.8", "PWD_P23": "1004.4", "PWD_P24": "1049.7", "PWD_P25": "1092.3", "PWD_P26": "1134.5", "PWD_P27": "1188.9", "PWD_P28": "1241.3", "PWD_P29": "1296.9", "PWD_P30": "1352.3", "PWD_P31": "1401.7", "PWD_P32": "1456.7", "PWD_P33": "1511.3", "PWD_P34": "1562.6", "PWD_P35": "1620.8", "PWD_P36": "1679.2", "PWD_P37": "1738.4", "PWD_P38": "1804.4", "PWD_P39": "1875.8", "PWD_P40": "1955.9", "PWD_P41": "2031.7", "PWD_P42": "2103.2", "PWD_P43": "2175.2", "PWD_P44": "2256.0", "PWD_P45": "2328.4", "PWD_P46": "2412.8", "PWD_P47": "2490.1", "PWD_P48": "2577.0", "PWD_P49": "2678.6", "PWD_P50": "2770.9", "PWD_P51": "2869.5", "PWD_P52": "2977.5", "PWD_P53": "3106.0", "PWD_P54": "3236.1", "PWD_P55": "3368.4", "PWD_P56": "3505.4", "PWD_P57": "3650.9", "PWD_P58": "3802.2", "PWD_P59": "3942.1", "PWD_P60": "4055.6", "PWD_P61": "4189.7", "PWD_P62": "4320.8", "PWD_P63": "4441.1", "PWD_P64": "4551.9", "PWD_P65": "4695.9", "PWD_P66": "4832.6", "PWD_P67": "5006.9", "PWD_P68": "5177.2", "PWD_P69": "5323.9", "PWD_P70": "5460.2", "PWD_P71": "5595.9", "PWD_P72": "5735.8", "PWD_P73": "5862.6", "PWD_P74": "5999.4", "PWD_P75": "6127.4", "PWD_P76": "6254.1", "PWD_P77": "6368.6", "PWD_P78": "6477.7", "PWD_P79": "6611.2", "PWD_P80": "6728.8", "PWD_P81": "6900.8", "PWD_P82": "7048.3", "PWD_P83": "7203.4", "PWD_P84": "7349.7", "PWD_P85": "7503.8", "PWD_P86": "7706.0", "PWD_P87": "7965.7", "PWD_P88": "8242.0", "PWD_P89": "8509.9", "PWD_P90": "8782.8", "PWD_P91": "9068.2", "PWD_P92": "9289.0", "PWD_P93": "9480.2", "PWD_P94": "9744.0", "PWD_P95": "10038.6", "PWD_P96": "10270.3", "PWD_P97": "10616.5", "PWD_P98": "11079.4", "PWD_P99": "12594.4", "PWD_P100": "24213.0" }, "geometry": { "type": "Point", "coordinates": [ 14.458741188049316, 35.899341583251953 ] } },
{ "type": "Feature", "id": 129, "properties": { "lon": -61.014148712158203, "lat": 14.636823654174805, "year": "2000", "ISO": "MTQ", "ISO_No": "474", "Name": "Martinique", "PWC_Lat": "14.6368236541748", "PWC_Lon": "-61.0141487121582", "Pop": "387015", "Density": "352.3", "Area": "1098.4", "PWD_A": "963.8", "PWD_G": "567.1", "PWD_M": "470.0", "PWD_P1": "67.6", "PWD_P2": "83.9", "PWD_P3": "96.0", "PWD_P4": "106.1", "PWD_P5": "115.7", "PWD_P6": "125.5", "PWD_P7": "134.8", "PWD_P8": "144.5", "PWD_P9": "154.7", "PWD_P10": "164.4", "PWD_P11": "173.3", "PWD_P12": "183.4", "PWD_P13": "192.6", "PWD_P14": "202.3", "PWD_P15": "212.0", "PWD_P16": "219.8", "PWD_P17": "227.5", "PWD_P18": "235.0", "PWD_P19": "242.2", "PWD_P20": "248.6", "PWD_P21": "254.8", "PWD_P22": "261.1", "PWD_P23": "267.9", "PWD_P24": "275.9", "PWD_P25": "285.3", "PWD_P26": "294.4", "PWD_P27": "302.6", "PWD_P28": "310.1", "PWD_P29": "317.3", "PWD_P30": "323.2", "PWD_P31": "330.2", "PWD_P32": "337.4", "PWD_P33": "343.8", "PWD_P34": "351.1", "PWD_P35": "359.8", "PWD_P36": "368.2", "PWD_P37": "376.9", "PWD_P38": "387.1", "PWD_P39": "395.8", "PWD_P40": "402.0", "PWD_P41": "408.1", "PWD_P42": "414.4", "PWD_P43": "420.4", "PWD_P44": "427.1", "PWD_P45": "434.7", "PWD_P46": "441.4", "PWD_P47": "448.1", "PWD_P48": "454.8", "PWD_P49": "462.4", "PWD_P50": "470.0", "PWD_P51": "478.5", "PWD_P52": "486.9", "PWD_P53": "496.7", "PWD_P54": "505.0", "PWD_P55": "513.4", "PWD_P56": "523.9", "PWD_P57": "533.8", "PWD_P58": "546.5", "PWD_P59": "560.0", "PWD_P60": "572.0", "PWD_P61": "588.4", "PWD_P62": "604.7", "PWD_P63": "615.5", "PWD_P64": "625.9", "PWD_P65": "643.1", "PWD_P66": "664.7", "PWD_P67": "689.8", "PWD_P68": "717.6", "PWD_P69": "739.0", "PWD_P70": "764.7", "PWD_P71": "795.5", "PWD_P72": "830.9", "PWD_P73": "979.7", "PWD_P74": "1199.4", "PWD_P75": "1294.8", "PWD_P76": "1444.8", "PWD_P77": "1594.8", "PWD_P78": "1853.8", "PWD_P79": "2133.4", "PWD_P80": "2323.5", "PWD_P81": "2384.2", "PWD_P82": "2443.9", "PWD_P83": "2488.7", "PWD_P84": "2518.1", "PWD_P85": "2542.6", "PWD_P86": "2562.2", "PWD_P87": "2579.8", "PWD_P88": "2606.2", "PWD_P89": "2651.9", "PWD_P90": "2735.0", "PWD_P91": "2896.0", "PWD_P92": "2966.7", "PWD_P93": "3017.0", "PWD_P94": "3069.1", "PWD_P95": "3153.0", "PWD_P96": "3232.2", "PWD_P97": "3297.1", "PWD_P98": "3353.5", "PWD_P99": "3450.3", "PWD_P100": "3676.9" }, "geometry": { "type": "Point", "coordinates": [ -61.014148712158203, 14.636823654174805 ] } },
{ "type": "Feature", "id": 130, "properties": { "lon": -12.991256713867188, "lat": 17.146259307861328, "year": "2000", "ISO": "MRT", "ISO_No": "478", "Name": "Mauritania", "PWC_Lat": "17.1462593078613", "PWC_Lon": "-12.9912567138672", "Pop": "2630217", "Density": "2.5", "Area": "1043611.8", "PWD_A": "1745.6", "PWD_G": "64.1", "PWD_M": "31.6", "PWD_P1": "0.2", "PWD_P2": "0.5", "PWD_P3": "0.8", "PWD_P4": "1.2", "PWD_P5": "1.6", "PWD_P6": "2.0", "PWD_P7": "2.4", "PWD_P8": "2.8", "PWD_P9": "3.1", "PWD_P10": "3.3", "PWD_P11": "3.6", "PWD_P12": "3.9", "PWD_P13": "4.2", "PWD_P14": "4.4", "PWD_P15": "4.7", "PWD_P16": "5.0", "PWD_P17": "5.3", "PWD_P18": "5.6", "PWD_P19": "5.9", "PWD_P20": "6.3", "PWD_P21": "6.7", "PWD_P22": "7.1", "PWD_P23": "7.5", "PWD_P24": "7.9", "PWD_P25": "8.4", "PWD_P26": "8.9", "PWD_P27": "9.5", "PWD_P28": "10.0", "PWD_P29": "10.6", "PWD_P30": "11.2", "PWD_P31": "11.8", "PWD_P32": "12.3", "PWD_P33": "12.9", "PWD_P34": "13.5", "PWD_P35": "14.2", "PWD_P36": "14.9", "PWD_P37": "15.8", "PWD_P38": "16.6", "PWD_P39": "17.5", "PWD_P40": "18.4", "PWD_P41": "19.4", "PWD_P42": "20.5", "PWD_P43": "21.5", "PWD_P44": "22.7", "PWD_P45": "23.8", "PWD_P46": "25.1", "PWD_P47": "26.7", "PWD_P48": "28.2", "PWD_P49": "29.8", "PWD_P50": "31.6", "PWD_P51": "33.5", "PWD_P52": "35.6", "PWD_P53": "37.7", "PWD_P54": "40.2", "PWD_P55": "42.8", "PWD_P56": "45.6", "PWD_P57": "49.1", "PWD_P58": "53.2", "PWD_P59": "58.4", "PWD_P60": "64.9", "PWD_P61": "71.1", "PWD_P62": "77.6", "PWD_P63": "85.1", "PWD_P64": "94.0", "PWD_P65": "105.4", "PWD_P66": "120.8", "PWD_P67": "140.9", "PWD_P68": "169.7", "PWD_P69": "202.0", "PWD_P70": "237.6", "PWD_P71": "275.1", "PWD_P72": "323.4", "PWD_P73": "395.1", "PWD_P74": "472.8", "PWD_P75": "591.5", "PWD_P76": "726.6", "PWD_P77": "874.2", "PWD_P78": "1040.1", "PWD_P79": "1188.3", "PWD_P80": "1350.9", "PWD_P81": "1531.8", "PWD_P82": "1713.7", "PWD_P83": "1870.8", "PWD_P84": "2044.6", "PWD_P85": "2295.5", "PWD_P86": "2620.5", "PWD_P87": "3055.7", "PWD_P88": "3325.2", "PWD_P89": "3616.7", "PWD_P90": "3998.4", "PWD_P91": "4616.5", "PWD_P92": "5261.2", "PWD_P93": "6836.0", "PWD_P94": "11811.6", "PWD_P95": "14190.3", "PWD_P96": "15931.1", "PWD_P97": "17958.6", "PWD_P98": "22846.8", "PWD_P99": "24859.3", "PWD_P100": "32356.4" }, "geometry": { "type": "Point", "coordinates": [ -12.991256713867188, 17.146259307861328 ] } },
{ "type": "Feature", "id": 131, "properties": { "lon": 57.73321533203125, "lat": -20.221511840820312, "year": "2000", "ISO": "MUS", "ISO_No": "480", "Name": "Mauritius", "PWC_Lat": "-20.2215118408203", "PWC_Lon": "57.7332153320312", "Pop": "1185147", "Density": "578.4", "Area": "2049.0", "PWD_A": "3050.7", "PWD_G": "1678.9", "PWD_M": "2063.2", "PWD_P1": "48.1", "PWD_P2": "80.5", "PWD_P3": "107.9", "PWD_P4": "135.5", "PWD_P5": "161.0", "PWD_P6": "189.7", "PWD_P7": "218.3", "PWD_P8": "244.9", "PWD_P9": "272.7", "PWD_P10": "302.4", "PWD_P11": "330.2", "PWD_P12": "355.9", "PWD_P13": "382.7", "PWD_P14": "408.8", "PWD_P15": "435.8", "PWD_P16": "462.5", "PWD_P17": "489.5", "PWD_P18": "517.4", "PWD_P19": "547.3", "PWD_P20": "575.0", "PWD_P21": "603.9", "PWD_P22": "634.1", "PWD_P23": "665.1", "PWD_P24": "696.9", "PWD_P25": "731.1", "PWD_P26": "766.4", "PWD_P27": "801.7", "PWD_P28": "839.9", "PWD_P29": "877.2", "PWD_P30": "917.1", "PWD_P31": "957.0", "PWD_P32": "997.8", "PWD_P33": "1040.0", "PWD_P34": "1082.2", "PWD_P35": "1125.2", "PWD_P36": "1171.2", "PWD_P37": "1220.4", "PWD_P38": "1275.2", "PWD_P39": "1333.4", "PWD_P40": "1390.1", "PWD_P41": "1450.1", "PWD_P42": "1513.7", "PWD_P43": "1576.8", "PWD_P44": "1649.2", "PWD_P45": "1718.2", "PWD_P46": "1787.3", "PWD_P47": "1856.9", "PWD_P48": "1924.7", "PWD_P49": "1992.7", "PWD_P50": "2063.2", "PWD_P51": "2139.6", "PWD_P52": "2217.6", "PWD_P53": "2300.5", "PWD_P54": "2382.8", "PWD_P55": "2468.4", "PWD_P56": "2555.3", "PWD_P57": "2648.5", "PWD_P58": "2733.1", "PWD_P59": "2824.5", "PWD_P60": "2927.7", "PWD_P61": "3030.0", "PWD_P62": "3132.4", "PWD_P63": "3236.3", "PWD_P64": "3347.7", "PWD_P65": "3452.1", "PWD_P66": "3550.9", "PWD_P67": "3655.2", "PWD_P68": "3762.0", "PWD_P69": "3867.1", "PWD_P70": "3974.1", "PWD_P71": "4074.5", "PWD_P72": "4175.7", "PWD_P73": "4289.8", "PWD_P74": "4405.4", "PWD_P75": "4519.6", "PWD_P76": "4617.6", "PWD_P77": "4722.6", "PWD_P78": "4844.7", "PWD_P79": "5007.7", "PWD_P80": "5168.4", "PWD_P81": "5320.6", "PWD_P82": "5472.9", "PWD_P83": "5653.2", "PWD_P84": "5844.3", "PWD_P85": "6061.3", "PWD_P86": "6278.0", "PWD_P87": "6491.3", "PWD_P88": "6708.9", "PWD_P89": "6932.0", "PWD_P90": "7238.3", "PWD_P91": "7581.4", "PWD_P92": "7918.6", "PWD_P93": "8251.9", "PWD_P94": "8528.6", "PWD_P95": "8913.0", "PWD_P96": "9643.4", "PWD_P97": "10272.8", "PWD_P98": "11496.9", "PWD_P99": "13025.9", "PWD_P100": "17344.6" }, "geometry": { "type": "Point", "coordinates": [ 57.73321533203125, -20.221511840820312 ] } },
{ "type": "Feature", "id": 132, "properties": { "lon": -100.1495, "lat": 21.193, "year": "2000", "ISO": "MEX", "ISO_No": "484", "Name": "Mexico", "PWC_Lat": "21.193", "PWC_Lon": "-100.1495", "Pop": "98899845", "Density": "51.0", "Area": "1941066.7", "PWD_A": "7753.0", "PWD_G": "2655.6", "PWD_M": "5078.8", "PWD_P1": "5.0", "PWD_P2": "12.5", "PWD_P3": "22.6", "PWD_P4": "33.9", "PWD_P5": "45.3", "PWD_P6": "57.1", "PWD_P7": "69.3", "PWD_P8": "82.6", "PWD_P9": "97.0", "PWD_P10": "113.0", "PWD_P11": "130.8", "PWD_P12": "150.9", "PWD_P13": "173.8", "PWD_P14": "199.9", "PWD_P15": "230.7", "PWD_P16": "267.0", "PWD_P17": "309.4", "PWD_P18": "359.5", "PWD_P19": "417.8", "PWD_P20": "486.0", "PWD_P21": "568.7", "PWD_P22": "666.5", "PWD_P23": "780.8", "PWD_P24": "906.1", "PWD_P25": "1042.8", "PWD_P26": "1186.2", "PWD_P27": "1333.1", "PWD_P28": "1481.1", "PWD_P29": "1631.7", "PWD_P30": "1784.4", "PWD_P31": "1936.6", "PWD_P32": "2092.3", "PWD_P33": "2248.9", "PWD_P34": "2406.9", "PWD_P35": "2563.2", "PWD_P36": "2720.5", "PWD_P37": "2879.0", "PWD_P38": "3038.4", "PWD_P39": "3201.7", "PWD_P40": "3368.4", "PWD_P41": "3533.9", "PWD_P42": "3699.1", "PWD_P43": "3866.5", "PWD_P44": "4034.6", "PWD_P45": "4204.5", "PWD_P46": "4377.1", "PWD_P47": "4549.9", "PWD_P48": "4725.4", "PWD_P49": "4902.0", "PWD_P50": "5078.8", "PWD_P51": "5257.7", "PWD_P52": "5441.3", "PWD_P53": "5629.0", "PWD_P54": "5819.7", "PWD_P55": "6013.8", "PWD_P56": "6203.7", "PWD_P57": "6398.9", "PWD_P58": "6601.0", "PWD_P59": "6809.9", "PWD_P60": "7022.1", "PWD_P61": "7242.3", "PWD_P62": "7463.2", "PWD_P63": "7689.5", "PWD_P64": "7924.7", "PWD_P65": "8165.3", "PWD_P66": "8410.9", "PWD_P67": "8662.7", "PWD_P68": "8923.2", "PWD_P69": "9189.2", "PWD_P70": "9471.1", "PWD_P71": "9757.7", "PWD_P72": "10061.1", "PWD_P73": "10380.5", "PWD_P74": "10719.5", "PWD_P75": "11065.3", "PWD_P76": "11427.0", "PWD_P77": "11815.0", "PWD_P78": "12224.6", "PWD_P79": "12643.6", "PWD_P80": "13101.3", "PWD_P81": "13560.7", "PWD_P82": "14065.2", "PWD_P83": "14603.0", "PWD_P84": "15183.5", "PWD_P85": "15815.0", "PWD_P86": "16481.9", "PWD_P87": "17163.5", "PWD_P88": "17938.0", "PWD_P89": "18786.0", "PWD_P90": "19719.5", "PWD_P91": "20764.8", "PWD_P92": "21899.7", "PWD_P93": "23118.4", "PWD_P94": "24488.5", "PWD_P95": "26013.4", "PWD_P96": "27715.3", "PWD_P97": "29820.0", "PWD_P98": "32531.0", "PWD_P99": "37732.8", "PWD_P100": "167277.5" }, "geometry": { "type": "Point", "coordinates": [ -100.1495, 21.193 ] } },
{ "type": "Feature", "id": 133, "properties": { "lon": 7.4237260818481445, "lat": 43.739101409912109, "year": "2000", "ISO": "MCO", "ISO_No": "492", "Name": "Monaco", "PWC_Lat": "43.7391014099121", "PWC_Lon": "7.42372608184814", "Pop": "32148", "Density": "12607.9", "Area": "2.5", "PWD_A": "20888.4", "PWD_G": "17061.1", "PWD_M": "19936.0", "PWD_P1": "2202.2", "PWD_P2": "2776.9", "PWD_P3": "3270.4", "PWD_P4": "3594.2", "PWD_P5": "4082.3", "PWD_P6": "4477.1", "PWD_P7": "4945.9", "PWD_P8": "5317.7", "PWD_P9": "5668.8", "PWD_P10": "6162.0", "PWD_P11": "6803.1", "PWD_P12": "7112.9", "PWD_P13": "7526.8", "PWD_P14": "7777.6", "PWD_P15": "8002.6", "PWD_P16": "8658.2", "PWD_P17": "9160.9", "PWD_P18": "9392.2", "PWD_P19": "9602.2", "PWD_P20": "9907.0", "PWD_P21": "10406.9", "PWD_P22": "10765.3", "PWD_P23": "11065.3", "PWD_P24": "11554.1", "PWD_P25": "11812.8", "PWD_P26": "12142.6", "PWD_P27": "12350.2", "PWD_P28": "12617.0", "PWD_P29": "12803.9", "PWD_P30": "12911.0", "PWD_P31": "12957.7", "PWD_P32": "13104.2", "PWD_P33": "13320.2", "PWD_P34": "13898.8", "PWD_P35": "14178.5", "PWD_P36": "14440.2", "PWD_P37": "14828.9", "PWD_P38": "15122.7", "PWD_P39": "15485.3", "PWD_P40": "16251.3", "PWD_P41": "16610.6", "PWD_P42": "17002.0", "PWD_P43": "18015.6", "PWD_P44": "18210.4", "PWD_P45": "18299.3", "PWD_P46": "18446.3", "PWD_P47": "18680.8", "PWD_P48": "19335.9", "PWD_P49": "19901.0", "PWD_P50": "19936.0", "PWD_P51": "20515.0", "PWD_P52": "20742.6", "PWD_P53": "20915.0", "PWD_P54": "20945.6", "PWD_P55": "21017.8", "PWD_P56": "21249.5", "PWD_P57": "21573.5", "PWD_P58": "21674.2", "PWD_P59": "21865.2", "PWD_P60": "22518.5", "PWD_P61": "23429.7", "PWD_P62": "23692.8", "PWD_P63": "23846.0", "PWD_P64": "23920.0", "PWD_P65": "24707.8", "PWD_P66": "24952.9", "PWD_P67": "25525.2", "PWD_P68": "26131.2", "PWD_P69": "26776.2", "PWD_P70": "26810.3", "PWD_P71": "27870.9", "PWD_P72": "29249.2", "PWD_P73": "29669.3", "PWD_P74": "30100.8", "PWD_P75": "30139.1", "PWD_P76": "30188.7", "PWD_P77": "30577.0", "PWD_P78": "31155.2", "PWD_P79": "31766.4", "PWD_P80": "32878.3", "PWD_P81": "33305.7", "PWD_P82": "33550.5", "PWD_P83": "33606.6", "PWD_P84": "33698.3", "PWD_P85": "34327.7", "PWD_P86": "34612.7", "PWD_P87": "34759.2", "PWD_P88": "34814.9", "PWD_P89": "35204.4", "PWD_P90": "35637.1", "PWD_P91": "37399.7", "PWD_P92": "37850.1", "PWD_P93": "37950.8", "PWD_P94": "39387.6", "PWD_P95": "39577.1", "PWD_P96": "42954.5", "PWD_P97": "45622.4", "PWD_P98": "45622.4", "PWD_P99": "53573.5", "PWD_P100": "53573.5" }, "geometry": { "type": "Point", "coordinates": [ 7.423726081848145, 43.739101409912109 ] } },
{ "type": "Feature", "id": 134, "properties": { "lon": 103.7423, "lat": 47.8324, "year": "2000", "ISO": "MNG", "ISO_No": "496", "Name": "Mongolia", "PWC_Lat": "47.8324", "PWC_Lon": "103.7423", "Pop": "2397416", "Density": "1.5", "Area": "1547871.4", "PWD_A": "655.5", "PWD_G": "50.6", "PWD_M": "161.4", "PWD_P1": "0.1", "PWD_P2": "0.2", "PWD_P3": "0.2", "PWD_P4": "0.3", "PWD_P5": "0.3", "PWD_P6": "0.3", "PWD_P7": "0.4", "PWD_P8": "0.4", "PWD_P9": "0.5", "PWD_P10": "0.5", "PWD_P11": "0.6", "PWD_P12": "0.6", "PWD_P13": "0.7", "PWD_P14": "0.8", "PWD_P15": "0.8", "PWD_P16": "0.9", "PWD_P17": "1.0", "PWD_P18": "1.1", "PWD_P19": "1.2", "PWD_P20": "1.3", "PWD_P21": "1.5", "PWD_P22": "1.6", "PWD_P23": "1.7", "PWD_P24": "1.9", "PWD_P25": "2.1", "PWD_P26": "2.3", "PWD_P27": "2.5", "PWD_P28": "2.8", "PWD_P29": "3.1", "PWD_P30": "3.4", "PWD_P31": "3.8", "PWD_P32": "4.3", "PWD_P33": "4.9", "PWD_P34": "5.5", "PWD_P35": "6.3", "PWD_P36": "7.3", "PWD_P37": "8.5", "PWD_P38": "10.2", "PWD_P39": "12.8", "PWD_P40": "15.9", "PWD_P41": "20.1", "PWD_P42": "25.9", "PWD_P43": "34.5", "PWD_P44": "46.2", "PWD_P45": "59.6", "PWD_P46": "74.9", "PWD_P47": "89.5", "PWD_P48": "112.3", "PWD_P49": "135.7", "PWD_P50": "161.4", "PWD_P51": "187.1", "PWD_P52": "210.9", "PWD_P53": "237.3", "PWD_P54": "266.9", "PWD_P55": "294.5", "PWD_P56": "317.6", "PWD_P57": "341.9", "PWD_P58": "367.7", "PWD_P59": "392.9", "PWD_P60": "418.5", "PWD_P61": "445.8", "PWD_P62": "473.5", "PWD_P63": "501.7", "PWD_P64": "530.7", "PWD_P65": "561.2", "PWD_P66": "589.8", "PWD_P67": "617.0", "PWD_P68": "643.4", "PWD_P69": "669.6", "PWD_P70": "699.0", "PWD_P71": "733.5", "PWD_P72": "773.0", "PWD_P73": "813.8", "PWD_P74": "859.2", "PWD_P75": "903.7", "PWD_P76": "948.3", "PWD_P77": "991.3", "PWD_P78": "1041.1", "PWD_P79": "1093.9", "PWD_P80": "1147.8", "PWD_P81": "1210.4", "PWD_P82": "1285.5", "PWD_P83": "1364.8", "PWD_P84": "1440.6", "PWD_P85": "1509.8", "PWD_P86": "1577.2", "PWD_P87": "1640.9", "PWD_P88": "1707.1", "PWD_P89": "1768.2", "PWD_P90": "1888.3", "PWD_P91": "2078.0", "PWD_P92": "2248.5", "PWD_P93": "2577.0", "PWD_P94": "2877.6", "PWD_P95": "3268.1", "PWD_P96": "3603.5", "PWD_P97": "3991.8", "PWD_P98": "4129.6", "PWD_P99": "4222.3", "PWD_P100": "4560.1" }, "geometry": { "type": "Point", "coordinates": [ 103.7423, 47.8324 ] } },
{ "type": "Feature", "id": 135, "properties": { "lon": 28.599071502685547, "lat": 47.177490234375, "year": "2000", "ISO": "MDA", "ISO_No": "498", "Name": "Moldova", "PWC_Lat": "47.177490234375", "PWC_Lon": "28.5990715026855", "Pop": "4202658", "Density": "125.6", "Area": "33472.2", "PWD_A": "759.4", "PWD_G": "264.2", "PWD_M": "204.2", "PWD_P1": "29.7", "PWD_P2": "32.4", "PWD_P3": "34.4", "PWD_P4": "36.2", "PWD_P5": "37.9", "PWD_P6": "39.4", "PWD_P7": "41.0", "PWD_P8": "42.8", "PWD_P9": "44.6", "PWD_P10": "46.4", "PWD_P11": "48.5", "PWD_P12": "50.7", "PWD_P13": "52.8", "PWD_P14": "54.9", "PWD_P15": "57.2", "PWD_P16": "59.8", "PWD_P17": "62.6", "PWD_P18": "65.4", "PWD_P19": "68.5", "PWD_P20": "71.6", "PWD_P21": "74.6", "PWD_P22": "77.8", "PWD_P23": "81.1", "PWD_P24": "84.6", "PWD_P25": "88.0", "PWD_P26": "91.5", "PWD_P27": "95.2", "PWD_P28": "98.9", "PWD_P29": "102.9", "PWD_P30": "106.9", "PWD_P31": "110.9", "PWD_P32": "114.9", "PWD_P33": "118.8", "PWD_P34": "122.8", "PWD_P35": "127.1", "PWD_P36": "131.6", "PWD_P37": "136.2", "PWD_P38": "140.9", "PWD_P39": "145.5", "PWD_P40": "150.3", "PWD_P41": "155.2", "PWD_P42": "160.3", "PWD_P43": "165.8", "PWD_P44": "171.3", "PWD_P45": "176.8", "PWD_P46": "182.3", "PWD_P47": "188.0", "PWD_P48": "193.4", "PWD_P49": "198.8", "PWD_P50": "204.2", "PWD_P51": "210.1", "PWD_P52": "216.0", "PWD_P53": "221.9", "PWD_P54": "227.8", "PWD_P55": "233.6", "PWD_P56": "239.7", "PWD_P57": "246.0", "PWD_P58": "252.7", "PWD_P59": "259.9", "PWD_P60": "267.1", "PWD_P61": "274.7", "PWD_P62": "282.2", "PWD_P63": "290.3", "PWD_P64": "299.0", "PWD_P65": "308.8", "PWD_P66": "320.4", "PWD_P67": "334.5", "PWD_P68": "354.4", "PWD_P69": "381.9", "PWD_P70": "419.4", "PWD_P71": "460.3", "PWD_P72": "501.8", "PWD_P73": "568.9", "PWD_P74": "738.6", "PWD_P75": "912.5", "PWD_P76": "1084.0", "PWD_P77": "1229.6", "PWD_P78": "1346.8", "PWD_P79": "1447.8", "PWD_P80": "1534.5", "PWD_P81": "1614.6", "PWD_P82": "1693.4", "PWD_P83": "1783.9", "PWD_P84": "1876.5", "PWD_P85": "1947.9", "PWD_P86": "1997.3", "PWD_P87": "2037.0", "PWD_P88": "2090.8", "PWD_P89": "2147.0", "PWD_P90": "2207.0", "PWD_P91": "2268.0", "PWD_P92": "2325.4", "PWD_P93": "2412.3", "PWD_P94": "2510.1", "PWD_P95": "2648.0", "PWD_P96": "2817.5", "PWD_P97": "3892.4", "PWD_P98": "6258.6", "PWD_P99": "6873.6", "PWD_P100": "7662.1" }, "geometry": { "type": "Point", "coordinates": [ 28.599071502685547, 47.177490234375 ] } },
{ "type": "Feature", "id": 136, "properties": { "lon": 19.268121719360352, "lat": 42.625545501708984, "year": "2000", "ISO": "MNE", "ISO_No": "499", "Name": "Montenegro", "PWC_Lat": "42.625545501709", "PWC_Lon": "19.2681217193604", "Pop": "613558", "Density": "46.9", "Area": "13082.6", "PWD_A": "305.2", "PWD_G": "152.2", "PWD_M": "181.8", "PWD_P1": "4.3", "PWD_P2": "5.5", "PWD_P3": "6.6", "PWD_P4": "7.8", "PWD_P5": "8.9", "PWD_P6": "10.1", "PWD_P7": "11.3", "PWD_P8": "12.6", "PWD_P9": "14.1", "PWD_P10": "15.8", "PWD_P11": "17.8", "PWD_P12": "20.3", "PWD_P13": "23.2", "PWD_P14": "26.8", "PWD_P15": "31.3", "PWD_P16": "35.8", "PWD_P17": "40.1", "PWD_P18": "45.0", "PWD_P19": "49.4", "PWD_P20": "53.6", "PWD_P21": "57.8", "PWD_P22": "61.8", "PWD_P23": "65.8", "PWD_P24": "69.8", "PWD_P25": "74.0", "PWD_P26": "78.0", "PWD_P27": "82.0", "PWD_P28": "85.9", "PWD_P29": "90.0", "PWD_P30": "94.1", "PWD_P31": "98.0", "PWD_P32": "101.9", "PWD_P33": "105.7", "PWD_P34": "109.6", "PWD_P35": "113.5", "PWD_P36": "117.4", "PWD_P37": "121.2", "PWD_P38": "125.1", "PWD_P39": "129.2", "PWD_P40": "133.2", "PWD_P41": "137.3", "PWD_P42": "141.7", "PWD_P43": "146.1", "PWD_P44": "150.5", "PWD_P45": "155.0", "PWD_P46": "159.6", "PWD_P47": "164.6", "PWD_P48": "169.8", "PWD_P49": "175.9", "PWD_P50": "181.8", "PWD_P51": "187.6", "PWD_P52": "193.7", "PWD_P53": "200.3", "PWD_P54": "206.9", "PWD_P55": "214.2", "PWD_P56": "222.3", "PWD_P57": "230.6", "PWD_P58": "239.5", "PWD_P59": "249.2", "PWD_P60": "258.7", "PWD_P61": "268.4", "PWD_P62": "278.7", "PWD_P63": "289.2", "PWD_P64": "299.0", "PWD_P65": "308.4", "PWD_P66": "321.6", "PWD_P67": "336.6", "PWD_P68": "351.1", "PWD_P69": "367.4", "PWD_P70": "380.6", "PWD_P71": "394.7", "PWD_P72": "410.3", "PWD_P73": "425.8", "PWD_P74": "444.1", "PWD_P75": "463.8", "PWD_P76": "481.5", "PWD_P77": "502.8", "PWD_P78": "523.8", "PWD_P79": "544.2", "PWD_P80": "567.6", "PWD_P81": "592.6", "PWD_P82": "616.4", "PWD_P83": "640.9", "PWD_P84": "662.1", "PWD_P85": "682.3", "PWD_P86": "706.4", "PWD_P87": "731.2", "PWD_P88": "758.4", "PWD_P89": "791.9", "PWD_P90": "836.1", "PWD_P91": "878.8", "PWD_P92": "900.8", "PWD_P93": "930.2", "PWD_P94": "954.2", "PWD_P95": "979.6", "PWD_P96": "1001.4", "PWD_P97": "1027.1", "PWD_P98": "1051.4", "PWD_P99": "1099.0", "PWD_P100": "1320.3" }, "geometry": { "type": "Point", "coordinates": [ 19.268121719360352, 42.625545501708984 ] } },
{ "type": "Feature", "id": 137, "properties": { "lon": -62.205013275146484, "lat": 16.77922248840332, "year": "2000", "ISO": "MSR", "ISO_No": "500", "Name": "Montserrat", "PWC_Lat": "16.7792224884033", "PWC_Lon": "-62.2050132751465", "Pop": "4924", "Density": "47.6", "Area": "103.6", "PWD_A": "442.0", "PWD_G": "318.7", "PWD_M": "366.1", "PWD_P1": "14.1", "PWD_P2": "29.7", "PWD_P3": "48.3", "PWD_P4": "58.1", "PWD_P5": "67.9", "PWD_P6": "83.9", "PWD_P7": "93.5", "PWD_P8": "99.1", "PWD_P9": "102.0", "PWD_P10": "105.3", "PWD_P11": "109.4", "PWD_P12": "114.7", "PWD_P13": "120.3", "PWD_P14": "127.2", "PWD_P15": "134.0", "PWD_P16": "141.1", "PWD_P17": "146.0", "PWD_P18": "151.6", "PWD_P19": "161.0", "PWD_P20": "167.3", "PWD_P21": "175.0", "PWD_P22": "184.9", "PWD_P23": "189.2", "PWD_P24": "193.1", "PWD_P25": "195.5", "PWD_P26": "196.7", "PWD_P27": "200.0", "PWD_P28": "204.1", "PWD_P29": "206.8", "PWD_P30": "209.9", "PWD_P31": "215.5", "PWD_P32": "222.3", "PWD_P33": "230.0", "PWD_P34": "235.3", "PWD_P35": "241.5", "PWD_P36": "245.8", "PWD_P37": "250.3", "PWD_P38": "258.6", "PWD_P39": "268.0", "PWD_P40": "274.4", "PWD_P41": "282.2", "PWD_P42": "293.9", "PWD_P43": "299.3", "PWD_P44": "307.9", "PWD_P45": "316.5", "PWD_P46": "324.3", "PWD_P47": "336.6", "PWD_P48": "346.3", "PWD_P49": "357.6", "PWD_P50": "366.1", "PWD_P51": "386.0", "PWD_P52": "392.4", "PWD_P53": "394.9", "PWD_P54": "401.4", "PWD_P55": "405.9", "PWD_P56": "413.2", "PWD_P57": "419.4", "PWD_P58": "427.9", "PWD_P59": "432.8", "PWD_P60": "435.0", "PWD_P61": "438.0", "PWD_P62": "441.0", "PWD_P63": "445.6", "PWD_P64": "448.7", "PWD_P65": "452.3", "PWD_P66": "461.1", "PWD_P67": "475.9", "PWD_P68": "485.8", "PWD_P69": "505.1", "PWD_P70": "526.7", "PWD_P71": "539.8", "PWD_P72": "553.9", "PWD_P73": "561.8", "PWD_P74": "573.5", "PWD_P75": "582.3", "PWD_P76": "585.7", "PWD_P77": "590.0", "PWD_P78": "600.0", "PWD_P79": "676.5", "PWD_P80": "751.3", "PWD_P81": "768.0", "PWD_P82": "778.7", "PWD_P83": "784.4", "PWD_P84": "791.1", "PWD_P85": "798.3", "PWD_P86": "809.9", "PWD_P87": "820.2", "PWD_P88": "827.8", "PWD_P89": "844.6", "PWD_P90": "865.7", "PWD_P91": "901.2", "PWD_P92": "909.4", "PWD_P93": "933.7", "PWD_P94": "962.2", "PWD_P95": "1047.0", "PWD_P96": "1372.2", "PWD_P97": "1445.4", "PWD_P98": "1489.4", "PWD_P99": "1551.8", "PWD_P100": "1914.8" }, "geometry": { "type": "Point", "coordinates": [ -62.205013275146484, 16.77922248840332 ] } },
{ "type": "Feature", "id": 138, "properties": { "lon": -6.5855770111083984, "lat": 33.159652709960938, "year": "2000", "ISO": "MAR", "ISO_No": "504", "Name": "Morocco", "PWC_Lat": "33.1596527099609", "PWC_Lon": "-6.5855770111084", "Pop": "28793671", "Density": "69.7", "Area": "413403.6", "PWD_A": "6030.1", "PWD_G": "1062.6", "PWD_M": "1835.3", "PWD_P1": "5.5", "PWD_P2": "10.0", "PWD_P3": "14.4", "PWD_P4": "18.6", "PWD_P5": "22.6", "PWD_P6": "26.6", "PWD_P7": "30.6", "PWD_P8": "34.8", "PWD_P9": "38.9", "PWD_P10": "43.1", "PWD_P11": "47.5", "PWD_P12": "52.1", "PWD_P13": "56.9", "PWD_P14": "62.0", "PWD_P15": "67.3", "PWD_P16": "72.8", "PWD_P17": "78.6", "PWD_P18": "84.9", "PWD_P19": "91.6", "PWD_P20": "98.8", "PWD_P21": "106.5", "PWD_P22": "114.9", "PWD_P23": "123.9", "PWD_P24": "133.9", "PWD_P25": "144.7", "PWD_P26": "156.4", "PWD_P27": "169.2", "PWD_P28": "183.3", "PWD_P29": "198.5", "PWD_P30": "215.4", "PWD_P31": "234.2", "PWD_P32": "255.0", "PWD_P33": "278.1", "PWD_P34": "304.2", "PWD_P35": "333.4", "PWD_P36": "365.8", "PWD_P37": "402.8", "PWD_P38": "445.8", "PWD_P39": "495.1", "PWD_P40": "551.3", "PWD_P41": "616.2", "PWD_P42": "693.0", "PWD_P43": "783.6", "PWD_P44": "887.2", "PWD_P45": "1009.6", "PWD_P46": "1149.2", "PWD_P47": "1305.9", "PWD_P48": "1471.9", "PWD_P49": "1646.6", "PWD_P50": "1835.3", "PWD_P51": "2034.2", "PWD_P52": "2240.7", "PWD_P53": "2448.3", "PWD_P54": "2648.5", "PWD_P55": "2844.6", "PWD_P56": "3037.4", "PWD_P57": "3239.1", "PWD_P58": "3442.4", "PWD_P59": "3651.9", "PWD_P60": "3855.0", "PWD_P61": "4055.1", "PWD_P62": "4259.6", "PWD_P63": "4463.8", "PWD_P64": "4672.7", "PWD_P65": "4880.0", "PWD_P66": "5088.1", "PWD_P67": "5298.1", "PWD_P68": "5518.8", "PWD_P69": "5749.5", "PWD_P70": "5989.7", "PWD_P71": "6229.0", "PWD_P72": "6470.3", "PWD_P73": "6723.1", "PWD_P74": "6983.1", "PWD_P75": "7255.9", "PWD_P76": "7551.2", "PWD_P77": "7865.3", "PWD_P78": "8190.3", "PWD_P79": "8528.3", "PWD_P80": "8875.4", "PWD_P81": "9251.5", "PWD_P82": "9656.7", "PWD_P83": "10093.2", "PWD_P84": "10570.3", "PWD_P85": "11087.0", "PWD_P86": "11685.5", "PWD_P87": "12382.0", "PWD_P88": "13241.4", "PWD_P89": "14231.2", "PWD_P90": "15367.8", "PWD_P91": "16691.3", "PWD_P92": "18386.1", "PWD_P93": "20679.5", "PWD_P94": "23614.0", "PWD_P95": "27190.8", "PWD_P96": "31258.1", "PWD_P97": "36493.3", "PWD_P98": "44252.5", "PWD_P99": "55984.5", "PWD_P100": "99714.1" }, "geometry": { "type": "Point", "coordinates": [ -6.585577011108398, 33.159652709960938 ] } },
{ "type": "Feature", "id": 139, "properties": { "lon": 36.058765411376953, "lat": -18.258325576782227, "year": "2000", "ISO": "MOZ", "ISO_No": "508", "Name": "Mozambique", "PWC_Lat": "-18.2583255767822", "PWC_Lon": "36.058765411377", "Pop": "17711924", "Density": "22.8", "Area": "775586.4", "PWD_A": "1036.4", "PWD_G": "105.4", "PWD_M": "67.9", "PWD_P1": "2.1", "PWD_P2": "3.3", "PWD_P3": "4.4", "PWD_P4": "5.4", "PWD_P5": "6.4", "PWD_P6": "7.3", "PWD_P7": "8.3", "PWD_P8": "9.1", "PWD_P9": "10.0", "PWD_P10": "10.9", "PWD_P11": "11.8", "PWD_P12": "12.8", "PWD_P13": "13.7", "PWD_P14": "14.7", "PWD_P15": "15.6", "PWD_P16": "16.6", "PWD_P17": "17.7", "PWD_P18": "18.7", "PWD_P19": "19.7", "PWD_P20": "20.8", "PWD_P21": "21.9", "PWD_P22": "23.0", "PWD_P23": "24.1", "PWD_P24": "25.3", "PWD_P25": "26.5", "PWD_P26": "27.7", "PWD_P27": "28.9", "PWD_P28": "30.2", "PWD_P29": "31.5", "PWD_P30": "32.9", "PWD_P31": "34.2", "PWD_P32": "35.6", "PWD_P33": "37.0", "PWD_P34": "38.5", "PWD_P35": "40.0", "PWD_P36": "41.5", "PWD_P37": "43.1", "PWD_P38": "44.6", "PWD_P39": "46.3", "PWD_P40": "47.9", "PWD_P41": "49.7", "PWD_P42": "51.4", "PWD_P43": "53.3", "PWD_P44": "55.2", "PWD_P45": "57.1", "PWD_P46": "59.0", "PWD_P47": "61.1", "PWD_P48": "63.3", "PWD_P49": "65.5", "PWD_P50": "67.9", "PWD_P51": "70.4", "PWD_P52": "73.0", "PWD_P53": "75.7", "PWD_P54": "78.6", "PWD_P55": "81.6", "PWD_P56": "84.9", "PWD_P57": "88.4", "PWD_P58": "92.1", "PWD_P59": "96.0", "PWD_P60": "100.3", "PWD_P61": "104.9", "PWD_P62": "109.8", "PWD_P63": "115.4", "PWD_P64": "121.5", "PWD_P65": "128.6", "PWD_P66": "136.8", "PWD_P67": "145.9", "PWD_P68": "156.4", "PWD_P69": "167.8", "PWD_P70": "181.0", "PWD_P71": "196.0", "PWD_P72": "213.7", "PWD_P73": "235.0", "PWD_P74": "261.3", "PWD_P75": "295.2", "PWD_P76": "342.3", "PWD_P77": "403.3", "PWD_P78": "481.2", "PWD_P79": "568.9", "PWD_P80": "673.8", "PWD_P81": "798.4", "PWD_P82": "937.8", "PWD_P83": "1117.1", "PWD_P84": "1311.1", "PWD_P85": "1512.4", "PWD_P86": "1763.4", "PWD_P87": "2047.5", "PWD_P88": "2372.7", "PWD_P89": "2724.9", "PWD_P90": "3103.4", "PWD_P91": "3634.1", "PWD_P92": "4260.4", "PWD_P93": "4881.0", "PWD_P94": "5646.3", "PWD_P95": "6358.5", "PWD_P96": "7104.3", "PWD_P97": "7930.3", "PWD_P98": "10704.9", "PWD_P99": "15768.4", "PWD_P100": "30288.5" }, "geometry": { "type": "Point", "coordinates": [ 36.058765411376953, -18.258325576782227 ] } },
{ "type": "Feature", "id": 140, "properties": { "lon": 57.406307220458984, "lat": 22.824499130249023, "year": "2000", "ISO": "OMN", "ISO_No": "512", "Name": "Oman", "PWC_Lat": "22.824499130249", "PWC_Lon": "57.406307220459", "Pop": "2267972", "Density": "7.3", "Area": "310188.1", "PWD_A": "386.2", "PWD_G": "119.3", "PWD_M": "181.3", "PWD_P1": "0.5", "PWD_P2": "1.2", "PWD_P3": "2.1", "PWD_P4": "3.0", "PWD_P5": "4.0", "PWD_P6": "4.9", "PWD_P7": "5.8", "PWD_P8": "6.7", "PWD_P9": "7.7", "PWD_P10": "8.6", "PWD_P11": "9.6", "PWD_P12": "10.7", "PWD_P13": "11.9", "PWD_P14": "13.2", "PWD_P15": "14.5", "PWD_P16": "15.9", "PWD_P17": "17.4", "PWD_P18": "19.1", "PWD_P19": "20.9", "PWD_P20": "22.7", "PWD_P21": "24.5", "PWD_P22": "26.5", "PWD_P23": "28.7", "PWD_P24": "31.0", "PWD_P25": "33.7", "PWD_P26": "36.3", "PWD_P27": "39.0", "PWD_P28": "42.0", "PWD_P29": "45.3", "PWD_P30": "48.9", "PWD_P31": "52.6", "PWD_P32": "56.5", "PWD_P33": "60.8", "PWD_P34": "65.7", "PWD_P35": "70.7", "PWD_P36": "75.7", "PWD_P37": "81.1", "PWD_P38": "86.5", "PWD_P39": "92.8", "PWD_P40": "99.7", "PWD_P41": "106.6", "PWD_P42": "113.7", "PWD_P43": "120.6", "PWD_P44": "127.7", "PWD_P45": "135.2", "PWD_P46": "143.9", "PWD_P47": "153.3", "PWD_P48": "161.9", "PWD_P49": "171.4", "PWD_P50": "181.3", "PWD_P51": "191.2", "PWD_P52": "200.8", "PWD_P53": "210.6", "PWD_P54": "221.3", "PWD_P55": "232.3", "PWD_P56": "243.3", "PWD_P57": "253.0", "PWD_P58": "262.2", "PWD_P59": "270.6", "PWD_P60": "280.3", "PWD_P61": "290.7", "PWD_P62": "303.2", "PWD_P63": "316.4", "PWD_P64": "328.6", "PWD_P65": "340.6", "PWD_P66": "350.5", "PWD_P67": "359.5", "PWD_P68": "369.7", "PWD_P69": "384.5", "PWD_P70": "399.2", "PWD_P71": "415.1", "PWD_P72": "430.4", "PWD_P73": "445.8", "PWD_P74": "462.3", "PWD_P75": "475.0", "PWD_P76": "486.5", "PWD_P77": "499.1", "PWD_P78": "517.6", "PWD_P79": "550.0", "PWD_P80": "580.1", "PWD_P81": "607.9", "PWD_P82": "635.3", "PWD_P83": "655.8", "PWD_P84": "681.7", "PWD_P85": "724.8", "PWD_P86": "772.1", "PWD_P87": "860.3", "PWD_P88": "937.7", "PWD_P89": "975.3", "PWD_P90": "1004.8", "PWD_P91": "1208.6", "PWD_P92": "1461.5", "PWD_P93": "1522.7", "PWD_P94": "1800.0", "PWD_P95": "1981.4", "PWD_P96": "2047.4", "PWD_P97": "2072.6", "PWD_P98": "2092.0", "PWD_P99": "2122.5", "PWD_P100": "2278.2" }, "geometry": { "type": "Point", "coordinates": [ 57.406307220458984, 22.824499130249023 ] } },
{ "type": "Feature", "id": 141, "properties": { "lon": 17.099815368652344, "lat": -19.7200927734375, "year": "2000", "ISO": "NAM", "ISO_No": "516", "Name": "Namibia", "PWC_Lat": "-19.7200927734375", "PWC_Lon": "17.0998153686523", "Pop": "1794582", "Density": "2.2", "Area": "821229.5", "PWD_A": "1999.2", "PWD_G": "148.0", "PWD_M": "88.8", "PWD_P1": "0.2", "PWD_P2": "0.4", "PWD_P3": "0.6", "PWD_P4": "0.9", "PWD_P5": "1.3", "PWD_P6": "1.8", "PWD_P7": "2.3", "PWD_P8": "2.9", "PWD_P9": "3.6", "PWD_P10": "4.3", "PWD_P11": "5.1", "PWD_P12": "6.0", "PWD_P13": "7.0", "PWD_P14": "8.1", "PWD_P15": "9.3", "PWD_P16": "10.7", "PWD_P17": "12.1", "PWD_P18": "13.6", "PWD_P19": "15.2", "PWD_P20": "16.8", "PWD_P21": "18.4", "PWD_P22": "19.9", "PWD_P23": "21.5", "PWD_P24": "23.1", "PWD_P25": "24.7", "PWD_P26": "26.3", "PWD_P27": "27.9", "PWD_P28": "29.7", "PWD_P29": "31.4", "PWD_P30": "33.2", "PWD_P31": "35.2", "PWD_P32": "37.2", "PWD_P33": "39.4", "PWD_P34": "41.6", "PWD_P35": "43.9", "PWD_P36": "46.2", "PWD_P37": "48.5", "PWD_P38": "50.9", "PWD_P39": "53.4", "PWD_P40": "55.9", "PWD_P41": "58.5", "PWD_P42": "61.1", "PWD_P43": "63.8", "PWD_P44": "66.7", "PWD_P45": "69.6", "PWD_P46": "72.7", "PWD_P47": "76.0", "PWD_P48": "79.8", "PWD_P49": "84.0", "PWD_P50": "88.8", "PWD_P51": "94.3", "PWD_P52": "100.6", "PWD_P53": "107.9", "PWD_P54": "116.8", "PWD_P55": "127.0", "PWD_P56": "139.6", "PWD_P57": "155.2", "PWD_P58": "174.1", "PWD_P59": "198.0", "PWD_P60": "228.5", "PWD_P61": "269.7", "PWD_P62": "323.5", "PWD_P63": "388.2", "PWD_P64": "468.5", "PWD_P65": "563.7", "PWD_P66": "669.3", "PWD_P67": "793.4", "PWD_P68": "924.3", "PWD_P69": "1069.0", "PWD_P70": "1218.5", "PWD_P71": "1362.9", "PWD_P72": "1530.5", "PWD_P73": "1706.2", "PWD_P74": "1890.7", "PWD_P75": "2077.2", "PWD_P76": "2275.6", "PWD_P77": "2491.8", "PWD_P78": "2729.9", "PWD_P79": "2976.2", "PWD_P80": "3246.0", "PWD_P81": "3499.3", "PWD_P82": "3802.1", "PWD_P83": "4112.5", "PWD_P84": "4440.2", "PWD_P85": "4780.9", "PWD_P86": "5127.8", "PWD_P87": "5497.7", "PWD_P88": "5878.3", "PWD_P89": "6332.2", "PWD_P90": "6868.0", "PWD_P91": "7407.7", "PWD_P92": "7950.1", "PWD_P93": "8607.6", "PWD_P94": "9429.1", "PWD_P95": "10364.5", "PWD_P96": "11552.2", "PWD_P97": "13205.8", "PWD_P98": "15174.8", "PWD_P99": "18574.7", "PWD_P100": "52077.0" }, "geometry": { "type": "Point", "coordinates": [ 17.099815368652344, -19.7200927734375 ] } },
{ "type": "Feature", "id": 142, "properties": { "lon": 166.90133666992188, "lat": -0.52887064218521118, "year": "2000", "ISO": "NRU", "ISO_No": "520", "Name": "Nauru", "PWC_Lat": "-0.528870642185211", "PWC_Lon": "166.901336669922", "Pop": "10334", "Density": "444.5", "Area": "23.2", "PWD_A": "1295.2", "PWD_G": "762.8", "PWD_M": "622.5", "PWD_P1": "74.6", "PWD_P2": "91.5", "PWD_P3": "139.4", "PWD_P4": "167.8", "PWD_P5": "182.3", "PWD_P6": "187.3", "PWD_P7": "192.6", "PWD_P8": "205.0", "PWD_P9": "209.6", "PWD_P10": "218.8", "PWD_P11": "223.1", "PWD_P12": "225.0", "PWD_P13": "226.4", "PWD_P14": "227.5", "PWD_P15": "228.3", "PWD_P16": "230.6", "PWD_P17": "232.5", "PWD_P18": "234.2", "PWD_P19": "236.0", "PWD_P20": "275.7", "PWD_P21": "292.7", "PWD_P22": "300.0", "PWD_P23": "305.9", "PWD_P24": "312.4", "PWD_P25": "318.8", "PWD_P26": "358.2", "PWD_P27": "372.9", "PWD_P28": "387.3", "PWD_P29": "399.7", "PWD_P30": "414.8", "PWD_P31": "420.4", "PWD_P32": "431.3", "PWD_P33": "440.5", "PWD_P34": "449.6", "PWD_P35": "457.9", "PWD_P36": "468.3", "PWD_P37": "475.7", "PWD_P38": "485.4", "PWD_P39": "492.2", "PWD_P40": "497.3", "PWD_P41": "501.8", "PWD_P42": "507.7", "PWD_P43": "516.6", "PWD_P44": "540.2", "PWD_P45": "557.3", "PWD_P46": "573.5", "PWD_P47": "581.9", "PWD_P48": "597.6", "PWD_P49": "607.4", "PWD_P50": "622.5", "PWD_P51": "638.4", "PWD_P52": "649.1", "PWD_P53": "659.7", "PWD_P54": "685.7", "PWD_P55": "724.0", "PWD_P56": "823.1", "PWD_P57": "858.4", "PWD_P58": "893.5", "PWD_P59": "967.4", "PWD_P60": "997.5", "PWD_P61": "1050.4", "PWD_P62": "1113.7", "PWD_P63": "1145.1", "PWD_P64": "1185.9", "PWD_P65": "1240.9", "PWD_P66": "1364.9", "PWD_P67": "1408.0", "PWD_P68": "1447.9", "PWD_P69": "1454.7", "PWD_P70": "1468.7", "PWD_P71": "1483.0", "PWD_P72": "1498.5", "PWD_P73": "1509.9", "PWD_P74": "1568.8", "PWD_P75": "1814.0", "PWD_P76": "1916.0", "PWD_P77": "2608.3", "PWD_P78": "2728.3", "PWD_P79": "2819.5", "PWD_P80": "2947.3", "PWD_P81": "3041.2", "PWD_P82": "3101.8", "PWD_P83": "3152.5", "PWD_P84": "3204.1", "PWD_P85": "3216.9", "PWD_P86": "3232.6", "PWD_P87": "3271.5", "PWD_P88": "3344.0", "PWD_P89": "3363.8", "PWD_P90": "3710.7", "PWD_P91": "3726.9", "PWD_P92": "3790.3", "PWD_P93": "3843.7", "PWD_P94": "3848.9", "PWD_P95": "3882.0", "PWD_P96": "3926.3", "PWD_P97": "4021.7", "PWD_P98": "4059.0", "PWD_P99": "4154.0", "PWD_P100": "4179.2" }, "geometry": { "type": "Point", "coordinates": [ 166.901336669921875, -0.528870642185211 ] } },
{ "type": "Feature", "id": 143, "properties": { "lon": 84.539329528808594, "lat": 27.712625503540039, "year": "2000", "ISO": "NPL", "ISO_No": "524", "Name": "Nepal", "PWC_Lat": "27.71262550354", "PWC_Lon": "84.5393295288086", "Pop": "23941098", "Density": "162.2", "Area": "147641.2", "PWD_A": "1052.0", "PWD_G": "438.5", "PWD_M": "412.9", "PWD_P1": "21.4", "PWD_P2": "35.3", "PWD_P3": "47.0", "PWD_P4": "56.9", "PWD_P5": "65.8", "PWD_P6": "74.0", "PWD_P7": "81.6", "PWD_P8": "88.7", "PWD_P9": "95.5", "PWD_P10": "102.0", "PWD_P11": "108.5", "PWD_P12": "114.8", "PWD_P13": "121.1", "PWD_P14": "127.2", "PWD_P15": "133.3", "PWD_P16": "139.4", "PWD_P17": "145.4", "PWD_P18": "151.3", "PWD_P19": "157.2", "PWD_P20": "163.0", "PWD_P21": "168.9", "PWD_P22": "174.8", "PWD_P23": "180.7", "PWD_P24": "186.8", "PWD_P25": "193.0", "PWD_P26": "199.2", "PWD_P27": "205.6", "PWD_P28": "212.1", "PWD_P29": "218.8", "PWD_P30": "225.6", "PWD_P31": "232.6", "PWD_P32": "239.9", "PWD_P33": "247.5", "PWD_P34": "255.3", "PWD_P35": "263.3", "PWD_P36": "271.6", "PWD_P37": "279.9", "PWD_P38": "288.4", "PWD_P39": "297.0", "PWD_P40": "305.8", "PWD_P41": "315.0", "PWD_P42": "324.4", "PWD_P43": "334.2", "PWD_P44": "344.2", "PWD_P45": "354.6", "PWD_P46": "365.3", "PWD_P47": "376.5", "PWD_P48": "388.2", "PWD_P49": "400.4", "PWD_P50": "412.9", "PWD_P51": "425.7", "PWD_P52": "438.8", "PWD_P53": "452.0", "PWD_P54": "465.9", "PWD_P55": "480.2", "PWD_P56": "494.7", "PWD_P57": "509.4", "PWD_P58": "524.8", "PWD_P59": "540.6", "PWD_P60": "556.8", "PWD_P61": "573.6", "PWD_P62": "591.2", "PWD_P63": "609.6", "PWD_P64": "628.6", "PWD_P65": "648.8", "PWD_P66": "670.4", "PWD_P67": "693.1", "PWD_P68": "716.3", "PWD_P69": "740.1", "PWD_P70": "765.3", "PWD_P71": "792.6", "PWD_P72": "821.4", "PWD_P73": "851.3", "PWD_P74": "882.3", "PWD_P75": "915.0", "PWD_P76": "950.2", "PWD_P77": "988.3", "PWD_P78": "1029.0", "PWD_P79": "1071.0", "PWD_P80": "1117.2", "PWD_P81": "1166.5", "PWD_P82": "1222.5", "PWD_P83": "1287.8", "PWD_P84": "1362.9", "PWD_P85": "1450.6", "PWD_P86": "1550.0", "PWD_P87": "1675.3", "PWD_P88": "1826.9", "PWD_P89": "2005.6", "PWD_P90": "2233.2", "PWD_P91": "2527.5", "PWD_P92": "2907.0", "PWD_P93": "3360.5", "PWD_P94": "3918.3", "PWD_P95": "4570.1", "PWD_P96": "5402.4", "PWD_P97": "6439.5", "PWD_P98": "8227.6", "PWD_P99": "11601.9", "PWD_P100": "27947.6" }, "geometry": { "type": "Point", "coordinates": [ 84.539329528808594, 27.712625503540039 ] } },
{ "type": "Feature", "id": 144, "properties": { "lon": 5.3054509162902832, "lat": 52.083660125732422, "year": "2000", "ISO": "NLD", "ISO_No": "528", "Name": "Netherlands", "PWC_Lat": "52.0836601257324", "PWC_Lon": "5.30545091629028", "Pop": "15926187", "Density": "461.3", "Area": "34525.3", "PWD_A": "1937.2", "PWD_G": "1082.4", "PWD_M": "1340.5", "PWD_P1": "52.2", "PWD_P2": "67.3", "PWD_P3": "81.0", "PWD_P4": "94.2", "PWD_P5": "107.4", "PWD_P6": "121.0", "PWD_P7": "134.7", "PWD_P8": "148.8", "PWD_P9": "163.3", "PWD_P10": "178.1", "PWD_P11": "193.2", "PWD_P12": "208.7", "PWD_P13": "224.8", "PWD_P14": "241.4", "PWD_P15": "258.7", "PWD_P16": "276.5", "PWD_P17": "294.8", "PWD_P18": "313.6", "PWD_P19": "333.0", "PWD_P20": "352.8", "PWD_P21": "373.3", "PWD_P22": "394.3", "PWD_P23": "415.8", "PWD_P24": "437.8", "PWD_P25": "460.4", "PWD_P26": "483.4", "PWD_P27": "507.3", "PWD_P28": "531.7", "PWD_P29": "557.4", "PWD_P30": "583.6", "PWD_P31": "610.9", "PWD_P32": "638.6", "PWD_P33": "667.8", "PWD_P34": "698.0", "PWD_P35": "729.9", "PWD_P36": "763.2", "PWD_P37": "797.6", "PWD_P38": "832.9", "PWD_P39": "869.3", "PWD_P40": "906.9", "PWD_P41": "945.5", "PWD_P42": "985.0", "PWD_P43": "1025.7", "PWD_P44": "1067.4", "PWD_P45": "1110.6", "PWD_P46": "1154.8", "PWD_P47": "1200.0", "PWD_P48": "1246.3", "PWD_P49": "1293.0", "PWD_P50": "1340.5", "PWD_P51": "1389.1", "PWD_P52": "1439.9", "PWD_P53": "1490.9", "PWD_P54": "1544.0", "PWD_P55": "1599.3", "PWD_P56": "1655.3", "PWD_P57": "1711.6", "PWD_P58": "1769.3", "PWD_P59": "1826.9", "PWD_P60": "1884.4", "PWD_P61": "1940.5", "PWD_P62": "1996.4", "PWD_P63": "2053.6", "PWD_P64": "2113.4", "PWD_P65": "2177.6", "PWD_P66": "2244.0", "PWD_P67": "2313.5", "PWD_P68": "2382.8", "PWD_P69": "2452.4", "PWD_P70": "2522.3", "PWD_P71": "2595.3", "PWD_P72": "2673.4", "PWD_P73": "2754.8", "PWD_P74": "2832.7", "PWD_P75": "2907.7", "PWD_P76": "2983.9", "PWD_P77": "3063.0", "PWD_P78": "3146.1", "PWD_P79": "3237.5", "PWD_P80": "3334.7", "PWD_P81": "3434.6", "PWD_P82": "3533.6", "PWD_P83": "3639.3", "PWD_P84": "3754.5", "PWD_P85": "3871.7", "PWD_P86": "3994.7", "PWD_P87": "4151.9", "PWD_P88": "4301.7", "PWD_P89": "4466.3", "PWD_P90": "4663.7", "PWD_P91": "4848.6", "PWD_P92": "5059.6", "PWD_P93": "5279.9", "PWD_P94": "5606.1", "PWD_P95": "6045.9", "PWD_P96": "6435.0", "PWD_P97": "6714.7", "PWD_P98": "7066.3", "PWD_P99": "7321.4", "PWD_P100": "8369.0" }, "geometry": { "type": "Point", "coordinates": [ 5.305450916290283, 52.083660125732422 ] } },
{ "type": "Feature", "id": 145, "properties": { "lon": -68.924705505371094, "lat": 12.146552085876465, "year": "2000", "ISO": "CUW", "ISO_No": "531", "Name": "Curacao", "PWC_Lat": "12.1465520858765", "PWC_Lon": "-68.9247055053711", "Pop": "132146", "Density": "293.6", "Area": "450.1", "PWD_A": "1334.8", "PWD_G": "919.6", "PWD_M": "1150.9", "PWD_P1": "21.7", "PWD_P2": "40.5", "PWD_P3": "63.2", "PWD_P4": "88.3", "PWD_P5": "114.7", "PWD_P6": "142.4", "PWD_P7": "166.7", "PWD_P8": "184.9", "PWD_P9": "201.6", "PWD_P10": "218.5", "PWD_P11": "243.2", "PWD_P12": "272.7", "PWD_P13": "300.6", "PWD_P14": "328.6", "PWD_P15": "358.5", "PWD_P16": "391.0", "PWD_P17": "420.3", "PWD_P18": "450.2", "PWD_P19": "485.6", "PWD_P20": "518.6", "PWD_P21": "557.5", "PWD_P22": "594.0", "PWD_P23": "625.1", "PWD_P24": "651.5", "PWD_P25": "678.7", "PWD_P26": "709.1", "PWD_P27": "733.4", "PWD_P28": "759.0", "PWD_P29": "784.9", "PWD_P30": "809.3", "PWD_P31": "829.7", "PWD_P32": "849.3", "PWD_P33": "867.9", "PWD_P34": "889.1", "PWD_P35": "904.6", "PWD_P36": "922.2", "PWD_P37": "938.0", "PWD_P38": "952.8", "PWD_P39": "969.2", "PWD_P40": "985.2", "PWD_P41": "1002.2", "PWD_P42": "1017.8", "PWD_P43": "1035.4", "PWD_P44": "1049.5", "PWD_P45": "1065.8", "PWD_P46": "1084.0", "PWD_P47": "1099.4", "PWD_P48": "1115.5", "PWD_P49": "1131.4", "PWD_P50": "1150.9", "PWD_P51": "1167.9", "PWD_P52": "1188.6", "PWD_P53": "1211.4", "PWD_P54": "1228.4", "PWD_P55": "1248.2", "PWD_P56": "1265.4", "PWD_P57": "1285.1", "PWD_P58": "1305.5", "PWD_P59": "1325.3", "PWD_P60": "1343.8", "PWD_P61": "1361.7", "PWD_P62": "1379.8", "PWD_P63": "1400.9", "PWD_P64": "1420.7", "PWD_P65": "1440.5", "PWD_P66": "1456.4", "PWD_P67": "1475.4", "PWD_P68": "1497.0", "PWD_P69": "1521.8", "PWD_P70": "1543.7", "PWD_P71": "1571.6", "PWD_P72": "1598.9", "PWD_P73": "1629.4", "PWD_P74": "1654.8", "PWD_P75": "1690.9", "PWD_P76": "1734.9", "PWD_P77": "1780.9", "PWD_P78": "1818.2", "PWD_P79": "1857.2", "PWD_P80": "1899.4", "PWD_P81": "1938.7", "PWD_P82": "1977.9", "PWD_P83": "2015.5", "PWD_P84": "2058.7", "PWD_P85": "2110.0", "PWD_P86": "2165.9", "PWD_P87": "2213.7", "PWD_P88": "2263.1", "PWD_P89": "2327.7", "PWD_P90": "2401.3", "PWD_P91": "2508.5", "PWD_P92": "2667.4", "PWD_P93": "2758.7", "PWD_P94": "2860.2", "PWD_P95": "3109.3", "PWD_P96": "3485.9", "PWD_P97": "4151.6", "PWD_P98": "5286.6", "PWD_P99": "6019.4", "PWD_P100": "6523.2" }, "geometry": { "type": "Point", "coordinates": [ -68.924705505371094, 12.146552085876465 ] } },
{ "type": "Feature", "id": 146, "properties": { "lon": -69.988502502441406, "lat": 12.507260322570801, "year": "2000", "ISO": "ABW", "ISO_No": "533", "Name": "Aruba", "PWC_Lat": "12.5072603225708", "PWC_Lon": "-69.9885025024414", "Pop": "90865", "Density": "485.4", "Area": "187.2", "PWD_A": "1633.9", "PWD_G": "1108.0", "PWD_M": "1146.6", "PWD_P1": "113.1", "PWD_P2": "166.7", "PWD_P3": "203.2", "PWD_P4": "228.7", "PWD_P5": "247.3", "PWD_P6": "264.8", "PWD_P7": "281.3", "PWD_P8": "300.2", "PWD_P9": "316.8", "PWD_P10": "337.1", "PWD_P11": "357.7", "PWD_P12": "374.4", "PWD_P13": "394.1", "PWD_P14": "413.8", "PWD_P15": "431.7", "PWD_P16": "450.4", "PWD_P17": "470.9", "PWD_P18": "491.4", "PWD_P19": "508.7", "PWD_P20": "529.4", "PWD_P21": "550.0", "PWD_P22": "569.3", "PWD_P23": "586.1", "PWD_P24": "603.9", "PWD_P25": "621.9", "PWD_P26": "636.7", "PWD_P27": "655.0", "PWD_P28": "672.2", "PWD_P29": "691.2", "PWD_P30": "709.2", "PWD_P31": "729.4", "PWD_P32": "753.8", "PWD_P33": "771.6", "PWD_P34": "794.5", "PWD_P35": "818.7", "PWD_P36": "838.3", "PWD_P37": "857.3", "PWD_P38": "876.1", "PWD_P39": "895.8", "PWD_P40": "913.8", "PWD_P41": "938.4", "PWD_P42": "958.2", "PWD_P43": "978.9", "PWD_P44": "999.1", "PWD_P45": "1019.8", "PWD_P46": "1047.9", "PWD_P47": "1069.4", "PWD_P48": "1094.8", "PWD_P49": "1122.6", "PWD_P50": "1146.6", "PWD_P51": "1172.7", "PWD_P52": "1200.0", "PWD_P53": "1228.5", "PWD_P54": "1258.3", "PWD_P55": "1288.2", "PWD_P56": "1307.9", "PWD_P57": "1331.9", "PWD_P58": "1354.6", "PWD_P59": "1378.4", "PWD_P60": "1400.9", "PWD_P61": "1428.9", "PWD_P62": "1450.7", "PWD_P63": "1474.7", "PWD_P64": "1501.7", "PWD_P65": "1533.0", "PWD_P66": "1557.6", "PWD_P67": "1584.3", "PWD_P68": "1614.6", "PWD_P69": "1650.8", "PWD_P70": "1689.2", "PWD_P71": "1727.3", "PWD_P72": "1776.0", "PWD_P73": "1832.4", "PWD_P74": "1899.9", "PWD_P75": "1952.6", "PWD_P76": "2014.2", "PWD_P77": "2113.6", "PWD_P78": "2254.0", "PWD_P79": "2360.7", "PWD_P80": "2467.9", "PWD_P81": "2563.1", "PWD_P82": "2661.8", "PWD_P83": "2747.2", "PWD_P84": "2832.6", "PWD_P85": "2929.6", "PWD_P86": "3025.8", "PWD_P87": "3126.9", "PWD_P88": "3263.9", "PWD_P89": "3411.4", "PWD_P90": "3650.0", "PWD_P91": "3893.5", "PWD_P92": "4124.6", "PWD_P93": "4317.4", "PWD_P94": "4522.9", "PWD_P95": "4710.5", "PWD_P96": "5010.7", "PWD_P97": "5460.4", "PWD_P98": "6915.6", "PWD_P99": "8065.9", "PWD_P100": "11294.4" }, "geometry": { "type": "Point", "coordinates": [ -69.988502502441406, 12.507260322570801 ] } },
{ "type": "Feature", "id": 147, "properties": { "lon": -63.059371948242188, "lat": 18.040925979614258, "year": "2000", "ISO": "SXM", "ISO_No": "534", "Name": "Sint Maarten (Dutch part)", "PWC_Lat": "18.0409259796143", "PWC_Lon": "-63.0593719482422", "Pop": "32563", "Density": "877.8", "Area": "37.1", "PWD_A": "1256.8", "PWD_G": "1093.3", "PWD_M": "1285.8", "PWD_P1": "176.4", "PWD_P2": "259.3", "PWD_P3": "319.2", "PWD_P4": "344.7", "PWD_P5": "386.7", "PWD_P6": "419.1", "PWD_P7": "441.8", "PWD_P8": "457.8", "PWD_P9": "467.7", "PWD_P10": "478.6", "PWD_P11": "487.8", "PWD_P12": "496.0", "PWD_P13": "503.0", "PWD_P14": "510.7", "PWD_P15": "518.4", "PWD_P16": "528.1", "PWD_P17": "538.5", "PWD_P18": "555.2", "PWD_P19": "568.6", "PWD_P20": "581.4", "PWD_P21": "601.3", "PWD_P22": "618.4", "PWD_P23": "642.3", "PWD_P24": "677.5", "PWD_P25": "743.8", "PWD_P26": "815.5", "PWD_P27": "866.5", "PWD_P28": "892.9", "PWD_P29": "923.2", "PWD_P30": "957.6", "PWD_P31": "998.5", "PWD_P32": "1025.7", "PWD_P33": "1058.3", "PWD_P34": "1086.2", "PWD_P35": "1109.6", "PWD_P36": "1130.0", "PWD_P37": "1144.2", "PWD_P38": "1165.3", "PWD_P39": "1184.4", "PWD_P40": "1199.8", "PWD_P41": "1211.1", "PWD_P42": "1221.1", "PWD_P43": "1232.3", "PWD_P44": "1240.5", "PWD_P45": "1246.7", "PWD_P46": "1251.1", "PWD_P47": "1258.0", "PWD_P48": "1265.0", "PWD_P49": "1274.6", "PWD_P50": "1285.8", "PWD_P51": "1302.2", "PWD_P52": "1316.3", "PWD_P53": "1331.5", "PWD_P54": "1347.9", "PWD_P55": "1362.9", "PWD_P56": "1384.3", "PWD_P57": "1405.4", "PWD_P58": "1422.2", "PWD_P59": "1445.8", "PWD_P60": "1463.3", "PWD_P61": "1477.8", "PWD_P62": "1496.3", "PWD_P63": "1514.5", "PWD_P64": "1527.6", "PWD_P65": "1543.9", "PWD_P66": "1558.1", "PWD_P67": "1572.5", "PWD_P68": "1584.6", "PWD_P69": "1599.9", "PWD_P70": "1610.8", "PWD_P71": "1625.2", "PWD_P72": "1637.7", "PWD_P73": "1654.9", "PWD_P74": "1665.5", "PWD_P75": "1676.2", "PWD_P76": "1692.6", "PWD_P77": "1701.6", "PWD_P78": "1714.3", "PWD_P79": "1728.7", "PWD_P80": "1738.7", "PWD_P81": "1749.4", "PWD_P82": "1755.7", "PWD_P83": "1767.2", "PWD_P84": "1779.1", "PWD_P85": "1792.2", "PWD_P86": "1803.7", "PWD_P87": "1816.9", "PWD_P88": "1833.2", "PWD_P89": "1851.0", "PWD_P90": "1869.3", "PWD_P91": "1898.6", "PWD_P92": "1962.3", "PWD_P93": "2019.9", "PWD_P94": "2133.5", "PWD_P95": "2210.7", "PWD_P96": "2267.4", "PWD_P97": "2347.8", "PWD_P98": "2405.7", "PWD_P99": "2556.1", "PWD_P100": "2698.9" }, "geometry": { "type": "Point", "coordinates": [ -63.059371948242188, 18.040925979614258 ] } },
{ "type": "Feature", "id": 148, "properties": { "lon": -66.968086242675781, "lat": 13.527543067932129, "year": "2000", "ISO": "BES", "ISO_No": "535", "Name": "Bonaire, Sint Eustatius and Saba", "PWC_Lat": "13.5275430679321", "PWC_Lon": "-66.9680862426758", "Pop": "14387", "Density": "43.4", "Area": "331.2", "PWD_A": "136.4", "PWD_G": "88.6", "PWD_M": "107.9", "PWD_P1": "4.3", "PWD_P2": "5.8", "PWD_P3": "6.8", "PWD_P4": "8.8", "PWD_P5": "10.7", "PWD_P6": "12.9", "PWD_P7": "14.2", "PWD_P8": "15.5", "PWD_P9": "17.5", "PWD_P10": "19.4", "PWD_P11": "20.7", "PWD_P12": "22.2", "PWD_P13": "23.8", "PWD_P14": "25.5", "PWD_P15": "27.1", "PWD_P16": "28.4", "PWD_P17": "30.0", "PWD_P18": "31.7", "PWD_P19": "33.5", "PWD_P20": "35.5", "PWD_P21": "37.5", "PWD_P22": "39.8", "PWD_P23": "41.8", "PWD_P24": "43.2", "PWD_P25": "45.1", "PWD_P26": "47.0", "PWD_P27": "49.2", "PWD_P28": "52.1", "PWD_P29": "55.0", "PWD_P30": "57.3", "PWD_P31": "59.4", "PWD_P32": "61.5", "PWD_P33": "63.2", "PWD_P34": "65.3", "PWD_P35": "68.1", "PWD_P36": "71.1", "PWD_P37": "74.0", "PWD_P38": "76.8", "PWD_P39": "79.8", "PWD_P40": "82.2", "PWD_P41": "85.0", "PWD_P42": "87.6", "PWD_P43": "90.2", "PWD_P44": "92.4", "PWD_P45": "94.5", "PWD_P46": "97.1", "PWD_P47": "99.5", "PWD_P48": "102.4", "PWD_P49": "105.0", "PWD_P50": "107.9", "PWD_P51": "111.6", "PWD_P52": "115.1", "PWD_P53": "118.7", "PWD_P54": "122.3", "PWD_P55": "125.7", "PWD_P56": "129.3", "PWD_P57": "132.8", "PWD_P58": "136.7", "PWD_P59": "140.6", "PWD_P60": "144.3", "PWD_P61": "147.6", "PWD_P62": "150.6", "PWD_P63": "154.0", "PWD_P64": "159.2", "PWD_P65": "163.1", "PWD_P66": "166.9", "PWD_P67": "170.9", "PWD_P68": "174.4", "PWD_P69": "178.5", "PWD_P70": "182.2", "PWD_P71": "187.6", "PWD_P72": "191.4", "PWD_P73": "195.2", "PWD_P74": "199.1", "PWD_P75": "204.6", "PWD_P76": "210.7", "PWD_P77": "217.4", "PWD_P78": "222.6", "PWD_P79": "227.7", "PWD_P80": "234.1", "PWD_P81": "244.9", "PWD_P82": "253.8", "PWD_P83": "262.2", "PWD_P84": "268.9", "PWD_P85": "278.3", "PWD_P86": "285.6", "PWD_P87": "294.4", "PWD_P88": "299.0", "PWD_P89": "304.5", "PWD_P90": "311.7", "PWD_P91": "317.9", "PWD_P92": "323.6", "PWD_P93": "330.4", "PWD_P94": "340.3", "PWD_P95": "346.9", "PWD_P96": "352.1", "PWD_P97": "358.2", "PWD_P98": "364.8", "PWD_P99": "370.7", "PWD_P100": "384.3" }, "geometry": { "type": "Point", "coordinates": [ -66.968086242675781, 13.527543067932129 ] } },
{ "type": "Feature", "id": 149, "properties": { "lon": 166.27803039550781, "lat": -21.810049057006836, "year": "2000", "ISO": "NCL", "ISO_No": "540", "Name": "New Caledonia", "PWC_Lat": "-21.8100490570068", "PWC_Lon": "166.278030395508", "Pop": "217263", "Density": "11.4", "Area": "19016.5", "PWD_A": "671.6", "PWD_G": "107.1", "PWD_M": "83.3", "PWD_P1": "0.9", "PWD_P2": "1.4", "PWD_P3": "1.8", "PWD_P4": "2.1", "PWD_P5": "2.5", "PWD_P6": "2.8", "PWD_P7": "3.1", "PWD_P8": "3.5", "PWD_P9": "3.9", "PWD_P10": "4.3", "PWD_P11": "4.7", "PWD_P12": "5.3", "PWD_P13": "5.8", "PWD_P14": "6.3", "PWD_P15": "6.6", "PWD_P16": "7.0", "PWD_P17": "7.5", "PWD_P18": "8.0", "PWD_P19": "8.5", "PWD_P20": "9.1", "PWD_P21": "9.6", "PWD_P22": "10.2", "PWD_P23": "10.8", "PWD_P24": "11.4", "PWD_P25": "12.1", "PWD_P26": "12.7", "PWD_P27": "13.5", "PWD_P28": "14.3", "PWD_P29": "15.2", "PWD_P30": "16.2", "PWD_P31": "17.4", "PWD_P32": "18.8", "PWD_P33": "20.2", "PWD_P34": "21.7", "PWD_P35": "23.4", "PWD_P36": "25.2", "PWD_P37": "27.2", "PWD_P38": "29.2", "PWD_P39": "31.4", "PWD_P40": "33.6", "PWD_P41": "36.2", "PWD_P42": "39.1", "PWD_P43": "42.2", "PWD_P44": "45.7", "PWD_P45": "49.7", "PWD_P46": "54.3", "PWD_P47": "59.5", "PWD_P48": "66.2", "PWD_P49": "73.9", "PWD_P50": "83.3", "PWD_P51": "96.5", "PWD_P52": "112.9", "PWD_P53": "139.8", "PWD_P54": "168.6", "PWD_P55": "198.4", "PWD_P56": "224.1", "PWD_P57": "253.5", "PWD_P58": "291.6", "PWD_P59": "329.7", "PWD_P60": "386.8", "PWD_P61": "462.6", "PWD_P62": "734.0", "PWD_P63": "852.2", "PWD_P64": "966.3", "PWD_P65": "1074.8", "PWD_P66": "1175.9", "PWD_P67": "1255.3", "PWD_P68": "1320.3", "PWD_P69": "1363.4", "PWD_P70": "1401.2", "PWD_P71": "1434.3", "PWD_P72": "1460.7", "PWD_P73": "1485.4", "PWD_P74": "1504.4", "PWD_P75": "1524.1", "PWD_P76": "1544.1", "PWD_P77": "1563.0", "PWD_P78": "1579.9", "PWD_P79": "1597.0", "PWD_P80": "1613.7", "PWD_P81": "1631.4", "PWD_P82": "1648.5", "PWD_P83": "1666.7", "PWD_P84": "1687.3", "PWD_P85": "1706.7", "PWD_P86": "1728.9", "PWD_P87": "1759.5", "PWD_P88": "1783.3", "PWD_P89": "1808.6", "PWD_P90": "1843.0", "PWD_P91": "1877.6", "PWD_P92": "1921.5", "PWD_P93": "1966.7", "PWD_P94": "2026.3", "PWD_P95": "2110.9", "PWD_P96": "2186.9", "PWD_P97": "2291.8", "PWD_P98": "2378.6", "PWD_P99": "2529.2", "PWD_P100": "3195.4" }, "geometry": { "type": "Point", "coordinates": [ 166.278030395507812, -21.810049057006836 ] } },
{ "type": "Feature", "id": 150, "properties": { "lon": 168.04450988769531, "lat": -16.782245635986328, "year": "2000", "ISO": "VUT", "ISO_No": "548", "Name": "Vanuatu", "PWC_Lat": "-16.7822456359863", "PWC_Lon": "168.044509887695", "Pop": "184964", "Density": "14.7", "Area": "12552.5", "PWD_A": "692.3", "PWD_G": "99.8", "PWD_M": "87.2", "PWD_P1": "1.0", "PWD_P2": "1.7", "PWD_P3": "2.3", "PWD_P4": "2.8", "PWD_P5": "3.5", "PWD_P6": "4.2", "PWD_P7": "4.9", "PWD_P8": "5.6", "PWD_P9": "6.4", "PWD_P10": "7.2", "PWD_P11": "8.1", "PWD_P12": "9.0", "PWD_P13": "9.9", "PWD_P14": "10.9", "PWD_P15": "12.0", "PWD_P16": "13.0", "PWD_P17": "14.1", "PWD_P18": "15.2", "PWD_P19": "16.4", "PWD_P20": "17.7", "PWD_P21": "19.1", "PWD_P22": "20.5", "PWD_P23": "22.0", "PWD_P24": "23.5", "PWD_P25": "25.0", "PWD_P26": "26.5", "PWD_P27": "28.1", "PWD_P28": "29.8", "PWD_P29": "31.6", "PWD_P30": "33.5", "PWD_P31": "35.4", "PWD_P32": "37.4", "PWD_P33": "39.6", "PWD_P34": "41.8", "PWD_P35": "43.9", "PWD_P36": "46.2", "PWD_P37": "48.5", "PWD_P38": "50.9", "PWD_P39": "53.3", "PWD_P40": "55.7", "PWD_P41": "58.4", "PWD_P42": "61.0", "PWD_P43": "63.9", "PWD_P44": "66.8", "PWD_P45": "69.9", "PWD_P46": "73.1", "PWD_P47": "76.3", "PWD_P48": "79.7", "PWD_P49": "83.3", "PWD_P50": "87.2", "PWD_P51": "91.1", "PWD_P52": "95.2", "PWD_P53": "99.4", "PWD_P54": "103.7", "PWD_P55": "108.4", "PWD_P56": "113.0", "PWD_P57": "118.1", "PWD_P58": "123.5", "PWD_P59": "129.5", "PWD_P60": "135.9", "PWD_P61": "143.4", "PWD_P62": "152.5", "PWD_P63": "162.4", "PWD_P64": "174.0", "PWD_P65": "185.3", "PWD_P66": "196.6", "PWD_P67": "208.6", "PWD_P68": "220.4", "PWD_P69": "233.6", "PWD_P70": "248.7", "PWD_P71": "266.3", "PWD_P72": "289.0", "PWD_P73": "313.1", "PWD_P74": "343.1", "PWD_P75": "378.5", "PWD_P76": "424.1", "PWD_P77": "477.7", "PWD_P78": "537.1", "PWD_P79": "596.4", "PWD_P80": "652.4", "PWD_P81": "709.4", "PWD_P82": "785.0", "PWD_P83": "868.4", "PWD_P84": "965.4", "PWD_P85": "1102.7", "PWD_P86": "1248.4", "PWD_P87": "1432.4", "PWD_P88": "1646.3", "PWD_P89": "1875.0", "PWD_P90": "2169.4", "PWD_P91": "2441.3", "PWD_P92": "2777.8", "PWD_P93": "3103.8", "PWD_P94": "3476.9", "PWD_P95": "4044.9", "PWD_P96": "4618.1", "PWD_P97": "5282.4", "PWD_P98": "6369.0", "PWD_P99": "8260.7", "PWD_P100": "18801.0" }, "geometry": { "type": "Point", "coordinates": [ 168.044509887695312, -16.782245635986328 ] } },
{ "type": "Feature", "id": 151, "properties": { "lon": 174.2648, "lat": -39.5525, "year": "2000", "ISO": "NZL", "ISO_No": "554", "Name": "New Zealand", "PWC_Lat": "-39.5525", "PWC_Lon": "174.2648", "Pop": "3858992", "Density": "14.1", "Area": "273188.6", "PWD_A": "2597.2", "PWD_G": "1082.0", "PWD_M": "2225.4", "PWD_P1": "1.2", "PWD_P2": "2.8", "PWD_P3": "4.9", "PWD_P4": "7.7", "PWD_P5": "11.2", "PWD_P6": "16.0", "PWD_P7": "22.0", "PWD_P8": "29.7", "PWD_P9": "39.4", "PWD_P10": "51.4", "PWD_P11": "66.6", "PWD_P12": "85.5", "PWD_P13": "109.1", "PWD_P14": "138.1", "PWD_P15": "174.3", "PWD_P16": "218.7", "PWD_P17": "269.6", "PWD_P18": "327.7", "PWD_P19": "390.9", "PWD_P20": "455.9", "PWD_P21": "525.1", "PWD_P22": "594.3", "PWD_P23": "666.5", "PWD_P24": "739.0", "PWD_P25": "812.7", "PWD_P26": "883.6", "PWD_P27": "954.9", "PWD_P28": "1024.9", "PWD_P29": "1095.2", "PWD_P30": "1166.0", "PWD_P31": "1234.7", "PWD_P32": "1301.5", "PWD_P33": "1363.6", "PWD_P34": "1423.9", "PWD_P35": "1482.6", "PWD_P36": "1542.7", "PWD_P37": "1598.4", "PWD_P38": "1651.4", "PWD_P39": "1704.7", "PWD_P40": "1756.0", "PWD_P41": "1805.7", "PWD_P42": "1855.3", "PWD_P43": "1904.3", "PWD_P44": "1951.4", "PWD_P45": "1999.3", "PWD_P46": "2046.5", "PWD_P47": "2092.3", "PWD_P48": "2136.3", "PWD_P49": "2180.9", "PWD_P50": "2225.4", "PWD_P51": "2269.7", "PWD_P52": "2312.2", "PWD_P53": "2356.7", "PWD_P54": "2400.9", "PWD_P55": "2446.0", "PWD_P56": "2491.3", "PWD_P57": "2534.9", "PWD_P58": "2579.3", "PWD_P59": "2621.0", "PWD_P60": "2662.4", "PWD_P61": "2705.9", "PWD_P62": "2749.0", "PWD_P63": "2793.9", "PWD_P64": "2835.7", "PWD_P65": "2880.4", "PWD_P66": "2927.3", "PWD_P67": "2972.2", "PWD_P68": "3014.9", "PWD_P69": "3064.6", "PWD_P70": "3112.0", "PWD_P71": "3159.2", "PWD_P72": "3209.0", "PWD_P73": "3260.0", "PWD_P74": "3311.4", "PWD_P75": "3364.9", "PWD_P76": "3416.7", "PWD_P77": "3473.2", "PWD_P78": "3529.7", "PWD_P79": "3587.3", "PWD_P80": "3650.4", "PWD_P81": "3716.0", "PWD_P82": "3785.4", "PWD_P83": "3862.4", "PWD_P84": "3943.7", "PWD_P85": "4033.2", "PWD_P86": "4127.9", "PWD_P87": "4227.4", "PWD_P88": "4335.3", "PWD_P89": "4459.7", "PWD_P90": "4597.3", "PWD_P91": "4765.6", "PWD_P92": "4965.3", "PWD_P93": "5176.7", "PWD_P94": "5448.1", "PWD_P95": "5824.1", "PWD_P96": "6327.3", "PWD_P97": "7079.2", "PWD_P98": "8699.2", "PWD_P99": "13251.8", "PWD_P100": "89776.5" }, "geometry": { "type": "Point", "coordinates": [ 174.2648, -39.5525 ] } },
{ "type": "Feature", "id": 152, "properties": { "lon": -85.971633911132812, "lat": 12.531392097473145, "year": "2000", "ISO": "NIC", "ISO_No": "558", "Name": "Nicaragua", "PWC_Lat": "12.5313920974731", "PWC_Lon": "-85.9716339111328", "Pop": "5069309", "Density": "42.6", "Area": "119136.3", "PWD_A": "1080.9", "PWD_G": "222.2", "PWD_M": "216.2", "PWD_P1": "4.2", "PWD_P2": "5.8", "PWD_P3": "7.5", "PWD_P4": "9.1", "PWD_P5": "10.6", "PWD_P6": "11.9", "PWD_P7": "13.1", "PWD_P8": "14.3", "PWD_P9": "15.5", "PWD_P10": "16.7", "PWD_P11": "18.0", "PWD_P12": "19.4", "PWD_P13": "20.7", "PWD_P14": "22.1", "PWD_P15": "23.4", "PWD_P16": "24.8", "PWD_P17": "26.2", "PWD_P18": "27.7", "PWD_P19": "29.2", "PWD_P20": "30.8", "PWD_P21": "32.3", "PWD_P22": "34.0", "PWD_P23": "35.9", "PWD_P24": "37.9", "PWD_P25": "39.9", "PWD_P26": "41.9", "PWD_P27": "43.9", "PWD_P28": "45.9", "PWD_P29": "48.2", "PWD_P30": "50.6", "PWD_P31": "53.2", "PWD_P32": "56.0", "PWD_P33": "59.1", "PWD_P34": "62.6", "PWD_P35": "66.9", "PWD_P36": "71.9", "PWD_P37": "77.8", "PWD_P38": "84.5", "PWD_P39": "92.5", "PWD_P40": "101.2", "PWD_P41": "111.4", "PWD_P42": "122.6", "PWD_P43": "133.6", "PWD_P44": "144.6", "PWD_P45": "155.9", "PWD_P46": "167.5", "PWD_P47": "179.1", "PWD_P48": "190.6", "PWD_P49": "203.0", "PWD_P50": "216.2", "PWD_P51": "230.6", "PWD_P52": "245.4", "PWD_P53": "261.8", "PWD_P54": "278.2", "PWD_P55": "296.3", "PWD_P56": "313.9", "PWD_P57": "334.3", "PWD_P58": "355.4", "PWD_P59": "379.6", "PWD_P60": "402.5", "PWD_P61": "428.2", "PWD_P62": "457.9", "PWD_P63": "483.6", "PWD_P64": "516.1", "PWD_P65": "551.6", "PWD_P66": "596.0", "PWD_P67": "649.3", "PWD_P68": "702.8", "PWD_P69": "758.6", "PWD_P70": "824.9", "PWD_P71": "901.4", "PWD_P72": "972.2", "PWD_P73": "1072.0", "PWD_P74": "1158.7", "PWD_P75": "1277.1", "PWD_P76": "1395.7", "PWD_P77": "1500.8", "PWD_P78": "1603.4", "PWD_P79": "1726.8", "PWD_P80": "1886.9", "PWD_P81": "2198.7", "PWD_P82": "2353.4", "PWD_P83": "2582.5", "PWD_P84": "3202.6", "PWD_P85": "3689.4", "PWD_P86": "4075.1", "PWD_P87": "4306.9", "PWD_P88": "4432.4", "PWD_P89": "4501.1", "PWD_P90": "4564.3", "PWD_P91": "4633.6", "PWD_P92": "4700.6", "PWD_P93": "4751.4", "PWD_P94": "4817.0", "PWD_P95": "4867.1", "PWD_P96": "4919.8", "PWD_P97": "4979.7", "PWD_P98": "5034.1", "PWD_P99": "5109.7", "PWD_P100": "5667.4" }, "geometry": { "type": "Point", "coordinates": [ -85.971633911132812, 12.531392097473145 ] } },
{ "type": "Feature", "id": 153, "properties": { "lon": 5.753319263458252, "lat": 13.923441886901855, "year": "2000", "ISO": "NER", "ISO_No": "562", "Name": "Niger", "PWC_Lat": "13.9234418869019", "PWC_Lon": "5.75331926345825", "Pop": "11331560", "Density": "9.5", "Area": "1187186.1", "PWD_A": "337.3", "PWD_G": "75.0", "PWD_M": "68.1", "PWD_P1": "0.8", "PWD_P2": "2.3", "PWD_P3": "3.7", "PWD_P4": "4.9", "PWD_P5": "6.0", "PWD_P6": "7.1", "PWD_P7": "8.2", "PWD_P8": "9.3", "PWD_P9": "10.3", "PWD_P10": "11.4", "PWD_P11": "12.5", "PWD_P12": "13.7", "PWD_P13": "14.8", "PWD_P14": "16.0", "PWD_P15": "17.1", "PWD_P16": "18.1", "PWD_P17": "19.2", "PWD_P18": "20.2", "PWD_P19": "21.3", "PWD_P20": "22.4", "PWD_P21": "23.4", "PWD_P22": "24.5", "PWD_P23": "25.7", "PWD_P24": "26.9", "PWD_P25": "28.1", "PWD_P26": "29.3", "PWD_P27": "30.5", "PWD_P28": "31.8", "PWD_P29": "33.1", "PWD_P30": "34.4", "PWD_P31": "35.6", "PWD_P32": "36.8", "PWD_P33": "38.0", "PWD_P34": "39.2", "PWD_P35": "40.5", "PWD_P36": "41.8", "PWD_P37": "43.2", "PWD_P38": "44.6", "PWD_P39": "46.1", "PWD_P40": "47.7", "PWD_P41": "49.4", "PWD_P42": "51.2", "PWD_P43": "53.2", "PWD_P44": "55.3", "PWD_P45": "57.3", "PWD_P46": "59.4", "PWD_P47": "61.5", "PWD_P48": "63.6", "PWD_P49": "65.9", "PWD_P50": "68.1", "PWD_P51": "70.3", "PWD_P52": "72.4", "PWD_P53": "74.8", "PWD_P54": "77.3", "PWD_P55": "79.8", "PWD_P56": "82.6", "PWD_P57": "85.4", "PWD_P58": "88.4", "PWD_P59": "91.7", "PWD_P60": "95.2", "PWD_P61": "98.9", "PWD_P62": "102.9", "PWD_P63": "107.0", "PWD_P64": "111.3", "PWD_P65": "115.8", "PWD_P66": "120.3", "PWD_P67": "124.9", "PWD_P68": "129.7", "PWD_P69": "134.3", "PWD_P70": "139.4", "PWD_P71": "145.0", "PWD_P72": "150.8", "PWD_P73": "157.8", "PWD_P74": "165.3", "PWD_P75": "172.2", "PWD_P76": "179.7", "PWD_P77": "188.9", "PWD_P78": "198.8", "PWD_P79": "209.4", "PWD_P80": "222.8", "PWD_P81": "236.6", "PWD_P82": "250.0", "PWD_P83": "267.6", "PWD_P84": "294.2", "PWD_P85": "323.6", "PWD_P86": "357.5", "PWD_P87": "410.9", "PWD_P88": "471.2", "PWD_P89": "571.3", "PWD_P90": "729.9", "PWD_P91": "1174.4", "PWD_P92": "1657.2", "PWD_P93": "2057.9", "PWD_P94": "2488.4", "PWD_P95": "2694.4", "PWD_P96": "2886.8", "PWD_P97": "2996.4", "PWD_P98": "3099.4", "PWD_P99": "3434.7", "PWD_P100": "4474.7" }, "geometry": { "type": "Point", "coordinates": [ 5.753319263458252, 13.923441886901855 ] } },
{ "type": "Feature", "id": 154, "properties": { "lon": 7.2224020957946777, "lat": 8.6347074508666992, "year": "2000", "ISO": "NGA", "ISO_No": "566", "Name": "Nigeria", "PWC_Lat": "8.6347074508667", "PWC_Lon": "7.22240209579468", "Pop": "122283852", "Density": "135.0", "Area": "905669.4", "PWD_A": "2246.1", "PWD_G": "448.5", "PWD_M": "366.1", "PWD_P1": "15.0", "PWD_P2": "19.7", "PWD_P3": "24.1", "PWD_P4": "28.2", "PWD_P5": "32.4", "PWD_P6": "36.6", "PWD_P7": "40.8", "PWD_P8": "45.1", "PWD_P9": "49.3", "PWD_P10": "53.5", "PWD_P11": "57.8", "PWD_P12": "62.1", "PWD_P13": "66.4", "PWD_P14": "70.9", "PWD_P15": "75.4", "PWD_P16": "80.0", "PWD_P17": "84.6", "PWD_P18": "89.3", "PWD_P19": "94.0", "PWD_P20": "98.7", "PWD_P21": "103.7", "PWD_P22": "108.8", "PWD_P23": "114.0", "PWD_P24": "119.4", "PWD_P25": "124.8", "PWD_P26": "130.4", "PWD_P27": "136.2", "PWD_P28": "142.2", "PWD_P29": "148.4", "PWD_P30": "154.9", "PWD_P31": "161.8", "PWD_P32": "168.8", "PWD_P33": "176.2", "PWD_P34": "183.9", "PWD_P35": "191.9", "PWD_P36": "200.1", "PWD_P37": "208.8", "PWD_P38": "217.8", "PWD_P39": "227.2", "PWD_P40": "237.0", "PWD_P41": "247.2", "PWD_P42": "257.9", "PWD_P43": "269.2", "PWD_P44": "281.0", "PWD_P45": "293.5", "PWD_P46": "306.6", "PWD_P47": "320.6", "PWD_P48": "335.1", "PWD_P49": "350.3", "PWD_P50": "366.1", "PWD_P51": "383.0", "PWD_P52": "400.9", "PWD_P53": "419.9", "PWD_P54": "439.9", "PWD_P55": "461.7", "PWD_P56": "485.3", "PWD_P57": "510.5", "PWD_P58": "537.3", "PWD_P59": "565.8", "PWD_P60": "596.6", "PWD_P61": "629.9", "PWD_P62": "665.8", "PWD_P63": "704.9", "PWD_P64": "747.4", "PWD_P65": "793.8", "PWD_P66": "843.9", "PWD_P67": "896.9", "PWD_P68": "953.6", "PWD_P69": "1013.8", "PWD_P70": "1077.8", "PWD_P71": "1146.6", "PWD_P72": "1220.3", "PWD_P73": "1299.8", "PWD_P74": "1385.9", "PWD_P75": "1478.2", "PWD_P76": "1577.9", "PWD_P77": "1684.0", "PWD_P78": "1799.5", "PWD_P79": "1924.2", "PWD_P80": "2060.9", "PWD_P81": "2205.9", "PWD_P82": "2362.7", "PWD_P83": "2541.8", "PWD_P84": "2754.4", "PWD_P85": "2997.2", "PWD_P86": "3282.5", "PWD_P87": "3608.1", "PWD_P88": "4034.4", "PWD_P89": "4563.1", "PWD_P90": "5196.9", "PWD_P91": "6002.0", "PWD_P92": "7006.3", "PWD_P93": "8266.3", "PWD_P94": "9892.4", "PWD_P95": "11944.3", "PWD_P96": "14427.4", "PWD_P97": "17235.7", "PWD_P98": "22090.2", "PWD_P99": "30373.5", "PWD_P100": "69222.7" }, "geometry": { "type": "Point", "coordinates": [ 7.222402095794678, 8.634707450866699 ] } },
{ "type": "Feature", "id": 155, "properties": { "lon": -169.8714599609375, "lat": -19.060092926025391, "year": "2000", "ISO": "NIU", "ISO_No": "570", "Name": "Niue", "PWC_Lat": "-19.0600929260254", "PWC_Lon": "-169.871459960938", "Pop": "1902", "Density": "7.0", "Area": "271.4", "PWD_A": "15.9", "PWD_G": "10.8", "PWD_M": "11.0", "PWD_P1": "1.1", "PWD_P2": "1.7", "PWD_P3": "2.1", "PWD_P4": "2.3", "PWD_P5": "2.5", "PWD_P6": "2.7", "PWD_P7": "2.8", "PWD_P8": "3.0", "PWD_P9": "3.1", "PWD_P10": "3.3", "PWD_P11": "3.4", "PWD_P12": "3.5", "PWD_P13": "3.7", "PWD_P14": "3.8", "PWD_P15": "3.9", "PWD_P16": "4.1", "PWD_P17": "4.2", "PWD_P18": "4.4", "PWD_P19": "4.5", "PWD_P20": "4.6", "PWD_P21": "4.8", "PWD_P22": "5.0", "PWD_P23": "5.2", "PWD_P24": "5.4", "PWD_P25": "5.5", "PWD_P26": "5.7", "PWD_P27": "5.9", "PWD_P28": "6.1", "PWD_P29": "6.3", "PWD_P30": "6.5", "PWD_P31": "6.7", "PWD_P32": "6.8", "PWD_P33": "7.0", "PWD_P34": "7.2", "PWD_P35": "7.5", "PWD_P36": "7.6", "PWD_P37": "7.8", "PWD_P38": "8.0", "PWD_P39": "8.3", "PWD_P40": "8.5", "PWD_P41": "8.8", "PWD_P42": "9.0", "PWD_P43": "9.2", "PWD_P44": "9.5", "PWD_P45": "9.7", "PWD_P46": "9.9", "PWD_P47": "10.2", "PWD_P48": "10.4", "PWD_P49": "10.7", "PWD_P50": "11.0", "PWD_P51": "11.3", "PWD_P52": "11.5", "PWD_P53": "11.8", "PWD_P54": "12.1", "PWD_P55": "12.4", "PWD_P56": "12.7", "PWD_P57": "13.0", "PWD_P58": "13.3", "PWD_P59": "13.5", "PWD_P60": "13.9", "PWD_P61": "14.3", "PWD_P62": "14.8", "PWD_P63": "15.3", "PWD_P64": "15.7", "PWD_P65": "16.1", "PWD_P66": "16.6", "PWD_P67": "17.1", "PWD_P68": "17.7", "PWD_P69": "18.2", "PWD_P70": "18.8", "PWD_P71": "19.5", "PWD_P72": "20.2", "PWD_P73": "20.7", "PWD_P74": "21.3", "PWD_P75": "21.8", "PWD_P76": "22.5", "PWD_P77": "23.1", "PWD_P78": "23.9", "PWD_P79": "24.9", "PWD_P80": "26.3", "PWD_P81": "27.8", "PWD_P82": "28.7", "PWD_P83": "29.9", "PWD_P84": "30.9", "PWD_P85": "31.9", "PWD_P86": "32.7", "PWD_P87": "33.6", "PWD_P88": "34.8", "PWD_P89": "35.9", "PWD_P90": "36.9", "PWD_P91": "38.1", "PWD_P92": "39.5", "PWD_P93": "40.6", "PWD_P94": "42.1", "PWD_P95": "44.0", "PWD_P96": "46.4", "PWD_P97": "48.4", "PWD_P98": "53.0", "PWD_P99": "63.8", "PWD_P100": "83.6" }, "geometry": { "type": "Point", "coordinates": [ -169.8714599609375, -19.060092926025391 ] } },
{ "type": "Feature", "id": 156, "properties": { "lon": 9.9697580337524414, "lat": 61.168502807617188, "year": "2000", "ISO": "NOR", "ISO_No": "578", "Name": "Norway", "PWC_Lat": "61.1685028076172", "PWC_Lon": "9.96975803375244", "Pop": "4499375", "Density": "14.3", "Area": "313631.3", "PWD_A": "483.5", "PWD_G": "132.5", "PWD_M": "173.7", "PWD_P1": "0.8", "PWD_P2": "1.3", "PWD_P3": "1.9", "PWD_P4": "2.5", "PWD_P5": "3.3", "PWD_P6": "4.2", "PWD_P7": "5.1", "PWD_P8": "6.2", "PWD_P9": "7.3", "PWD_P10": "8.5", "PWD_P11": "9.8", "PWD_P12": "11.1", "PWD_P13": "12.7", "PWD_P14": "14.3", "PWD_P15": "15.9", "PWD_P16": "17.6", "PWD_P17": "19.4", "PWD_P18": "21.2", "PWD_P19": "23.0", "PWD_P20": "25.0", "PWD_P21": "26.9", "PWD_P22": "29.0", "PWD_P23": "31.3", "PWD_P24": "33.6", "PWD_P25": "36.0", "PWD_P26": "38.6", "PWD_P27": "41.3", "PWD_P28": "44.1", "PWD_P29": "47.1", "PWD_P30": "50.3", "PWD_P31": "53.7", "PWD_P32": "57.5", "PWD_P33": "61.5", "PWD_P34": "65.8", "PWD_P35": "70.5", "PWD_P36": "75.4", "PWD_P37": "80.6", "PWD_P38": "86.1", "PWD_P39": "92.1", "PWD_P40": "98.4", "PWD_P41": "104.9", "PWD_P42": "111.5", "PWD_P43": "118.3", "PWD_P44": "125.5", "PWD_P45": "133.0", "PWD_P46": "140.5", "PWD_P47": "148.1", "PWD_P48": "156.2", "PWD_P49": "164.7", "PWD_P50": "173.7", "PWD_P51": "183.3", "PWD_P52": "193.3", "PWD_P53": "203.7", "PWD_P54": "214.4", "PWD_P55": "225.5", "PWD_P56": "237.1", "PWD_P57": "249.7", "PWD_P58": "263.3", "PWD_P59": "277.2", "PWD_P60": "291.5", "PWD_P61": "306.5", "PWD_P62": "322.2", "PWD_P63": "338.5", "PWD_P64": "355.8", "PWD_P65": "373.9", "PWD_P66": "393.8", "PWD_P67": "415.0", "PWD_P68": "436.2", "PWD_P69": "458.0", "PWD_P70": "480.0", "PWD_P71": "503.5", "PWD_P72": "529.1", "PWD_P73": "555.2", "PWD_P74": "580.6", "PWD_P75": "605.3", "PWD_P76": "631.0", "PWD_P77": "659.7", "PWD_P78": "689.6", "PWD_P79": "720.7", "PWD_P80": "753.4", "PWD_P81": "790.7", "PWD_P82": "838.2", "PWD_P83": "889.4", "PWD_P84": "940.9", "PWD_P85": "987.1", "PWD_P86": "1038.2", "PWD_P87": "1100.5", "PWD_P88": "1189.3", "PWD_P89": "1353.9", "PWD_P90": "1557.2", "PWD_P91": "1770.3", "PWD_P92": "1951.3", "PWD_P93": "2112.1", "PWD_P94": "2290.7", "PWD_P95": "2450.6", "PWD_P96": "2534.5", "PWD_P97": "2595.7", "PWD_P98": "2655.7", "PWD_P99": "2723.9", "PWD_P100": "3082.6" }, "geometry": { "type": "Point", "coordinates": [ 9.969758033752441, 61.168502807617188 ] } },
{ "type": "Feature", "id": 157, "properties": { "lon": 145.71755981445312, "lat": 15.111620903015137, "year": "2000", "ISO": "MNP", "ISO_No": "580", "Name": "Northern Mariana Islands", "PWC_Lat": "15.1116209030151", "PWC_Lon": "145.717559814453", "Pop": "57452", "Density": "108.7", "Area": "528.6", "PWD_A": "1648.2", "PWD_G": "991.7", "PWD_M": "1175.3", "PWD_P1": "26.5", "PWD_P2": "53.1", "PWD_P3": "76.6", "PWD_P4": "97.0", "PWD_P5": "116.1", "PWD_P6": "134.5", "PWD_P7": "158.1", "PWD_P8": "174.3", "PWD_P9": "194.3", "PWD_P10": "212.4", "PWD_P11": "232.2", "PWD_P12": "251.9", "PWD_P13": "274.6", "PWD_P14": "301.5", "PWD_P15": "323.1", "PWD_P16": "344.4", "PWD_P17": "366.5", "PWD_P18": "388.9", "PWD_P19": "408.7", "PWD_P20": "428.0", "PWD_P21": "447.8", "PWD_P22": "466.4", "PWD_P23": "484.0", "PWD_P24": "502.5", "PWD_P25": "520.2", "PWD_P26": "543.1", "PWD_P27": "566.0", "PWD_P28": "590.3", "PWD_P29": "619.8", "PWD_P30": "649.1", "PWD_P31": "676.2", "PWD_P32": "708.6", "PWD_P33": "737.8", "PWD_P34": "764.1", "PWD_P35": "792.9", "PWD_P36": "818.8", "PWD_P37": "845.1", "PWD_P38": "869.6", "PWD_P39": "891.1", "PWD_P40": "912.4", "PWD_P41": "936.4", "PWD_P42": "968.0", "PWD_P43": "995.1", "PWD_P44": "1022.1", "PWD_P45": "1044.0", "PWD_P46": "1068.5", "PWD_P47": "1098.3", "PWD_P48": "1126.0", "PWD_P49": "1149.0", "PWD_P50": "1175.3", "PWD_P51": "1208.3", "PWD_P52": "1237.3", "PWD_P53": "1271.7", "PWD_P54": "1304.7", "PWD_P55": "1339.0", "PWD_P56": "1391.4", "PWD_P57": "1434.4", "PWD_P58": "1469.4", "PWD_P59": "1506.4", "PWD_P60": "1545.6", "PWD_P61": "1578.7", "PWD_P62": "1623.2", "PWD_P63": "1657.8", "PWD_P64": "1707.8", "PWD_P65": "1752.2", "PWD_P66": "1791.2", "PWD_P67": "1841.6", "PWD_P68": "1874.0", "PWD_P69": "1926.5", "PWD_P70": "1969.6", "PWD_P71": "2009.3", "PWD_P72": "2060.9", "PWD_P73": "2119.6", "PWD_P74": "2193.7", "PWD_P75": "2250.7", "PWD_P76": "2325.6", "PWD_P77": "2380.2", "PWD_P78": "2447.1", "PWD_P79": "2510.8", "PWD_P80": "2600.0", "PWD_P81": "2687.3", "PWD_P82": "2776.5", "PWD_P83": "2858.5", "PWD_P84": "2947.9", "PWD_P85": "3028.4", "PWD_P86": "3095.2", "PWD_P87": "3210.0", "PWD_P88": "3321.1", "PWD_P89": "3402.4", "PWD_P90": "3531.9", "PWD_P91": "3665.4", "PWD_P92": "3780.1", "PWD_P93": "3864.9", "PWD_P94": "3975.7", "PWD_P95": "4198.4", "PWD_P96": "4466.0", "PWD_P97": "4902.6", "PWD_P98": "5620.1", "PWD_P99": "11003.9", "PWD_P100": "13623.6" }, "geometry": { "type": "Point", "coordinates": [ 145.717559814453125, 15.111620903015137 ] } },
{ "type": "Feature", "id": 158, "properties": { "lon": 153.43260192871094, "lat": 7.1574063301086426, "year": "2000", "ISO": "FSM", "ISO_No": "583", "Name": "Micronesia", "PWC_Lat": "7.15740633010864", "PWC_Lon": "153.432601928711", "Pop": "107404", "Density": "125.3", "Area": "856.9", "PWD_A": "782.7", "PWD_G": "306.4", "PWD_M": "306.2", "PWD_P1": "15.5", "PWD_P2": "22.0", "PWD_P3": "26.6", "PWD_P4": "30.8", "PWD_P5": "34.9", "PWD_P6": "39.1", "PWD_P7": "43.2", "PWD_P8": "46.7", "PWD_P9": "50.5", "PWD_P10": "53.8", "PWD_P11": "57.7", "PWD_P12": "61.8", "PWD_P13": "66.1", "PWD_P14": "70.5", "PWD_P15": "75.1", "PWD_P16": "79.6", "PWD_P17": "84.4", "PWD_P18": "89.7", "PWD_P19": "95.4", "PWD_P20": "101.3", "PWD_P21": "106.7", "PWD_P22": "112.1", "PWD_P23": "117.9", "PWD_P24": "123.4", "PWD_P25": "128.2", "PWD_P26": "134.1", "PWD_P27": "139.7", "PWD_P28": "145.3", "PWD_P29": "150.8", "PWD_P30": "157.3", "PWD_P31": "163.4", "PWD_P32": "169.2", "PWD_P33": "174.6", "PWD_P34": "179.8", "PWD_P35": "185.3", "PWD_P36": "191.6", "PWD_P37": "197.9", "PWD_P38": "204.7", "PWD_P39": "212.3", "PWD_P40": "219.2", "PWD_P41": "225.8", "PWD_P42": "232.7", "PWD_P43": "241.0", "PWD_P44": "249.4", "PWD_P45": "259.0", "PWD_P46": "268.4", "PWD_P47": "277.7", "PWD_P48": "286.8", "PWD_P49": "296.7", "PWD_P50": "306.2", "PWD_P51": "316.3", "PWD_P52": "327.1", "PWD_P53": "337.7", "PWD_P54": "347.8", "PWD_P55": "358.7", "PWD_P56": "370.6", "PWD_P57": "381.7", "PWD_P58": "393.0", "PWD_P59": "403.5", "PWD_P60": "415.9", "PWD_P61": "426.1", "PWD_P62": "437.7", "PWD_P63": "449.9", "PWD_P64": "461.9", "PWD_P65": "474.6", "PWD_P66": "489.0", "PWD_P67": "504.9", "PWD_P68": "519.0", "PWD_P69": "536.5", "PWD_P70": "553.4", "PWD_P71": "573.8", "PWD_P72": "596.1", "PWD_P73": "618.7", "PWD_P74": "638.5", "PWD_P75": "662.5", "PWD_P76": "690.3", "PWD_P77": "723.4", "PWD_P78": "756.5", "PWD_P79": "791.5", "PWD_P80": "830.6", "PWD_P81": "872.3", "PWD_P82": "927.4", "PWD_P83": "992.2", "PWD_P84": "1062.3", "PWD_P85": "1141.1", "PWD_P86": "1228.2", "PWD_P87": "1343.9", "PWD_P88": "1484.4", "PWD_P89": "1642.8", "PWD_P90": "1851.5", "PWD_P91": "2142.8", "PWD_P92": "2457.6", "PWD_P93": "2891.1", "PWD_P94": "3277.9", "PWD_P95": "3654.3", "PWD_P96": "4107.1", "PWD_P97": "4753.7", "PWD_P98": "5610.6", "PWD_P99": "8258.7", "PWD_P100": "13955.4" }, "geometry": { "type": "Point", "coordinates": [ 153.432601928710938, 7.157406330108643 ] } },
{ "type": "Feature", "id": 159, "properties": { "lon": 169.81515502929688, "lat": 7.7246074676513672, "year": "2000", "ISO": "MHL", "ISO_No": "584", "Name": "Marshall Islands", "PWC_Lat": "7.72460746765137", "PWC_Lon": "169.815155029297", "Pop": "50753", "Density": "113.5", "Area": "447.3", "PWD_A": "536.1", "PWD_G": "294.7", "PWD_M": "464.2", "PWD_P1": "22.8", "PWD_P2": "26.5", "PWD_P3": "30.4", "PWD_P4": "37.7", "PWD_P5": "40.2", "PWD_P6": "41.9", "PWD_P7": "43.5", "PWD_P8": "45.5", "PWD_P9": "47.5", "PWD_P10": "49.3", "PWD_P11": "51.4", "PWD_P12": "53.9", "PWD_P13": "58.9", "PWD_P14": "61.6", "PWD_P15": "63.6", "PWD_P16": "65.3", "PWD_P17": "67.1", "PWD_P18": "69.4", "PWD_P19": "71.6", "PWD_P20": "74.1", "PWD_P21": "76.8", "PWD_P22": "79.2", "PWD_P23": "81.7", "PWD_P24": "84.5", "PWD_P25": "88.3", "PWD_P26": "93.4", "PWD_P27": "98.8", "PWD_P28": "103.7", "PWD_P29": "116.7", "PWD_P30": "160.1", "PWD_P31": "176.9", "PWD_P32": "182.6", "PWD_P33": "186.6", "PWD_P34": "190.0", "PWD_P35": "193.4", "PWD_P36": "196.1", "PWD_P37": "199.4", "PWD_P38": "205.1", "PWD_P39": "209.7", "PWD_P40": "213.9", "PWD_P41": "217.9", "PWD_P42": "222.0", "PWD_P43": "229.5", "PWD_P44": "244.8", "PWD_P45": "260.1", "PWD_P46": "284.9", "PWD_P47": "420.8", "PWD_P48": "442.2", "PWD_P49": "453.4", "PWD_P50": "464.2", "PWD_P51": "479.4", "PWD_P52": "492.1", "PWD_P53": "513.2", "PWD_P54": "528.5", "PWD_P55": "544.5", "PWD_P56": "554.1", "PWD_P57": "562.5", "PWD_P58": "571.6", "PWD_P59": "579.7", "PWD_P60": "587.0", "PWD_P61": "593.7", "PWD_P62": "601.7", "PWD_P63": "612.4", "PWD_P64": "622.0", "PWD_P65": "631.8", "PWD_P66": "641.6", "PWD_P67": "650.4", "PWD_P68": "657.6", "PWD_P69": "663.4", "PWD_P70": "672.2", "PWD_P71": "682.1", "PWD_P72": "689.5", "PWD_P73": "697.9", "PWD_P74": "709.3", "PWD_P75": "723.0", "PWD_P76": "739.8", "PWD_P77": "752.3", "PWD_P78": "766.3", "PWD_P79": "780.8", "PWD_P80": "797.9", "PWD_P81": "816.4", "PWD_P82": "833.3", "PWD_P83": "854.4", "PWD_P84": "888.8", "PWD_P85": "977.4", "PWD_P86": "1199.8", "PWD_P87": "1367.9", "PWD_P88": "1437.5", "PWD_P89": "1492.3", "PWD_P90": "1528.2", "PWD_P91": "1571.0", "PWD_P92": "1593.5", "PWD_P93": "1617.2", "PWD_P94": "1646.5", "PWD_P95": "1664.1", "PWD_P96": "1682.2", "PWD_P97": "1707.0", "PWD_P98": "1730.1", "PWD_P99": "1780.1", "PWD_P100": "1916.6" }, "geometry": { "type": "Point", "coordinates": [ 169.815155029296875, 7.724607467651367 ] } },
{ "type": "Feature", "id": 160, "properties": { "lon": 134.46162414550781, "lat": 7.3254170417785645, "year": "2000", "ISO": "PLW", "ISO_No": "585", "Name": "Palau", "PWC_Lat": "7.32541704177856", "PWC_Lon": "134.461624145508", "Pop": "19103", "Density": "36.2", "Area": "527.2", "PWD_A": "241.2", "PWD_G": "104.7", "PWD_M": "76.7", "PWD_P1": "4.6", "PWD_P2": "5.1", "PWD_P3": "5.6", "PWD_P4": "6.2", "PWD_P5": "7.0", "PWD_P6": "8.1", "PWD_P7": "9.0", "PWD_P8": "10.5", "PWD_P9": "12.0", "PWD_P10": "13.6", "PWD_P11": "14.6", "PWD_P12": "15.5", "PWD_P13": "16.3", "PWD_P14": "17.3", "PWD_P15": "18.6", "PWD_P16": "19.8", "PWD_P17": "21.3", "PWD_P18": "23.1", "PWD_P19": "24.6", "PWD_P20": "26.4", "PWD_P21": "28.7", "PWD_P22": "30.8", "PWD_P23": "34.2", "PWD_P24": "39.4", "PWD_P25": "43.6", "PWD_P26": "44.7", "PWD_P27": "46.2", "PWD_P28": "47.3", "PWD_P29": "48.5", "PWD_P30": "50.2", "PWD_P31": "52.7", "PWD_P32": "56.2", "PWD_P33": "59.2", "PWD_P34": "61.6", "PWD_P35": "63.6", "PWD_P36": "65.7", "PWD_P37": "67.5", "PWD_P38": "68.8", "PWD_P39": "69.8", "PWD_P40": "70.8", "PWD_P41": "71.6", "PWD_P42": "72.3", "PWD_P43": "72.9", "PWD_P44": "73.4", "PWD_P45": "73.9", "PWD_P46": "74.4", "PWD_P47": "74.9", "PWD_P48": "75.4", "PWD_P49": "75.9", "PWD_P50": "76.7", "PWD_P51": "78.0", "PWD_P52": "80.8", "PWD_P53": "85.1", "PWD_P54": "88.9", "PWD_P55": "93.6", "PWD_P56": "102.2", "PWD_P57": "112.8", "PWD_P58": "127.7", "PWD_P59": "146.1", "PWD_P60": "221.6", "PWD_P61": "287.3", "PWD_P62": "305.3", "PWD_P63": "320.0", "PWD_P64": "329.5", "PWD_P65": "343.7", "PWD_P66": "353.7", "PWD_P67": "360.6", "PWD_P68": "368.8", "PWD_P69": "375.6", "PWD_P70": "383.5", "PWD_P71": "393.6", "PWD_P72": "401.9", "PWD_P73": "412.5", "PWD_P74": "427.6", "PWD_P75": "438.8", "PWD_P76": "450.8", "PWD_P77": "463.9", "PWD_P78": "480.4", "PWD_P79": "494.4", "PWD_P80": "507.6", "PWD_P81": "524.0", "PWD_P82": "542.0", "PWD_P83": "559.2", "PWD_P84": "574.8", "PWD_P85": "589.6", "PWD_P86": "600.9", "PWD_P87": "620.1", "PWD_P88": "636.7", "PWD_P89": "648.5", "PWD_P90": "661.3", "PWD_P91": "676.5", "PWD_P92": "694.6", "PWD_P93": "707.3", "PWD_P94": "719.5", "PWD_P95": "734.6", "PWD_P96": "744.5", "PWD_P97": "754.6", "PWD_P98": "774.5", "PWD_P99": "803.7", "PWD_P100": "887.0" }, "geometry": { "type": "Point", "coordinates": [ 134.461624145507812, 7.325417041778564 ] } },
{ "type": "Feature", "id": 161, "properties": { "lon": 71.373504638671875, "lat": 30.444957733154297, "year": "2000", "ISO": "PAK", "ISO_No": "586", "Name": "Pakistan", "PWC_Lat": "30.4449577331543", "PWC_Lon": "71.3735046386719", "Pop": "142343583", "Density": "163.4", "Area": "870982.2", "PWD_A": "3701.0", "PWD_G": "847.6", "PWD_M": "663.3", "PWD_P1": "9.9", "PWD_P2": "17.7", "PWD_P3": "27.0", "PWD_P4": "39.0", "PWD_P5": "52.5", "PWD_P6": "66.4", "PWD_P7": "80.7", "PWD_P8": "94.4", "PWD_P9": "107.7", "PWD_P10": "121.1", "PWD_P11": "134.3", "PWD_P12": "147.1", "PWD_P13": "159.0", "PWD_P14": "170.1", "PWD_P15": "180.2", "PWD_P16": "189.8", "PWD_P17": "198.9", "PWD_P18": "207.6", "PWD_P19": "216.2", "PWD_P20": "224.9", "PWD_P21": "233.6", "PWD_P22": "242.5", "PWD_P23": "251.5", "PWD_P24": "260.8", "PWD_P25": "270.0", "PWD_P26": "279.4", "PWD_P27": "288.9", "PWD_P28": "298.7", "PWD_P29": "309.0", "PWD_P30": "319.4", "PWD_P31": "329.9", "PWD_P32": "340.8", "PWD_P33": "352.0", "PWD_P34": "363.6", "PWD_P35": "375.8", "PWD_P36": "388.4", "PWD_P37": "401.6", "PWD_P38": "415.5", "PWD_P39": "430.3", "PWD_P40": "445.9", "PWD_P41": "462.2", "PWD_P42": "479.7", "PWD_P43": "498.1", "PWD_P44": "517.6", "PWD_P45": "538.3", "PWD_P46": "560.6", "PWD_P47": "584.3", "PWD_P48": "609.4", "PWD_P49": "635.5", "PWD_P50": "663.3", "PWD_P51": "692.9", "PWD_P52": "724.4", "PWD_P53": "757.7", "PWD_P54": "793.5", "PWD_P55": "831.9", "PWD_P56": "873.4", "PWD_P57": "917.9", "PWD_P58": "965.4", "PWD_P59": "1017.3", "PWD_P60": "1073.4", "PWD_P61": "1134.6", "PWD_P62": "1202.6", "PWD_P63": "1277.8", "PWD_P64": "1359.9", "PWD_P65": "1450.9", "PWD_P66": "1550.6", "PWD_P67": "1658.8", "PWD_P68": "1778.9", "PWD_P69": "1910.7", "PWD_P70": "2056.1", "PWD_P71": "2213.2", "PWD_P72": "2385.8", "PWD_P73": "2573.6", "PWD_P74": "2777.7", "PWD_P75": "2992.9", "PWD_P76": "3238.4", "PWD_P77": "3504.1", "PWD_P78": "3795.4", "PWD_P79": "4116.1", "PWD_P80": "4455.1", "PWD_P81": "4815.0", "PWD_P82": "5222.7", "PWD_P83": "5680.6", "PWD_P84": "6171.0", "PWD_P85": "6705.4", "PWD_P86": "7304.5", "PWD_P87": "7920.9", "PWD_P88": "8554.8", "PWD_P89": "9286.4", "PWD_P90": "10166.4", "PWD_P91": "11144.1", "PWD_P92": "12075.4", "PWD_P93": "13160.1", "PWD_P94": "15481.3", "PWD_P95": "18406.2", "PWD_P96": "22187.6", "PWD_P97": "25776.0", "PWD_P98": "39893.1", "PWD_P99": "46261.7", "PWD_P100": "55808.8" }, "geometry": { "type": "Point", "coordinates": [ 71.373504638671875, 30.444957733154297 ] } },
{ "type": "Feature", "id": 162, "properties": { "lon": -80.319679260253906, "lat": 8.7677860260009766, "year": "2000", "ISO": "PAN", "ISO_No": "591", "Name": "Panama", "PWC_Lat": "8.76778602600098", "PWC_Lon": "-80.3196792602539", "Pop": "3030332", "Density": "40.0", "Area": "75668.1", "PWD_A": "2551.4", "PWD_G": "440.7", "PWD_M": "736.0", "PWD_P1": "3.0", "PWD_P2": "5.0", "PWD_P3": "6.6", "PWD_P4": "8.0", "PWD_P5": "9.2", "PWD_P6": "10.4", "PWD_P7": "11.8", "PWD_P8": "13.2", "PWD_P9": "14.5", "PWD_P10": "15.9", "PWD_P11": "17.4", "PWD_P12": "18.8", "PWD_P13": "20.2", "PWD_P14": "21.7", "PWD_P15": "23.2", "PWD_P16": "24.9", "PWD_P17": "26.7", "PWD_P18": "28.8", "PWD_P19": "31.5", "PWD_P20": "35.0", "PWD_P21": "38.8", "PWD_P22": "43.3", "PWD_P23": "48.2", "PWD_P24": "53.7", "PWD_P25": "59.3", "PWD_P26": "65.2", "PWD_P27": "71.9", "PWD_P28": "79.5", "PWD_P29": "87.4", "PWD_P30": "95.8", "PWD_P31": "104.5", "PWD_P32": "114.8", "PWD_P33": "127.3", "PWD_P34": "141.9", "PWD_P35": "158.0", "PWD_P36": "176.9", "PWD_P37": "199.3", "PWD_P38": "222.8", "PWD_P39": "247.5", "PWD_P40": "275.2", "PWD_P41": "305.9", "PWD_P42": "340.2", "PWD_P43": "374.8", "PWD_P44": "414.2", "PWD_P45": "459.4", "PWD_P46": "505.5", "PWD_P47": "557.2", "PWD_P48": "615.9", "PWD_P49": "675.4", "PWD_P50": "736.0", "PWD_P51": "801.8", "PWD_P52": "867.7", "PWD_P53": "938.5", "PWD_P54": "1017.8", "PWD_P55": "1101.6", "PWD_P56": "1183.9", "PWD_P57": "1270.9", "PWD_P58": "1355.6", "PWD_P59": "1440.6", "PWD_P60": "1533.5", "PWD_P61": "1622.7", "PWD_P62": "1707.3", "PWD_P63": "1796.9", "PWD_P64": "1896.0", "PWD_P65": "1999.2", "PWD_P66": "2111.8", "PWD_P67": "2229.0", "PWD_P68": "2335.8", "PWD_P69": "2441.9", "PWD_P70": "2544.8", "PWD_P71": "2648.9", "PWD_P72": "2759.8", "PWD_P73": "2880.2", "PWD_P74": "2998.5", "PWD_P75": "3124.6", "PWD_P76": "3268.1", "PWD_P77": "3393.7", "PWD_P78": "3511.2", "PWD_P79": "3638.7", "PWD_P80": "3780.3", "PWD_P81": "3942.5", "PWD_P82": "4119.0", "PWD_P83": "4302.5", "PWD_P84": "4501.5", "PWD_P85": "4712.4", "PWD_P86": "4917.6", "PWD_P87": "5158.1", "PWD_P88": "5474.7", "PWD_P89": "5929.1", "PWD_P90": "6403.7", "PWD_P91": "6798.7", "PWD_P92": "7292.5", "PWD_P93": "8014.2", "PWD_P94": "8781.5", "PWD_P95": "9637.2", "PWD_P96": "10661.8", "PWD_P97": "11703.4", "PWD_P98": "13936.3", "PWD_P99": "24726.3", "PWD_P100": "88226.4" }, "geometry": { "type": "Point", "coordinates": [ -80.319679260253906, 8.767786026000977 ] } },
{ "type": "Feature", "id": 163, "properties": { "lon": 146.16828918457031, "lat": -6.199409008026123, "year": "2000", "ISO": "PNG", "ISO_No": "598", "Name": "Papua New Guinea", "PWC_Lat": "-6.19940900802612", "PWC_Lon": "146.16828918457", "Pop": "5847589", "Density": "12.7", "Area": "461986.1", "PWD_A": "135.3", "PWD_G": "35.5", "PWD_M": "32.0", "PWD_P1": "1.3", "PWD_P2": "1.8", "PWD_P3": "2.3", "PWD_P4": "2.7", "PWD_P5": "3.1", "PWD_P6": "3.6", "PWD_P7": "4.0", "PWD_P8": "4.4", "PWD_P9": "4.8", "PWD_P10": "5.3", "PWD_P11": "5.7", "PWD_P12": "6.1", "PWD_P13": "6.5", "PWD_P14": "6.9", "PWD_P15": "7.4", "PWD_P16": "7.9", "PWD_P17": "8.4", "PWD_P18": "8.9", "PWD_P19": "9.3", "PWD_P20": "9.8", "PWD_P21": "10.3", "PWD_P22": "10.9", "PWD_P23": "11.4", "PWD_P24": "12.0", "PWD_P25": "12.6", "PWD_P26": "13.2", "PWD_P27": "13.7", "PWD_P28": "14.3", "PWD_P29": "14.8", "PWD_P30": "15.4", "PWD_P31": "16.0", "PWD_P32": "16.6", "PWD_P33": "17.2", "PWD_P34": "17.9", "PWD_P35": "18.6", "PWD_P36": "19.3", "PWD_P37": "20.0", "PWD_P38": "20.7", "PWD_P39": "21.4", "PWD_P40": "22.2", "PWD_P41": "23.0", "PWD_P42": "23.9", "PWD_P43": "24.8", "PWD_P44": "25.7", "PWD_P45": "26.7", "PWD_P46": "27.7", "PWD_P47": "28.7", "PWD_P48": "29.8", "PWD_P49": "30.9", "PWD_P50": "32.0", "PWD_P51": "33.2", "PWD_P52": "34.4", "PWD_P53": "35.7", "PWD_P54": "37.0", "PWD_P55": "38.4", "PWD_P56": "39.8", "PWD_P57": "41.2", "PWD_P58": "42.7", "PWD_P59": "44.3", "PWD_P60": "46.0", "PWD_P61": "47.7", "PWD_P62": "49.6", "PWD_P63": "51.7", "PWD_P64": "53.8", "PWD_P65": "55.8", "PWD_P66": "57.9", "PWD_P67": "60.2", "PWD_P68": "62.5", "PWD_P69": "65.2", "PWD_P70": "68.1", "PWD_P71": "70.8", "PWD_P72": "73.7", "PWD_P73": "76.7", "PWD_P74": "80.1", "PWD_P75": "83.8", "PWD_P76": "87.6", "PWD_P77": "91.7", "PWD_P78": "96.1", "PWD_P79": "100.3", "PWD_P80": "105.7", "PWD_P81": "112.4", "PWD_P82": "119.3", "PWD_P83": "126.4", "PWD_P84": "135.7", "PWD_P85": "147.4", "PWD_P86": "166.4", "PWD_P87": "190.3", "PWD_P88": "226.9", "PWD_P89": "274.2", "PWD_P90": "342.7", "PWD_P91": "422.8", "PWD_P92": "495.9", "PWD_P93": "605.7", "PWD_P94": "900.1", "PWD_P95": "1059.3", "PWD_P96": "1156.7", "PWD_P97": "1242.6", "PWD_P98": "1277.9", "PWD_P99": "1306.6", "PWD_P100": "1402.5" }, "geometry": { "type": "Point", "coordinates": [ 146.168289184570312, -6.199409008026123 ] } },
{ "type": "Feature", "id": 164, "properties": { "lon": -56.674034118652344, "lat": -25.322389602661133, "year": "2000", "ISO": "PRY", "ISO_No": "600", "Name": "Paraguay", "PWC_Lat": "-25.3223896026611", "PWC_Lon": "-56.6740341186523", "Pop": "5323201", "Density": "13.4", "Area": "397261.7", "PWD_A": "1444.7", "PWD_G": "249.1", "PWD_M": "279.5", "PWD_P1": "0.8", "PWD_P2": "2.4", "PWD_P3": "3.8", "PWD_P4": "4.9", "PWD_P5": "5.8", "PWD_P6": "6.7", "PWD_P7": "7.6", "PWD_P8": "8.5", "PWD_P9": "9.5", "PWD_P10": "10.5", "PWD_P11": "11.5", "PWD_P12": "12.5", "PWD_P13": "13.6", "PWD_P14": "14.7", "PWD_P15": "15.9", "PWD_P16": "17.2", "PWD_P17": "18.5", "PWD_P18": "19.9", "PWD_P19": "21.3", "PWD_P20": "22.7", "PWD_P21": "24.3", "PWD_P22": "25.9", "PWD_P23": "27.6", "PWD_P24": "29.5", "PWD_P25": "31.7", "PWD_P26": "34.0", "PWD_P27": "36.7", "PWD_P28": "39.9", "PWD_P29": "43.6", "PWD_P30": "47.7", "PWD_P31": "52.2", "PWD_P32": "56.9", "PWD_P33": "61.6", "PWD_P34": "66.9", "PWD_P35": "72.6", "PWD_P36": "78.7", "PWD_P37": "85.2", "PWD_P38": "91.9", "PWD_P39": "99.4", "PWD_P40": "107.3", "PWD_P41": "115.9", "PWD_P42": "125.9", "PWD_P43": "136.5", "PWD_P44": "148.7", "PWD_P45": "163.1", "PWD_P46": "179.3", "PWD_P47": "198.9", "PWD_P48": "222.0", "PWD_P49": "248.8", "PWD_P50": "279.5", "PWD_P51": "315.5", "PWD_P52": "354.0", "PWD_P53": "394.8", "PWD_P54": "445.5", "PWD_P55": "501.6", "PWD_P56": "564.0", "PWD_P57": "630.3", "PWD_P58": "703.9", "PWD_P59": "788.9", "PWD_P60": "877.4", "PWD_P61": "976.2", "PWD_P62": "1071.1", "PWD_P63": "1172.0", "PWD_P64": "1275.3", "PWD_P65": "1377.9", "PWD_P66": "1469.9", "PWD_P67": "1562.9", "PWD_P68": "1657.7", "PWD_P69": "1762.8", "PWD_P70": "1876.9", "PWD_P71": "1997.0", "PWD_P72": "2127.0", "PWD_P73": "2248.0", "PWD_P74": "2367.5", "PWD_P75": "2497.4", "PWD_P76": "2635.8", "PWD_P77": "2782.3", "PWD_P78": "2922.7", "PWD_P79": "3071.3", "PWD_P80": "3222.0", "PWD_P81": "3362.1", "PWD_P82": "3505.8", "PWD_P83": "3632.9", "PWD_P84": "3775.6", "PWD_P85": "3910.3", "PWD_P86": "4059.3", "PWD_P87": "4228.5", "PWD_P88": "4417.4", "PWD_P89": "4605.6", "PWD_P90": "4812.5", "PWD_P91": "5044.5", "PWD_P92": "5238.8", "PWD_P93": "5393.1", "PWD_P94": "5576.7", "PWD_P95": "5762.1", "PWD_P96": "5906.4", "PWD_P97": "6068.1", "PWD_P98": "6275.4", "PWD_P99": "6559.9", "PWD_P100": "7265.1" }, "geometry": { "type": "Point", "coordinates": [ -56.674034118652344, -25.322389602661133 ] } },
{ "type": "Feature", "id": 165, "properties": { "lon": -76.2601, "lat": -10.6592, "year": "2000", "ISO": "PER", "ISO_No": "604", "Name": "Peru", "PWC_Lat": "-10.6592", "PWC_Lon": "-76.2601", "Pop": "26459943", "Density": "20.6", "Area": "1285689.9", "PWD_A": "5352.3", "PWD_G": "622.6", "PWD_M": "932.2", "PWD_P1": "1.3", "PWD_P2": "2.3", "PWD_P3": "3.4", "PWD_P4": "4.6", "PWD_P5": "6.0", "PWD_P6": "7.3", "PWD_P7": "8.8", "PWD_P8": "10.3", "PWD_P9": "11.8", "PWD_P10": "13.5", "PWD_P11": "15.2", "PWD_P12": "16.9", "PWD_P13": "18.8", "PWD_P14": "20.8", "PWD_P15": "22.8", "PWD_P16": "24.9", "PWD_P17": "27.2", "PWD_P18": "29.5", "PWD_P19": "32.0", "PWD_P20": "34.7", "PWD_P21": "37.6", "PWD_P22": "40.7", "PWD_P23": "44.1", "PWD_P24": "47.8", "PWD_P25": "51.9", "PWD_P26": "56.5", "PWD_P27": "61.7", "PWD_P28": "67.5", "PWD_P29": "74.2", "PWD_P30": "81.8", "PWD_P31": "90.3", "PWD_P32": "100.1", "PWD_P33": "110.9", "PWD_P34": "123.3", "PWD_P35": "137.7", "PWD_P36": "154.5", "PWD_P37": "173.2", "PWD_P38": "194.8", "PWD_P39": "220.1", "PWD_P40": "249.5", "PWD_P41": "283.7", "PWD_P42": "324.1", "PWD_P43": "374.6", "PWD_P44": "434.1", "PWD_P45": "499.5", "PWD_P46": "567.9", "PWD_P47": "644.6", "PWD_P48": "729.3", "PWD_P49": "823.4", "PWD_P50": "932.2", "PWD_P51": "1061.9", "PWD_P52": "1219.5", "PWD_P53": "1411.5", "PWD_P54": "1616.1", "PWD_P55": "1850.4", "PWD_P56": "2093.9", "PWD_P57": "2347.8", "PWD_P58": "2630.4", "PWD_P59": "2907.8", "PWD_P60": "3204.9", "PWD_P61": "3546.2", "PWD_P62": "3892.0", "PWD_P63": "4241.0", "PWD_P64": "4572.7", "PWD_P65": "4897.8", "PWD_P66": "5233.2", "PWD_P67": "5571.5", "PWD_P68": "5919.2", "PWD_P69": "6286.3", "PWD_P70": "6647.8", "PWD_P71": "7059.2", "PWD_P72": "7479.4", "PWD_P73": "8009.4", "PWD_P74": "8570.8", "PWD_P75": "9157.6", "PWD_P76": "9707.7", "PWD_P77": "10186.2", "PWD_P78": "10660.8", "PWD_P79": "11100.0", "PWD_P80": "11499.7", "PWD_P81": "11957.7", "PWD_P82": "12430.1", "PWD_P83": "12892.5", "PWD_P84": "13380.9", "PWD_P85": "13938.2", "PWD_P86": "14557.9", "PWD_P87": "15070.0", "PWD_P88": "15613.6", "PWD_P89": "16120.9", "PWD_P90": "16519.3", "PWD_P91": "16944.1", "PWD_P92": "17381.4", "PWD_P93": "17772.1", "PWD_P94": "18232.5", "PWD_P95": "18951.7", "PWD_P96": "20108.9", "PWD_P97": "22872.6", "PWD_P98": "26101.4", "PWD_P99": "37291.9", "PWD_P100": "61517.2" }, "geometry": { "type": "Point", "coordinates": [ -76.2601, -10.6592 ] } },
{ "type": "Feature", "id": 166, "properties": { "lon": 122.44331359863281, "lat": 12.051589965820312, "year": "2000", "ISO": "PHL", "ISO_No": "608", "Name": "Philippines", "PWC_Lat": "12.0515899658203", "PWC_Lon": "122.443313598633", "Pop": "77991757", "Density": "263.3", "Area": "296205.1", "PWD_A": "12141.8", "PWD_G": "1805.6", "PWD_M": "1681.3", "PWD_P1": "20.6", "PWD_P2": "35.1", "PWD_P3": "48.0", "PWD_P4": "60.1", "PWD_P5": "72.2", "PWD_P6": "84.4", "PWD_P7": "96.5", "PWD_P8": "108.8", "PWD_P9": "121.2", "PWD_P10": "133.8", "PWD_P11": "147.0", "PWD_P12": "160.7", "PWD_P13": "174.9", "PWD_P14": "189.8", "PWD_P15": "205.1", "PWD_P16": "221.0", "PWD_P17": "237.3", "PWD_P18": "254.5", "PWD_P19": "272.3", "PWD_P20": "290.7", "PWD_P21": "310.1", "PWD_P22": "330.3", "PWD_P23": "351.6", "PWD_P24": "374.2", "PWD_P25": "398.0", "PWD_P26": "423.1", "PWD_P27": "449.2", "PWD_P28": "476.3", "PWD_P29": "505.2", "PWD_P30": "535.4", "PWD_P31": "567.4", "PWD_P32": "601.1", "PWD_P33": "636.7", "PWD_P34": "674.5", "PWD_P35": "714.2", "PWD_P36": "756.3", "PWD_P37": "800.5", "PWD_P38": "847.2", "PWD_P39": "896.9", "PWD_P40": "949.0", "PWD_P41": "1004.5", "PWD_P42": "1063.6", "PWD_P43": "1127.0", "PWD_P44": "1194.1", "PWD_P45": "1264.8", "PWD_P46": "1338.4", "PWD_P47": "1417.5", "PWD_P48": "1500.7", "PWD_P49": "1588.9", "PWD_P50": "1681.3", "PWD_P51": "1780.0", "PWD_P52": "1885.7", "PWD_P53": "1998.1", "PWD_P54": "2118.1", "PWD_P55": "2246.5", "PWD_P56": "2384.1", "PWD_P57": "2529.3", "PWD_P58": "2685.0", "PWD_P59": "2849.3", "PWD_P60": "3027.9", "PWD_P61": "3220.4", "PWD_P62": "3425.0", "PWD_P63": "3646.7", "PWD_P64": "3880.9", "PWD_P65": "4134.4", "PWD_P66": "4411.0", "PWD_P67": "4706.6", "PWD_P68": "5022.7", "PWD_P69": "5364.8", "PWD_P70": "5738.8", "PWD_P71": "6147.2", "PWD_P72": "6577.9", "PWD_P73": "7048.7", "PWD_P74": "7568.1", "PWD_P75": "8151.0", "PWD_P76": "8808.3", "PWD_P77": "9517.5", "PWD_P78": "10310.4", "PWD_P79": "11171.3", "PWD_P80": "12054.1", "PWD_P81": "13050.0", "PWD_P82": "14177.4", "PWD_P83": "15325.5", "PWD_P84": "16580.8", "PWD_P85": "17975.7", "PWD_P86": "19538.4", "PWD_P87": "21341.1", "PWD_P88": "23391.2", "PWD_P89": "25741.5", "PWD_P90": "28297.9", "PWD_P91": "31227.0", "PWD_P92": "34918.9", "PWD_P93": "39668.3", "PWD_P94": "46048.5", "PWD_P95": "53944.3", "PWD_P96": "65446.7", "PWD_P97": "79448.3", "PWD_P98": "99964.4", "PWD_P99": "148923.0", "PWD_P100": "1392629.4" }, "geometry": { "type": "Point", "coordinates": [ 122.443313598632812, 12.051589965820312 ] } },
{ "type": "Feature", "id": 167, "properties": { "lon": 19.321767807006836, "lat": 51.704807281494141, "year": "2000", "ISO": "POL", "ISO_No": "616", "Name": "Poland", "PWC_Lat": "51.7048072814941", "PWC_Lon": "19.3217678070068", "Pop": "38556699", "Density": "125.5", "Area": "307116.6", "PWD_A": "1841.1", "PWD_G": "575.4", "PWD_M": "759.9", "PWD_P1": "13.9", "PWD_P2": "18.1", "PWD_P3": "21.4", "PWD_P4": "24.3", "PWD_P5": "26.9", "PWD_P6": "29.4", "PWD_P7": "31.9", "PWD_P8": "34.4", "PWD_P9": "36.9", "PWD_P10": "39.6", "PWD_P11": "42.4", "PWD_P12": "45.4", "PWD_P13": "48.7", "PWD_P14": "52.2", "PWD_P15": "56.0", "PWD_P16": "60.3", "PWD_P17": "65.0", "PWD_P18": "70.1", "PWD_P19": "75.8", "PWD_P20": "82.0", "PWD_P21": "88.7", "PWD_P22": "96.0", "PWD_P23": "104.1", "PWD_P24": "112.8", "PWD_P25": "122.4", "PWD_P26": "132.8", "PWD_P27": "144.2", "PWD_P28": "156.7", "PWD_P29": "170.5", "PWD_P30": "185.7", "PWD_P31": "202.4", "PWD_P32": "220.4", "PWD_P33": "239.8", "PWD_P34": "260.3", "PWD_P35": "281.9", "PWD_P36": "304.7", "PWD_P37": "328.6", "PWD_P38": "353.4", "PWD_P39": "379.4", "PWD_P40": "406.3", "PWD_P41": "434.7", "PWD_P42": "464.4", "PWD_P43": "495.3", "PWD_P44": "527.9", "PWD_P45": "562.0", "PWD_P46": "597.8", "PWD_P47": "635.5", "PWD_P48": "675.1", "PWD_P49": "716.6", "PWD_P50": "759.9", "PWD_P51": "805.5", "PWD_P52": "854.3", "PWD_P53": "905.6", "PWD_P54": "960.0", "PWD_P55": "1017.3", "PWD_P56": "1077.8", "PWD_P57": "1140.8", "PWD_P58": "1206.7", "PWD_P59": "1276.1", "PWD_P60": "1348.7", "PWD_P61": "1424.6", "PWD_P62": "1503.6", "PWD_P63": "1585.6", "PWD_P64": "1670.2", "PWD_P65": "1759.4", "PWD_P66": "1851.0", "PWD_P67": "1944.6", "PWD_P68": "2041.6", "PWD_P69": "2141.2", "PWD_P70": "2242.7", "PWD_P71": "2346.3", "PWD_P72": "2453.0", "PWD_P73": "2561.8", "PWD_P74": "2672.7", "PWD_P75": "2786.6", "PWD_P76": "2904.6", "PWD_P77": "3025.2", "PWD_P78": "3148.7", "PWD_P79": "3278.5", "PWD_P80": "3412.5", "PWD_P81": "3554.0", "PWD_P82": "3706.7", "PWD_P83": "3865.3", "PWD_P84": "4030.3", "PWD_P85": "4201.3", "PWD_P86": "4378.9", "PWD_P87": "4569.3", "PWD_P88": "4775.5", "PWD_P89": "4996.5", "PWD_P90": "5234.7", "PWD_P91": "5483.7", "PWD_P92": "5753.6", "PWD_P93": "6056.4", "PWD_P94": "6391.6", "PWD_P95": "6763.1", "PWD_P96": "7217.3", "PWD_P97": "7862.8", "PWD_P98": "8925.1", "PWD_P99": "11118.6", "PWD_P100": "15494.5" }, "geometry": { "type": "Point", "coordinates": [ 19.321767807006836, 51.704807281494141 ] } },
{ "type": "Feature", "id": 168, "properties": { "lon": -9.1899900436401367, "lat": 39.730712890625, "year": "2000", "ISO": "PRT", "ISO_No": "620", "Name": "Portugal", "PWC_Lat": "39.730712890625", "PWC_Lon": "-9.18999004364014", "Pop": "10297117", "Density": "112.6", "Area": "91423.6", "PWD_A": "8743.3", "PWD_G": "2825.5", "PWD_M": "3244.1", "PWD_P1": "21.2", "PWD_P2": "52.7", "PWD_P3": "82.8", "PWD_P4": "111.6", "PWD_P5": "140.1", "PWD_P6": "168.6", "PWD_P7": "197.3", "PWD_P8": "226.4", "PWD_P9": "256.2", "PWD_P10": "286.5", "PWD_P11": "317.3", "PWD_P12": "348.5", "PWD_P13": "380.5", "PWD_P14": "413.9", "PWD_P15": "448.4", "PWD_P16": "484.0", "PWD_P17": "520.4", "PWD_P18": "557.7", "PWD_P19": "596.9", "PWD_P20": "636.5", "PWD_P21": "678.3", "PWD_P22": "722.0", "PWD_P23": "766.6", "PWD_P24": "814.1", "PWD_P25": "864.2", "PWD_P26": "915.7", "PWD_P27": "969.3", "PWD_P28": "1025.8", "PWD_P29": "1083.8", "PWD_P30": "1144.4", "PWD_P31": "1208.2", "PWD_P32": "1273.9", "PWD_P33": "1343.2", "PWD_P34": "1414.2", "PWD_P35": "1490.7", "PWD_P36": "1572.5", "PWD_P37": "1657.6", "PWD_P38": "1747.9", "PWD_P39": "1841.7", "PWD_P40": "1941.1", "PWD_P41": "2045.4", "PWD_P42": "2153.5", "PWD_P43": "2266.2", "PWD_P44": "2388.5", "PWD_P45": "2513.9", "PWD_P46": "2644.3", "PWD_P47": "2781.4", "PWD_P48": "2928.8", "PWD_P49": "3082.0", "PWD_P50": "3244.1", "PWD_P51": "3406.5", "PWD_P52": "3582.4", "PWD_P53": "3771.7", "PWD_P54": "3968.7", "PWD_P55": "4171.3", "PWD_P56": "4395.3", "PWD_P57": "4623.8", "PWD_P58": "4859.4", "PWD_P59": "5113.2", "PWD_P60": "5375.9", "PWD_P61": "5651.0", "PWD_P62": "5945.9", "PWD_P63": "6263.4", "PWD_P64": "6568.7", "PWD_P65": "6901.9", "PWD_P66": "7259.2", "PWD_P67": "7652.6", "PWD_P68": "8061.0", "PWD_P69": "8495.1", "PWD_P70": "8935.1", "PWD_P71": "9383.3", "PWD_P72": "9842.4", "PWD_P73": "10338.0", "PWD_P74": "10879.2", "PWD_P75": "11414.6", "PWD_P76": "11983.3", "PWD_P77": "12613.7", "PWD_P78": "13288.0", "PWD_P79": "13988.8", "PWD_P80": "14686.7", "PWD_P81": "15453.3", "PWD_P82": "16249.7", "PWD_P83": "17149.8", "PWD_P84": "18072.1", "PWD_P85": "19088.4", "PWD_P86": "20157.0", "PWD_P87": "21276.8", "PWD_P88": "22554.3", "PWD_P89": "23910.7", "PWD_P90": "25326.4", "PWD_P91": "26726.7", "PWD_P92": "28522.0", "PWD_P93": "30401.2", "PWD_P94": "32546.3", "PWD_P95": "35197.1", "PWD_P96": "38298.3", "PWD_P97": "42395.3", "PWD_P98": "48714.7", "PWD_P99": "58907.3", "PWD_P100": "152259.4" }, "geometry": { "type": "Point", "coordinates": [ -9.189990043640137, 39.730712890625 ] } },
{ "type": "Feature", "id": 169, "properties": { "lon": -15.252731323242188, "lat": 12.026589393615723, "year": "2000", "ISO": "GNB", "ISO_No": "624", "Name": "Guinea-Bissau", "PWC_Lat": "12.0265893936157", "PWC_Lon": "-15.2527313232422", "Pop": "1201304", "Density": "35.7", "Area": "33636.4", "PWD_A": "948.5", "PWD_G": "107.2", "PWD_M": "50.0", "PWD_P1": "6.7", "PWD_P2": "8.7", "PWD_P3": "10.1", "PWD_P4": "11.3", "PWD_P5": "12.4", "PWD_P6": "13.4", "PWD_P7": "14.5", "PWD_P8": "15.3", "PWD_P9": "16.0", "PWD_P10": "16.6", "PWD_P11": "17.2", "PWD_P12": "17.8", "PWD_P13": "18.3", "PWD_P14": "18.9", "PWD_P15": "19.4", "PWD_P16": "19.9", "PWD_P17": "20.4", "PWD_P18": "20.9", "PWD_P19": "21.4", "PWD_P20": "21.9", "PWD_P21": "22.5", "PWD_P22": "23.0", "PWD_P23": "23.6", "PWD_P24": "24.2", "PWD_P25": "24.8", "PWD_P26": "25.5", "PWD_P27": "26.2", "PWD_P28": "26.9", "PWD_P29": "27.7", "PWD_P30": "28.5", "PWD_P31": "29.4", "PWD_P32": "30.3", "PWD_P33": "31.2", "PWD_P34": "32.1", "PWD_P35": "33.0", "PWD_P36": "33.9", "PWD_P37": "35.0", "PWD_P38": "36.0", "PWD_P39": "37.1", "PWD_P40": "38.1", "PWD_P41": "39.1", "PWD_P42": "40.0", "PWD_P43": "41.0", "PWD_P44": "42.1", "PWD_P45": "43.4", "PWD_P46": "44.7", "PWD_P47": "46.0", "PWD_P48": "47.3", "PWD_P49": "48.6", "PWD_P50": "50.0", "PWD_P51": "51.4", "PWD_P52": "52.9", "PWD_P53": "54.4", "PWD_P54": "56.0", "PWD_P55": "57.6", "PWD_P56": "59.4", "PWD_P57": "61.2", "PWD_P58": "63.1", "PWD_P59": "65.2", "PWD_P60": "67.4", "PWD_P61": "69.6", "PWD_P62": "72.0", "PWD_P63": "74.8", "PWD_P64": "77.7", "PWD_P65": "80.9", "PWD_P66": "84.8", "PWD_P67": "90.0", "PWD_P68": "95.8", "PWD_P69": "101.8", "PWD_P70": "109.2", "PWD_P71": "118.5", "PWD_P72": "131.4", "PWD_P73": "145.5", "PWD_P74": "168.8", "PWD_P75": "208.9", "PWD_P76": "283.8", "PWD_P77": "442.0", "PWD_P78": "963.1", "PWD_P79": "1501.0", "PWD_P80": "1998.1", "PWD_P81": "2690.2", "PWD_P82": "2942.7", "PWD_P83": "3350.1", "PWD_P84": "3516.3", "PWD_P85": "3643.1", "PWD_P86": "3796.9", "PWD_P87": "3892.1", "PWD_P88": "4017.1", "PWD_P89": "4214.9", "PWD_P90": "4552.4", "PWD_P91": "4689.1", "PWD_P92": "4843.7", "PWD_P93": "4971.4", "PWD_P94": "5062.1", "PWD_P95": "5154.8", "PWD_P96": "5280.9", "PWD_P97": "5385.6", "PWD_P98": "5496.1", "PWD_P99": "5633.3", "PWD_P100": "5958.0" }, "geometry": { "type": "Point", "coordinates": [ -15.252731323242188, 12.026589393615723 ] } },
{ "type": "Feature", "id": 170, "properties": { "lon": 125.68768310546875, "lat": -8.7869997024536133, "year": "2000", "ISO": "TLS", "ISO_No": "626", "Name": "East Timor", "PWC_Lat": "-8.78699970245361", "PWC_Lon": "125.687683105469", "Pop": "884366", "Density": "59.1", "Area": "14966.9", "PWD_A": "646.2", "PWD_G": "147.7", "PWD_M": "112.1", "PWD_P1": "9.0", "PWD_P2": "11.3", "PWD_P3": "13.4", "PWD_P4": "15.3", "PWD_P5": "16.9", "PWD_P6": "18.4", "PWD_P7": "19.9", "PWD_P8": "21.4", "PWD_P9": "22.9", "PWD_P10": "24.4", "PWD_P11": "25.9", "PWD_P12": "27.4", "PWD_P13": "29.0", "PWD_P14": "30.6", "PWD_P15": "32.1", "PWD_P16": "33.6", "PWD_P17": "35.0", "PWD_P18": "36.5", "PWD_P19": "38.0", "PWD_P20": "39.6", "PWD_P21": "41.2", "PWD_P22": "42.7", "PWD_P23": "44.3", "PWD_P24": "45.9", "PWD_P25": "47.6", "PWD_P26": "49.3", "PWD_P27": "50.9", "PWD_P28": "52.6", "PWD_P29": "54.4", "PWD_P30": "56.3", "PWD_P31": "58.3", "PWD_P32": "60.3", "PWD_P33": "62.5", "PWD_P34": "64.7", "PWD_P35": "66.9", "PWD_P36": "69.3", "PWD_P37": "71.7", "PWD_P38": "74.2", "PWD_P39": "76.7", "PWD_P40": "79.2", "PWD_P41": "81.8", "PWD_P42": "84.6", "PWD_P43": "87.5", "PWD_P44": "90.7", "PWD_P45": "94.0", "PWD_P46": "97.3", "PWD_P47": "100.7", "PWD_P48": "104.4", "PWD_P49": "108.3", "PWD_P50": "112.1", "PWD_P51": "116.2", "PWD_P52": "120.3", "PWD_P53": "124.6", "PWD_P54": "129.0", "PWD_P55": "133.7", "PWD_P56": "138.6", "PWD_P57": "143.6", "PWD_P58": "149.0", "PWD_P59": "154.5", "PWD_P60": "160.3", "PWD_P61": "166.6", "PWD_P62": "173.0", "PWD_P63": "179.9", "PWD_P64": "186.8", "PWD_P65": "193.6", "PWD_P66": "200.9", "PWD_P67": "209.1", "PWD_P68": "217.6", "PWD_P69": "226.2", "PWD_P70": "236.4", "PWD_P71": "248.2", "PWD_P72": "260.8", "PWD_P73": "274.7", "PWD_P74": "290.2", "PWD_P75": "306.5", "PWD_P76": "325.1", "PWD_P77": "347.3", "PWD_P78": "373.2", "PWD_P79": "409.3", "PWD_P80": "457.8", "PWD_P81": "513.1", "PWD_P82": "578.8", "PWD_P83": "674.3", "PWD_P84": "837.7", "PWD_P85": "996.4", "PWD_P86": "1175.4", "PWD_P87": "1441.8", "PWD_P88": "1760.8", "PWD_P89": "2057.6", "PWD_P90": "2399.1", "PWD_P91": "2731.4", "PWD_P92": "3111.5", "PWD_P93": "3342.4", "PWD_P94": "3766.1", "PWD_P95": "4228.8", "PWD_P96": "4617.7", "PWD_P97": "5174.1", "PWD_P98": "5691.7", "PWD_P99": "6229.8", "PWD_P100": "8826.6" }, "geometry": { "type": "Point", "coordinates": [ 125.68768310546875, -8.786999702453613 ] } },
{ "type": "Feature", "id": 171, "properties": { "lon": -66.349571228027344, "lat": 18.280620574951172, "year": "2000", "ISO": "PRI", "ISO_No": "630", "Name": "Puerto Rico", "PWC_Lat": "18.2806205749512", "PWC_Lon": "-66.3495712280273", "Pop": "3668955", "Density": "406.8", "Area": "9018.3", "PWD_A": "4666.1", "PWD_G": "2112.2", "PWD_M": "2724.2", "PWD_P1": "37.3", "PWD_P2": "60.6", "PWD_P3": "83.5", "PWD_P4": "106.4", "PWD_P5": "130.4", "PWD_P6": "156.4", "PWD_P7": "184.1", "PWD_P8": "213.3", "PWD_P9": "244.7", "PWD_P10": "277.1", "PWD_P11": "311.0", "PWD_P12": "346.7", "PWD_P13": "383.1", "PWD_P14": "419.7", "PWD_P15": "457.4", "PWD_P16": "495.6", "PWD_P17": "534.8", "PWD_P18": "574.5", "PWD_P19": "614.0", "PWD_P20": "654.9", "PWD_P21": "697.0", "PWD_P22": "739.7", "PWD_P23": "783.9", "PWD_P24": "828.7", "PWD_P25": "877.0", "PWD_P26": "925.0", "PWD_P27": "976.8", "PWD_P28": "1030.2", "PWD_P29": "1083.7", "PWD_P30": "1140.8", "PWD_P31": "1197.8", "PWD_P32": "1255.2", "PWD_P33": "1313.1", "PWD_P34": "1374.1", "PWD_P35": "1437.5", "PWD_P36": "1504.7", "PWD_P37": "1576.1", "PWD_P38": "1647.1", "PWD_P39": "1722.2", "PWD_P40": "1801.5", "PWD_P41": "1879.2", "PWD_P42": "1961.2", "PWD_P43": "2044.9", "PWD_P44": "2135.5", "PWD_P45": "2223.6", "PWD_P46": "2318.2", "PWD_P47": "2414.5", "PWD_P48": "2509.8", "PWD_P49": "2615.6", "PWD_P50": "2724.2", "PWD_P51": "2823.6", "PWD_P52": "2922.8", "PWD_P53": "3027.4", "PWD_P54": "3138.5", "PWD_P55": "3253.5", "PWD_P56": "3370.6", "PWD_P57": "3489.8", "PWD_P58": "3604.0", "PWD_P59": "3720.9", "PWD_P60": "3841.9", "PWD_P61": "3958.4", "PWD_P62": "4081.5", "PWD_P63": "4206.4", "PWD_P64": "4332.7", "PWD_P65": "4466.0", "PWD_P66": "4603.9", "PWD_P67": "4736.1", "PWD_P68": "4878.9", "PWD_P69": "5027.5", "PWD_P70": "5185.0", "PWD_P71": "5344.7", "PWD_P72": "5514.3", "PWD_P73": "5691.2", "PWD_P74": "5867.4", "PWD_P75": "6059.5", "PWD_P76": "6268.7", "PWD_P77": "6481.5", "PWD_P78": "6690.4", "PWD_P79": "6919.4", "PWD_P80": "7170.8", "PWD_P81": "7444.7", "PWD_P82": "7741.2", "PWD_P83": "8055.7", "PWD_P84": "8354.0", "PWD_P85": "8711.4", "PWD_P86": "9068.8", "PWD_P87": "9458.0", "PWD_P88": "9874.1", "PWD_P89": "10362.6", "PWD_P90": "10916.2", "PWD_P91": "11582.3", "PWD_P92": "12293.9", "PWD_P93": "13059.2", "PWD_P94": "13979.5", "PWD_P95": "15176.9", "PWD_P96": "16709.8", "PWD_P97": "18984.8", "PWD_P98": "22630.2", "PWD_P99": "30275.8", "PWD_P100": "125490.4" }, "geometry": { "type": "Point", "coordinates": [ -66.349571228027344, 18.280620574951172 ] } },
{ "type": "Feature", "id": 172, "properties": { "lon": 51.459510803222656, "lat": 25.32386589050293, "year": "2000", "ISO": "QAT", "ISO_No": "634", "Name": "Qatar", "PWC_Lat": "25.3238658905029", "PWC_Lon": "51.4595108032227", "Pop": "592466", "Density": "52.4", "Area": "11305.1", "PWD_A": "2255.6", "PWD_G": "746.3", "PWD_M": "1120.7", "PWD_P1": "4.8", "PWD_P2": "9.9", "PWD_P3": "16.6", "PWD_P4": "23.8", "PWD_P5": "31.3", "PWD_P6": "38.3", "PWD_P7": "44.8", "PWD_P8": "50.7", "PWD_P9": "56.4", "PWD_P10": "62.2", "PWD_P11": "67.6", "PWD_P12": "73.2", "PWD_P13": "79.5", "PWD_P14": "85.3", "PWD_P15": "91.1", "PWD_P16": "97.3", "PWD_P17": "103.8", "PWD_P18": "111.5", "PWD_P19": "118.6", "PWD_P20": "126.6", "PWD_P21": "135.9", "PWD_P22": "146.7", "PWD_P23": "157.6", "PWD_P24": "169.9", "PWD_P25": "182.0", "PWD_P26": "195.9", "PWD_P27": "213.3", "PWD_P28": "232.1", "PWD_P29": "254.1", "PWD_P30": "277.1", "PWD_P31": "302.7", "PWD_P32": "329.2", "PWD_P33": "359.0", "PWD_P34": "389.4", "PWD_P35": "416.6", "PWD_P36": "443.8", "PWD_P37": "475.8", "PWD_P38": "513.6", "PWD_P39": "553.4", "PWD_P40": "592.1", "PWD_P41": "635.0", "PWD_P42": "682.5", "PWD_P43": "736.1", "PWD_P44": "789.1", "PWD_P45": "839.8", "PWD_P46": "895.3", "PWD_P47": "950.7", "PWD_P48": "1003.3", "PWD_P49": "1060.2", "PWD_P50": "1120.7", "PWD_P51": "1179.4", "PWD_P52": "1240.4", "PWD_P53": "1302.5", "PWD_P54": "1360.3", "PWD_P55": "1420.8", "PWD_P56": "1484.6", "PWD_P57": "1548.2", "PWD_P58": "1610.8", "PWD_P59": "1671.2", "PWD_P60": "1733.6", "PWD_P61": "1806.1", "PWD_P62": "1894.9", "PWD_P63": "1985.6", "PWD_P64": "2070.4", "PWD_P65": "2159.9", "PWD_P66": "2230.0", "PWD_P67": "2310.4", "PWD_P68": "2402.1", "PWD_P69": "2514.1", "PWD_P70": "2645.6", "PWD_P71": "2792.3", "PWD_P72": "2942.6", "PWD_P73": "3103.5", "PWD_P74": "3284.6", "PWD_P75": "3430.3", "PWD_P76": "3595.9", "PWD_P77": "3769.2", "PWD_P78": "3929.1", "PWD_P79": "4085.7", "PWD_P80": "4242.8", "PWD_P81": "4396.0", "PWD_P82": "4555.7", "PWD_P83": "4725.9", "PWD_P84": "4877.4", "PWD_P85": "5018.6", "PWD_P86": "5182.3", "PWD_P87": "5385.0", "PWD_P88": "5627.2", "PWD_P89": "5849.0", "PWD_P90": "6083.6", "PWD_P91": "6326.7", "PWD_P92": "6584.6", "PWD_P93": "7054.6", "PWD_P94": "7577.5", "PWD_P95": "7985.4", "PWD_P96": "8517.7", "PWD_P97": "9143.4", "PWD_P98": "10784.9", "PWD_P99": "13304.2", "PWD_P100": "19473.2" }, "geometry": { "type": "Point", "coordinates": [ 51.459510803222656, 25.32386589050293 ] } },
{ "type": "Feature", "id": 173, "properties": { "lon": 55.471683502197266, "lat": -21.089284896850586, "year": "2000", "ISO": "REU", "ISO_No": "638", "Name": "Reunion", "PWC_Lat": "-21.0892848968506", "PWC_Lon": "55.4716835021973", "Pop": "736713", "Density": "293.6", "Area": "2509.3", "PWD_A": "683.1", "PWD_G": "471.1", "PWD_M": "493.6", "PWD_P1": "39.3", "PWD_P2": "53.1", "PWD_P3": "66.3", "PWD_P4": "79.6", "PWD_P5": "89.1", "PWD_P6": "100.8", "PWD_P7": "112.0", "PWD_P8": "122.0", "PWD_P9": "132.4", "PWD_P10": "142.4", "PWD_P11": "154.7", "PWD_P12": "167.6", "PWD_P13": "179.7", "PWD_P14": "189.6", "PWD_P15": "197.3", "PWD_P16": "204.3", "PWD_P17": "211.3", "PWD_P18": "218.8", "PWD_P19": "227.2", "PWD_P20": "235.9", "PWD_P21": "244.4", "PWD_P22": "252.8", "PWD_P23": "261.3", "PWD_P24": "269.8", "PWD_P25": "277.6", "PWD_P26": "285.0", "PWD_P27": "292.1", "PWD_P28": "298.4", "PWD_P29": "304.2", "PWD_P30": "309.7", "PWD_P31": "315.5", "PWD_P32": "321.5", "PWD_P33": "328.4", "PWD_P34": "335.9", "PWD_P35": "343.7", "PWD_P36": "351.7", "PWD_P37": "359.7", "PWD_P38": "367.8", "PWD_P39": "376.6", "PWD_P40": "385.5", "PWD_P41": "394.3", "PWD_P42": "402.7", "PWD_P43": "411.5", "PWD_P44": "421.5", "PWD_P45": "432.3", "PWD_P46": "443.1", "PWD_P47": "455.0", "PWD_P48": "468.4", "PWD_P49": "480.7", "PWD_P50": "493.6", "PWD_P51": "507.2", "PWD_P52": "520.5", "PWD_P53": "534.4", "PWD_P54": "547.7", "PWD_P55": "561.9", "PWD_P56": "575.8", "PWD_P57": "590.7", "PWD_P58": "606.0", "PWD_P59": "621.0", "PWD_P60": "634.4", "PWD_P61": "648.9", "PWD_P62": "663.3", "PWD_P63": "676.7", "PWD_P64": "688.4", "PWD_P65": "703.0", "PWD_P66": "716.5", "PWD_P67": "729.0", "PWD_P68": "742.2", "PWD_P69": "755.9", "PWD_P70": "769.3", "PWD_P71": "786.3", "PWD_P72": "806.1", "PWD_P73": "824.3", "PWD_P74": "843.3", "PWD_P75": "863.4", "PWD_P76": "883.6", "PWD_P77": "902.8", "PWD_P78": "921.9", "PWD_P79": "942.9", "PWD_P80": "965.9", "PWD_P81": "992.2", "PWD_P82": "1022.1", "PWD_P83": "1064.6", "PWD_P84": "1128.4", "PWD_P85": "1192.4", "PWD_P86": "1259.5", "PWD_P87": "1325.1", "PWD_P88": "1416.0", "PWD_P89": "1495.1", "PWD_P90": "1570.2", "PWD_P91": "1615.2", "PWD_P92": "1655.2", "PWD_P93": "1706.2", "PWD_P94": "1790.2", "PWD_P95": "2153.1", "PWD_P96": "2396.6", "PWD_P97": "2511.8", "PWD_P98": "2633.9", "PWD_P99": "2784.8", "PWD_P100": "3146.6" }, "geometry": { "type": "Point", "coordinates": [ 55.471683502197266, -21.089284896850586 ] } },
{ "type": "Feature", "id": 174, "properties": { "lon": 25.23638916015625, "lat": 45.712654113769531, "year": "2000", "ISO": "ROU", "ISO_No": "642", "Name": "Romania", "PWC_Lat": "45.7126541137695", "PWC_Lon": "25.2363891601562", "Pop": "22137423", "Density": "94.2", "Area": "234887.1", "PWD_A": "2814.4", "PWD_G": "557.8", "PWD_M": "535.8", "PWD_P1": "9.0", "PWD_P2": "13.3", "PWD_P3": "17.0", "PWD_P4": "20.3", "PWD_P5": "23.4", "PWD_P6": "26.3", "PWD_P7": "29.0", "PWD_P8": "31.7", "PWD_P9": "34.3", "PWD_P10": "36.8", "PWD_P11": "39.3", "PWD_P12": "41.8", "PWD_P13": "44.3", "PWD_P14": "46.8", "PWD_P15": "49.4", "PWD_P16": "52.1", "PWD_P17": "54.9", "PWD_P18": "57.8", "PWD_P19": "60.8", "PWD_P20": "64.1", "PWD_P21": "67.5", "PWD_P22": "71.1", "PWD_P23": "75.1", "PWD_P24": "79.3", "PWD_P25": "84.0", "PWD_P26": "89.1", "PWD_P27": "94.6", "PWD_P28": "100.7", "PWD_P29": "107.4", "PWD_P30": "114.8", "PWD_P31": "122.9", "PWD_P32": "131.7", "PWD_P33": "141.4", "PWD_P34": "152.1", "PWD_P35": "163.8", "PWD_P36": "176.5", "PWD_P37": "190.5", "PWD_P38": "205.7", "PWD_P39": "222.5", "PWD_P40": "240.6", "PWD_P41": "260.3", "PWD_P42": "281.9", "PWD_P43": "305.3", "PWD_P44": "330.8", "PWD_P45": "358.4", "PWD_P46": "388.8", "PWD_P47": "422.0", "PWD_P48": "457.2", "PWD_P49": "494.8", "PWD_P50": "535.8", "PWD_P51": "579.5", "PWD_P52": "627.1", "PWD_P53": "680.1", "PWD_P54": "738.0", "PWD_P55": "803.0", "PWD_P56": "875.9", "PWD_P57": "957.1", "PWD_P58": "1048.5", "PWD_P59": "1152.7", "PWD_P60": "1265.2", "PWD_P61": "1390.1", "PWD_P62": "1525.1", "PWD_P63": "1669.4", "PWD_P64": "1823.7", "PWD_P65": "1984.7", "PWD_P66": "2154.6", "PWD_P67": "2336.4", "PWD_P68": "2531.0", "PWD_P69": "2726.5", "PWD_P70": "2932.5", "PWD_P71": "3141.9", "PWD_P72": "3359.6", "PWD_P73": "3575.8", "PWD_P74": "3812.9", "PWD_P75": "4077.2", "PWD_P76": "4361.1", "PWD_P77": "4659.4", "PWD_P78": "4959.7", "PWD_P79": "5245.2", "PWD_P80": "5566.2", "PWD_P81": "5893.2", "PWD_P82": "6200.5", "PWD_P83": "6484.9", "PWD_P84": "6822.3", "PWD_P85": "7176.6", "PWD_P86": "7544.9", "PWD_P87": "7902.1", "PWD_P88": "8171.2", "PWD_P89": "8406.5", "PWD_P90": "8670.6", "PWD_P91": "9024.9", "PWD_P92": "9641.4", "PWD_P93": "10550.1", "PWD_P94": "12089.4", "PWD_P95": "13592.9", "PWD_P96": "14909.6", "PWD_P97": "15877.7", "PWD_P98": "16570.8", "PWD_P99": "17179.6", "PWD_P100": "18642.8" }, "geometry": { "type": "Point", "coordinates": [ 25.23638916015625, 45.712654113769531 ] } },
{ "type": "Feature", "id": 175, "properties": { "lon": 29.816795349121094, "lat": -1.9971338510513306, "year": "2000", "ISO": "RWA", "ISO_No": "646", "Name": "Rwanda", "PWC_Lat": "-1.99713385105133", "PWC_Lon": "29.8167953491211", "Pop": "7933688", "Density": "332.2", "Area": "23880.7", "PWD_A": "1013.9", "PWD_G": "509.7", "PWD_M": "435.9", "PWD_P1": "73.1", "PWD_P2": "114.6", "PWD_P3": "142.8", "PWD_P4": "165.0", "PWD_P5": "181.2", "PWD_P6": "193.5", "PWD_P7": "203.1", "PWD_P8": "211.4", "PWD_P9": "218.6", "PWD_P10": "225.2", "PWD_P11": "231.3", "PWD_P12": "237.2", "PWD_P13": "242.7", "PWD_P14": "248.0", "PWD_P15": "253.2", "PWD_P16": "258.1", "PWD_P17": "263.0", "PWD_P18": "267.7", "PWD_P19": "272.4", "PWD_P20": "277.0", "PWD_P21": "281.8", "PWD_P22": "286.6", "PWD_P23": "291.6", "PWD_P24": "296.4", "PWD_P25": "301.3", "PWD_P26": "306.4", "PWD_P27": "311.5", "PWD_P28": "316.6", "PWD_P29": "321.6", "PWD_P30": "326.6", "PWD_P31": "331.6", "PWD_P32": "336.5", "PWD_P33": "341.4", "PWD_P34": "346.5", "PWD_P35": "351.6", "PWD_P36": "356.9", "PWD_P37": "362.2", "PWD_P38": "367.7", "PWD_P39": "373.1", "PWD_P40": "378.4", "PWD_P41": "383.6", "PWD_P42": "388.9", "PWD_P43": "394.4", "PWD_P44": "399.8", "PWD_P45": "405.1", "PWD_P46": "410.7", "PWD_P47": "416.5", "PWD_P48": "422.7", "PWD_P49": "429.2", "PWD_P50": "435.9", "PWD_P51": "442.8", "PWD_P52": "450.1", "PWD_P53": "457.6", "PWD_P54": "465.2", "PWD_P55": "473.0", "PWD_P56": "481.1", "PWD_P57": "489.6", "PWD_P58": "498.2", "PWD_P59": "506.8", "PWD_P60": "515.6", "PWD_P61": "524.6", "PWD_P62": "533.6", "PWD_P63": "542.5", "PWD_P64": "551.6", "PWD_P65": "561.1", "PWD_P66": "571.0", "PWD_P67": "581.6", "PWD_P68": "593.0", "PWD_P69": "605.2", "PWD_P70": "618.1", "PWD_P71": "631.6", "PWD_P72": "645.6", "PWD_P73": "660.9", "PWD_P74": "677.3", "PWD_P75": "694.8", "PWD_P76": "712.8", "PWD_P77": "730.8", "PWD_P78": "750.1", "PWD_P79": "770.3", "PWD_P80": "792.7", "PWD_P81": "817.0", "PWD_P82": "844.5", "PWD_P83": "873.6", "PWD_P84": "906.8", "PWD_P85": "945.2", "PWD_P86": "991.4", "PWD_P87": "1049.4", "PWD_P88": "1125.4", "PWD_P89": "1218.1", "PWD_P90": "1335.9", "PWD_P91": "1503.5", "PWD_P92": "1757.9", "PWD_P93": "2168.9", "PWD_P94": "2692.5", "PWD_P95": "3476.5", "PWD_P96": "4607.8", "PWD_P97": "6311.0", "PWD_P98": "8655.5", "PWD_P99": "15483.3", "PWD_P100": "30156.8" }, "geometry": { "type": "Point", "coordinates": [ 29.816795349121094, -1.997133851051331 ] } },
{ "type": "Feature", "id": 176, "properties": { "lon": -62.830970764160156, "lat": 17.903604507446289, "year": "2000", "ISO": "BLM", "ISO_No": "652", "Name": "Saint Barthelemy", "PWC_Lat": "17.9036045074463", "PWC_Lon": "-62.8309707641602", "Pop": "7416", "Density": "260.5", "Area": "28.5", "PWD_A": "342.1", "PWD_G": "316.9", "PWD_M": "364.6", "PWD_P1": "52.2", "PWD_P2": "74.3", "PWD_P3": "100.9", "PWD_P4": "129.1", "PWD_P5": "145.5", "PWD_P6": "157.1", "PWD_P7": "169.0", "PWD_P8": "178.6", "PWD_P9": "185.5", "PWD_P10": "190.5", "PWD_P11": "195.9", "PWD_P12": "200.5", "PWD_P13": "204.8", "PWD_P14": "209.8", "PWD_P15": "216.5", "PWD_P16": "226.3", "PWD_P17": "234.2", "PWD_P18": "239.1", "PWD_P19": "243.7", "PWD_P20": "247.9", "PWD_P21": "252.1", "PWD_P22": "256.4", "PWD_P23": "260.9", "PWD_P24": "263.9", "PWD_P25": "268.6", "PWD_P26": "273.3", "PWD_P27": "276.2", "PWD_P28": "280.8", "PWD_P29": "284.0", "PWD_P30": "286.9", "PWD_P31": "289.9", "PWD_P32": "293.4", "PWD_P33": "297.6", "PWD_P34": "303.0", "PWD_P35": "309.6", "PWD_P36": "313.1", "PWD_P37": "317.9", "PWD_P38": "322.8", "PWD_P39": "327.4", "PWD_P40": "331.1", "PWD_P41": "334.1", "PWD_P42": "337.3", "PWD_P43": "340.3", "PWD_P44": "343.7", "PWD_P45": "348.6", "PWD_P46": "352.7", "PWD_P47": "356.7", "PWD_P48": "360.1", "PWD_P49": "362.5", "PWD_P50": "364.6", "PWD_P51": "367.0", "PWD_P52": "369.2", "PWD_P53": "372.5", "PWD_P54": "374.0", "PWD_P55": "377.1", "PWD_P56": "380.0", "PWD_P57": "382.3", "PWD_P58": "384.4", "PWD_P59": "386.3", "PWD_P60": "388.8", "PWD_P61": "391.4", "PWD_P62": "394.1", "PWD_P63": "397.3", "PWD_P64": "399.4", "PWD_P65": "401.4", "PWD_P66": "404.5", "PWD_P67": "406.7", "PWD_P68": "409.5", "PWD_P69": "413.0", "PWD_P70": "414.5", "PWD_P71": "417.2", "PWD_P72": "419.7", "PWD_P73": "422.4", "PWD_P74": "424.6", "PWD_P75": "426.7", "PWD_P76": "429.9", "PWD_P77": "433.1", "PWD_P78": "435.9", "PWD_P79": "439.4", "PWD_P80": "442.2", "PWD_P81": "443.3", "PWD_P82": "446.4", "PWD_P83": "450.1", "PWD_P84": "453.4", "PWD_P85": "455.9", "PWD_P86": "459.4", "PWD_P87": "462.9", "PWD_P88": "465.4", "PWD_P89": "467.8", "PWD_P90": "470.1", "PWD_P91": "472.4", "PWD_P92": "473.9", "PWD_P93": "475.9", "PWD_P94": "478.2", "PWD_P95": "480.6", "PWD_P96": "484.2", "PWD_P97": "487.9", "PWD_P98": "493.3", "PWD_P99": "502.9", "PWD_P100": "520.7" }, "geometry": { "type": "Point", "coordinates": [ -62.830970764160156, 17.903604507446289 ] } },
{ "type": "Feature", "id": 177, "properties": { "lon": -7.1259369850158691, "lat": -16.013633728027344, "year": "2000", "ISO": "SHN", "ISO_No": "654", "Name": "Saint Helena", "PWC_Lat": "-16.0136337280273", "PWC_Lon": "-7.12593698501587", "Pop": "6053", "Density": "19.4", "Area": "312.7", "PWD_A": "378.2", "PWD_G": "205.8", "PWD_M": "469.8", "PWD_P1": "2.8", "PWD_P2": "2.8", "PWD_P3": "2.9", "PWD_P4": "3.0", "PWD_P5": "3.7", "PWD_P6": "5.3", "PWD_P7": "6.1", "PWD_P8": "7.3", "PWD_P9": "7.7", "PWD_P10": "7.9", "PWD_P11": "8.2", "PWD_P12": "8.4", "PWD_P13": "8.6", "PWD_P14": "8.9", "PWD_P15": "9.4", "PWD_P16": "10.0", "PWD_P17": "10.8", "PWD_P18": "53.5", "PWD_P19": "74.1", "PWD_P20": "78.3", "PWD_P21": "91.0", "PWD_P22": "379.1", "PWD_P23": "425.3", "PWD_P24": "428.5", "PWD_P25": "432.8", "PWD_P26": "434.7", "PWD_P27": "437.1", "PWD_P28": "439.3", "PWD_P29": "440.4", "PWD_P30": "441.8", "PWD_P31": "443.6", "PWD_P32": "444.5", "PWD_P33": "445.9", "PWD_P34": "447.1", "PWD_P35": "448.5", "PWD_P36": "450.3", "PWD_P37": "452.2", "PWD_P38": "454.5", "PWD_P39": "456.2", "PWD_P40": "457.2", "PWD_P41": "458.4", "PWD_P42": "460.6", "PWD_P43": "462.8", "PWD_P44": "464.3", "PWD_P45": "465.3", "PWD_P46": "466.5", "PWD_P47": "467.2", "PWD_P48": "468.1", "PWD_P49": "469.2", "PWD_P50": "469.8", "PWD_P51": "470.5", "PWD_P52": "471.3", "PWD_P53": "472.7", "PWD_P54": "473.5", "PWD_P55": "474.5", "PWD_P56": "475.2", "PWD_P57": "476.1", "PWD_P58": "476.6", "PWD_P59": "477.1", "PWD_P60": "477.7", "PWD_P61": "478.3", "PWD_P62": "479.1", "PWD_P63": "480.4", "PWD_P64": "481.4", "PWD_P65": "482.4", "PWD_P66": "483.1", "PWD_P67": "483.5", "PWD_P68": "484.1", "PWD_P69": "484.6", "PWD_P70": "485.2", "PWD_P71": "486.1", "PWD_P72": "486.6", "PWD_P73": "487.3", "PWD_P74": "488.5", "PWD_P75": "490.4", "PWD_P76": "491.9", "PWD_P77": "492.9", "PWD_P78": "493.8", "PWD_P79": "495.6", "PWD_P80": "496.4", "PWD_P81": "496.8", "PWD_P82": "497.5", "PWD_P83": "498.5", "PWD_P84": "499.3", "PWD_P85": "499.9", "PWD_P86": "501.0", "PWD_P87": "502.1", "PWD_P88": "502.7", "PWD_P89": "504.1", "PWD_P90": "506.2", "PWD_P91": "507.7", "PWD_P92": "509.0", "PWD_P93": "510.4", "PWD_P94": "511.2", "PWD_P95": "512.2", "PWD_P96": "513.7", "PWD_P97": "515.2", "PWD_P98": "516.1", "PWD_P99": "517.8", "PWD_P100": "523.6" }, "geometry": { "type": "Point", "coordinates": [ -7.125936985015869, -16.013633728027344 ] } },
{ "type": "Feature", "id": 178, "properties": { "lon": -62.717521667480469, "lat": 17.28778076171875, "year": "2000", "ISO": "KNA", "ISO_No": "659", "Name": "Saint Kitts and Nevis", "PWC_Lat": "17.2877807617188", "PWC_Lon": "-62.7175216674805", "Pop": "44082", "Density": "160.7", "Area": "274.3", "PWD_A": "387.1", "PWD_G": "254.1", "PWD_M": "238.5", "PWD_P1": "29.5", "PWD_P2": "37.0", "PWD_P3": "42.6", "PWD_P4": "47.2", "PWD_P5": "51.8", "PWD_P6": "55.5", "PWD_P7": "60.1", "PWD_P8": "64.2", "PWD_P9": "68.7", "PWD_P10": "73.8", "PWD_P11": "76.8", "PWD_P12": "79.6", "PWD_P13": "81.7", "PWD_P14": "84.5", "PWD_P15": "87.2", "PWD_P16": "89.8", "PWD_P17": "93.1", "PWD_P18": "96.3", "PWD_P19": "99.4", "PWD_P20": "103.3", "PWD_P21": "107.8", "PWD_P22": "112.6", "PWD_P23": "116.4", "PWD_P24": "120.5", "PWD_P25": "124.1", "PWD_P26": "127.9", "PWD_P27": "131.9", "PWD_P28": "136.9", "PWD_P29": "141.4", "PWD_P30": "146.4", "PWD_P31": "151.5", "PWD_P32": "157.0", "PWD_P33": "162.2", "PWD_P34": "167.4", "PWD_P35": "172.1", "PWD_P36": "177.5", "PWD_P37": "182.5", "PWD_P38": "186.8", "PWD_P39": "191.3", "PWD_P40": "195.4", "PWD_P41": "199.3", "PWD_P42": "203.4", "PWD_P43": "207.1", "PWD_P44": "210.8", "PWD_P45": "214.9", "PWD_P46": "219.3", "PWD_P47": "224.0", "PWD_P48": "229.3", "PWD_P49": "234.0", "PWD_P50": "238.5", "PWD_P51": "244.3", "PWD_P52": "250.4", "PWD_P53": "256.2", "PWD_P54": "261.2", "PWD_P55": "266.7", "PWD_P56": "273.2", "PWD_P57": "280.1", "PWD_P58": "288.3", "PWD_P59": "303.8", "PWD_P60": "320.0", "PWD_P61": "334.9", "PWD_P62": "348.5", "PWD_P63": "360.6", "PWD_P64": "372.3", "PWD_P65": "386.4", "PWD_P66": "401.1", "PWD_P67": "418.2", "PWD_P68": "433.7", "PWD_P69": "447.4", "PWD_P70": "466.1", "PWD_P71": "485.0", "PWD_P72": "499.3", "PWD_P73": "519.0", "PWD_P74": "545.6", "PWD_P75": "577.7", "PWD_P76": "609.9", "PWD_P77": "650.8", "PWD_P78": "694.1", "PWD_P79": "744.2", "PWD_P80": "779.6", "PWD_P81": "812.8", "PWD_P82": "836.2", "PWD_P83": "857.3", "PWD_P84": "873.4", "PWD_P85": "888.8", "PWD_P86": "903.5", "PWD_P87": "921.6", "PWD_P88": "937.3", "PWD_P89": "957.9", "PWD_P90": "975.3", "PWD_P91": "1001.7", "PWD_P92": "1020.8", "PWD_P93": "1038.3", "PWD_P94": "1052.5", "PWD_P95": "1075.8", "PWD_P96": "1091.8", "PWD_P97": "1116.0", "PWD_P98": "1143.8", "PWD_P99": "1167.3", "PWD_P100": "1217.7" }, "geometry": { "type": "Point", "coordinates": [ -62.717521667480469, 17.28778076171875 ] } },
{ "type": "Feature", "id": 179, "properties": { "lon": -63.058071136474609, "lat": 18.21435546875, "year": "2000", "ISO": "AIA", "ISO_No": "660", "Name": "Anguilla", "PWC_Lat": "18.21435546875", "PWC_Lon": "-63.0580711364746", "Pop": "11246", "Density": "125.9", "Area": "89.3", "PWD_A": "223.0", "PWD_G": "177.3", "PWD_M": "157.2", "PWD_P1": "27.4", "PWD_P2": "50.5", "PWD_P3": "59.4", "PWD_P4": "64.3", "PWD_P5": "69.1", "PWD_P6": "73.3", "PWD_P7": "76.4", "PWD_P8": "80.6", "PWD_P9": "84.9", "PWD_P10": "87.4", "PWD_P11": "89.5", "PWD_P12": "91.8", "PWD_P13": "93.6", "PWD_P14": "95.2", "PWD_P15": "96.3", "PWD_P16": "97.6", "PWD_P17": "98.5", "PWD_P18": "99.6", "PWD_P19": "100.7", "PWD_P20": "101.9", "PWD_P21": "103.0", "PWD_P22": "104.4", "PWD_P23": "105.6", "PWD_P24": "106.7", "PWD_P25": "108.1", "PWD_P26": "109.2", "PWD_P27": "110.1", "PWD_P28": "111.3", "PWD_P29": "112.3", "PWD_P30": "113.3", "PWD_P31": "114.6", "PWD_P32": "115.8", "PWD_P33": "117.1", "PWD_P34": "118.5", "PWD_P35": "120.2", "PWD_P36": "122.2", "PWD_P37": "124.4", "PWD_P38": "127.2", "PWD_P39": "129.8", "PWD_P40": "132.6", "PWD_P41": "135.4", "PWD_P42": "138.1", "PWD_P43": "140.6", "PWD_P44": "142.6", "PWD_P45": "145.0", "PWD_P46": "147.2", "PWD_P47": "149.6", "PWD_P48": "152.1", "PWD_P49": "154.2", "PWD_P50": "157.2", "PWD_P51": "159.4", "PWD_P52": "163.2", "PWD_P53": "166.8", "PWD_P54": "170.4", "PWD_P55": "175.1", "PWD_P56": "180.4", "PWD_P57": "185.1", "PWD_P58": "189.2", "PWD_P59": "195.5", "PWD_P60": "201.2", "PWD_P61": "208.5", "PWD_P62": "214.4", "PWD_P63": "222.7", "PWD_P64": "228.5", "PWD_P65": "236.3", "PWD_P66": "242.7", "PWD_P67": "248.5", "PWD_P68": "254.7", "PWD_P69": "260.0", "PWD_P70": "268.0", "PWD_P71": "276.5", "PWD_P72": "286.5", "PWD_P73": "296.3", "PWD_P74": "309.0", "PWD_P75": "327.7", "PWD_P76": "350.2", "PWD_P77": "361.6", "PWD_P78": "371.5", "PWD_P79": "378.8", "PWD_P80": "385.3", "PWD_P81": "395.7", "PWD_P82": "404.7", "PWD_P83": "412.9", "PWD_P84": "421.9", "PWD_P85": "433.7", "PWD_P86": "442.8", "PWD_P87": "451.5", "PWD_P88": "464.3", "PWD_P89": "472.3", "PWD_P90": "482.4", "PWD_P91": "495.3", "PWD_P92": "504.3", "PWD_P93": "514.6", "PWD_P94": "521.6", "PWD_P95": "527.2", "PWD_P96": "532.3", "PWD_P97": "536.2", "PWD_P98": "540.9", "PWD_P99": "545.2", "PWD_P100": "560.5" }, "geometry": { "type": "Point", "coordinates": [ -63.058071136474609, 18.21435546875 ] } },
{ "type": "Feature", "id": 180, "properties": { "lon": -60.972980499267578, "lat": 13.927324295043945, "year": "2000", "ISO": "LCA", "ISO_No": "662", "Name": "Saint Lucia", "PWC_Lat": "13.9273242950439", "PWC_Lon": "-60.9729804992676", "Pop": "156737", "Density": "250.1", "Area": "626.8", "PWD_A": "920.7", "PWD_G": "512.7", "PWD_M": "560.1", "PWD_P1": "39.0", "PWD_P2": "50.4", "PWD_P3": "59.8", "PWD_P4": "68.9", "PWD_P5": "76.6", "PWD_P6": "83.1", "PWD_P7": "89.1", "PWD_P8": "96.3", "PWD_P9": "104.3", "PWD_P10": "110.9", "PWD_P11": "117.3", "PWD_P12": "123.5", "PWD_P13": "130.9", "PWD_P14": "138.3", "PWD_P15": "146.6", "PWD_P16": "153.1", "PWD_P17": "160.5", "PWD_P18": "167.8", "PWD_P19": "175.4", "PWD_P20": "184.1", "PWD_P21": "192.7", "PWD_P22": "202.0", "PWD_P23": "210.8", "PWD_P24": "219.3", "PWD_P25": "227.1", "PWD_P26": "235.9", "PWD_P27": "245.6", "PWD_P28": "254.0", "PWD_P29": "263.0", "PWD_P30": "272.4", "PWD_P31": "283.5", "PWD_P32": "295.2", "PWD_P33": "307.0", "PWD_P34": "318.7", "PWD_P35": "330.4", "PWD_P36": "343.6", "PWD_P37": "356.9", "PWD_P38": "371.1", "PWD_P39": "384.2", "PWD_P40": "397.7", "PWD_P41": "410.2", "PWD_P42": "425.1", "PWD_P43": "438.2", "PWD_P44": "452.8", "PWD_P45": "469.9", "PWD_P46": "488.1", "PWD_P47": "506.1", "PWD_P48": "523.1", "PWD_P49": "541.0", "PWD_P50": "560.1", "PWD_P51": "577.4", "PWD_P52": "592.2", "PWD_P53": "607.6", "PWD_P54": "621.3", "PWD_P55": "635.0", "PWD_P56": "650.3", "PWD_P57": "666.4", "PWD_P58": "682.9", "PWD_P59": "700.6", "PWD_P60": "717.4", "PWD_P61": "734.8", "PWD_P62": "751.1", "PWD_P63": "767.5", "PWD_P64": "783.1", "PWD_P65": "799.0", "PWD_P66": "817.9", "PWD_P67": "837.5", "PWD_P68": "862.3", "PWD_P69": "885.8", "PWD_P70": "910.5", "PWD_P71": "941.9", "PWD_P72": "971.4", "PWD_P73": "1000.6", "PWD_P74": "1033.5", "PWD_P75": "1072.4", "PWD_P76": "1114.2", "PWD_P77": "1158.2", "PWD_P78": "1207.5", "PWD_P79": "1263.3", "PWD_P80": "1343.2", "PWD_P81": "1461.0", "PWD_P82": "1603.7", "PWD_P83": "1707.0", "PWD_P84": "1813.3", "PWD_P85": "1932.9", "PWD_P86": "2027.3", "PWD_P87": "2127.9", "PWD_P88": "2233.6", "PWD_P89": "2334.3", "PWD_P90": "2409.1", "PWD_P91": "2506.5", "PWD_P92": "2583.1", "PWD_P93": "2656.7", "PWD_P94": "3117.0", "PWD_P95": "3820.0", "PWD_P96": "3993.9", "PWD_P97": "4156.7", "PWD_P98": "4377.3", "PWD_P99": "4502.5", "PWD_P100": "4709.3" }, "geometry": { "type": "Point", "coordinates": [ -60.972980499267578, 13.927324295043945 ] } },
{ "type": "Feature", "id": 181, "properties": { "lon": -63.061550140380859, "lat": 18.076749801635742, "year": "2000", "ISO": "MAF", "ISO_No": "663", "Name": "Saint Martin (French part)", "PWC_Lat": "18.0767498016357", "PWC_Lon": "-63.0615501403809", "Pop": "28934", "Density": "533.2", "Area": "54.3", "PWD_A": "711.9", "PWD_G": "631.0", "PWD_M": "602.9", "PWD_P1": "142.1", "PWD_P2": "180.9", "PWD_P3": "220.1", "PWD_P4": "242.5", "PWD_P5": "266.6", "PWD_P6": "289.8", "PWD_P7": "302.8", "PWD_P8": "314.9", "PWD_P9": "322.8", "PWD_P10": "333.0", "PWD_P11": "340.2", "PWD_P12": "350.3", "PWD_P13": "363.7", "PWD_P14": "375.8", "PWD_P15": "388.4", "PWD_P16": "398.2", "PWD_P17": "409.9", "PWD_P18": "421.2", "PWD_P19": "430.8", "PWD_P20": "438.3", "PWD_P21": "446.2", "PWD_P22": "453.5", "PWD_P23": "460.2", "PWD_P24": "466.8", "PWD_P25": "472.6", "PWD_P26": "477.1", "PWD_P27": "482.2", "PWD_P28": "486.4", "PWD_P29": "490.9", "PWD_P30": "494.3", "PWD_P31": "497.8", "PWD_P32": "502.2", "PWD_P33": "506.9", "PWD_P34": "510.5", "PWD_P35": "516.6", "PWD_P36": "521.2", "PWD_P37": "525.6", "PWD_P38": "530.1", "PWD_P39": "534.8", "PWD_P40": "539.6", "PWD_P41": "544.4", "PWD_P42": "548.2", "PWD_P43": "552.9", "PWD_P44": "557.7", "PWD_P45": "562.8", "PWD_P46": "569.4", "PWD_P47": "576.0", "PWD_P48": "582.8", "PWD_P49": "592.9", "PWD_P50": "602.9", "PWD_P51": "610.7", "PWD_P52": "618.7", "PWD_P53": "626.7", "PWD_P54": "635.1", "PWD_P55": "646.1", "PWD_P56": "659.5", "PWD_P57": "674.4", "PWD_P58": "693.6", "PWD_P59": "714.6", "PWD_P60": "735.3", "PWD_P61": "758.9", "PWD_P62": "775.9", "PWD_P63": "796.3", "PWD_P64": "821.5", "PWD_P65": "853.0", "PWD_P66": "882.4", "PWD_P67": "910.3", "PWD_P68": "928.8", "PWD_P69": "942.9", "PWD_P70": "952.7", "PWD_P71": "963.8", "PWD_P72": "972.8", "PWD_P73": "985.9", "PWD_P74": "994.8", "PWD_P75": "1005.3", "PWD_P76": "1017.7", "PWD_P77": "1027.3", "PWD_P78": "1037.1", "PWD_P79": "1048.4", "PWD_P80": "1060.8", "PWD_P81": "1071.3", "PWD_P82": "1081.3", "PWD_P83": "1093.3", "PWD_P84": "1108.7", "PWD_P85": "1120.0", "PWD_P86": "1139.2", "PWD_P87": "1156.6", "PWD_P88": "1171.7", "PWD_P89": "1188.6", "PWD_P90": "1204.7", "PWD_P91": "1218.5", "PWD_P92": "1235.9", "PWD_P93": "1258.0", "PWD_P94": "1279.2", "PWD_P95": "1296.7", "PWD_P96": "1309.9", "PWD_P97": "1324.7", "PWD_P98": "1340.7", "PWD_P99": "1361.0", "PWD_P100": "1413.1" }, "geometry": { "type": "Point", "coordinates": [ -63.061550140380859, 18.076749801635742 ] } },
{ "type": "Feature", "id": 182, "properties": { "lon": -56.206314086914062, "lat": 46.804187774658203, "year": "2000", "ISO": "SPM", "ISO_No": "666", "Name": "Saint Pierre and Miquelon", "PWC_Lat": "46.8041877746582", "PWC_Lon": "-56.2063140869141", "Pop": "6298", "Density": "27.2", "Area": "231.2", "PWD_A": "257.3", "PWD_G": "163.2", "PWD_M": "253.4", "PWD_P1": "1.5", "PWD_P2": "1.6", "PWD_P3": "1.8", "PWD_P4": "2.6", "PWD_P5": "4.2", "PWD_P6": "7.1", "PWD_P7": "11.5", "PWD_P8": "21.6", "PWD_P9": "33.3", "PWD_P10": "42.5", "PWD_P11": "49.8", "PWD_P12": "53.2", "PWD_P13": "55.7", "PWD_P14": "59.1", "PWD_P15": "62.6", "PWD_P16": "66.8", "PWD_P17": "72.1", "PWD_P18": "76.0", "PWD_P19": "81.1", "PWD_P20": "86.5", "PWD_P21": "94.3", "PWD_P22": "100.5", "PWD_P23": "107.5", "PWD_P24": "115.1", "PWD_P25": "120.7", "PWD_P26": "126.3", "PWD_P27": "132.3", "PWD_P28": "138.2", "PWD_P29": "143.8", "PWD_P30": "148.8", "PWD_P31": "153.2", "PWD_P32": "158.2", "PWD_P33": "164.3", "PWD_P34": "171.6", "PWD_P35": "178.0", "PWD_P36": "184.8", "PWD_P37": "192.7", "PWD_P38": "198.0", "PWD_P39": "202.8", "PWD_P40": "206.9", "PWD_P41": "210.1", "PWD_P42": "216.1", "PWD_P43": "222.3", "PWD_P44": "227.2", "PWD_P45": "232.0", "PWD_P46": "237.1", "PWD_P47": "240.0", "PWD_P48": "245.0", "PWD_P49": "249.3", "PWD_P50": "253.4", "PWD_P51": "258.5", "PWD_P52": "263.1", "PWD_P53": "267.0", "PWD_P54": "270.3", "PWD_P55": "274.4", "PWD_P56": "278.7", "PWD_P57": "281.9", "PWD_P58": "285.3", "PWD_P59": "289.1", "PWD_P60": "292.5", "PWD_P61": "297.1", "PWD_P62": "300.6", "PWD_P63": "303.0", "PWD_P64": "307.7", "PWD_P65": "312.1", "PWD_P66": "319.3", "PWD_P67": "324.4", "PWD_P68": "330.5", "PWD_P69": "337.4", "PWD_P70": "343.2", "PWD_P71": "351.1", "PWD_P72": "361.6", "PWD_P73": "369.8", "PWD_P74": "376.7", "PWD_P75": "387.9", "PWD_P76": "396.0", "PWD_P77": "404.9", "PWD_P78": "411.7", "PWD_P79": "418.3", "PWD_P80": "424.6", "PWD_P81": "432.4", "PWD_P82": "438.4", "PWD_P83": "444.9", "PWD_P84": "452.6", "PWD_P85": "457.7", "PWD_P86": "464.7", "PWD_P87": "470.5", "PWD_P88": "478.9", "PWD_P89": "488.1", "PWD_P90": "495.4", "PWD_P91": "500.8", "PWD_P92": "506.8", "PWD_P93": "514.2", "PWD_P94": "521.9", "PWD_P95": "538.0", "PWD_P96": "547.9", "PWD_P97": "556.6", "PWD_P98": "562.0", "PWD_P99": "567.0", "PWD_P100": "585.9" }, "geometry": { "type": "Point", "coordinates": [ -56.206314086914062, 46.804187774658203 ] } },
{ "type": "Feature", "id": 183, "properties": { "lon": -61.203212738037109, "lat": 13.17378044128418, "year": "2000", "ISO": "VCT", "ISO_No": "670", "Name": "Saint Vincent and the Grenadines", "PWC_Lat": "13.1737804412842", "PWC_Lon": "-61.2032127380371", "Pop": "107787", "Density": "259.7", "Area": "415.1", "PWD_A": "806.6", "PWD_G": "479.6", "PWD_M": "503.0", "PWD_P1": "47.8", "PWD_P2": "55.4", "PWD_P3": "60.4", "PWD_P4": "64.7", "PWD_P5": "70.3", "PWD_P6": "75.0", "PWD_P7": "78.8", "PWD_P8": "84.3", "PWD_P9": "90.3", "PWD_P10": "95.0", "PWD_P11": "100.8", "PWD_P12": "108.5", "PWD_P13": "116.4", "PWD_P14": "124.6", "PWD_P15": "133.2", "PWD_P16": "141.3", "PWD_P17": "150.8", "PWD_P18": "159.7", "PWD_P19": "168.3", "PWD_P20": "176.9", "PWD_P21": "186.6", "PWD_P22": "195.2", "PWD_P23": "203.5", "PWD_P24": "211.0", "PWD_P25": "217.5", "PWD_P26": "224.6", "PWD_P27": "232.4", "PWD_P28": "240.7", "PWD_P29": "249.3", "PWD_P30": "258.4", "PWD_P31": "268.1", "PWD_P32": "278.2", "PWD_P33": "288.7", "PWD_P34": "298.0", "PWD_P35": "308.8", "PWD_P36": "319.4", "PWD_P37": "330.2", "PWD_P38": "340.7", "PWD_P39": "354.4", "PWD_P40": "369.2", "PWD_P41": "382.8", "PWD_P42": "397.1", "PWD_P43": "411.3", "PWD_P44": "424.3", "PWD_P45": "438.5", "PWD_P46": "451.3", "PWD_P47": "463.6", "PWD_P48": "475.7", "PWD_P49": "490.1", "PWD_P50": "503.0", "PWD_P51": "515.6", "PWD_P52": "530.5", "PWD_P53": "543.0", "PWD_P54": "557.8", "PWD_P55": "572.5", "PWD_P56": "588.4", "PWD_P57": "606.1", "PWD_P58": "619.5", "PWD_P59": "634.4", "PWD_P60": "649.9", "PWD_P61": "669.9", "PWD_P62": "692.4", "PWD_P63": "718.1", "PWD_P64": "741.6", "PWD_P65": "768.1", "PWD_P66": "792.5", "PWD_P67": "826.0", "PWD_P68": "877.4", "PWD_P69": "933.0", "PWD_P70": "985.2", "PWD_P71": "1041.2", "PWD_P72": "1113.9", "PWD_P73": "1186.7", "PWD_P74": "1261.0", "PWD_P75": "1324.0", "PWD_P76": "1403.6", "PWD_P77": "1458.7", "PWD_P78": "1516.8", "PWD_P79": "1561.1", "PWD_P80": "1611.9", "PWD_P81": "1651.2", "PWD_P82": "1691.8", "PWD_P83": "1739.4", "PWD_P84": "1780.3", "PWD_P85": "1822.9", "PWD_P86": "1859.3", "PWD_P87": "1891.2", "PWD_P88": "1917.9", "PWD_P89": "1966.6", "PWD_P90": "2054.6", "PWD_P91": "2149.1", "PWD_P92": "2213.8", "PWD_P93": "2269.5", "PWD_P94": "2328.1", "PWD_P95": "2377.9", "PWD_P96": "2432.3", "PWD_P97": "2515.6", "PWD_P98": "2616.0", "PWD_P99": "2718.5", "PWD_P100": "2922.8" }, "geometry": { "type": "Point", "coordinates": [ -61.203212738037109, 13.17378044128418 ] } },
{ "type": "Feature", "id": 184, "properties": { "lon": 12.463545799255371, "lat": 43.944755554199219, "year": "2000", "ISO": "SMR", "ISO_No": "674", "Name": "San Marino", "PWC_Lat": "43.9447555541992", "PWC_Lon": "12.4635457992554", "Pop": "27460", "Density": "480.9", "Area": "57.1", "PWD_A": "1307.7", "PWD_G": "955.5", "PWD_M": "1198.9", "PWD_P1": "37.2", "PWD_P2": "61.8", "PWD_P3": "92.9", "PWD_P4": "129.8", "PWD_P5": "163.6", "PWD_P6": "191.0", "PWD_P7": "218.8", "PWD_P8": "245.2", "PWD_P9": "266.5", "PWD_P10": "287.5", "PWD_P11": "308.2", "PWD_P12": "332.9", "PWD_P13": "356.8", "PWD_P14": "372.7", "PWD_P15": "390.0", "PWD_P16": "406.1", "PWD_P17": "424.1", "PWD_P18": "437.2", "PWD_P19": "449.9", "PWD_P20": "464.4", "PWD_P21": "477.3", "PWD_P22": "492.5", "PWD_P23": "509.9", "PWD_P24": "529.3", "PWD_P25": "547.2", "PWD_P26": "567.6", "PWD_P27": "584.8", "PWD_P28": "604.2", "PWD_P29": "622.1", "PWD_P30": "641.2", "PWD_P31": "661.0", "PWD_P32": "684.0", "PWD_P33": "703.9", "PWD_P34": "724.1", "PWD_P35": "751.7", "PWD_P36": "787.9", "PWD_P37": "821.8", "PWD_P38": "853.0", "PWD_P39": "876.2", "PWD_P40": "898.9", "PWD_P41": "929.8", "PWD_P42": "960.6", "PWD_P43": "989.7", "PWD_P44": "1023.5", "PWD_P45": "1042.3", "PWD_P46": "1072.4", "PWD_P47": "1103.3", "PWD_P48": "1135.6", "PWD_P49": "1163.9", "PWD_P50": "1198.9", "PWD_P51": "1237.1", "PWD_P52": "1275.2", "PWD_P53": "1314.3", "PWD_P54": "1356.4", "PWD_P55": "1392.3", "PWD_P56": "1442.4", "PWD_P57": "1483.0", "PWD_P58": "1508.8", "PWD_P59": "1543.6", "PWD_P60": "1576.4", "PWD_P61": "1611.6", "PWD_P62": "1650.1", "PWD_P63": "1676.1", "PWD_P64": "1715.7", "PWD_P65": "1777.5", "PWD_P66": "1821.4", "PWD_P67": "1858.2", "PWD_P68": "1918.4", "PWD_P69": "1964.3", "PWD_P70": "1981.0", "PWD_P71": "2009.2", "PWD_P72": "2024.8", "PWD_P73": "2042.9", "PWD_P74": "2060.9", "PWD_P75": "2079.8", "PWD_P76": "2096.5", "PWD_P77": "2111.9", "PWD_P78": "2130.9", "PWD_P79": "2146.4", "PWD_P80": "2171.3", "PWD_P81": "2202.8", "PWD_P82": "2225.2", "PWD_P83": "2244.0", "PWD_P84": "2257.8", "PWD_P85": "2280.6", "PWD_P86": "2296.6", "PWD_P87": "2316.2", "PWD_P88": "2333.4", "PWD_P89": "2350.5", "PWD_P90": "2366.7", "PWD_P91": "2394.5", "PWD_P92": "2424.6", "PWD_P93": "2456.6", "PWD_P94": "2535.6", "PWD_P95": "2643.2", "PWD_P96": "2733.3", "PWD_P97": "2778.5", "PWD_P98": "2863.7", "PWD_P99": "2921.1", "PWD_P100": "3148.4" }, "geometry": { "type": "Point", "coordinates": [ 12.463545799255371, 43.944755554199219 ] } },
{ "type": "Feature", "id": 185, "properties": { "lon": 6.7098431587219238, "lat": 0.36514019966125488, "year": "2000", "ISO": "STP", "ISO_No": "678", "Name": "Sao Tome and Principe", "PWC_Lat": "0.365140199661255", "PWC_Lon": "6.70984315872192", "Pop": "142263", "Density": "139.0", "Area": "1023.2", "PWD_A": "2133.5", "PWD_G": "545.5", "PWD_M": "289.6", "PWD_P1": "17.1", "PWD_P2": "20.2", "PWD_P3": "25.4", "PWD_P4": "30.2", "PWD_P5": "34.5", "PWD_P6": "36.8", "PWD_P7": "38.7", "PWD_P8": "40.4", "PWD_P9": "42.4", "PWD_P10": "44.2", "PWD_P11": "46.0", "PWD_P12": "48.0", "PWD_P13": "50.5", "PWD_P14": "53.8", "PWD_P15": "58.8", "PWD_P16": "67.8", "PWD_P17": "83.0", "PWD_P18": "92.8", "PWD_P19": "98.3", "PWD_P20": "102.6", "PWD_P21": "106.8", "PWD_P22": "112.1", "PWD_P23": "119.9", "PWD_P24": "129.3", "PWD_P25": "137.6", "PWD_P26": "143.9", "PWD_P27": "150.9", "PWD_P28": "158.2", "PWD_P29": "164.8", "PWD_P30": "173.3", "PWD_P31": "189.3", "PWD_P32": "196.5", "PWD_P33": "206.1", "PWD_P34": "214.3", "PWD_P35": "222.1", "PWD_P36": "226.9", "PWD_P37": "232.7", "PWD_P38": "237.0", "PWD_P39": "241.9", "PWD_P40": "248.3", "PWD_P41": "251.8", "PWD_P42": "255.0", "PWD_P43": "258.2", "PWD_P44": "260.5", "PWD_P45": "263.1", "PWD_P46": "266.8", "PWD_P47": "271.3", "PWD_P48": "275.4", "PWD_P49": "281.3", "PWD_P50": "289.6", "PWD_P51": "297.9", "PWD_P52": "305.7", "PWD_P53": "312.3", "PWD_P54": "321.8", "PWD_P55": "336.5", "PWD_P56": "359.0", "PWD_P57": "407.5", "PWD_P58": "430.2", "PWD_P59": "448.5", "PWD_P60": "510.5", "PWD_P61": "542.0", "PWD_P62": "750.9", "PWD_P63": "3132.2", "PWD_P64": "3222.0", "PWD_P65": "3340.3", "PWD_P66": "3606.0", "PWD_P67": "3821.7", "PWD_P68": "3938.5", "PWD_P69": "4039.7", "PWD_P70": "4227.5", "PWD_P71": "4227.9", "PWD_P72": "4352.0", "PWD_P73": "4495.2", "PWD_P74": "4587.7", "PWD_P75": "4948.3", "PWD_P76": "5203.7", "PWD_P77": "5224.6", "PWD_P78": "5269.8", "PWD_P79": "5325.4", "PWD_P80": "5391.9", "PWD_P81": "5446.7", "PWD_P82": "5525.8", "PWD_P83": "6196.3", "PWD_P84": "6217.3", "PWD_P85": "6249.5", "PWD_P86": "6279.7", "PWD_P87": "6288.7", "PWD_P88": "6324.6", "PWD_P89": "6343.5", "PWD_P90": "6356.6", "PWD_P91": "6399.6", "PWD_P92": "6421.9", "PWD_P93": "6431.9", "PWD_P94": "6442.3", "PWD_P95": "6442.3", "PWD_P96": "6442.3", "PWD_P97": "6442.3", "PWD_P98": "6442.3", "PWD_P99": "6472.5", "PWD_P100": "6478.3" }, "geometry": { "type": "Point", "coordinates": [ 6.709843158721924, 0.365140199661255 ] } },
{ "type": "Feature", "id": 186, "properties": { "lon": 43.355, "lat": 23.3216, "year": "2000", "ISO": "SAU", "ISO_No": "682", "Name": "Saudi Arabia", "PWC_Lat": "23.3216", "PWC_Lon": "43.355", "Pop": "20663840", "Density": "10.8", "Area": "1912957.9", "PWD_A": "428.5", "PWD_G": "117.7", "PWD_M": "168.8", "PWD_P1": "0.7", "PWD_P2": "1.0", "PWD_P3": "1.2", "PWD_P4": "1.5", "PWD_P5": "1.9", "PWD_P6": "2.3", "PWD_P7": "2.8", "PWD_P8": "3.2", "PWD_P9": "3.8", "PWD_P10": "4.5", "PWD_P11": "5.3", "PWD_P12": "6.2", "PWD_P13": "7.1", "PWD_P14": "8.1", "PWD_P15": "9.2", "PWD_P16": "10.5", "PWD_P17": "12.1", "PWD_P18": "13.7", "PWD_P19": "15.5", "PWD_P20": "17.4", "PWD_P21": "19.5", "PWD_P22": "21.8", "PWD_P23": "24.1", "PWD_P24": "26.6", "PWD_P25": "29.2", "PWD_P26": "32.0", "PWD_P27": "35.1", "PWD_P28": "38.5", "PWD_P29": "42.2", "PWD_P30": "46.0", "PWD_P31": "50.0", "PWD_P32": "54.3", "PWD_P33": "58.8", "PWD_P34": "63.5", "PWD_P35": "68.6", "PWD_P36": "74.1", "PWD_P37": "79.8", "PWD_P38": "85.7", "PWD_P39": "91.5", "PWD_P40": "97.5", "PWD_P41": "104.1", "PWD_P42": "110.4", "PWD_P43": "115.3", "PWD_P44": "120.7", "PWD_P45": "127.0", "PWD_P46": "133.4", "PWD_P47": "139.9", "PWD_P48": "147.9", "PWD_P49": "157.8", "PWD_P50": "168.8", "PWD_P51": "179.2", "PWD_P52": "190.2", "PWD_P53": "203.6", "PWD_P54": "217.1", "PWD_P55": "231.0", "PWD_P56": "242.7", "PWD_P57": "256.9", "PWD_P58": "278.2", "PWD_P59": "300.2", "PWD_P60": "329.2", "PWD_P61": "358.6", "PWD_P62": "384.5", "PWD_P63": "410.6", "PWD_P64": "429.4", "PWD_P65": "443.7", "PWD_P66": "472.5", "PWD_P67": "513.9", "PWD_P68": "544.0", "PWD_P69": "584.9", "PWD_P70": "634.0", "PWD_P71": "665.1", "PWD_P72": "699.3", "PWD_P73": "739.1", "PWD_P74": "772.0", "PWD_P75": "803.4", "PWD_P76": "831.4", "PWD_P77": "851.7", "PWD_P78": "868.3", "PWD_P79": "886.6", "PWD_P80": "933.1", "PWD_P81": "973.0", "PWD_P82": "1000.8", "PWD_P83": "1021.0", "PWD_P84": "1037.7", "PWD_P85": "1049.7", "PWD_P86": "1059.5", "PWD_P87": "1068.7", "PWD_P88": "1080.4", "PWD_P89": "1094.8", "PWD_P90": "1115.3", "PWD_P91": "1202.4", "PWD_P92": "1281.0", "PWD_P93": "1364.1", "PWD_P94": "1456.0", "PWD_P95": "1524.8", "PWD_P96": "1573.6", "PWD_P97": "1648.4", "PWD_P98": "1724.6", "PWD_P99": "1829.2", "PWD_P100": "2099.0" }, "geometry": { "type": "Point", "coordinates": [ 43.355, 23.3216 ] } },
{ "type": "Feature", "id": 187, "properties": { "lon": -16.039054870605469, "lat": 14.51469612121582, "year": "2000", "ISO": "SEN", "ISO_No": "686", "Name": "Senegal", "PWC_Lat": "14.5146961212158", "PWC_Lon": "-16.0390548706055", "Pop": "9797731", "Density": "50.3", "Area": "194837.4", "PWD_A": "2728.0", "PWD_G": "292.5", "PWD_M": "171.0", "PWD_P1": "4.6", "PWD_P2": "6.3", "PWD_P3": "8.0", "PWD_P4": "9.8", "PWD_P5": "11.5", "PWD_P6": "13.3", "PWD_P7": "15.2", "PWD_P8": "17.2", "PWD_P9": "19.2", "PWD_P10": "21.2", "PWD_P11": "23.2", "PWD_P12": "25.1", "PWD_P13": "26.9", "PWD_P14": "28.7", "PWD_P15": "30.4", "PWD_P16": "32.3", "PWD_P17": "34.3", "PWD_P18": "36.4", "PWD_P19": "38.5", "PWD_P20": "40.7", "PWD_P21": "43.0", "PWD_P22": "45.3", "PWD_P23": "47.7", "PWD_P24": "50.1", "PWD_P25": "52.7", "PWD_P26": "55.3", "PWD_P27": "58.1", "PWD_P28": "60.9", "PWD_P29": "64.0", "PWD_P30": "67.2", "PWD_P31": "70.5", "PWD_P32": "74.0", "PWD_P33": "77.7", "PWD_P34": "81.4", "PWD_P35": "85.1", "PWD_P36": "88.8", "PWD_P37": "92.7", "PWD_P38": "96.9", "PWD_P39": "101.1", "PWD_P40": "105.7", "PWD_P41": "110.4", "PWD_P42": "115.5", "PWD_P43": "121.0", "PWD_P44": "127.2", "PWD_P45": "133.6", "PWD_P46": "140.3", "PWD_P47": "147.4", "PWD_P48": "154.9", "PWD_P49": "162.8", "PWD_P50": "171.0", "PWD_P51": "179.6", "PWD_P52": "189.9", "PWD_P53": "201.2", "PWD_P54": "214.7", "PWD_P55": "229.9", "PWD_P56": "246.1", "PWD_P57": "263.8", "PWD_P58": "285.3", "PWD_P59": "312.2", "PWD_P60": "343.2", "PWD_P61": "379.3", "PWD_P62": "420.1", "PWD_P63": "466.9", "PWD_P64": "513.8", "PWD_P65": "561.1", "PWD_P66": "608.3", "PWD_P67": "657.0", "PWD_P68": "707.7", "PWD_P69": "765.7", "PWD_P70": "836.5", "PWD_P71": "910.6", "PWD_P72": "1001.5", "PWD_P73": "1099.7", "PWD_P74": "1197.6", "PWD_P75": "1306.7", "PWD_P76": "1441.9", "PWD_P77": "1619.3", "PWD_P78": "1901.1", "PWD_P79": "2463.7", "PWD_P80": "3681.6", "PWD_P81": "7928.7", "PWD_P82": "8919.6", "PWD_P83": "9341.9", "PWD_P84": "9717.7", "PWD_P85": "10027.1", "PWD_P86": "10270.5", "PWD_P87": "10491.5", "PWD_P88": "10734.7", "PWD_P89": "10988.7", "PWD_P90": "11267.6", "PWD_P91": "11622.5", "PWD_P92": "12137.7", "PWD_P93": "12764.5", "PWD_P94": "13734.4", "PWD_P95": "15186.5", "PWD_P96": "16258.5", "PWD_P97": "17158.9", "PWD_P98": "17873.3", "PWD_P99": "18444.8", "PWD_P100": "20495.5" }, "geometry": { "type": "Point", "coordinates": [ -16.039054870605469, 14.51469612121582 ] } },
{ "type": "Feature", "id": 188, "properties": { "lon": 20.618198394775391, "lat": 44.432060241699219, "year": "2000", "ISO": "SRB", "ISO_No": "688", "Name": "Serbia", "PWC_Lat": "44.4320602416992", "PWC_Lon": "20.6181983947754", "Pop": "9487612", "Density": "125.1", "Area": "75842.4", "PWD_A": "3295.4", "PWD_G": "846.8", "PWD_M": "1259.9", "PWD_P1": "10.4", "PWD_P2": "15.3", "PWD_P3": "20.0", "PWD_P4": "24.9", "PWD_P5": "29.6", "PWD_P6": "34.2", "PWD_P7": "38.6", "PWD_P8": "42.7", "PWD_P9": "46.8", "PWD_P10": "50.8", "PWD_P11": "54.7", "PWD_P12": "58.7", "PWD_P13": "62.9", "PWD_P14": "67.2", "PWD_P15": "71.9", "PWD_P16": "77.1", "PWD_P17": "82.6", "PWD_P18": "88.7", "PWD_P19": "95.2", "PWD_P20": "102.3", "PWD_P21": "110.1", "PWD_P22": "118.7", "PWD_P23": "128.6", "PWD_P24": "139.4", "PWD_P25": "151.2", "PWD_P26": "163.8", "PWD_P27": "177.4", "PWD_P28": "192.1", "PWD_P29": "207.5", "PWD_P30": "224.3", "PWD_P31": "242.5", "PWD_P32": "262.2", "PWD_P33": "283.5", "PWD_P34": "306.3", "PWD_P35": "330.9", "PWD_P36": "357.7", "PWD_P37": "387.1", "PWD_P38": "420.1", "PWD_P39": "457.9", "PWD_P40": "500.5", "PWD_P41": "549.0", "PWD_P42": "604.6", "PWD_P43": "666.4", "PWD_P44": "734.0", "PWD_P45": "808.6", "PWD_P46": "888.1", "PWD_P47": "972.2", "PWD_P48": "1063.8", "PWD_P49": "1159.7", "PWD_P50": "1259.9", "PWD_P51": "1365.8", "PWD_P52": "1476.0", "PWD_P53": "1592.3", "PWD_P54": "1707.7", "PWD_P55": "1821.8", "PWD_P56": "1937.1", "PWD_P57": "2051.5", "PWD_P58": "2168.8", "PWD_P59": "2289.4", "PWD_P60": "2411.8", "PWD_P61": "2529.7", "PWD_P62": "2652.5", "PWD_P63": "2778.2", "PWD_P64": "2908.2", "PWD_P65": "3037.3", "PWD_P66": "3175.4", "PWD_P67": "3319.5", "PWD_P68": "3464.2", "PWD_P69": "3620.6", "PWD_P70": "3784.0", "PWD_P71": "3954.3", "PWD_P72": "4136.9", "PWD_P73": "4321.4", "PWD_P74": "4510.2", "PWD_P75": "4714.1", "PWD_P76": "4926.9", "PWD_P77": "5152.1", "PWD_P78": "5394.9", "PWD_P79": "5642.1", "PWD_P80": "5909.4", "PWD_P81": "6188.2", "PWD_P82": "6488.7", "PWD_P83": "6799.0", "PWD_P84": "7130.6", "PWD_P85": "7496.1", "PWD_P86": "7868.7", "PWD_P87": "8265.4", "PWD_P88": "8641.3", "PWD_P89": "9093.9", "PWD_P90": "9536.7", "PWD_P91": "10049.3", "PWD_P92": "10622.7", "PWD_P93": "11096.3", "PWD_P94": "11710.4", "PWD_P95": "12366.5", "PWD_P96": "13413.2", "PWD_P97": "15470.6", "PWD_P98": "17291.8", "PWD_P99": "21971.3", "PWD_P100": "30645.1" }, "geometry": { "type": "Point", "coordinates": [ 20.618198394775391, 44.432060241699219 ] } },
{ "type": "Feature", "id": 189, "properties": { "lon": 55.425933837890625, "lat": -4.6646327972412109, "year": "2000", "ISO": "SYC", "ISO_No": "690", "Name": "Seychelles", "PWC_Lat": "-4.66463279724121", "PWC_Lon": "55.4259338378906", "Pop": "80998", "Density": "150.5", "Area": "538.1", "PWD_A": "785.2", "PWD_G": "484.9", "PWD_M": "473.2", "PWD_P1": "6.2", "PWD_P2": "66.6", "PWD_P3": "77.8", "PWD_P4": "89.7", "PWD_P5": "99.2", "PWD_P6": "108.3", "PWD_P7": "119.4", "PWD_P8": "129.3", "PWD_P9": "137.2", "PWD_P10": "143.3", "PWD_P11": "150.1", "PWD_P12": "158.7", "PWD_P13": "168.0", "PWD_P14": "175.2", "PWD_P15": "182.0", "PWD_P16": "190.0", "PWD_P17": "198.8", "PWD_P18": "206.3", "PWD_P19": "212.2", "PWD_P20": "218.5", "PWD_P21": "224.2", "PWD_P22": "230.2", "PWD_P23": "235.6", "PWD_P24": "240.8", "PWD_P25": "246.3", "PWD_P26": "252.8", "PWD_P27": "260.3", "PWD_P28": "268.5", "PWD_P29": "276.5", "PWD_P30": "283.3", "PWD_P31": "290.8", "PWD_P32": "301.8", "PWD_P33": "316.2", "PWD_P34": "330.1", "PWD_P35": "343.7", "PWD_P36": "355.8", "PWD_P37": "369.8", "PWD_P38": "381.6", "PWD_P39": "392.9", "PWD_P40": "402.9", "PWD_P41": "409.8", "PWD_P42": "415.9", "PWD_P43": "422.3", "PWD_P44": "428.9", "PWD_P45": "434.9", "PWD_P46": "442.8", "PWD_P47": "450.0", "PWD_P48": "456.4", "PWD_P49": "464.7", "PWD_P50": "473.2", "PWD_P51": "481.9", "PWD_P52": "489.2", "PWD_P53": "496.1", "PWD_P54": "503.8", "PWD_P55": "513.3", "PWD_P56": "525.9", "PWD_P57": "540.1", "PWD_P58": "556.5", "PWD_P59": "578.2", "PWD_P60": "607.5", "PWD_P61": "642.8", "PWD_P62": "690.9", "PWD_P63": "729.6", "PWD_P64": "750.5", "PWD_P65": "775.7", "PWD_P66": "801.7", "PWD_P67": "827.9", "PWD_P68": "848.6", "PWD_P69": "866.7", "PWD_P70": "891.5", "PWD_P71": "914.8", "PWD_P72": "947.3", "PWD_P73": "979.4", "PWD_P74": "1020.3", "PWD_P75": "1075.6", "PWD_P76": "1120.0", "PWD_P77": "1162.8", "PWD_P78": "1200.6", "PWD_P79": "1240.9", "PWD_P80": "1271.0", "PWD_P81": "1302.6", "PWD_P82": "1343.2", "PWD_P83": "1385.2", "PWD_P84": "1442.9", "PWD_P85": "1497.0", "PWD_P86": "1554.2", "PWD_P87": "1625.6", "PWD_P88": "1716.9", "PWD_P89": "1807.2", "PWD_P90": "1867.2", "PWD_P91": "1919.9", "PWD_P92": "2015.0", "PWD_P93": "2131.2", "PWD_P94": "2299.3", "PWD_P95": "2495.8", "PWD_P96": "2689.7", "PWD_P97": "2839.8", "PWD_P98": "3155.4", "PWD_P99": "3902.0", "PWD_P100": "4645.6" }, "geometry": { "type": "Point", "coordinates": [ 55.425933837890625, -4.664632797241211 ] } },
{ "type": "Feature", "id": 190, "properties": { "lon": -12.05042552947998, "lat": 8.429229736328125, "year": "2000", "ISO": "SLE", "ISO_No": "694", "Name": "Sierra Leone", "PWC_Lat": "8.42922973632812", "PWC_Lon": "-12.05042552948", "Pop": "4584569", "Density": "63.1", "Area": "72645.8", "PWD_A": "2273.5", "PWD_G": "294.7", "PWD_M": "161.6", "PWD_P1": "10.1", "PWD_P2": "12.2", "PWD_P3": "14.0", "PWD_P4": "15.4", "PWD_P5": "16.7", "PWD_P6": "17.9", "PWD_P7": "19.1", "PWD_P8": "20.2", "PWD_P9": "21.4", "PWD_P10": "22.6", "PWD_P11": "23.8", "PWD_P12": "24.9", "PWD_P13": "26.1", "PWD_P14": "27.2", "PWD_P15": "28.4", "PWD_P16": "29.5", "PWD_P17": "30.7", "PWD_P18": "31.9", "PWD_P19": "33.3", "PWD_P20": "34.8", "PWD_P21": "36.4", "PWD_P22": "38.1", "PWD_P23": "39.8", "PWD_P24": "41.5", "PWD_P25": "43.4", "PWD_P26": "45.4", "PWD_P27": "47.5", "PWD_P28": "49.6", "PWD_P29": "51.8", "PWD_P30": "54.1", "PWD_P31": "56.6", "PWD_P32": "59.2", "PWD_P33": "61.9", "PWD_P34": "64.8", "PWD_P35": "68.0", "PWD_P36": "71.3", "PWD_P37": "74.8", "PWD_P38": "78.5", "PWD_P39": "82.5", "PWD_P40": "86.7", "PWD_P41": "91.4", "PWD_P42": "96.3", "PWD_P43": "101.7", "PWD_P44": "107.7", "PWD_P45": "114.3", "PWD_P46": "121.5", "PWD_P47": "128.9", "PWD_P48": "137.9", "PWD_P49": "148.8", "PWD_P50": "161.6", "PWD_P51": "174.9", "PWD_P52": "189.5", "PWD_P53": "204.3", "PWD_P54": "223.1", "PWD_P55": "243.1", "PWD_P56": "263.5", "PWD_P57": "286.3", "PWD_P58": "312.9", "PWD_P59": "342.6", "PWD_P60": "373.7", "PWD_P61": "413.1", "PWD_P62": "460.6", "PWD_P63": "515.7", "PWD_P64": "603.1", "PWD_P65": "707.2", "PWD_P66": "808.7", "PWD_P67": "919.1", "PWD_P68": "1036.9", "PWD_P69": "1139.7", "PWD_P70": "1254.7", "PWD_P71": "1371.2", "PWD_P72": "1542.8", "PWD_P73": "1691.9", "PWD_P74": "1871.2", "PWD_P75": "2061.4", "PWD_P76": "2653.7", "PWD_P77": "3557.6", "PWD_P78": "4392.5", "PWD_P79": "4998.8", "PWD_P80": "5397.0", "PWD_P81": "5810.0", "PWD_P82": "6101.6", "PWD_P83": "6294.1", "PWD_P84": "6416.8", "PWD_P85": "6531.8", "PWD_P86": "6845.2", "PWD_P87": "7385.3", "PWD_P88": "8603.8", "PWD_P89": "10048.0", "PWD_P90": "10507.2", "PWD_P91": "10781.3", "PWD_P92": "10996.0", "PWD_P93": "11159.4", "PWD_P94": "11345.0", "PWD_P95": "11499.3", "PWD_P96": "11693.7", "PWD_P97": "11820.8", "PWD_P98": "12021.3", "PWD_P99": "12360.0", "PWD_P100": "13576.2" }, "geometry": { "type": "Point", "coordinates": [ -12.05042552947998, 8.429229736328125 ] } },
{ "type": "Feature", "id": 191, "properties": { "lon": 103.83838653564453, "lat": 1.3529950380325317, "year": "2000", "ISO": "SGP", "ISO_No": "702", "Name": "Singapore", "PWC_Lat": "1.35299503803253", "PWC_Lon": "103.838386535645", "Pop": "4028871", "Density": "5849.7", "Area": "688.7", "PWD_A": "15608.8", "PWD_G": "13816.2", "PWD_M": "15710.8", "PWD_P1": "2380.7", "PWD_P2": "3116.0", "PWD_P3": "3705.7", "PWD_P4": "4246.8", "PWD_P5": "4674.1", "PWD_P6": "5039.2", "PWD_P7": "5395.6", "PWD_P8": "5724.3", "PWD_P9": "6045.1", "PWD_P10": "6362.0", "PWD_P11": "6681.0", "PWD_P12": "7021.3", "PWD_P13": "7340.8", "PWD_P14": "7681.8", "PWD_P15": "8007.0", "PWD_P16": "8322.8", "PWD_P17": "8653.4", "PWD_P18": "8960.6", "PWD_P19": "9291.6", "PWD_P20": "9580.2", "PWD_P21": "9884.6", "PWD_P22": "10146.4", "PWD_P23": "10409.0", "PWD_P24": "10680.9", "PWD_P25": "10937.5", "PWD_P26": "11181.6", "PWD_P27": "11398.3", "PWD_P28": "11632.4", "PWD_P29": "11864.5", "PWD_P30": "12080.3", "PWD_P31": "12317.9", "PWD_P32": "12527.4", "PWD_P33": "12723.5", "PWD_P34": "12929.1", "PWD_P35": "13114.0", "PWD_P36": "13297.8", "PWD_P37": "13474.8", "PWD_P38": "13651.3", "PWD_P39": "13844.5", "PWD_P40": "14032.2", "PWD_P41": "14210.1", "PWD_P42": "14387.5", "PWD_P43": "14555.8", "PWD_P44": "14736.8", "PWD_P45": "14913.4", "PWD_P46": "15082.1", "PWD_P47": "15233.1", "PWD_P48": "15388.5", "PWD_P49": "15543.9", "PWD_P50": "15710.8", "PWD_P51": "15879.1", "PWD_P52": "16028.4", "PWD_P53": "16198.5", "PWD_P54": "16377.2", "PWD_P55": "16532.2", "PWD_P56": "16690.0", "PWD_P57": "16860.6", "PWD_P58": "17025.9", "PWD_P59": "17202.6", "PWD_P60": "17383.3", "PWD_P61": "17537.7", "PWD_P62": "17719.4", "PWD_P63": "17867.3", "PWD_P64": "18038.4", "PWD_P65": "18222.6", "PWD_P66": "18376.0", "PWD_P67": "18551.6", "PWD_P68": "18740.1", "PWD_P69": "18939.0", "PWD_P70": "19119.8", "PWD_P71": "19331.3", "PWD_P72": "19523.5", "PWD_P73": "19726.6", "PWD_P74": "19927.4", "PWD_P75": "20116.1", "PWD_P76": "20312.6", "PWD_P77": "20508.3", "PWD_P78": "20728.7", "PWD_P79": "20940.3", "PWD_P80": "21162.5", "PWD_P81": "21409.5", "PWD_P82": "21610.8", "PWD_P83": "21846.9", "PWD_P84": "22085.4", "PWD_P85": "22363.8", "PWD_P86": "22620.4", "PWD_P87": "22908.6", "PWD_P88": "23227.3", "PWD_P89": "23536.6", "PWD_P90": "23906.0", "PWD_P91": "24271.6", "PWD_P92": "24652.2", "PWD_P93": "25127.0", "PWD_P94": "25671.0", "PWD_P95": "26280.9", "PWD_P96": "26943.2", "PWD_P97": "27970.5", "PWD_P98": "29582.7", "PWD_P99": "32951.9", "PWD_P100": "43600.3" }, "geometry": { "type": "Point", "coordinates": [ 103.838386535644531, 1.352995038032532 ] } },
{ "type": "Feature", "id": 192, "properties": { "lon": 19.158269882202148, "lat": 48.658935546875, "year": "2000", "ISO": "SVK", "ISO_No": "703", "Name": "Slovakia", "PWC_Lat": "48.658935546875", "PWC_Lon": "19.1582698822021", "Pop": "5399207", "Density": "111.0", "Area": "48621.9", "PWD_A": "1341.7", "PWD_G": "412.1", "PWD_M": "391.4", "PWD_P1": "11.5", "PWD_P2": "17.2", "PWD_P3": "21.7", "PWD_P4": "25.5", "PWD_P5": "28.9", "PWD_P6": "32.1", "PWD_P7": "35.2", "PWD_P8": "38.2", "PWD_P9": "41.2", "PWD_P10": "44.2", "PWD_P11": "47.2", "PWD_P12": "50.2", "PWD_P13": "53.3", "PWD_P14": "56.4", "PWD_P15": "59.6", "PWD_P16": "62.9", "PWD_P17": "66.4", "PWD_P18": "70.0", "PWD_P19": "73.8", "PWD_P20": "77.8", "PWD_P21": "81.9", "PWD_P22": "86.2", "PWD_P23": "90.8", "PWD_P24": "95.6", "PWD_P25": "100.6", "PWD_P26": "105.8", "PWD_P27": "111.5", "PWD_P28": "117.4", "PWD_P29": "123.7", "PWD_P30": "130.5", "PWD_P31": "137.8", "PWD_P32": "145.4", "PWD_P33": "153.5", "PWD_P34": "162.2", "PWD_P35": "171.7", "PWD_P36": "181.9", "PWD_P37": "192.8", "PWD_P38": "204.5", "PWD_P39": "216.6", "PWD_P40": "229.2", "PWD_P41": "242.4", "PWD_P42": "256.3", "PWD_P43": "270.8", "PWD_P44": "285.9", "PWD_P45": "301.9", "PWD_P46": "318.5", "PWD_P47": "335.8", "PWD_P48": "353.4", "PWD_P49": "371.9", "PWD_P50": "391.4", "PWD_P51": "412.4", "PWD_P52": "435.2", "PWD_P53": "460.3", "PWD_P54": "487.3", "PWD_P55": "516.9", "PWD_P56": "549.3", "PWD_P57": "585.6", "PWD_P58": "628.5", "PWD_P59": "677.0", "PWD_P60": "732.3", "PWD_P61": "795.1", "PWD_P62": "866.3", "PWD_P63": "947.2", "PWD_P64": "1032.8", "PWD_P65": "1122.0", "PWD_P66": "1209.6", "PWD_P67": "1300.0", "PWD_P68": "1394.7", "PWD_P69": "1485.7", "PWD_P70": "1573.5", "PWD_P71": "1660.2", "PWD_P72": "1753.1", "PWD_P73": "1842.6", "PWD_P74": "1933.2", "PWD_P75": "2018.5", "PWD_P76": "2099.6", "PWD_P77": "2178.0", "PWD_P78": "2254.9", "PWD_P79": "2336.8", "PWD_P80": "2419.9", "PWD_P81": "2500.3", "PWD_P82": "2580.0", "PWD_P83": "2658.2", "PWD_P84": "2738.1", "PWD_P85": "2818.2", "PWD_P86": "2903.9", "PWD_P87": "3002.1", "PWD_P88": "3126.4", "PWD_P89": "3261.6", "PWD_P90": "3420.0", "PWD_P91": "3611.3", "PWD_P92": "3880.1", "PWD_P93": "4260.2", "PWD_P94": "4839.0", "PWD_P95": "5513.7", "PWD_P96": "6102.3", "PWD_P97": "7031.2", "PWD_P98": "7717.7", "PWD_P99": "8734.4", "PWD_P100": "22935.9" }, "geometry": { "type": "Point", "coordinates": [ 19.158269882202148, 48.658935546875 ] } },
{ "type": "Feature", "id": 193, "properties": { "lon": 106.35977172851562, "lat": 15.965847969055176, "year": "2000", "ISO": "VNM", "ISO_No": "704", "Name": "Vietnam", "PWC_Lat": "15.9658479690552", "PWC_Lon": "106.359771728516", "Pop": "79910411", "Density": "245.3", "Area": "325815.5", "PWD_A": "2941.1", "PWD_G": "821.7", "PWD_M": "850.1", "PWD_P1": "21.7", "PWD_P2": "31.0", "PWD_P3": "38.9", "PWD_P4": "46.8", "PWD_P5": "55.0", "PWD_P6": "63.5", "PWD_P7": "72.1", "PWD_P8": "81.2", "PWD_P9": "90.5", "PWD_P10": "100.6", "PWD_P11": "111.4", "PWD_P12": "123.2", "PWD_P13": "135.8", "PWD_P14": "149.1", "PWD_P15": "162.8", "PWD_P16": "176.3", "PWD_P17": "190.5", "PWD_P18": "204.9", "PWD_P19": "218.7", "PWD_P20": "232.5", "PWD_P21": "247.5", "PWD_P22": "263.2", "PWD_P23": "279.2", "PWD_P24": "295.9", "PWD_P25": "313.3", "PWD_P26": "332.1", "PWD_P27": "351.5", "PWD_P28": "371.6", "PWD_P29": "392.4", "PWD_P30": "413.8", "PWD_P31": "435.3", "PWD_P32": "457.0", "PWD_P33": "478.8", "PWD_P34": "500.3", "PWD_P35": "521.6", "PWD_P36": "543.4", "PWD_P37": "565.1", "PWD_P38": "586.8", "PWD_P39": "609.1", "PWD_P40": "631.1", "PWD_P41": "653.0", "PWD_P42": "674.7", "PWD_P43": "696.2", "PWD_P44": "717.5", "PWD_P45": "738.7", "PWD_P46": "760.1", "PWD_P47": "782.0", "PWD_P48": "804.2", "PWD_P49": "826.8", "PWD_P50": "850.1", "PWD_P51": "873.7", "PWD_P52": "897.6", "PWD_P53": "921.7", "PWD_P54": "946.2", "PWD_P55": "971.2", "PWD_P56": "997.3", "PWD_P57": "1024.8", "PWD_P58": "1053.1", "PWD_P59": "1081.7", "PWD_P60": "1111.0", "PWD_P61": "1141.4", "PWD_P62": "1173.5", "PWD_P63": "1207.2", "PWD_P64": "1243.3", "PWD_P65": "1281.9", "PWD_P66": "1322.3", "PWD_P67": "1365.9", "PWD_P68": "1413.0", "PWD_P69": "1463.8", "PWD_P70": "1517.3", "PWD_P71": "1574.1", "PWD_P72": "1635.8", "PWD_P73": "1703.1", "PWD_P74": "1776.1", "PWD_P75": "1856.0", "PWD_P76": "1944.4", "PWD_P77": "2041.6", "PWD_P78": "2150.4", "PWD_P79": "2274.4", "PWD_P80": "2411.7", "PWD_P81": "2571.5", "PWD_P82": "2755.2", "PWD_P83": "2974.7", "PWD_P84": "3238.7", "PWD_P85": "3564.0", "PWD_P86": "3966.4", "PWD_P87": "4443.3", "PWD_P88": "5046.8", "PWD_P89": "5830.7", "PWD_P90": "6929.6", "PWD_P91": "8401.9", "PWD_P92": "10512.7", "PWD_P93": "12708.6", "PWD_P94": "15126.0", "PWD_P95": "18275.3", "PWD_P96": "21712.6", "PWD_P97": "25088.6", "PWD_P98": "28447.2", "PWD_P99": "32241.7", "PWD_P100": "45484.5" }, "geometry": { "type": "Point", "coordinates": [ 106.359771728515625, 15.965847969055176 ] } },
{ "type": "Feature", "id": 194, "properties": { "lon": 14.910052299499512, "lat": 46.176464080810547, "year": "2000", "ISO": "SVN", "ISO_No": "705", "Name": "Slovenia", "PWC_Lat": "46.1764640808105", "PWC_Lon": "14.9100522994995", "Pop": "1987710", "Density": "100.4", "Area": "19795.9", "PWD_A": "1194.5", "PWD_G": "450.4", "PWD_M": "544.4", "PWD_P1": "9.6", "PWD_P2": "14.6", "PWD_P3": "19.0", "PWD_P4": "23.0", "PWD_P5": "26.9", "PWD_P6": "30.8", "PWD_P7": "34.7", "PWD_P8": "38.6", "PWD_P9": "42.6", "PWD_P10": "46.5", "PWD_P11": "50.4", "PWD_P12": "54.4", "PWD_P13": "58.5", "PWD_P14": "62.6", "PWD_P15": "67.0", "PWD_P16": "71.5", "PWD_P17": "76.2", "PWD_P18": "81.1", "PWD_P19": "86.2", "PWD_P20": "91.4", "PWD_P21": "96.9", "PWD_P22": "102.6", "PWD_P23": "108.6", "PWD_P24": "114.9", "PWD_P25": "121.5", "PWD_P26": "128.3", "PWD_P27": "135.6", "PWD_P28": "143.4", "PWD_P29": "151.5", "PWD_P30": "160.3", "PWD_P31": "169.5", "PWD_P32": "179.3", "PWD_P33": "189.7", "PWD_P34": "201.0", "PWD_P35": "212.7", "PWD_P36": "225.5", "PWD_P37": "239.3", "PWD_P38": "254.4", "PWD_P39": "270.3", "PWD_P40": "287.3", "PWD_P41": "306.0", "PWD_P42": "325.6", "PWD_P43": "346.7", "PWD_P44": "369.2", "PWD_P45": "393.2", "PWD_P46": "418.6", "PWD_P47": "446.9", "PWD_P48": "477.1", "PWD_P49": "509.3", "PWD_P50": "544.4", "PWD_P51": "580.9", "PWD_P52": "620.1", "PWD_P53": "661.3", "PWD_P54": "704.3", "PWD_P55": "749.2", "PWD_P56": "796.9", "PWD_P57": "845.5", "PWD_P58": "899.0", "PWD_P59": "955.1", "PWD_P60": "1011.5", "PWD_P61": "1068.6", "PWD_P62": "1126.5", "PWD_P63": "1188.3", "PWD_P64": "1250.6", "PWD_P65": "1316.7", "PWD_P66": "1383.1", "PWD_P67": "1453.6", "PWD_P68": "1526.7", "PWD_P69": "1602.4", "PWD_P70": "1675.7", "PWD_P71": "1748.0", "PWD_P72": "1822.8", "PWD_P73": "1899.0", "PWD_P74": "1982.5", "PWD_P75": "2065.5", "PWD_P76": "2153.2", "PWD_P77": "2242.2", "PWD_P78": "2325.9", "PWD_P79": "2403.9", "PWD_P80": "2482.9", "PWD_P81": "2563.5", "PWD_P82": "2639.0", "PWD_P83": "2712.0", "PWD_P84": "2783.5", "PWD_P85": "2854.8", "PWD_P86": "2927.9", "PWD_P87": "2998.8", "PWD_P88": "3067.8", "PWD_P89": "3136.2", "PWD_P90": "3207.1", "PWD_P91": "3289.2", "PWD_P92": "3368.0", "PWD_P93": "3459.4", "PWD_P94": "3555.4", "PWD_P95": "3661.0", "PWD_P96": "3771.3", "PWD_P97": "3918.4", "PWD_P98": "4131.6", "PWD_P99": "4709.4", "PWD_P100": "16583.0" }, "geometry": { "type": "Point", "coordinates": [ 14.910052299499512, 46.176464080810547 ] } },
{ "type": "Feature", "id": 195, "properties": { "lon": 45.139041900634766, "lat": 4.9928398132324219, "year": "2000", "ISO": "SOM", "ISO_No": "706", "Name": "Somalia", "PWC_Lat": "4.99283981323242", "PWC_Lon": "45.1390419006348", "Pop": "8872249", "Density": "14.0", "Area": "635392.6", "PWD_A": "953.5", "PWD_G": "45.1", "PWD_M": "26.6", "PWD_P1": "2.2", "PWD_P2": "2.8", "PWD_P3": "3.3", "PWD_P4": "3.7", "PWD_P5": "4.0", "PWD_P6": "4.3", "PWD_P7": "4.6", "PWD_P8": "4.9", "PWD_P9": "5.2", "PWD_P10": "5.5", "PWD_P11": "5.8", "PWD_P12": "6.1", "PWD_P13": "6.4", "PWD_P14": "6.7", "PWD_P15": "6.9", "PWD_P16": "7.2", "PWD_P17": "7.4", "PWD_P18": "7.7", "PWD_P19": "8.0", "PWD_P20": "8.4", "PWD_P21": "8.7", "PWD_P22": "9.1", "PWD_P23": "9.5", "PWD_P24": "9.9", "PWD_P25": "10.4", "PWD_P26": "10.8", "PWD_P27": "11.3", "PWD_P28": "11.7", "PWD_P29": "12.2", "PWD_P30": "12.8", "PWD_P31": "13.4", "PWD_P32": "14.0", "PWD_P33": "14.7", "PWD_P34": "15.3", "PWD_P35": "15.9", "PWD_P36": "16.5", "PWD_P37": "17.1", "PWD_P38": "17.7", "PWD_P39": "18.4", "PWD_P40": "19.0", "PWD_P41": "19.7", "PWD_P42": "20.5", "PWD_P43": "21.2", "PWD_P44": "22.0", "PWD_P45": "22.8", "PWD_P46": "23.5", "PWD_P47": "24.3", "PWD_P48": "25.1", "PWD_P49": "25.9", "PWD_P50": "26.6", "PWD_P51": "27.4", "PWD_P52": "28.2", "PWD_P53": "29.2", "PWD_P54": "30.2", "PWD_P55": "31.3", "PWD_P56": "32.5", "PWD_P57": "33.7", "PWD_P58": "34.9", "PWD_P59": "36.3", "PWD_P60": "37.7", "PWD_P61": "39.2", "PWD_P62": "40.8", "PWD_P63": "42.5", "PWD_P64": "44.4", "PWD_P65": "46.6", "PWD_P66": "48.9", "PWD_P67": "51.6", "PWD_P68": "54.4", "PWD_P69": "57.9", "PWD_P70": "61.6", "PWD_P71": "65.4", "PWD_P72": "69.5", "PWD_P73": "74.2", "PWD_P74": "79.3", "PWD_P75": "84.9", "PWD_P76": "91.4", "PWD_P77": "99.6", "PWD_P78": "107.6", "PWD_P79": "116.8", "PWD_P80": "128.7", "PWD_P81": "140.0", "PWD_P82": "159.3", "PWD_P83": "182.3", "PWD_P84": "206.3", "PWD_P85": "254.1", "PWD_P86": "350.4", "PWD_P87": "485.1", "PWD_P88": "1113.1", "PWD_P89": "1938.2", "PWD_P90": "2840.9", "PWD_P91": "3828.6", "PWD_P92": "5550.7", "PWD_P93": "7101.2", "PWD_P94": "8623.7", "PWD_P95": "9527.0", "PWD_P96": "10056.7", "PWD_P97": "10690.8", "PWD_P98": "11406.6", "PWD_P99": "11990.0", "PWD_P100": "13521.9" }, "geometry": { "type": "Point", "coordinates": [ 45.139041900634766, 4.992839813232422 ] } },
{ "type": "Feature", "id": 196, "properties": { "lon": 27.8085, "lat": -28.3199, "year": "2000", "ISO": "ZAF", "ISO_No": "710", "Name": "South Africa", "PWC_Lat": "-28.3199", "PWC_Lon": "27.8085", "Pop": "44967713", "Density": "37.0", "Area": "1216295.8", "PWD_A": "5284.1", "PWD_G": "1859.6", "PWD_M": "2411.7", "PWD_P1": "4.6", "PWD_P2": "12.0", "PWD_P3": "24.1", "PWD_P4": "41.8", "PWD_P5": "64.0", "PWD_P6": "88.3", "PWD_P7": "114.2", "PWD_P8": "140.4", "PWD_P9": "167.5", "PWD_P10": "196.0", "PWD_P11": "225.6", "PWD_P12": "255.9", "PWD_P13": "287.8", "PWD_P14": "320.6", "PWD_P15": "354.4", "PWD_P16": "388.9", "PWD_P17": "424.4", "PWD_P18": "460.8", "PWD_P19": "498.0", "PWD_P20": "535.7", "PWD_P21": "573.9", "PWD_P22": "613.1", "PWD_P23": "653.9", "PWD_P24": "695.1", "PWD_P25": "737.4", "PWD_P26": "780.4", "PWD_P27": "824.7", "PWD_P28": "869.7", "PWD_P29": "916.3", "PWD_P30": "964.2", "PWD_P31": "1013.5", "PWD_P32": "1064.5", "PWD_P33": "1117.7", "PWD_P34": "1171.6", "PWD_P35": "1227.5", "PWD_P36": "1285.3", "PWD_P37": "1345.3", "PWD_P38": "1407.9", "PWD_P39": "1472.8", "PWD_P40": "1540.7", "PWD_P41": "1610.8", "PWD_P42": "1685.4", "PWD_P43": "1764.4", "PWD_P44": "1847.2", "PWD_P45": "1933.0", "PWD_P46": "2021.6", "PWD_P47": "2111.6", "PWD_P48": "2206.6", "PWD_P49": "2305.4", "PWD_P50": "2411.7", "PWD_P51": "2523.3", "PWD_P52": "2639.5", "PWD_P53": "2762.6", "PWD_P54": "2890.7", "PWD_P55": "3023.2", "PWD_P56": "3164.2", "PWD_P57": "3311.5", "PWD_P58": "3465.6", "PWD_P59": "3626.6", "PWD_P60": "3794.5", "PWD_P61": "3968.2", "PWD_P62": "4147.1", "PWD_P63": "4333.2", "PWD_P64": "4521.9", "PWD_P65": "4717.2", "PWD_P66": "4920.6", "PWD_P67": "5130.0", "PWD_P68": "5348.9", "PWD_P69": "5567.4", "PWD_P70": "5789.6", "PWD_P71": "6021.6", "PWD_P72": "6257.5", "PWD_P73": "6501.1", "PWD_P74": "6752.3", "PWD_P75": "7010.2", "PWD_P76": "7277.6", "PWD_P77": "7557.9", "PWD_P78": "7846.4", "PWD_P79": "8127.8", "PWD_P80": "8444.3", "PWD_P81": "8769.8", "PWD_P82": "9102.9", "PWD_P83": "9457.4", "PWD_P84": "9838.1", "PWD_P85": "10231.1", "PWD_P86": "10665.4", "PWD_P87": "11146.4", "PWD_P88": "11631.5", "PWD_P89": "12172.4", "PWD_P90": "12768.6", "PWD_P91": "13469.1", "PWD_P92": "14288.9", "PWD_P93": "15246.2", "PWD_P94": "16421.7", "PWD_P95": "17933.0", "PWD_P96": "19803.0", "PWD_P97": "22702.9", "PWD_P98": "27479.0", "PWD_P99": "38397.5", "PWD_P100": "257763.8" }, "geometry": { "type": "Point", "coordinates": [ 27.8085, -28.3199 ] } },
{ "type": "Feature", "id": 197, "properties": { "lon": 30.550243377685547, "lat": -18.744510650634766, "year": "2000", "ISO": "ZWE", "ISO_No": "716", "Name": "Zimbabwe", "PWC_Lat": "-18.7445106506348", "PWC_Lon": "30.5502433776855", "Pop": "11881482", "Density": "30.7", "Area": "387309.9", "PWD_A": "849.0", "PWD_G": "135.7", "PWD_M": "72.8", "PWD_P1": "4.0", "PWD_P2": "5.1", "PWD_P3": "5.9", "PWD_P4": "6.8", "PWD_P5": "7.6", "PWD_P6": "8.3", "PWD_P7": "9.1", "PWD_P8": "9.9", "PWD_P9": "10.7", "PWD_P10": "11.6", "PWD_P11": "12.5", "PWD_P12": "13.4", "PWD_P13": "14.3", "PWD_P14": "15.2", "PWD_P15": "16.2", "PWD_P16": "17.1", "PWD_P17": "18.1", "PWD_P18": "19.1", "PWD_P19": "20.1", "PWD_P20": "21.1", "PWD_P21": "22.1", "PWD_P22": "23.1", "PWD_P23": "24.2", "PWD_P24": "25.2", "PWD_P25": "26.3", "PWD_P26": "27.4", "PWD_P27": "28.5", "PWD_P28": "29.7", "PWD_P29": "31.0", "PWD_P30": "32.2", "PWD_P31": "33.6", "PWD_P32": "34.9", "PWD_P33": "36.4", "PWD_P34": "37.8", "PWD_P35": "39.3", "PWD_P36": "40.9", "PWD_P37": "42.6", "PWD_P38": "44.3", "PWD_P39": "46.2", "PWD_P40": "48.2", "PWD_P41": "50.3", "PWD_P42": "52.5", "PWD_P43": "54.7", "PWD_P44": "57.0", "PWD_P45": "59.2", "PWD_P46": "61.6", "PWD_P47": "64.0", "PWD_P48": "66.6", "PWD_P49": "69.6", "PWD_P50": "72.8", "PWD_P51": "76.3", "PWD_P52": "80.3", "PWD_P53": "84.8", "PWD_P54": "90.2", "PWD_P55": "96.3", "PWD_P56": "103.4", "PWD_P57": "111.8", "PWD_P58": "121.7", "PWD_P59": "133.4", "PWD_P60": "147.2", "PWD_P61": "164.6", "PWD_P62": "186.6", "PWD_P63": "214.7", "PWD_P64": "247.2", "PWD_P65": "289.3", "PWD_P66": "339.1", "PWD_P67": "399.1", "PWD_P68": "478.1", "PWD_P69": "564.9", "PWD_P70": "663.9", "PWD_P71": "773.1", "PWD_P72": "893.9", "PWD_P73": "1022.8", "PWD_P74": "1136.4", "PWD_P75": "1244.1", "PWD_P76": "1359.9", "PWD_P77": "1467.1", "PWD_P78": "1581.1", "PWD_P79": "1692.3", "PWD_P80": "1813.8", "PWD_P81": "1927.4", "PWD_P82": "2019.1", "PWD_P83": "2121.0", "PWD_P84": "2209.3", "PWD_P85": "2285.7", "PWD_P86": "2354.3", "PWD_P87": "2413.4", "PWD_P88": "2470.9", "PWD_P89": "2535.9", "PWD_P90": "2613.0", "PWD_P91": "2697.2", "PWD_P92": "2791.7", "PWD_P93": "2896.9", "PWD_P94": "3082.0", "PWD_P95": "3237.1", "PWD_P96": "3540.3", "PWD_P97": "5478.6", "PWD_P98": "6901.9", "PWD_P99": "7910.5", "PWD_P100": "9042.4" }, "geometry": { "type": "Point", "coordinates": [ 30.550243377685547, -18.744510650634766 ] } },
{ "type": "Feature", "id": 198, "properties": { "lon": -3.3049015998840332, "lat": 39.763156890869141, "year": "2000", "ISO": "ESP", "ISO_No": "724", "Name": "Spain", "PWC_Lat": "39.7631568908691", "PWC_Lon": "-3.30490159988403", "Pop": "40824744", "Density": "81.0", "Area": "503714.5", "PWD_A": "4280.0", "PWD_G": "1222.8", "PWD_M": "2006.8", "PWD_P1": "4.1", "PWD_P2": "7.7", "PWD_P3": "11.4", "PWD_P4": "15.2", "PWD_P5": "19.2", "PWD_P6": "23.6", "PWD_P7": "28.6", "PWD_P8": "34.3", "PWD_P9": "41.0", "PWD_P10": "49.0", "PWD_P11": "58.4", "PWD_P12": "69.2", "PWD_P13": "81.6", "PWD_P14": "95.2", "PWD_P15": "110.0", "PWD_P16": "126.0", "PWD_P17": "143.2", "PWD_P18": "161.8", "PWD_P19": "181.8", "PWD_P20": "203.3", "PWD_P21": "226.5", "PWD_P22": "251.5", "PWD_P23": "278.1", "PWD_P24": "306.1", "PWD_P25": "335.8", "PWD_P26": "367.8", "PWD_P27": "401.7", "PWD_P28": "437.4", "PWD_P29": "475.6", "PWD_P30": "516.1", "PWD_P31": "559.2", "PWD_P32": "604.7", "PWD_P33": "652.5", "PWD_P34": "702.9", "PWD_P35": "755.9", "PWD_P36": "812.2", "PWD_P37": "871.6", "PWD_P38": "934.7", "PWD_P39": "1000.4", "PWD_P40": "1069.0", "PWD_P41": "1141.8", "PWD_P42": "1218.7", "PWD_P43": "1300.4", "PWD_P44": "1386.7", "PWD_P45": "1478.3", "PWD_P46": "1574.5", "PWD_P47": "1675.3", "PWD_P48": "1781.2", "PWD_P49": "1891.6", "PWD_P50": "2006.8", "PWD_P51": "2128.1", "PWD_P52": "2255.2", "PWD_P53": "2388.0", "PWD_P54": "2525.3", "PWD_P55": "2663.9", "PWD_P56": "2809.3", "PWD_P57": "2964.5", "PWD_P58": "3126.8", "PWD_P59": "3287.2", "PWD_P60": "3452.4", "PWD_P61": "3635.9", "PWD_P62": "3819.8", "PWD_P63": "4010.6", "PWD_P64": "4208.6", "PWD_P65": "4413.7", "PWD_P66": "4619.9", "PWD_P67": "4833.4", "PWD_P68": "5060.3", "PWD_P69": "5298.2", "PWD_P70": "5527.4", "PWD_P71": "5756.9", "PWD_P72": "5989.3", "PWD_P73": "6233.8", "PWD_P74": "6491.9", "PWD_P75": "6751.1", "PWD_P76": "7002.4", "PWD_P77": "7269.9", "PWD_P78": "7568.0", "PWD_P79": "7886.8", "PWD_P80": "8199.9", "PWD_P81": "8502.3", "PWD_P82": "8788.8", "PWD_P83": "9080.0", "PWD_P84": "9384.6", "PWD_P85": "9758.7", "PWD_P86": "10170.5", "PWD_P87": "10604.1", "PWD_P88": "11049.8", "PWD_P89": "11482.5", "PWD_P90": "11905.1", "PWD_P91": "12363.7", "PWD_P92": "12799.9", "PWD_P93": "13273.0", "PWD_P94": "13917.6", "PWD_P95": "15228.5", "PWD_P96": "16650.5", "PWD_P97": "18531.2", "PWD_P98": "20007.5", "PWD_P99": "21488.0", "PWD_P100": "31855.4" }, "geometry": { "type": "Point", "coordinates": [ -3.304901599884033, 39.763156890869141 ] } },
{ "type": "Feature", "id": 199, "properties": { "lon": 30.195114135742188, "lat": 7.4394993782043457, "year": "2000", "ISO": "SSD", "ISO_No": "728", "Name": "South Sudan", "PWC_Lat": "7.43949937820435", "PWC_Lon": "30.1951141357422", "Pop": "6199395", "Density": "9.9", "Area": "623464.4", "PWD_A": "26.7", "PWD_G": "17.3", "PWD_M": "18.6", "PWD_P1": "1.4", "PWD_P2": "2.0", "PWD_P3": "2.5", "PWD_P4": "2.8", "PWD_P5": "3.2", "PWD_P6": "3.5", "PWD_P7": "3.9", "PWD_P8": "4.2", "PWD_P9": "4.6", "PWD_P10": "4.9", "PWD_P11": "5.2", "PWD_P12": "5.5", "PWD_P13": "5.8", "PWD_P14": "6.0", "PWD_P15": "6.3", "PWD_P16": "6.5", "PWD_P17": "6.8", "PWD_P18": "7.0", "PWD_P19": "7.2", "PWD_P20": "7.4", "PWD_P21": "7.6", "PWD_P22": "7.8", "PWD_P23": "8.0", "PWD_P24": "8.3", "PWD_P25": "8.5", "PWD_P26": "8.8", "PWD_P27": "9.1", "PWD_P28": "9.3", "PWD_P29": "9.6", "PWD_P30": "9.9", "PWD_P31": "10.3", "PWD_P32": "10.6", "PWD_P33": "10.9", "PWD_P34": "11.2", "PWD_P35": "11.6", "PWD_P36": "11.9", "PWD_P37": "12.4", "PWD_P38": "12.8", "PWD_P39": "13.2", "PWD_P40": "13.7", "PWD_P41": "14.1", "PWD_P42": "14.6", "PWD_P43": "15.0", "PWD_P44": "15.5", "PWD_P45": "15.9", "PWD_P46": "16.4", "PWD_P47": "16.9", "PWD_P48": "17.5", "PWD_P49": "18.0", "PWD_P50": "18.6", "PWD_P51": "19.1", "PWD_P52": "19.7", "PWD_P53": "20.3", "PWD_P54": "20.9", "PWD_P55": "21.5", "PWD_P56": "22.1", "PWD_P57": "22.7", "PWD_P58": "23.3", "PWD_P59": "23.9", "PWD_P60": "24.5", "PWD_P61": "25.1", "PWD_P62": "25.6", "PWD_P63": "26.3", "PWD_P64": "27.0", "PWD_P65": "27.7", "PWD_P66": "28.4", "PWD_P67": "29.2", "PWD_P68": "30.0", "PWD_P69": "30.8", "PWD_P70": "31.7", "PWD_P71": "32.6", "PWD_P72": "33.5", "PWD_P73": "34.5", "PWD_P74": "35.5", "PWD_P75": "36.5", "PWD_P76": "37.7", "PWD_P77": "39.2", "PWD_P78": "40.7", "PWD_P79": "42.1", "PWD_P80": "43.7", "PWD_P81": "45.1", "PWD_P82": "46.4", "PWD_P83": "47.6", "PWD_P84": "49.1", "PWD_P85": "50.8", "PWD_P86": "52.8", "PWD_P87": "54.8", "PWD_P88": "56.5", "PWD_P89": "58.0", "PWD_P90": "59.5", "PWD_P91": "61.2", "PWD_P92": "63.3", "PWD_P93": "66.2", "PWD_P94": "70.2", "PWD_P95": "73.4", "PWD_P96": "75.9", "PWD_P97": "78.3", "PWD_P98": "81.7", "PWD_P99": "155.3", "PWD_P100": "219.1" }, "geometry": { "type": "Point", "coordinates": [ 30.195114135742188, 7.439499378204346 ] } },
{ "type": "Feature", "id": 200, "properties": { "lon": 30.9846, "lat": 14.1639, "year": "2000", "ISO": "SDN", "ISO_No": "729", "Name": "Sudan", "PWC_Lat": "14.1639", "PWC_Lon": "30.9846", "Pop": "27275019", "Density": "14.7", "Area": "1859595.9", "PWD_A": "442.5", "PWD_G": "77.6", "PWD_M": "51.5", "PWD_P1": "1.3", "PWD_P2": "2.4", "PWD_P3": "3.3", "PWD_P4": "4.0", "PWD_P5": "4.7", "PWD_P6": "5.5", "PWD_P7": "6.2", "PWD_P8": "6.8", "PWD_P9": "7.5", "PWD_P10": "8.1", "PWD_P11": "8.6", "PWD_P12": "9.1", "PWD_P13": "9.7", "PWD_P14": "10.2", "PWD_P15": "10.8", "PWD_P16": "11.4", "PWD_P17": "12.0", "PWD_P18": "12.7", "PWD_P19": "13.3", "PWD_P20": "13.9", "PWD_P21": "14.5", "PWD_P22": "15.2", "PWD_P23": "15.8", "PWD_P24": "16.5", "PWD_P25": "17.1", "PWD_P26": "17.8", "PWD_P27": "18.5", "PWD_P28": "19.3", "PWD_P29": "20.1", "PWD_P30": "21.1", "PWD_P31": "22.0", "PWD_P32": "23.1", "PWD_P33": "24.2", "PWD_P34": "25.4", "PWD_P35": "26.6", "PWD_P36": "28.0", "PWD_P37": "29.4", "PWD_P38": "30.7", "PWD_P39": "32.1", "PWD_P40": "33.6", "PWD_P41": "35.2", "PWD_P42": "36.9", "PWD_P43": "38.7", "PWD_P44": "40.5", "PWD_P45": "42.2", "PWD_P46": "43.9", "PWD_P47": "45.8", "PWD_P48": "47.6", "PWD_P49": "49.5", "PWD_P50": "51.5", "PWD_P51": "53.8", "PWD_P52": "56.3", "PWD_P53": "59.1", "PWD_P54": "62.1", "PWD_P55": "65.7", "PWD_P56": "69.8", "PWD_P57": "74.0", "PWD_P58": "78.7", "PWD_P59": "84.4", "PWD_P60": "90.4", "PWD_P61": "96.9", "PWD_P62": "104.5", "PWD_P63": "113.4", "PWD_P64": "125.3", "PWD_P65": "140.4", "PWD_P66": "158.8", "PWD_P67": "177.5", "PWD_P68": "201.1", "PWD_P69": "230.6", "PWD_P70": "258.4", "PWD_P71": "288.6", "PWD_P72": "322.0", "PWD_P73": "357.3", "PWD_P74": "395.4", "PWD_P75": "437.5", "PWD_P76": "481.6", "PWD_P77": "530.7", "PWD_P78": "583.3", "PWD_P79": "638.2", "PWD_P80": "691.6", "PWD_P81": "749.4", "PWD_P82": "814.1", "PWD_P83": "873.0", "PWD_P84": "927.9", "PWD_P85": "989.3", "PWD_P86": "1051.4", "PWD_P87": "1125.5", "PWD_P88": "1215.8", "PWD_P89": "1316.7", "PWD_P90": "1417.3", "PWD_P91": "1571.9", "PWD_P92": "1735.0", "PWD_P93": "1917.1", "PWD_P94": "2126.5", "PWD_P95": "2301.4", "PWD_P96": "2811.7", "PWD_P97": "3284.8", "PWD_P98": "3618.8", "PWD_P99": "4022.6", "PWD_P100": "5092.2" }, "geometry": { "type": "Point", "coordinates": [ 30.9846, 14.1639 ] } },
{ "type": "Feature", "id": 201, "properties": { "lon": -13.595034599304199, "lat": 26.234889984130859, "year": "2000", "ISO": "ESH", "ISO_No": "732", "Name": "Western Sahara", "PWC_Lat": "26.2348899841309", "PWC_Lon": "-13.5950345993042", "Pop": "314115", "Density": "1.2", "Area": "267941.4", "PWD_A": "1375.7", "PWD_G": "551.2", "PWD_M": "1071.8", "PWD_P1": "0.1", "PWD_P2": "0.5", "PWD_P3": "1.8", "PWD_P4": "3.0", "PWD_P5": "9.8", "PWD_P6": "45.1", "PWD_P7": "57.5", "PWD_P8": "66.5", "PWD_P9": "78.8", "PWD_P10": "128.8", "PWD_P11": "147.7", "PWD_P12": "156.2", "PWD_P13": "161.8", "PWD_P14": "168.2", "PWD_P15": "173.9", "PWD_P16": "180.7", "PWD_P17": "188.9", "PWD_P18": "200.7", "PWD_P19": "211.4", "PWD_P20": "222.3", "PWD_P21": "234.2", "PWD_P22": "245.9", "PWD_P23": "254.7", "PWD_P24": "263.2", "PWD_P25": "272.6", "PWD_P26": "283.7", "PWD_P27": "298.8", "PWD_P28": "319.1", "PWD_P29": "338.1", "PWD_P30": "354.8", "PWD_P31": "376.9", "PWD_P32": "406.4", "PWD_P33": "440.2", "PWD_P34": "492.9", "PWD_P35": "575.2", "PWD_P36": "672.4", "PWD_P37": "743.1", "PWD_P38": "780.8", "PWD_P39": "815.3", "PWD_P40": "845.3", "PWD_P41": "871.1", "PWD_P42": "897.8", "PWD_P43": "933.2", "PWD_P44": "963.0", "PWD_P45": "986.8", "PWD_P46": "1004.7", "PWD_P47": "1027.3", "PWD_P48": "1047.4", "PWD_P49": "1063.7", "PWD_P50": "1071.8", "PWD_P51": "1081.8", "PWD_P52": "1092.7", "PWD_P53": "1102.0", "PWD_P54": "1115.1", "PWD_P55": "1129.3", "PWD_P56": "1141.5", "PWD_P57": "1151.3", "PWD_P58": "1162.7", "PWD_P59": "1176.3", "PWD_P60": "1191.7", "PWD_P61": "1200.0", "PWD_P62": "1209.5", "PWD_P63": "1223.5", "PWD_P64": "1236.9", "PWD_P65": "1249.5", "PWD_P66": "1262.3", "PWD_P67": "1271.3", "PWD_P68": "1281.7", "PWD_P69": "1295.1", "PWD_P70": "1308.9", "PWD_P71": "1325.0", "PWD_P72": "1337.8", "PWD_P73": "1349.5", "PWD_P74": "1361.5", "PWD_P75": "1374.7", "PWD_P76": "1384.2", "PWD_P77": "1396.4", "PWD_P78": "1408.4", "PWD_P79": "1431.1", "PWD_P80": "1453.5", "PWD_P81": "1481.5", "PWD_P82": "1507.2", "PWD_P83": "1539.1", "PWD_P84": "1573.6", "PWD_P85": "1612.5", "PWD_P86": "1666.8", "PWD_P87": "1712.2", "PWD_P88": "1789.9", "PWD_P89": "1916.6", "PWD_P90": "2061.2", "PWD_P91": "2270.3", "PWD_P92": "2779.0", "PWD_P93": "3559.5", "PWD_P94": "4481.5", "PWD_P95": "5198.3", "PWD_P96": "7683.9", "PWD_P97": "9039.7", "PWD_P98": "10318.8", "PWD_P99": "10764.0", "PWD_P100": "11475.1" }, "geometry": { "type": "Point", "coordinates": [ -13.595034599304199, 26.234889984130859 ] } },
{ "type": "Feature", "id": 202, "properties": { "lon": -55.374263763427734, "lat": 5.6409239768981934, "year": "2000", "ISO": "SUR", "ISO_No": "740", "Name": "Suriname", "PWC_Lat": "5.64092397689819", "PWC_Lon": "-55.3742637634277", "Pop": "470944", "Density": "3.2", "Area": "145228.8", "PWD_A": "1381.5", "PWD_G": "238.9", "PWD_M": "399.8", "PWD_P1": "0.2", "PWD_P2": "0.3", "PWD_P3": "0.5", "PWD_P4": "0.7", "PWD_P5": "1.0", "PWD_P6": "1.5", "PWD_P7": "1.8", "PWD_P8": "2.1", "PWD_P9": "2.6", "PWD_P10": "3.5", "PWD_P11": "4.6", "PWD_P12": "5.7", "PWD_P13": "6.6", "PWD_P14": "8.1", "PWD_P15": "9.7", "PWD_P16": "11.5", "PWD_P17": "14.0", "PWD_P18": "17.2", "PWD_P19": "21.2", "PWD_P20": "26.1", "PWD_P21": "31.5", "PWD_P22": "38.0", "PWD_P23": "44.6", "PWD_P24": "51.4", "PWD_P25": "57.9", "PWD_P26": "65.6", "PWD_P27": "72.8", "PWD_P28": "79.8", "PWD_P29": "87.5", "PWD_P30": "96.1", "PWD_P31": "104.5", "PWD_P32": "113.8", "PWD_P33": "123.5", "PWD_P34": "132.8", "PWD_P35": "143.2", "PWD_P36": "155.7", "PWD_P37": "167.6", "PWD_P38": "179.5", "PWD_P39": "191.4", "PWD_P40": "203.5", "PWD_P41": "216.6", "PWD_P42": "229.9", "PWD_P43": "244.1", "PWD_P44": "259.8", "PWD_P45": "278.0", "PWD_P46": "298.5", "PWD_P47": "321.3", "PWD_P48": "345.1", "PWD_P49": "371.3", "PWD_P50": "399.8", "PWD_P51": "432.7", "PWD_P52": "462.0", "PWD_P53": "500.1", "PWD_P54": "554.6", "PWD_P55": "603.9", "PWD_P56": "651.3", "PWD_P57": "700.0", "PWD_P58": "749.6", "PWD_P59": "796.3", "PWD_P60": "845.8", "PWD_P61": "909.5", "PWD_P62": "998.1", "PWD_P63": "1084.8", "PWD_P64": "1178.4", "PWD_P65": "1292.8", "PWD_P66": "1424.6", "PWD_P67": "1552.3", "PWD_P68": "1700.6", "PWD_P69": "1815.0", "PWD_P70": "1918.4", "PWD_P71": "2044.4", "PWD_P72": "2179.3", "PWD_P73": "2281.7", "PWD_P74": "2383.8", "PWD_P75": "2513.8", "PWD_P76": "2665.7", "PWD_P77": "2801.0", "PWD_P78": "2923.2", "PWD_P79": "3033.7", "PWD_P80": "3146.6", "PWD_P81": "3249.2", "PWD_P82": "3361.8", "PWD_P83": "3493.6", "PWD_P84": "3614.5", "PWD_P85": "3726.8", "PWD_P86": "3836.5", "PWD_P87": "3936.4", "PWD_P88": "4063.9", "PWD_P89": "4182.9", "PWD_P90": "4335.9", "PWD_P91": "4478.6", "PWD_P92": "4611.3", "PWD_P93": "4736.0", "PWD_P94": "4841.9", "PWD_P95": "4977.8", "PWD_P96": "5122.8", "PWD_P97": "5313.0", "PWD_P98": "5535.1", "PWD_P99": "5927.2", "PWD_P100": "7353.0" }, "geometry": { "type": "Point", "coordinates": [ -55.374263763427734, 5.640923976898193 ] } },
{ "type": "Feature", "id": 203, "properties": { "lon": 31.427022933959961, "lat": -26.545475006103516, "year": "2000", "ISO": "SWZ", "ISO_No": "748", "Name": "Swaziland", "PWC_Lat": "-26.5454750061035", "PWC_Lon": "31.42702293396", "Pop": "1005432", "Density": "58.3", "Area": "17247.3", "PWD_A": "269.2", "PWD_G": "104.1", "PWD_M": "79.2", "PWD_P1": "12.3", "PWD_P2": "15.1", "PWD_P3": "17.1", "PWD_P4": "18.9", "PWD_P5": "20.3", "PWD_P6": "21.4", "PWD_P7": "22.5", "PWD_P8": "23.7", "PWD_P9": "24.9", "PWD_P10": "26.2", "PWD_P11": "27.5", "PWD_P12": "28.6", "PWD_P13": "29.7", "PWD_P14": "30.8", "PWD_P15": "31.8", "PWD_P16": "32.9", "PWD_P17": "34.0", "PWD_P18": "35.0", "PWD_P19": "36.0", "PWD_P20": "37.1", "PWD_P21": "38.3", "PWD_P22": "39.4", "PWD_P23": "40.5", "PWD_P24": "41.6", "PWD_P25": "42.8", "PWD_P26": "43.9", "PWD_P27": "45.1", "PWD_P28": "46.3", "PWD_P29": "47.5", "PWD_P30": "48.7", "PWD_P31": "50.0", "PWD_P32": "51.3", "PWD_P33": "52.6", "PWD_P34": "53.9", "PWD_P35": "55.2", "PWD_P36": "56.6", "PWD_P37": "58.0", "PWD_P38": "59.4", "PWD_P39": "60.9", "PWD_P40": "62.3", "PWD_P41": "63.8", "PWD_P42": "65.3", "PWD_P43": "66.9", "PWD_P44": "68.4", "PWD_P45": "70.0", "PWD_P46": "71.7", "PWD_P47": "73.5", "PWD_P48": "75.3", "PWD_P49": "77.2", "PWD_P50": "79.2", "PWD_P51": "81.2", "PWD_P52": "83.4", "PWD_P53": "85.7", "PWD_P54": "88.0", "PWD_P55": "90.5", "PWD_P56": "93.0", "PWD_P57": "95.8", "PWD_P58": "98.7", "PWD_P59": "101.6", "PWD_P60": "104.8", "PWD_P61": "108.1", "PWD_P62": "111.3", "PWD_P63": "115.0", "PWD_P64": "118.9", "PWD_P65": "122.8", "PWD_P66": "126.6", "PWD_P67": "130.5", "PWD_P68": "134.7", "PWD_P69": "138.7", "PWD_P70": "142.7", "PWD_P71": "147.4", "PWD_P72": "152.8", "PWD_P73": "158.4", "PWD_P74": "164.7", "PWD_P75": "171.2", "PWD_P76": "178.6", "PWD_P77": "189.7", "PWD_P78": "209.3", "PWD_P79": "234.4", "PWD_P80": "263.6", "PWD_P81": "296.8", "PWD_P82": "334.3", "PWD_P83": "376.5", "PWD_P84": "424.4", "PWD_P85": "493.0", "PWD_P86": "621.9", "PWD_P87": "753.8", "PWD_P88": "846.7", "PWD_P89": "916.8", "PWD_P90": "987.5", "PWD_P91": "1131.4", "PWD_P92": "1252.5", "PWD_P93": "1379.5", "PWD_P94": "1455.0", "PWD_P95": "1515.7", "PWD_P96": "1582.0", "PWD_P97": "1641.4", "PWD_P98": "1716.9", "PWD_P99": "1820.5", "PWD_P100": "2179.8" }, "geometry": { "type": "Point", "coordinates": [ 31.427022933959961, -26.545475006103516 ] } },
{ "type": "Feature", "id": 204, "properties": { "lon": 15.526427268981934, "lat": 58.924480438232422, "year": "2000", "ISO": "SWE", "ISO_No": "752", "Name": "Sweden", "PWC_Lat": "58.9244804382324", "PWC_Lon": "15.5264272689819", "Pop": "8881642", "Density": "21.1", "Area": "421312.3", "PWD_A": "1612.0", "PWD_G": "402.2", "PWD_M": "634.7", "PWD_P1": "1.6", "PWD_P2": "3.1", "PWD_P3": "4.9", "PWD_P4": "6.7", "PWD_P5": "8.3", "PWD_P6": "10.0", "PWD_P7": "11.8", "PWD_P8": "13.6", "PWD_P9": "15.7", "PWD_P10": "18.0", "PWD_P11": "20.6", "PWD_P12": "23.5", "PWD_P13": "26.9", "PWD_P14": "30.8", "PWD_P15": "35.2", "PWD_P16": "40.4", "PWD_P17": "46.2", "PWD_P18": "52.5", "PWD_P19": "59.5", "PWD_P20": "66.9", "PWD_P21": "74.9", "PWD_P22": "83.5", "PWD_P23": "92.6", "PWD_P24": "102.0", "PWD_P25": "112.1", "PWD_P26": "122.7", "PWD_P27": "134.3", "PWD_P28": "146.6", "PWD_P29": "159.7", "PWD_P30": "173.9", "PWD_P31": "189.3", "PWD_P32": "205.6", "PWD_P33": "222.9", "PWD_P34": "240.9", "PWD_P35": "259.8", "PWD_P36": "280.0", "PWD_P37": "301.1", "PWD_P38": "323.1", "PWD_P39": "345.6", "PWD_P40": "368.5", "PWD_P41": "392.3", "PWD_P42": "416.7", "PWD_P43": "441.7", "PWD_P44": "467.4", "PWD_P45": "493.6", "PWD_P46": "520.5", "PWD_P47": "548.1", "PWD_P48": "576.2", "PWD_P49": "604.9", "PWD_P50": "634.7", "PWD_P51": "665.5", "PWD_P52": "697.2", "PWD_P53": "729.7", "PWD_P54": "763.9", "PWD_P55": "798.9", "PWD_P56": "835.1", "PWD_P57": "872.5", "PWD_P58": "912.3", "PWD_P59": "953.1", "PWD_P60": "995.6", "PWD_P61": "1039.0", "PWD_P62": "1083.2", "PWD_P63": "1128.6", "PWD_P64": "1176.3", "PWD_P65": "1225.7", "PWD_P66": "1276.9", "PWD_P67": "1329.8", "PWD_P68": "1385.7", "PWD_P69": "1444.4", "PWD_P70": "1505.0", "PWD_P71": "1566.8", "PWD_P72": "1629.5", "PWD_P73": "1695.3", "PWD_P74": "1764.7", "PWD_P75": "1837.6", "PWD_P76": "1915.4", "PWD_P77": "1998.6", "PWD_P78": "2086.7", "PWD_P79": "2181.7", "PWD_P80": "2282.7", "PWD_P81": "2386.5", "PWD_P82": "2494.2", "PWD_P83": "2608.5", "PWD_P84": "2732.9", "PWD_P85": "2867.7", "PWD_P86": "3012.5", "PWD_P87": "3170.6", "PWD_P88": "3354.0", "PWD_P89": "3574.2", "PWD_P90": "3824.7", "PWD_P91": "4112.3", "PWD_P92": "4453.2", "PWD_P93": "4861.7", "PWD_P94": "5366.4", "PWD_P95": "6100.8", "PWD_P96": "7218.1", "PWD_P97": "8915.6", "PWD_P98": "11778.7", "PWD_P99": "16265.7", "PWD_P100": "36321.3" }, "geometry": { "type": "Point", "coordinates": [ 15.526427268981934, 58.924480438232422 ] } },
{ "type": "Feature", "id": 205, "properties": { "lon": 7.9652280807495117, "lat": 47.027683258056641, "year": "2000", "ISO": "CHE", "ISO_No": "756", "Name": "Switzerland", "PWC_Lat": "47.0276832580566", "PWC_Lon": "7.96522808074951", "Pop": "7143764", "Density": "179.7", "Area": "39764.2", "PWD_A": "2317.5", "PWD_G": "860.0", "PWD_M": "963.3", "PWD_P1": "13.4", "PWD_P2": "24.1", "PWD_P3": "34.6", "PWD_P4": "44.6", "PWD_P5": "53.5", "PWD_P6": "62.0", "PWD_P7": "70.4", "PWD_P8": "78.4", "PWD_P9": "86.7", "PWD_P10": "95.1", "PWD_P11": "103.9", "PWD_P12": "112.9", "PWD_P13": "122.3", "PWD_P14": "132.0", "PWD_P15": "142.2", "PWD_P16": "153.1", "PWD_P17": "164.5", "PWD_P18": "176.6", "PWD_P19": "189.5", "PWD_P20": "203.0", "PWD_P21": "216.9", "PWD_P22": "231.7", "PWD_P23": "247.1", "PWD_P24": "263.1", "PWD_P25": "279.5", "PWD_P26": "296.6", "PWD_P27": "314.5", "PWD_P28": "333.0", "PWD_P29": "352.0", "PWD_P30": "371.6", "PWD_P31": "391.7", "PWD_P32": "412.5", "PWD_P33": "434.0", "PWD_P34": "456.1", "PWD_P35": "478.9", "PWD_P36": "502.9", "PWD_P37": "527.9", "PWD_P38": "553.9", "PWD_P39": "580.6", "PWD_P40": "608.3", "PWD_P41": "637.1", "PWD_P42": "667.2", "PWD_P43": "698.5", "PWD_P44": "731.5", "PWD_P45": "765.7", "PWD_P46": "801.2", "PWD_P47": "838.8", "PWD_P48": "878.4", "PWD_P49": "919.9", "PWD_P50": "963.3", "PWD_P51": "1009.6", "PWD_P52": "1057.9", "PWD_P53": "1109.7", "PWD_P54": "1164.2", "PWD_P55": "1221.7", "PWD_P56": "1283.2", "PWD_P57": "1347.3", "PWD_P58": "1416.2", "PWD_P59": "1487.7", "PWD_P60": "1561.9", "PWD_P61": "1642.9", "PWD_P62": "1727.1", "PWD_P63": "1815.4", "PWD_P64": "1906.8", "PWD_P65": "2002.2", "PWD_P66": "2105.2", "PWD_P67": "2212.2", "PWD_P68": "2320.1", "PWD_P69": "2435.0", "PWD_P70": "2551.9", "PWD_P71": "2678.1", "PWD_P72": "2812.9", "PWD_P73": "2946.9", "PWD_P74": "3085.7", "PWD_P75": "3225.5", "PWD_P76": "3377.2", "PWD_P77": "3527.7", "PWD_P78": "3678.6", "PWD_P79": "3837.3", "PWD_P80": "4008.8", "PWD_P81": "4198.5", "PWD_P82": "4402.1", "PWD_P83": "4629.4", "PWD_P84": "4866.7", "PWD_P85": "5094.8", "PWD_P86": "5329.7", "PWD_P87": "5595.0", "PWD_P88": "5876.7", "PWD_P89": "6145.8", "PWD_P90": "6431.0", "PWD_P91": "6754.2", "PWD_P92": "7097.2", "PWD_P93": "7485.9", "PWD_P94": "7878.9", "PWD_P95": "8412.1", "PWD_P96": "9206.9", "PWD_P97": "10063.4", "PWD_P98": "11307.9", "PWD_P99": "17053.4", "PWD_P100": "20109.9" }, "geometry": { "type": "Point", "coordinates": [ 7.965228080749512, 47.027683258056641 ] } },
{ "type": "Feature", "id": 206, "properties": { "lon": 37.278621673583984, "lat": 35.06903076171875, "year": "2000", "ISO": "SYR", "ISO_No": "760", "Name": "Syria", "PWC_Lat": "35.0690307617188", "PWC_Lon": "37.278621673584", "Pop": "16410846", "Density": "88.5", "Area": "185417.6", "PWD_A": "3184.5", "PWD_G": "753.0", "PWD_M": "743.1", "PWD_P1": "5.5", "PWD_P2": "12.0", "PWD_P3": "19.6", "PWD_P4": "26.1", "PWD_P5": "32.0", "PWD_P6": "37.5", "PWD_P7": "42.8", "PWD_P8": "48.1", "PWD_P9": "53.4", "PWD_P10": "58.7", "PWD_P11": "64.5", "PWD_P12": "70.4", "PWD_P13": "76.7", "PWD_P14": "83.4", "PWD_P15": "90.6", "PWD_P16": "98.2", "PWD_P17": "105.9", "PWD_P18": "113.8", "PWD_P19": "122.2", "PWD_P20": "131.0", "PWD_P21": "140.2", "PWD_P22": "149.8", "PWD_P23": "159.7", "PWD_P24": "169.9", "PWD_P25": "180.6", "PWD_P26": "191.8", "PWD_P27": "203.6", "PWD_P28": "215.9", "PWD_P29": "228.5", "PWD_P30": "241.6", "PWD_P31": "255.4", "PWD_P32": "270.0", "PWD_P33": "285.5", "PWD_P34": "301.8", "PWD_P35": "319.0", "PWD_P36": "337.2", "PWD_P37": "356.2", "PWD_P38": "376.5", "PWD_P39": "397.6", "PWD_P40": "420.2", "PWD_P41": "444.0", "PWD_P42": "469.6", "PWD_P43": "496.6", "PWD_P44": "525.2", "PWD_P45": "556.0", "PWD_P46": "588.4", "PWD_P47": "623.5", "PWD_P48": "660.7", "PWD_P49": "700.6", "PWD_P50": "743.1", "PWD_P51": "787.9", "PWD_P52": "837.2", "PWD_P53": "889.4", "PWD_P54": "944.4", "PWD_P55": "1003.6", "PWD_P56": "1067.3", "PWD_P57": "1134.4", "PWD_P58": "1205.4", "PWD_P59": "1282.9", "PWD_P60": "1366.2", "PWD_P61": "1456.2", "PWD_P62": "1555.7", "PWD_P63": "1661.7", "PWD_P64": "1767.8", "PWD_P65": "1885.0", "PWD_P66": "2012.3", "PWD_P67": "2144.9", "PWD_P68": "2288.0", "PWD_P69": "2461.8", "PWD_P70": "2628.6", "PWD_P71": "2805.0", "PWD_P72": "3016.6", "PWD_P73": "3269.6", "PWD_P74": "3559.7", "PWD_P75": "3923.6", "PWD_P76": "4319.8", "PWD_P77": "4638.6", "PWD_P78": "5053.8", "PWD_P79": "5459.3", "PWD_P80": "5858.7", "PWD_P81": "6246.8", "PWD_P82": "6644.2", "PWD_P83": "7007.3", "PWD_P84": "7290.2", "PWD_P85": "7547.3", "PWD_P86": "7829.9", "PWD_P87": "8370.6", "PWD_P88": "8920.9", "PWD_P89": "9504.1", "PWD_P90": "10012.4", "PWD_P91": "10651.8", "PWD_P92": "12706.2", "PWD_P93": "14132.8", "PWD_P94": "14811.5", "PWD_P95": "15426.5", "PWD_P96": "16228.0", "PWD_P97": "17952.4", "PWD_P98": "19974.1", "PWD_P99": "21316.2", "PWD_P100": "23865.0" }, "geometry": { "type": "Point", "coordinates": [ 37.278621673583984, 35.06903076171875 ] } },
{ "type": "Feature", "id": 207, "properties": { "lon": 69.257469177246094, "lat": 38.735137939453125, "year": "2000", "ISO": "TJK", "ISO_No": "762", "Name": "Tajikistan", "PWC_Lat": "38.7351379394531", "PWC_Lon": "69.2574691772461", "Pop": "6216328", "Density": "44.2", "Area": "140731.9", "PWD_A": "1680.9", "PWD_G": "335.4", "PWD_M": "355.4", "PWD_P1": "3.1", "PWD_P2": "6.2", "PWD_P3": "9.7", "PWD_P4": "12.3", "PWD_P5": "14.7", "PWD_P6": "17.2", "PWD_P7": "19.6", "PWD_P8": "22.1", "PWD_P9": "24.5", "PWD_P10": "27.0", "PWD_P11": "29.5", "PWD_P12": "32.2", "PWD_P13": "35.6", "PWD_P14": "39.5", "PWD_P15": "43.9", "PWD_P16": "49.1", "PWD_P17": "54.4", "PWD_P18": "59.9", "PWD_P19": "66.2", "PWD_P20": "73.5", "PWD_P21": "81.1", "PWD_P22": "89.2", "PWD_P23": "97.3", "PWD_P24": "105.6", "PWD_P25": "113.9", "PWD_P26": "122.1", "PWD_P27": "130.5", "PWD_P28": "138.7", "PWD_P29": "146.9", "PWD_P30": "155.3", "PWD_P31": "163.6", "PWD_P32": "172.1", "PWD_P33": "180.6", "PWD_P34": "189.2", "PWD_P35": "198.0", "PWD_P36": "207.2", "PWD_P37": "216.6", "PWD_P38": "226.2", "PWD_P39": "235.6", "PWD_P40": "245.0", "PWD_P41": "255.1", "PWD_P42": "266.2", "PWD_P43": "277.0", "PWD_P44": "287.7", "PWD_P45": "298.3", "PWD_P46": "309.0", "PWD_P47": "320.1", "PWD_P48": "331.2", "PWD_P49": "342.9", "PWD_P50": "355.4", "PWD_P51": "368.6", "PWD_P52": "382.1", "PWD_P53": "396.2", "PWD_P54": "410.7", "PWD_P55": "426.2", "PWD_P56": "442.4", "PWD_P57": "459.2", "PWD_P58": "476.5", "PWD_P59": "494.4", "PWD_P60": "513.1", "PWD_P61": "533.6", "PWD_P62": "553.9", "PWD_P63": "574.8", "PWD_P64": "596.8", "PWD_P65": "619.9", "PWD_P66": "644.9", "PWD_P67": "671.3", "PWD_P68": "700.1", "PWD_P69": "731.6", "PWD_P70": "764.1", "PWD_P71": "798.7", "PWD_P72": "834.9", "PWD_P73": "870.4", "PWD_P74": "913.3", "PWD_P75": "960.3", "PWD_P76": "1008.3", "PWD_P77": "1055.2", "PWD_P78": "1108.1", "PWD_P79": "1165.6", "PWD_P80": "1232.0", "PWD_P81": "1301.5", "PWD_P82": "1381.6", "PWD_P83": "1488.0", "PWD_P84": "1615.1", "PWD_P85": "1786.4", "PWD_P86": "1997.8", "PWD_P87": "2302.0", "PWD_P88": "2706.4", "PWD_P89": "3029.1", "PWD_P90": "4031.4", "PWD_P91": "7949.6", "PWD_P92": "9625.6", "PWD_P93": "11496.7", "PWD_P94": "12361.9", "PWD_P95": "13083.7", "PWD_P96": "13535.1", "PWD_P97": "13829.0", "PWD_P98": "14219.9", "PWD_P99": "14696.0", "PWD_P100": "18911.0" }, "geometry": { "type": "Point", "coordinates": [ 69.257469177246094, 38.735137939453125 ] } },
{ "type": "Feature", "id": 208, "properties": { "lon": 101.30466461181641, "lat": 14.470375061035156, "year": "2000", "ISO": "THA", "ISO_No": "764", "Name": "Thailand", "PWC_Lat": "14.4703750610352", "PWC_Lon": "101.304664611816", "Pop": "62952639", "Density": "123.3", "Area": "510410.0", "PWD_A": "1282.6", "PWD_G": "312.4", "PWD_M": "228.6", "PWD_P1": "15.1", "PWD_P2": "20.8", "PWD_P3": "25.9", "PWD_P4": "31.1", "PWD_P5": "36.2", "PWD_P6": "41.1", "PWD_P7": "45.8", "PWD_P8": "50.1", "PWD_P9": "54.2", "PWD_P10": "58.1", "PWD_P11": "61.8", "PWD_P12": "65.5", "PWD_P13": "69.1", "PWD_P14": "72.5", "PWD_P15": "75.9", "PWD_P16": "79.2", "PWD_P17": "82.4", "PWD_P18": "85.6", "PWD_P19": "88.7", "PWD_P20": "91.8", "PWD_P21": "94.9", "PWD_P22": "98.0", "PWD_P23": "101.0", "PWD_P24": "104.1", "PWD_P25": "107.1", "PWD_P26": "110.2", "PWD_P27": "113.4", "PWD_P28": "116.6", "PWD_P29": "119.8", "PWD_P30": "123.2", "PWD_P31": "126.6", "PWD_P32": "130.2", "PWD_P33": "133.8", "PWD_P34": "137.6", "PWD_P35": "141.6", "PWD_P36": "145.9", "PWD_P37": "150.5", "PWD_P38": "155.3", "PWD_P39": "160.4", "PWD_P40": "165.6", "PWD_P41": "171.1", "PWD_P42": "176.9", "PWD_P43": "182.8", "PWD_P44": "188.9", "PWD_P45": "195.2", "PWD_P46": "201.5", "PWD_P47": "208.0", "PWD_P48": "214.7", "PWD_P49": "221.6", "PWD_P50": "228.6", "PWD_P51": "236.0", "PWD_P52": "243.6", "PWD_P53": "251.7", "PWD_P54": "260.2", "PWD_P55": "269.3", "PWD_P56": "278.8", "PWD_P57": "288.9", "PWD_P58": "299.8", "PWD_P59": "311.3", "PWD_P60": "323.6", "PWD_P61": "336.8", "PWD_P62": "350.9", "PWD_P63": "365.9", "PWD_P64": "382.2", "PWD_P65": "399.8", "PWD_P66": "418.9", "PWD_P67": "439.6", "PWD_P68": "462.1", "PWD_P69": "486.6", "PWD_P70": "513.6", "PWD_P71": "543.3", "PWD_P72": "575.6", "PWD_P73": "611.2", "PWD_P74": "651.6", "PWD_P75": "697.4", "PWD_P76": "750.7", "PWD_P77": "812.1", "PWD_P78": "884.9", "PWD_P79": "973.0", "PWD_P80": "1079.5", "PWD_P81": "1209.9", "PWD_P82": "1368.7", "PWD_P83": "1558.5", "PWD_P84": "1788.4", "PWD_P85": "2057.9", "PWD_P86": "2370.1", "PWD_P87": "2705.9", "PWD_P88": "3087.3", "PWD_P89": "3503.5", "PWD_P90": "3993.5", "PWD_P91": "4543.8", "PWD_P92": "5165.7", "PWD_P93": "5946.5", "PWD_P94": "6859.9", "PWD_P95": "7916.2", "PWD_P96": "9072.4", "PWD_P97": "10389.5", "PWD_P98": "11821.9", "PWD_P99": "14005.9", "PWD_P100": "20185.4" }, "geometry": { "type": "Point", "coordinates": [ 101.304664611816406, 14.470375061035156 ] } },
{ "type": "Feature", "id": 209, "properties": { "lon": 1.0687322616577148, "lat": 7.7682003974914551, "year": "2000", "ISO": "TGO", "ISO_No": "768", "Name": "Togo", "PWC_Lat": "7.76820039749146", "PWC_Lon": "1.06873226165771", "Pop": "4924405", "Density": "86.3", "Area": "57055.9", "PWD_A": "1335.6", "PWD_G": "271.0", "PWD_M": "183.2", "PWD_P1": "12.2", "PWD_P2": "15.4", "PWD_P3": "18.1", "PWD_P4": "20.5", "PWD_P5": "23.0", "PWD_P6": "25.3", "PWD_P7": "27.6", "PWD_P8": "29.7", "PWD_P9": "31.6", "PWD_P10": "33.3", "PWD_P11": "35.0", "PWD_P12": "36.6", "PWD_P13": "38.4", "PWD_P14": "40.2", "PWD_P15": "42.1", "PWD_P16": "43.9", "PWD_P17": "45.8", "PWD_P18": "47.5", "PWD_P19": "49.3", "PWD_P20": "51.1", "PWD_P21": "53.0", "PWD_P22": "55.2", "PWD_P23": "57.4", "PWD_P24": "59.9", "PWD_P25": "62.7", "PWD_P26": "65.8", "PWD_P27": "68.8", "PWD_P28": "71.8", "PWD_P29": "74.9", "PWD_P30": "77.9", "PWD_P31": "81.0", "PWD_P32": "84.2", "PWD_P33": "87.8", "PWD_P34": "91.5", "PWD_P35": "95.3", "PWD_P36": "99.2", "PWD_P37": "103.4", "PWD_P38": "107.8", "PWD_P39": "112.8", "PWD_P40": "118.0", "PWD_P41": "123.1", "PWD_P42": "128.6", "PWD_P43": "134.2", "PWD_P44": "139.8", "PWD_P45": "145.8", "PWD_P46": "152.6", "PWD_P47": "159.2", "PWD_P48": "166.4", "PWD_P49": "174.2", "PWD_P50": "183.2", "PWD_P51": "193.1", "PWD_P52": "203.0", "PWD_P53": "213.8", "PWD_P54": "225.1", "PWD_P55": "238.7", "PWD_P56": "251.6", "PWD_P57": "263.9", "PWD_P58": "276.5", "PWD_P59": "290.3", "PWD_P60": "306.6", "PWD_P61": "329.9", "PWD_P62": "353.3", "PWD_P63": "375.1", "PWD_P64": "398.5", "PWD_P65": "430.7", "PWD_P66": "474.0", "PWD_P67": "526.3", "PWD_P68": "584.2", "PWD_P69": "634.6", "PWD_P70": "679.4", "PWD_P71": "733.9", "PWD_P72": "786.4", "PWD_P73": "839.5", "PWD_P74": "899.4", "PWD_P75": "965.5", "PWD_P76": "1045.1", "PWD_P77": "1150.3", "PWD_P78": "1283.5", "PWD_P79": "1441.2", "PWD_P80": "1758.3", "PWD_P81": "2086.0", "PWD_P82": "2324.2", "PWD_P83": "2526.9", "PWD_P84": "2843.2", "PWD_P85": "3389.4", "PWD_P86": "4313.3", "PWD_P87": "5090.3", "PWD_P88": "5478.6", "PWD_P89": "5738.6", "PWD_P90": "5979.6", "PWD_P91": "6228.0", "PWD_P92": "6461.4", "PWD_P93": "6657.3", "PWD_P94": "6856.1", "PWD_P95": "7054.1", "PWD_P96": "7318.5", "PWD_P97": "7879.8", "PWD_P98": "8548.5", "PWD_P99": "9476.9", "PWD_P100": "11161.4" }, "geometry": { "type": "Point", "coordinates": [ 1.068732261657715, 7.768200397491455 ] } },
{ "type": "Feature", "id": 210, "properties": { "lon": -171.83833312988281, "lat": -9.0322723388671875, "year": "2000", "ISO": "TKL", "ISO_No": "772", "Name": "Tokelau", "PWC_Lat": "-9.03227233886719", "PWC_Lon": "-171.838333129883", "Pop": "1550", "Density": "65.4", "Area": "23.7", "PWD_A": "68.2", "PWD_G": "66.8", "PWD_M": "67.7", "PWD_P1": "40.4", "PWD_P2": "41.9", "PWD_P3": "48.2", "PWD_P4": "49.2", "PWD_P5": "49.9", "PWD_P6": "50.5", "PWD_P7": "51.0", "PWD_P8": "51.6", "PWD_P9": "51.9", "PWD_P10": "52.2", "PWD_P11": "52.4", "PWD_P12": "52.9", "PWD_P13": "53.1", "PWD_P14": "53.3", "PWD_P15": "53.5", "PWD_P16": "53.8", "PWD_P17": "54.0", "PWD_P18": "54.1", "PWD_P19": "54.3", "PWD_P20": "54.5", "PWD_P21": "54.7", "PWD_P22": "55.3", "PWD_P23": "55.7", "PWD_P24": "55.8", "PWD_P25": "56.0", "PWD_P26": "56.1", "PWD_P27": "56.2", "PWD_P28": "56.3", "PWD_P29": "56.4", "PWD_P30": "56.7", "PWD_P31": "57.4", "PWD_P32": "58.0", "PWD_P33": "59.1", "PWD_P34": "59.7", "PWD_P35": "60.5", "PWD_P36": "60.9", "PWD_P37": "62.0", "PWD_P38": "62.9", "PWD_P39": "63.8", "PWD_P40": "64.2", "PWD_P41": "64.6", "PWD_P42": "64.8", "PWD_P43": "65.4", "PWD_P44": "65.9", "PWD_P45": "66.2", "PWD_P46": "66.8", "PWD_P47": "67.2", "PWD_P48": "67.5", "PWD_P49": "67.7", "PWD_P50": "67.7", "PWD_P51": "67.8", "PWD_P52": "68.0", "PWD_P53": "68.3", "PWD_P54": "68.6", "PWD_P55": "69.0", "PWD_P56": "69.3", "PWD_P57": "69.7", "PWD_P58": "69.9", "PWD_P59": "70.2", "PWD_P60": "70.4", "PWD_P61": "70.5", "PWD_P62": "70.6", "PWD_P63": "70.8", "PWD_P64": "71.4", "PWD_P65": "72.0", "PWD_P66": "72.8", "PWD_P67": "73.2", "PWD_P68": "73.4", "PWD_P69": "74.0", "PWD_P70": "75.3", "PWD_P71": "76.6", "PWD_P72": "77.8", "PWD_P73": "78.8", "PWD_P74": "80.0", "PWD_P75": "81.1", "PWD_P76": "82.1", "PWD_P77": "82.7", "PWD_P78": "83.6", "PWD_P79": "84.1", "PWD_P80": "84.4", "PWD_P81": "84.4", "PWD_P82": "84.7", "PWD_P83": "84.8", "PWD_P84": "85.3", "PWD_P85": "85.6", "PWD_P86": "85.7", "PWD_P87": "85.8", "PWD_P88": "86.2", "PWD_P89": "86.6", "PWD_P90": "87.1", "PWD_P91": "87.4", "PWD_P92": "87.7", "PWD_P93": "87.9", "PWD_P94": "88.4", "PWD_P95": "89.4", "PWD_P96": "90.7", "PWD_P97": "92.1", "PWD_P98": "93.2", "PWD_P99": "94.9", "PWD_P100": "96.8" }, "geometry": { "type": "Point", "coordinates": [ -171.838333129882812, -9.032272338867188 ] } },
{ "type": "Feature", "id": 211, "properties": { "lon": -174.9437255859375, "lat": -20.49525260925293, "year": "2000", "ISO": "TON", "ISO_No": "776", "Name": "Tonga", "PWC_Lat": "-20.4952526092529", "PWC_Lon": "-174.943725585938", "Pop": "97962", "Density": "124.8", "Area": "784.7", "PWD_A": "303.8", "PWD_G": "213.4", "PWD_M": "245.9", "PWD_P1": "18.4", "PWD_P2": "21.6", "PWD_P3": "24.9", "PWD_P4": "28.9", "PWD_P5": "32.5", "PWD_P6": "36.0", "PWD_P7": "39.3", "PWD_P8": "42.6", "PWD_P9": "46.4", "PWD_P10": "51.4", "PWD_P11": "56.7", "PWD_P12": "61.3", "PWD_P13": "66.6", "PWD_P14": "72.0", "PWD_P15": "76.3", "PWD_P16": "80.5", "PWD_P17": "84.7", "PWD_P18": "89.0", "PWD_P19": "92.6", "PWD_P20": "96.5", "PWD_P21": "100.7", "PWD_P22": "104.8", "PWD_P23": "108.9", "PWD_P24": "113.1", "PWD_P25": "117.5", "PWD_P26": "121.8", "PWD_P27": "126.2", "PWD_P28": "130.6", "PWD_P29": "134.8", "PWD_P30": "138.7", "PWD_P31": "142.8", "PWD_P32": "146.9", "PWD_P33": "151.2", "PWD_P34": "155.7", "PWD_P35": "160.3", "PWD_P36": "165.6", "PWD_P37": "171.1", "PWD_P38": "176.3", "PWD_P39": "181.4", "PWD_P40": "186.9", "PWD_P41": "192.4", "PWD_P42": "198.4", "PWD_P43": "204.3", "PWD_P44": "209.7", "PWD_P45": "215.2", "PWD_P46": "220.5", "PWD_P47": "226.4", "PWD_P48": "232.9", "PWD_P49": "239.2", "PWD_P50": "245.9", "PWD_P51": "253.0", "PWD_P52": "260.2", "PWD_P53": "269.1", "PWD_P54": "278.2", "PWD_P55": "287.6", "PWD_P56": "296.5", "PWD_P57": "304.7", "PWD_P58": "313.3", "PWD_P59": "323.1", "PWD_P60": "332.2", "PWD_P61": "341.7", "PWD_P62": "352.5", "PWD_P63": "363.3", "PWD_P64": "374.5", "PWD_P65": "386.0", "PWD_P66": "397.6", "PWD_P67": "409.2", "PWD_P68": "421.4", "PWD_P69": "433.0", "PWD_P70": "445.3", "PWD_P71": "454.4", "PWD_P72": "466.4", "PWD_P73": "476.1", "PWD_P74": "484.9", "PWD_P75": "492.8", "PWD_P76": "501.0", "PWD_P77": "507.7", "PWD_P78": "515.7", "PWD_P79": "524.8", "PWD_P80": "533.3", "PWD_P81": "541.3", "PWD_P82": "551.0", "PWD_P83": "559.0", "PWD_P84": "567.6", "PWD_P85": "575.6", "PWD_P86": "583.2", "PWD_P87": "590.7", "PWD_P88": "599.3", "PWD_P89": "608.8", "PWD_P90": "618.6", "PWD_P91": "630.0", "PWD_P92": "645.2", "PWD_P93": "657.5", "PWD_P94": "671.0", "PWD_P95": "687.7", "PWD_P96": "703.4", "PWD_P97": "720.4", "PWD_P98": "740.1", "PWD_P99": "769.4", "PWD_P100": "918.3" }, "geometry": { "type": "Point", "coordinates": [ -174.9437255859375, -20.49525260925293 ] } },
{ "type": "Feature", "id": 212, "properties": { "lon": -61.381160736083984, "lat": 10.518337249755859, "year": "2000", "ISO": "TTO", "ISO_No": "780", "Name": "Trinidad and Tobago", "PWC_Lat": "10.5183372497559", "PWC_Lon": "-61.381160736084", "Pop": "1267159", "Density": "243.0", "Area": "5215.6", "PWD_A": "1094.1", "PWD_G": "623.8", "PWD_M": "760.1", "PWD_P1": "21.5", "PWD_P2": "31.1", "PWD_P3": "39.5", "PWD_P4": "48.8", "PWD_P5": "58.2", "PWD_P6": "67.2", "PWD_P7": "77.4", "PWD_P8": "88.3", "PWD_P9": "99.4", "PWD_P10": "112.1", "PWD_P11": "123.4", "PWD_P12": "134.6", "PWD_P13": "147.3", "PWD_P14": "160.0", "PWD_P15": "172.8", "PWD_P16": "185.6", "PWD_P17": "198.1", "PWD_P18": "210.0", "PWD_P19": "221.4", "PWD_P20": "233.0", "PWD_P21": "245.2", "PWD_P22": "257.8", "PWD_P23": "270.6", "PWD_P24": "284.5", "PWD_P25": "298.1", "PWD_P26": "312.9", "PWD_P27": "328.0", "PWD_P28": "343.1", "PWD_P29": "358.3", "PWD_P30": "373.2", "PWD_P31": "388.2", "PWD_P32": "403.8", "PWD_P33": "419.0", "PWD_P34": "434.2", "PWD_P35": "448.2", "PWD_P36": "463.1", "PWD_P37": "478.6", "PWD_P38": "493.5", "PWD_P39": "510.1", "PWD_P40": "527.4", "PWD_P41": "546.1", "PWD_P42": "565.5", "PWD_P43": "586.1", "PWD_P44": "607.8", "PWD_P45": "631.5", "PWD_P46": "656.8", "PWD_P47": "682.4", "PWD_P48": "709.0", "PWD_P49": "734.9", "PWD_P50": "760.1", "PWD_P51": "784.0", "PWD_P52": "807.5", "PWD_P53": "831.1", "PWD_P54": "853.9", "PWD_P55": "877.3", "PWD_P56": "901.8", "PWD_P57": "926.7", "PWD_P58": "954.5", "PWD_P59": "985.4", "PWD_P60": "1015.3", "PWD_P61": "1045.8", "PWD_P62": "1079.9", "PWD_P63": "1116.1", "PWD_P64": "1154.3", "PWD_P65": "1190.6", "PWD_P66": "1228.0", "PWD_P67": "1266.8", "PWD_P68": "1304.7", "PWD_P69": "1341.3", "PWD_P70": "1376.7", "PWD_P71": "1412.4", "PWD_P72": "1447.1", "PWD_P73": "1484.8", "PWD_P74": "1524.2", "PWD_P75": "1568.3", "PWD_P76": "1613.3", "PWD_P77": "1658.2", "PWD_P78": "1703.8", "PWD_P79": "1756.4", "PWD_P80": "1813.8", "PWD_P81": "1882.0", "PWD_P82": "1971.6", "PWD_P83": "2072.9", "PWD_P84": "2170.5", "PWD_P85": "2265.0", "PWD_P86": "2356.5", "PWD_P87": "2438.3", "PWD_P88": "2513.5", "PWD_P89": "2591.8", "PWD_P90": "2681.2", "PWD_P91": "2800.8", "PWD_P92": "2911.2", "PWD_P93": "3007.4", "PWD_P94": "3127.7", "PWD_P95": "3261.7", "PWD_P96": "3393.9", "PWD_P97": "3770.6", "PWD_P98": "4015.3", "PWD_P99": "4312.2", "PWD_P100": "4913.0" }, "geometry": { "type": "Point", "coordinates": [ -61.381160736083984, 10.518337249755859 ] } },
{ "type": "Feature", "id": 213, "properties": { "lon": 55.273059844970703, "lat": 24.887462615966797, "year": "2000", "ISO": "ARE", "ISO_No": "784", "Name": "United Arab Emirates", "PWC_Lat": "24.8874626159668", "PWC_Lon": "55.2730598449707", "Pop": "3134066", "Density": "39.4", "Area": "79590.0", "PWD_A": "397.8", "PWD_G": "231.6", "PWD_M": "310.0", "PWD_P1": "2.2", "PWD_P2": "5.5", "PWD_P3": "8.9", "PWD_P4": "12.6", "PWD_P5": "16.3", "PWD_P6": "20.0", "PWD_P7": "23.7", "PWD_P8": "27.7", "PWD_P9": "32.7", "PWD_P10": "37.5", "PWD_P11": "42.3", "PWD_P12": "47.3", "PWD_P13": "53.0", "PWD_P14": "59.2", "PWD_P15": "65.3", "PWD_P16": "70.9", "PWD_P17": "77.1", "PWD_P18": "83.5", "PWD_P19": "90.6", "PWD_P20": "97.8", "PWD_P21": "105.4", "PWD_P22": "112.7", "PWD_P23": "119.5", "PWD_P24": "126.3", "PWD_P25": "133.1", "PWD_P26": "140.5", "PWD_P27": "148.3", "PWD_P28": "155.7", "PWD_P29": "163.5", "PWD_P30": "170.7", "PWD_P31": "176.8", "PWD_P32": "182.7", "PWD_P33": "188.6", "PWD_P34": "193.9", "PWD_P35": "198.6", "PWD_P36": "203.3", "PWD_P37": "208.2", "PWD_P38": "214.3", "PWD_P39": "221.8", "PWD_P40": "229.9", "PWD_P41": "237.6", "PWD_P42": "245.9", "PWD_P43": "255.1", "PWD_P44": "264.0", "PWD_P45": "273.2", "PWD_P46": "281.4", "PWD_P47": "288.2", "PWD_P48": "294.6", "PWD_P49": "302.3", "PWD_P50": "310.0", "PWD_P51": "316.3", "PWD_P52": "322.4", "PWD_P53": "327.9", "PWD_P54": "334.2", "PWD_P55": "341.6", "PWD_P56": "350.1", "PWD_P57": "358.9", "PWD_P58": "366.4", "PWD_P59": "373.8", "PWD_P60": "380.2", "PWD_P61": "387.3", "PWD_P62": "397.0", "PWD_P63": "413.2", "PWD_P64": "435.8", "PWD_P65": "464.5", "PWD_P66": "489.9", "PWD_P67": "516.1", "PWD_P68": "534.5", "PWD_P69": "557.9", "PWD_P70": "583.7", "PWD_P71": "605.0", "PWD_P72": "620.4", "PWD_P73": "641.7", "PWD_P74": "660.5", "PWD_P75": "677.9", "PWD_P76": "697.0", "PWD_P77": "717.7", "PWD_P78": "738.3", "PWD_P79": "755.5", "PWD_P80": "771.3", "PWD_P81": "783.9", "PWD_P82": "794.2", "PWD_P83": "802.5", "PWD_P84": "810.1", "PWD_P85": "816.6", "PWD_P86": "824.3", "PWD_P87": "832.4", "PWD_P88": "840.7", "PWD_P89": "847.8", "PWD_P90": "856.0", "PWD_P91": "862.7", "PWD_P92": "872.3", "PWD_P93": "886.7", "PWD_P94": "903.3", "PWD_P95": "920.7", "PWD_P96": "968.2", "PWD_P97": "1050.5", "PWD_P98": "1101.7", "PWD_P99": "1206.8", "PWD_P100": "1325.7" }, "geometry": { "type": "Point", "coordinates": [ 55.273059844970703, 24.887462615966797 ] } },
{ "type": "Feature", "id": 214, "properties": { "lon": 9.9808444976806641, "lat": 35.759498596191406, "year": "2000", "ISO": "TUN", "ISO_No": "788", "Name": "Tunisia", "PWC_Lat": "35.7594985961914", "PWC_Lon": "9.98084449768066", "Pop": "9708346", "Density": "62.8", "Area": "154656.4", "PWD_A": "2345.1", "PWD_G": "466.4", "PWD_M": "466.8", "PWD_P1": "7.0", "PWD_P2": "11.6", "PWD_P3": "15.4", "PWD_P4": "18.8", "PWD_P5": "21.7", "PWD_P6": "24.5", "PWD_P7": "27.2", "PWD_P8": "29.9", "PWD_P9": "32.8", "PWD_P10": "35.7", "PWD_P11": "38.7", "PWD_P12": "41.7", "PWD_P13": "44.7", "PWD_P14": "47.7", "PWD_P15": "50.8", "PWD_P16": "53.9", "PWD_P17": "57.2", "PWD_P18": "60.6", "PWD_P19": "64.2", "PWD_P20": "68.0", "PWD_P21": "72.0", "PWD_P22": "76.1", "PWD_P23": "80.6", "PWD_P24": "85.2", "PWD_P25": "90.2", "PWD_P26": "95.6", "PWD_P27": "101.3", "PWD_P28": "107.5", "PWD_P29": "114.1", "PWD_P30": "121.0", "PWD_P31": "128.5", "PWD_P32": "136.7", "PWD_P33": "145.6", "PWD_P34": "155.2", "PWD_P35": "165.3", "PWD_P36": "176.4", "PWD_P37": "188.1", "PWD_P38": "200.7", "PWD_P39": "214.8", "PWD_P40": "229.4", "PWD_P41": "244.9", "PWD_P42": "262.5", "PWD_P43": "281.7", "PWD_P44": "302.5", "PWD_P45": "325.0", "PWD_P46": "349.0", "PWD_P47": "375.3", "PWD_P48": "403.8", "PWD_P49": "433.5", "PWD_P50": "466.8", "PWD_P51": "502.8", "PWD_P52": "541.0", "PWD_P53": "582.1", "PWD_P54": "626.4", "PWD_P55": "672.5", "PWD_P56": "720.3", "PWD_P57": "771.4", "PWD_P58": "826.9", "PWD_P59": "886.1", "PWD_P60": "948.1", "PWD_P61": "1015.4", "PWD_P62": "1090.3", "PWD_P63": "1169.6", "PWD_P64": "1249.8", "PWD_P65": "1331.1", "PWD_P66": "1417.7", "PWD_P67": "1508.2", "PWD_P68": "1603.0", "PWD_P69": "1700.9", "PWD_P70": "1802.1", "PWD_P71": "1904.3", "PWD_P72": "2008.5", "PWD_P73": "2117.9", "PWD_P74": "2232.7", "PWD_P75": "2356.6", "PWD_P76": "2497.1", "PWD_P77": "2653.6", "PWD_P78": "2821.6", "PWD_P79": "3009.2", "PWD_P80": "3213.3", "PWD_P81": "3440.1", "PWD_P82": "3689.5", "PWD_P83": "3960.4", "PWD_P84": "4247.4", "PWD_P85": "4556.6", "PWD_P86": "4883.9", "PWD_P87": "5257.6", "PWD_P88": "5682.3", "PWD_P89": "6078.2", "PWD_P90": "6555.9", "PWD_P91": "7052.0", "PWD_P92": "7583.7", "PWD_P93": "8219.0", "PWD_P94": "9333.5", "PWD_P95": "11121.6", "PWD_P96": "13021.5", "PWD_P97": "15242.1", "PWD_P98": "18298.3", "PWD_P99": "26961.1", "PWD_P100": "37829.0" }, "geometry": { "type": "Point", "coordinates": [ 9.980844497680664, 35.759498596191406 ] } },
{ "type": "Feature", "id": 215, "properties": { "lon": 33.196746826171875, "lat": 39.266925811767578, "year": "2000", "ISO": "TUR", "ISO_No": "792", "Name": "Turkey", "PWC_Lat": "39.2669258117676", "PWC_Lon": "33.1967468261719", "Pop": "63240196", "Density": "82.2", "Area": "769498.4", "PWD_A": "5037.3", "PWD_G": "661.3", "PWD_M": "699.0", "PWD_P1": "7.1", "PWD_P2": "9.4", "PWD_P3": "11.5", "PWD_P4": "13.6", "PWD_P5": "15.7", "PWD_P6": "17.9", "PWD_P7": "20.2", "PWD_P8": "22.8", "PWD_P9": "25.5", "PWD_P10": "28.5", "PWD_P11": "31.8", "PWD_P12": "35.2", "PWD_P13": "38.9", "PWD_P14": "42.8", "PWD_P15": "47.0", "PWD_P16": "51.4", "PWD_P17": "56.0", "PWD_P18": "60.9", "PWD_P19": "65.9", "PWD_P20": "71.3", "PWD_P21": "77.0", "PWD_P22": "83.0", "PWD_P23": "89.4", "PWD_P24": "96.3", "PWD_P25": "103.7", "PWD_P26": "111.6", "PWD_P27": "120.1", "PWD_P28": "129.3", "PWD_P29": "139.3", "PWD_P30": "150.0", "PWD_P31": "161.6", "PWD_P32": "174.1", "PWD_P33": "187.8", "PWD_P34": "202.5", "PWD_P35": "218.7", "PWD_P36": "236.2", "PWD_P37": "255.2", "PWD_P38": "275.7", "PWD_P39": "297.9", "PWD_P40": "322.0", "PWD_P41": "348.0", "PWD_P42": "376.6", "PWD_P43": "408.0", "PWD_P44": "441.5", "PWD_P45": "477.8", "PWD_P46": "516.1", "PWD_P47": "557.0", "PWD_P48": "600.8", "PWD_P49": "647.9", "PWD_P50": "699.0", "PWD_P51": "752.5", "PWD_P52": "808.2", "PWD_P53": "864.8", "PWD_P54": "924.8", "PWD_P55": "991.3", "PWD_P56": "1063.6", "PWD_P57": "1142.0", "PWD_P58": "1222.7", "PWD_P59": "1306.5", "PWD_P60": "1395.4", "PWD_P61": "1492.5", "PWD_P62": "1599.5", "PWD_P63": "1716.1", "PWD_P64": "1840.2", "PWD_P65": "1974.5", "PWD_P66": "2121.0", "PWD_P67": "2281.3", "PWD_P68": "2455.3", "PWD_P69": "2652.8", "PWD_P70": "2867.9", "PWD_P71": "3100.0", "PWD_P72": "3350.3", "PWD_P73": "3626.6", "PWD_P74": "3914.5", "PWD_P75": "4202.3", "PWD_P76": "4503.5", "PWD_P77": "4838.7", "PWD_P78": "5227.8", "PWD_P79": "5650.0", "PWD_P80": "6078.0", "PWD_P81": "6564.2", "PWD_P82": "7147.9", "PWD_P83": "7828.5", "PWD_P84": "8649.1", "PWD_P85": "9653.9", "PWD_P86": "10784.4", "PWD_P87": "11996.6", "PWD_P88": "13242.2", "PWD_P89": "14506.7", "PWD_P90": "15802.9", "PWD_P91": "17117.6", "PWD_P92": "18628.7", "PWD_P93": "20428.5", "PWD_P94": "22370.0", "PWD_P95": "24644.2", "PWD_P96": "27799.2", "PWD_P97": "32007.0", "PWD_P98": "36339.6", "PWD_P99": "54829.8", "PWD_P100": "121788.8" }, "geometry": { "type": "Point", "coordinates": [ 33.196746826171875, 39.266925811767578 ] } },
{ "type": "Feature", "id": 216, "properties": { "lon": 60.425609588623047, "lat": 38.873981475830078, "year": "2000", "ISO": "TKM", "ISO_No": "795", "Name": "Turkmenistan", "PWC_Lat": "38.8739814758301", "PWC_Lon": "60.425609588623", "Pop": "4516128", "Density": "9.7", "Area": "465110.9", "PWD_A": "679.0", "PWD_G": "100.7", "PWD_M": "140.6", "PWD_P1": "0.9", "PWD_P2": "1.1", "PWD_P3": "1.2", "PWD_P4": "1.3", "PWD_P5": "1.5", "PWD_P6": "1.7", "PWD_P7": "1.9", "PWD_P8": "2.1", "PWD_P9": "2.4", "PWD_P10": "2.8", "PWD_P11": "3.3", "PWD_P12": "3.8", "PWD_P13": "4.3", "PWD_P14": "5.0", "PWD_P15": "5.9", "PWD_P16": "6.9", "PWD_P17": "7.9", "PWD_P18": "8.9", "PWD_P19": "9.8", "PWD_P20": "10.8", "PWD_P21": "11.8", "PWD_P22": "13.2", "PWD_P23": "14.8", "PWD_P24": "17.1", "PWD_P25": "20.6", "PWD_P26": "26.7", "PWD_P27": "33.8", "PWD_P28": "40.1", "PWD_P29": "46.0", "PWD_P30": "51.1", "PWD_P31": "55.4", "PWD_P32": "59.1", "PWD_P33": "63.0", "PWD_P34": "66.6", "PWD_P35": "70.3", "PWD_P36": "74.0", "PWD_P37": "77.2", "PWD_P38": "80.6", "PWD_P39": "84.4", "PWD_P40": "88.2", "PWD_P41": "92.4", "PWD_P42": "96.7", "PWD_P43": "101.2", "PWD_P44": "105.9", "PWD_P45": "111.0", "PWD_P46": "116.4", "PWD_P47": "122.3", "PWD_P48": "128.1", "PWD_P49": "134.2", "PWD_P50": "140.6", "PWD_P51": "147.3", "PWD_P52": "153.8", "PWD_P53": "160.2", "PWD_P54": "166.9", "PWD_P55": "173.6", "PWD_P56": "179.9", "PWD_P57": "186.6", "PWD_P58": "193.4", "PWD_P59": "200.3", "PWD_P60": "207.9", "PWD_P61": "216.1", "PWD_P62": "224.6", "PWD_P63": "233.4", "PWD_P64": "242.3", "PWD_P65": "251.4", "PWD_P66": "261.0", "PWD_P67": "271.6", "PWD_P68": "282.4", "PWD_P69": "293.5", "PWD_P70": "305.7", "PWD_P71": "317.3", "PWD_P72": "329.4", "PWD_P73": "342.7", "PWD_P74": "358.2", "PWD_P75": "378.1", "PWD_P76": "401.1", "PWD_P77": "428.4", "PWD_P78": "455.7", "PWD_P79": "483.0", "PWD_P80": "512.0", "PWD_P81": "546.2", "PWD_P82": "582.1", "PWD_P83": "622.6", "PWD_P84": "667.6", "PWD_P85": "724.2", "PWD_P86": "789.6", "PWD_P87": "951.5", "PWD_P88": "3253.1", "PWD_P89": "3555.7", "PWD_P90": "3800.5", "PWD_P91": "3994.6", "PWD_P92": "4112.8", "PWD_P93": "4212.7", "PWD_P94": "4295.2", "PWD_P95": "4377.4", "PWD_P96": "4463.3", "PWD_P97": "4534.0", "PWD_P98": "4621.7", "PWD_P99": "4783.9", "PWD_P100": "5154.2" }, "geometry": { "type": "Point", "coordinates": [ 60.425609588623047, 38.873981475830078 ] } },
{ "type": "Feature", "id": 217, "properties": { "lon": -71.938491821289062, "lat": 21.709188461303711, "year": "2000", "ISO": "TCA", "ISO_No": "796", "Name": "Turks and Caicos Islands", "PWC_Lat": "21.7091884613037", "PWC_Lon": "-71.9384918212891", "Pop": "20171", "Density": "20.2", "Area": "999.1", "PWD_A": "450.0", "PWD_G": "192.2", "PWD_M": "271.4", "PWD_P1": "1.0", "PWD_P2": "3.4", "PWD_P3": "3.6", "PWD_P4": "4.2", "PWD_P5": "4.8", "PWD_P6": "7.1", "PWD_P7": "8.2", "PWD_P8": "9.5", "PWD_P9": "11.4", "PWD_P10": "13.2", "PWD_P11": "16.6", "PWD_P12": "19.5", "PWD_P13": "23.1", "PWD_P14": "28.3", "PWD_P15": "34.3", "PWD_P16": "40.1", "PWD_P17": "45.6", "PWD_P18": "52.0", "PWD_P19": "55.8", "PWD_P20": "61.3", "PWD_P21": "67.6", "PWD_P22": "73.4", "PWD_P23": "79.7", "PWD_P24": "87.0", "PWD_P25": "91.9", "PWD_P26": "95.6", "PWD_P27": "99.5", "PWD_P28": "105.0", "PWD_P29": "108.1", "PWD_P30": "112.2", "PWD_P31": "118.0", "PWD_P32": "123.0", "PWD_P33": "127.3", "PWD_P34": "132.1", "PWD_P35": "138.1", "PWD_P36": "146.0", "PWD_P37": "156.5", "PWD_P38": "167.0", "PWD_P39": "177.8", "PWD_P40": "187.7", "PWD_P41": "193.4", "PWD_P42": "201.6", "PWD_P43": "209.7", "PWD_P44": "219.6", "PWD_P45": "229.1", "PWD_P46": "240.2", "PWD_P47": "247.8", "PWD_P48": "256.2", "PWD_P49": "263.2", "PWD_P50": "271.4", "PWD_P51": "284.7", "PWD_P52": "296.6", "PWD_P53": "307.2", "PWD_P54": "315.7", "PWD_P55": "329.1", "PWD_P56": "344.5", "PWD_P57": "362.7", "PWD_P58": "381.0", "PWD_P59": "392.2", "PWD_P60": "402.7", "PWD_P61": "415.3", "PWD_P62": "423.3", "PWD_P63": "431.0", "PWD_P64": "439.0", "PWD_P65": "455.2", "PWD_P66": "482.3", "PWD_P67": "499.7", "PWD_P68": "516.8", "PWD_P69": "531.4", "PWD_P70": "547.4", "PWD_P71": "569.9", "PWD_P72": "589.1", "PWD_P73": "622.9", "PWD_P74": "647.9", "PWD_P75": "685.4", "PWD_P76": "726.7", "PWD_P77": "749.9", "PWD_P78": "786.8", "PWD_P79": "826.1", "PWD_P80": "865.2", "PWD_P81": "904.1", "PWD_P82": "928.3", "PWD_P83": "958.4", "PWD_P84": "983.7", "PWD_P85": "1010.0", "PWD_P86": "1035.9", "PWD_P87": "1066.8", "PWD_P88": "1090.0", "PWD_P89": "1127.0", "PWD_P90": "1222.6", "PWD_P91": "1319.3", "PWD_P92": "1360.1", "PWD_P93": "1386.1", "PWD_P94": "1417.7", "PWD_P95": "1428.3", "PWD_P96": "1478.9", "PWD_P97": "1523.3", "PWD_P98": "1659.0", "PWD_P99": "1746.0", "PWD_P100": "1977.7" }, "geometry": { "type": "Point", "coordinates": [ -71.938491821289062, 21.709188461303711 ] } },
{ "type": "Feature", "id": 218, "properties": { "lon": 178.43484497070312, "lat": -7.7541871070861816, "year": "2000", "ISO": "TUV", "ISO_No": "798", "Name": "Tuvalu", "PWC_Lat": "-7.75418710708618", "PWC_Lon": "178.434844970703", "Pop": "9391", "Density": "165.5", "Area": "56.8", "PWD_A": "3775.0", "PWD_G": "2503.7", "PWD_M": "3381.9", "PWD_P1": "41.6", "PWD_P2": "78.4", "PWD_P3": "150.0", "PWD_P4": "192.3", "PWD_P5": "247.8", "PWD_P6": "330.3", "PWD_P7": "443.3", "PWD_P8": "486.1", "PWD_P9": "543.1", "PWD_P10": "587.0", "PWD_P11": "655.7", "PWD_P12": "712.9", "PWD_P13": "772.7", "PWD_P14": "865.6", "PWD_P15": "942.6", "PWD_P16": "1049.0", "PWD_P17": "1102.4", "PWD_P18": "1180.2", "PWD_P19": "1220.3", "PWD_P20": "1292.8", "PWD_P21": "1347.5", "PWD_P22": "1446.1", "PWD_P23": "1488.2", "PWD_P24": "1507.7", "PWD_P25": "1550.3", "PWD_P26": "1595.7", "PWD_P27": "1671.8", "PWD_P28": "1695.8", "PWD_P29": "1770.0", "PWD_P30": "1797.6", "PWD_P31": "1845.0", "PWD_P32": "1902.3", "PWD_P33": "1966.6", "PWD_P34": "2065.6", "PWD_P35": "2123.6", "PWD_P36": "2182.6", "PWD_P37": "2225.9", "PWD_P38": "2282.4", "PWD_P39": "2314.4", "PWD_P40": "2450.5", "PWD_P41": "2587.4", "PWD_P42": "2715.5", "PWD_P43": "2858.8", "PWD_P44": "2907.3", "PWD_P45": "2969.8", "PWD_P46": "3077.9", "PWD_P47": "3129.0", "PWD_P48": "3219.8", "PWD_P49": "3303.0", "PWD_P50": "3381.9", "PWD_P51": "3408.1", "PWD_P52": "3440.0", "PWD_P53": "3521.9", "PWD_P54": "3576.1", "PWD_P55": "3613.9", "PWD_P56": "3675.9", "PWD_P57": "3849.0", "PWD_P58": "4018.8", "PWD_P59": "4064.6", "PWD_P60": "4123.5", "PWD_P61": "4135.6", "PWD_P62": "4210.7", "PWD_P63": "4319.4", "PWD_P64": "4356.2", "PWD_P65": "4484.5", "PWD_P66": "4577.1", "PWD_P67": "4665.9", "PWD_P68": "4775.6", "PWD_P69": "4797.3", "PWD_P70": "4896.1", "PWD_P71": "5011.1", "PWD_P72": "5118.6", "PWD_P73": "5153.6", "PWD_P74": "5231.2", "PWD_P75": "5257.4", "PWD_P76": "5280.8", "PWD_P77": "5388.3", "PWD_P78": "5461.1", "PWD_P79": "5537.5", "PWD_P80": "5670.7", "PWD_P81": "5743.9", "PWD_P82": "5939.6", "PWD_P83": "6087.6", "PWD_P84": "6398.7", "PWD_P85": "6424.2", "PWD_P86": "6653.8", "PWD_P87": "6947.3", "PWD_P88": "7095.1", "PWD_P89": "8176.3", "PWD_P90": "8597.5", "PWD_P91": "8719.2", "PWD_P92": "8896.3", "PWD_P93": "9204.2", "PWD_P94": "9298.0", "PWD_P95": "9460.7", "PWD_P96": "9532.1", "PWD_P97": "10252.0", "PWD_P98": "10665.0", "PWD_P99": "11525.4", "PWD_P100": "11525.4" }, "geometry": { "type": "Point", "coordinates": [ 178.434844970703125, -7.754187107086182 ] } },
{ "type": "Feature", "id": 219, "properties": { "lon": 32.203136444091797, "lat": 0.91233378648757935, "year": "2000", "ISO": "UGA", "ISO_No": "800", "Name": "Uganda", "PWC_Lat": "0.912333786487579", "PWC_Lon": "32.2031364440918", "Pop": "23650159", "Density": "114.8", "Area": "205957.8", "PWD_A": "845.9", "PWD_G": "264.2", "PWD_M": "224.6", "PWD_P1": "12.6", "PWD_P2": "19.3", "PWD_P3": "24.5", "PWD_P4": "29.6", "PWD_P5": "34.9", "PWD_P6": "39.9", "PWD_P7": "44.6", "PWD_P8": "49.1", "PWD_P9": "53.4", "PWD_P10": "57.6", "PWD_P11": "61.6", "PWD_P12": "65.6", "PWD_P13": "69.6", "PWD_P14": "73.5", "PWD_P15": "77.4", "PWD_P16": "81.3", "PWD_P17": "85.2", "PWD_P18": "89.0", "PWD_P19": "92.7", "PWD_P20": "96.3", "PWD_P21": "99.9", "PWD_P22": "103.4", "PWD_P23": "106.9", "PWD_P24": "110.4", "PWD_P25": "114.0", "PWD_P26": "117.5", "PWD_P27": "121.1", "PWD_P28": "124.9", "PWD_P29": "128.7", "PWD_P30": "132.5", "PWD_P31": "136.5", "PWD_P32": "140.6", "PWD_P33": "144.7", "PWD_P34": "149.0", "PWD_P35": "153.5", "PWD_P36": "157.9", "PWD_P37": "162.4", "PWD_P38": "166.8", "PWD_P39": "171.2", "PWD_P40": "175.6", "PWD_P41": "180.1", "PWD_P42": "184.8", "PWD_P43": "189.5", "PWD_P44": "194.4", "PWD_P45": "199.3", "PWD_P46": "204.3", "PWD_P47": "209.2", "PWD_P48": "214.2", "PWD_P49": "219.4", "PWD_P50": "224.6", "PWD_P51": "230.1", "PWD_P52": "235.6", "PWD_P53": "241.2", "PWD_P54": "246.8", "PWD_P55": "252.6", "PWD_P56": "258.6", "PWD_P57": "264.8", "PWD_P58": "271.2", "PWD_P59": "278.0", "PWD_P60": "285.0", "PWD_P61": "292.0", "PWD_P62": "299.3", "PWD_P63": "307.2", "PWD_P64": "315.4", "PWD_P65": "324.0", "PWD_P66": "333.3", "PWD_P67": "343.4", "PWD_P68": "354.5", "PWD_P69": "366.6", "PWD_P70": "379.8", "PWD_P71": "394.7", "PWD_P72": "411.7", "PWD_P73": "430.6", "PWD_P74": "451.4", "PWD_P75": "475.1", "PWD_P76": "501.1", "PWD_P77": "530.1", "PWD_P78": "564.0", "PWD_P79": "605.3", "PWD_P80": "654.0", "PWD_P81": "712.0", "PWD_P82": "777.0", "PWD_P83": "857.9", "PWD_P84": "949.5", "PWD_P85": "1049.1", "PWD_P86": "1170.9", "PWD_P87": "1313.0", "PWD_P88": "1473.4", "PWD_P89": "1683.8", "PWD_P90": "1971.1", "PWD_P91": "2345.3", "PWD_P92": "2899.2", "PWD_P93": "3538.8", "PWD_P94": "4129.7", "PWD_P95": "5091.4", "PWD_P96": "6214.3", "PWD_P97": "7829.0", "PWD_P98": "8675.0", "PWD_P99": "9663.2", "PWD_P100": "13547.0" }, "geometry": { "type": "Point", "coordinates": [ 32.203136444091797, 0.912333786487579 ] } },
{ "type": "Feature", "id": 220, "properties": { "lon": 31.74908447265625, "lat": 48.803070068359375, "year": "2000", "ISO": "UKR", "ISO_No": "804", "Name": "Ukraine", "PWC_Lat": "48.8030700683594", "PWC_Lon": "31.7490844726562", "Pop": "48838057", "Density": "83.4", "Area": "585934.3", "PWD_A": "2440.1", "PWD_G": "634.8", "PWD_M": "759.6", "PWD_P1": "4.8", "PWD_P2": "7.2", "PWD_P3": "10.1", "PWD_P4": "13.9", "PWD_P5": "18.8", "PWD_P6": "24.1", "PWD_P7": "29.3", "PWD_P8": "34.8", "PWD_P9": "40.3", "PWD_P10": "45.9", "PWD_P11": "51.6", "PWD_P12": "57.0", "PWD_P13": "62.4", "PWD_P14": "67.6", "PWD_P15": "72.8", "PWD_P16": "78.0", "PWD_P17": "83.2", "PWD_P18": "88.5", "PWD_P19": "94.0", "PWD_P20": "99.7", "PWD_P21": "105.7", "PWD_P22": "111.8", "PWD_P23": "118.1", "PWD_P24": "124.7", "PWD_P25": "131.7", "PWD_P26": "139.1", "PWD_P27": "147.0", "PWD_P28": "155.6", "PWD_P29": "164.6", "PWD_P30": "174.1", "PWD_P31": "184.1", "PWD_P32": "194.9", "PWD_P33": "206.5", "PWD_P34": "218.8", "PWD_P35": "232.2", "PWD_P36": "246.5", "PWD_P37": "262.1", "PWD_P38": "279.0", "PWD_P39": "297.5", "PWD_P40": "318.0", "PWD_P41": "340.7", "PWD_P42": "366.1", "PWD_P43": "394.8", "PWD_P44": "428.0", "PWD_P45": "465.7", "PWD_P46": "509.1", "PWD_P47": "559.9", "PWD_P48": "617.9", "PWD_P49": "683.6", "PWD_P50": "759.6", "PWD_P51": "845.4", "PWD_P52": "942.2", "PWD_P53": "1046.9", "PWD_P54": "1160.4", "PWD_P55": "1275.8", "PWD_P56": "1390.8", "PWD_P57": "1505.2", "PWD_P58": "1619.0", "PWD_P59": "1737.8", "PWD_P60": "1855.9", "PWD_P61": "1971.1", "PWD_P62": "2091.8", "PWD_P63": "2212.7", "PWD_P64": "2334.5", "PWD_P65": "2457.2", "PWD_P66": "2592.1", "PWD_P67": "2728.0", "PWD_P68": "2866.8", "PWD_P69": "3007.3", "PWD_P70": "3153.2", "PWD_P71": "3299.9", "PWD_P72": "3448.4", "PWD_P73": "3604.3", "PWD_P74": "3762.1", "PWD_P75": "3921.6", "PWD_P76": "4089.9", "PWD_P77": "4260.6", "PWD_P78": "4433.9", "PWD_P79": "4613.7", "PWD_P80": "4779.8", "PWD_P81": "4957.3", "PWD_P82": "5149.5", "PWD_P83": "5335.5", "PWD_P84": "5530.7", "PWD_P85": "5729.5", "PWD_P86": "5942.6", "PWD_P87": "6143.0", "PWD_P88": "6364.8", "PWD_P89": "6604.7", "PWD_P90": "6909.6", "PWD_P91": "7266.3", "PWD_P92": "7626.3", "PWD_P93": "8038.2", "PWD_P94": "8441.0", "PWD_P95": "8781.1", "PWD_P96": "9177.6", "PWD_P97": "9679.4", "PWD_P98": "10825.1", "PWD_P99": "15023.4", "PWD_P100": "41463.2" }, "geometry": { "type": "Point", "coordinates": [ 31.74908447265625, 48.803070068359375 ] } },
{ "type": "Feature", "id": 221, "properties": { "lon": 21.540491104125977, "lat": 41.727558135986328, "year": "2000", "ISO": "MKD", "ISO_No": "807", "Name": "Macedonia", "PWC_Lat": "41.7275581359863", "PWC_Lon": "21.540491104126", "Pop": "2034822", "Density": "83.7", "Area": "24310.0", "PWD_A": "575.8", "PWD_G": "243.8", "PWD_M": "257.9", "PWD_P1": "8.5", "PWD_P2": "12.2", "PWD_P3": "15.1", "PWD_P4": "17.4", "PWD_P5": "19.7", "PWD_P6": "22.0", "PWD_P7": "24.3", "PWD_P8": "26.5", "PWD_P9": "28.8", "PWD_P10": "31.4", "PWD_P11": "34.2", "PWD_P12": "37.2", "PWD_P13": "40.4", "PWD_P14": "43.7", "PWD_P15": "47.4", "PWD_P16": "51.6", "PWD_P17": "55.5", "PWD_P18": "60.1", "PWD_P19": "64.4", "PWD_P20": "69.0", "PWD_P21": "74.0", "PWD_P22": "78.7", "PWD_P23": "83.3", "PWD_P24": "88.1", "PWD_P25": "92.8", "PWD_P26": "97.6", "PWD_P27": "102.6", "PWD_P28": "108.0", "PWD_P29": "113.5", "PWD_P30": "118.8", "PWD_P31": "124.1", "PWD_P32": "129.5", "PWD_P33": "135.4", "PWD_P34": "141.7", "PWD_P35": "148.8", "PWD_P36": "155.6", "PWD_P37": "162.1", "PWD_P38": "168.3", "PWD_P39": "174.3", "PWD_P40": "180.4", "PWD_P41": "186.6", "PWD_P42": "193.0", "PWD_P43": "199.8", "PWD_P44": "207.1", "PWD_P45": "214.6", "PWD_P46": "222.5", "PWD_P47": "230.3", "PWD_P48": "238.6", "PWD_P49": "247.8", "PWD_P50": "257.9", "PWD_P51": "268.2", "PWD_P52": "278.3", "PWD_P53": "289.0", "PWD_P54": "300.7", "PWD_P55": "312.7", "PWD_P56": "324.7", "PWD_P57": "337.0", "PWD_P58": "350.2", "PWD_P59": "364.3", "PWD_P60": "378.4", "PWD_P61": "391.6", "PWD_P62": "406.3", "PWD_P63": "422.9", "PWD_P64": "441.1", "PWD_P65": "462.2", "PWD_P66": "483.9", "PWD_P67": "507.4", "PWD_P68": "529.1", "PWD_P69": "550.8", "PWD_P70": "571.5", "PWD_P71": "591.5", "PWD_P72": "616.8", "PWD_P73": "645.5", "PWD_P74": "680.9", "PWD_P75": "718.3", "PWD_P76": "755.8", "PWD_P77": "788.5", "PWD_P78": "821.2", "PWD_P79": "859.4", "PWD_P80": "905.3", "PWD_P81": "948.6", "PWD_P82": "982.8", "PWD_P83": "1020.5", "PWD_P84": "1061.8", "PWD_P85": "1130.2", "PWD_P86": "1204.5", "PWD_P87": "1338.4", "PWD_P88": "1575.2", "PWD_P89": "1760.1", "PWD_P90": "1909.3", "PWD_P91": "2050.8", "PWD_P92": "2181.4", "PWD_P93": "2295.9", "PWD_P94": "2382.6", "PWD_P95": "2505.2", "PWD_P96": "2605.7", "PWD_P97": "2691.5", "PWD_P98": "2795.6", "PWD_P99": "2891.6", "PWD_P100": "3235.9" }, "geometry": { "type": "Point", "coordinates": [ 21.540491104125977, 41.727558135986328 ] } },
{ "type": "Feature", "id": 222, "properties": { "lon": 31.230072021484375, "lat": 29.638343811035156, "year": "2000", "ISO": "EGY", "ISO_No": "818", "Name": "Egypt", "PWC_Lat": "29.6383438110352", "PWC_Lon": "31.2300720214844", "Pop": "68831560", "Density": "69.2", "Area": "994057.0", "PWD_A": "12111.5", "PWD_G": "3857.8", "PWD_M": "2882.5", "PWD_P1": "53.2", "PWD_P2": "167.3", "PWD_P3": "281.6", "PWD_P4": "372.0", "PWD_P5": "450.1", "PWD_P6": "522.9", "PWD_P7": "589.7", "PWD_P8": "651.7", "PWD_P9": "708.1", "PWD_P10": "759.7", "PWD_P11": "807.4", "PWD_P12": "851.3", "PWD_P13": "892.3", "PWD_P14": "931.7", "PWD_P15": "969.7", "PWD_P16": "1006.9", "PWD_P17": "1043.5", "PWD_P18": "1079.2", "PWD_P19": "1114.9", "PWD_P20": "1149.5", "PWD_P21": "1183.8", "PWD_P22": "1218.4", "PWD_P23": "1253.5", "PWD_P24": "1289.1", "PWD_P25": "1324.9", "PWD_P26": "1361.6", "PWD_P27": "1399.2", "PWD_P28": "1437.8", "PWD_P29": "1477.5", "PWD_P30": "1519.0", "PWD_P31": "1561.8", "PWD_P32": "1605.7", "PWD_P33": "1650.8", "PWD_P34": "1697.5", "PWD_P35": "1745.7", "PWD_P36": "1796.6", "PWD_P37": "1850.2", "PWD_P38": "1906.8", "PWD_P39": "1966.6", "PWD_P40": "2029.4", "PWD_P41": "2096.0", "PWD_P42": "2165.3", "PWD_P43": "2238.9", "PWD_P44": "2315.4", "PWD_P45": "2396.9", "PWD_P46": "2483.0", "PWD_P47": "2574.1", "PWD_P48": "2670.2", "PWD_P49": "2773.6", "PWD_P50": "2882.5", "PWD_P51": "3000.1", "PWD_P52": "3126.0", "PWD_P53": "3257.2", "PWD_P54": "3398.9", "PWD_P55": "3551.4", "PWD_P56": "3719.6", "PWD_P57": "3898.2", "PWD_P58": "4091.9", "PWD_P59": "4304.4", "PWD_P60": "4532.1", "PWD_P61": "4785.8", "PWD_P62": "5066.6", "PWD_P63": "5383.5", "PWD_P64": "5725.5", "PWD_P65": "6101.6", "PWD_P66": "6519.4", "PWD_P67": "6983.5", "PWD_P68": "7504.6", "PWD_P69": "8076.3", "PWD_P70": "8711.7", "PWD_P71": "9405.7", "PWD_P72": "10153.7", "PWD_P73": "10983.2", "PWD_P74": "11885.1", "PWD_P75": "12896.8", "PWD_P76": "13987.3", "PWD_P77": "15117.1", "PWD_P78": "16307.8", "PWD_P79": "17686.6", "PWD_P80": "19266.5", "PWD_P81": "20853.9", "PWD_P82": "22568.1", "PWD_P83": "24267.4", "PWD_P84": "26164.6", "PWD_P85": "28407.5", "PWD_P86": "30877.0", "PWD_P87": "33433.3", "PWD_P88": "36054.6", "PWD_P89": "38850.7", "PWD_P90": "41651.1", "PWD_P91": "44509.9", "PWD_P92": "47638.9", "PWD_P93": "51220.8", "PWD_P94": "55021.8", "PWD_P95": "58949.8", "PWD_P96": "63219.1", "PWD_P97": "67694.0", "PWD_P98": "74016.0", "PWD_P99": "84511.3", "PWD_P100": "121296.4" }, "geometry": { "type": "Point", "coordinates": [ 31.230072021484375, 29.638343811035156 ] } },
{ "type": "Feature", "id": 223, "properties": { "lon": -1.6889867782592773, "lat": 52.755603790283203, "year": "2000", "ISO": "GBR", "ISO_No": "826", "Name": "United Kingdom", "PWC_Lat": "52.7556037902832", "PWC_Lon": "-1.68898677825928", "Pop": "58923304", "Density": "243.0", "Area": "242450.8", "PWD_A": "5664.4", "PWD_G": "3069.4", "PWD_M": "4452.6", "PWD_P1": "17.8", "PWD_P2": "39.9", "PWD_P3": "63.8", "PWD_P4": "91.5", "PWD_P5": "125.3", "PWD_P6": "166.6", "PWD_P7": "216.7", "PWD_P8": "276.4", "PWD_P9": "346.3", "PWD_P10": "425.5", "PWD_P11": "513.8", "PWD_P12": "610.8", "PWD_P13": "717.5", "PWD_P14": "829.5", "PWD_P15": "945.9", "PWD_P16": "1063.8", "PWD_P17": "1183.3", "PWD_P18": "1303.0", "PWD_P19": "1422.4", "PWD_P20": "1540.6", "PWD_P21": "1656.2", "PWD_P22": "1770.4", "PWD_P23": "1881.3", "PWD_P24": "1990.7", "PWD_P25": "2099.0", "PWD_P26": "2205.6", "PWD_P27": "2309.8", "PWD_P28": "2411.8", "PWD_P29": "2512.2", "PWD_P30": "2609.7", "PWD_P31": "2707.7", "PWD_P32": "2804.3", "PWD_P33": "2899.0", "PWD_P34": "2993.3", "PWD_P35": "3085.9", "PWD_P36": "3178.3", "PWD_P37": "3270.5", "PWD_P38": "3364.2", "PWD_P39": "3455.7", "PWD_P40": "3546.7", "PWD_P41": "3637.3", "PWD_P42": "3728.0", "PWD_P43": "3819.3", "PWD_P44": "3909.3", "PWD_P45": "4000.6", "PWD_P46": "4090.7", "PWD_P47": "4181.1", "PWD_P48": "4271.1", "PWD_P49": "4361.3", "PWD_P50": "4452.6", "PWD_P51": "4544.1", "PWD_P52": "4636.1", "PWD_P53": "4728.8", "PWD_P54": "4821.7", "PWD_P55": "4915.5", "PWD_P56": "5012.1", "PWD_P57": "5109.3", "PWD_P58": "5207.1", "PWD_P59": "5306.5", "PWD_P60": "5408.5", "PWD_P61": "5511.7", "PWD_P62": "5614.8", "PWD_P63": "5722.2", "PWD_P64": "5830.9", "PWD_P65": "5941.0", "PWD_P66": "6053.3", "PWD_P67": "6170.9", "PWD_P68": "6290.9", "PWD_P69": "6411.9", "PWD_P70": "6540.1", "PWD_P71": "6668.8", "PWD_P72": "6804.1", "PWD_P73": "6944.0", "PWD_P74": "7090.7", "PWD_P75": "7241.5", "PWD_P76": "7400.1", "PWD_P77": "7568.3", "PWD_P78": "7743.0", "PWD_P79": "7924.4", "PWD_P80": "8120.1", "PWD_P81": "8327.4", "PWD_P82": "8552.7", "PWD_P83": "8794.0", "PWD_P84": "9057.6", "PWD_P85": "9341.4", "PWD_P86": "9643.6", "PWD_P87": "9977.8", "PWD_P88": "10359.5", "PWD_P89": "10795.1", "PWD_P90": "11289.2", "PWD_P91": "11851.3", "PWD_P92": "12475.8", "PWD_P93": "13262.2", "PWD_P94": "14174.4", "PWD_P95": "15339.7", "PWD_P96": "16803.4", "PWD_P97": "18849.3", "PWD_P98": "22181.2", "PWD_P99": "28821.4", "PWD_P100": "199824.7" }, "geometry": { "type": "Point", "coordinates": [ -1.688986778259277, 52.755603790283203 ] } },
{ "type": "Feature", "id": 224, "properties": { "lon": -4.5292525291442871, "lat": 54.185779571533203, "year": "2000", "ISO": "IMN", "ISO_No": "833", "Name": "Isle of Man", "PWC_Lat": "54.1857795715332", "PWC_Lon": "-4.52925252914429", "Pop": "76941", "Density": "131.8", "Area": "583.8", "PWD_A": "1878.1", "PWD_G": "925.3", "PWD_M": "2051.8", "PWD_P1": "8.1", "PWD_P2": "15.7", "PWD_P3": "24.5", "PWD_P4": "33.3", "PWD_P5": "40.5", "PWD_P6": "47.0", "PWD_P7": "54.1", "PWD_P8": "61.9", "PWD_P9": "69.8", "PWD_P10": "77.8", "PWD_P11": "87.5", "PWD_P12": "95.5", "PWD_P13": "104.9", "PWD_P14": "114.9", "PWD_P15": "126.1", "PWD_P16": "138.8", "PWD_P17": "151.3", "PWD_P18": "164.9", "PWD_P19": "178.9", "PWD_P20": "196.9", "PWD_P21": "218.0", "PWD_P22": "242.0", "PWD_P23": "269.2", "PWD_P24": "300.0", "PWD_P25": "333.3", "PWD_P26": "370.1", "PWD_P27": "411.5", "PWD_P28": "449.0", "PWD_P29": "501.1", "PWD_P30": "550.7", "PWD_P31": "610.2", "PWD_P32": "648.0", "PWD_P33": "692.4", "PWD_P34": "741.7", "PWD_P35": "795.6", "PWD_P36": "852.6", "PWD_P37": "914.4", "PWD_P38": "987.0", "PWD_P39": "1091.2", "PWD_P40": "1203.1", "PWD_P41": "1326.8", "PWD_P42": "1417.9", "PWD_P43": "1515.9", "PWD_P44": "1619.7", "PWD_P45": "1717.4", "PWD_P46": "1786.0", "PWD_P47": "1831.9", "PWD_P48": "1881.8", "PWD_P49": "1966.3", "PWD_P50": "2051.8", "PWD_P51": "2109.5", "PWD_P52": "2153.2", "PWD_P53": "2215.2", "PWD_P54": "2272.0", "PWD_P55": "2318.6", "PWD_P56": "2382.8", "PWD_P57": "2442.2", "PWD_P58": "2478.8", "PWD_P59": "2509.8", "PWD_P60": "2540.9", "PWD_P61": "2567.2", "PWD_P62": "2604.2", "PWD_P63": "2631.1", "PWD_P64": "2656.5", "PWD_P65": "2679.7", "PWD_P66": "2706.7", "PWD_P67": "2749.9", "PWD_P68": "2781.5", "PWD_P69": "2814.1", "PWD_P70": "2843.6", "PWD_P71": "2874.8", "PWD_P72": "2915.1", "PWD_P73": "2944.8", "PWD_P74": "2978.2", "PWD_P75": "3012.4", "PWD_P76": "3041.7", "PWD_P77": "3096.4", "PWD_P78": "3138.1", "PWD_P79": "3190.9", "PWD_P80": "3232.3", "PWD_P81": "3287.6", "PWD_P82": "3333.7", "PWD_P83": "3371.6", "PWD_P84": "3428.6", "PWD_P85": "3504.6", "PWD_P86": "3577.4", "PWD_P87": "3645.8", "PWD_P88": "3694.2", "PWD_P89": "3745.7", "PWD_P90": "3813.2", "PWD_P91": "3873.8", "PWD_P92": "3934.3", "PWD_P93": "3984.5", "PWD_P94": "4052.4", "PWD_P95": "4110.3", "PWD_P96": "4171.6", "PWD_P97": "4255.1", "PWD_P98": "4418.3", "PWD_P99": "4853.4", "PWD_P100": "5615.5" }, "geometry": { "type": "Point", "coordinates": [ -4.529252529144287, 54.185779571533203 ] } },
{ "type": "Feature", "id": 225, "properties": { "lon": 35.144691467285156, "lat": -5.5012059211730957, "year": "2000", "ISO": "TZA", "ISO_No": "834", "Name": "Tanzania", "PWC_Lat": "-5.5012059211731", "PWC_Lon": "35.1446914672852", "Pop": "33499177", "Density": "37.8", "Area": "885721.5", "PWD_A": "1096.6", "PWD_G": "161.4", "PWD_M": "111.8", "PWD_P1": "3.4", "PWD_P2": "5.9", "PWD_P3": "8.1", "PWD_P4": "10.2", "PWD_P5": "12.3", "PWD_P6": "14.3", "PWD_P7": "16.2", "PWD_P8": "18.1", "PWD_P9": "19.9", "PWD_P10": "21.8", "PWD_P11": "23.6", "PWD_P12": "25.3", "PWD_P13": "27.1", "PWD_P14": "28.8", "PWD_P15": "30.6", "PWD_P16": "32.3", "PWD_P17": "34.0", "PWD_P18": "35.7", "PWD_P19": "37.5", "PWD_P20": "39.2", "PWD_P21": "41.0", "PWD_P22": "42.8", "PWD_P23": "44.6", "PWD_P24": "46.4", "PWD_P25": "48.2", "PWD_P26": "50.0", "PWD_P27": "51.8", "PWD_P28": "53.7", "PWD_P29": "55.6", "PWD_P30": "57.6", "PWD_P31": "59.6", "PWD_P32": "61.7", "PWD_P33": "63.8", "PWD_P34": "65.9", "PWD_P35": "68.0", "PWD_P36": "70.3", "PWD_P37": "72.6", "PWD_P38": "75.0", "PWD_P39": "77.5", "PWD_P40": "80.1", "PWD_P41": "82.7", "PWD_P42": "85.4", "PWD_P43": "88.2", "PWD_P44": "91.0", "PWD_P45": "94.0", "PWD_P46": "97.2", "PWD_P47": "100.5", "PWD_P48": "104.1", "PWD_P49": "107.9", "PWD_P50": "111.8", "PWD_P51": "115.9", "PWD_P52": "120.3", "PWD_P53": "124.9", "PWD_P54": "129.8", "PWD_P55": "134.9", "PWD_P56": "140.3", "PWD_P57": "146.0", "PWD_P58": "152.0", "PWD_P59": "158.5", "PWD_P60": "165.4", "PWD_P61": "172.9", "PWD_P62": "181.2", "PWD_P63": "190.2", "PWD_P64": "200.1", "PWD_P65": "210.7", "PWD_P66": "222.4", "PWD_P67": "235.2", "PWD_P68": "249.5", "PWD_P69": "265.6", "PWD_P70": "283.3", "PWD_P71": "303.6", "PWD_P72": "327.0", "PWD_P73": "354.7", "PWD_P74": "387.0", "PWD_P75": "426.6", "PWD_P76": "473.7", "PWD_P77": "529.3", "PWD_P78": "594.6", "PWD_P79": "667.1", "PWD_P80": "748.7", "PWD_P81": "845.2", "PWD_P82": "960.0", "PWD_P83": "1097.2", "PWD_P84": "1263.7", "PWD_P85": "1473.1", "PWD_P86": "1716.7", "PWD_P87": "1978.5", "PWD_P88": "2271.1", "PWD_P89": "2619.2", "PWD_P90": "3045.9", "PWD_P91": "3540.9", "PWD_P92": "4158.7", "PWD_P93": "4934.9", "PWD_P94": "5845.7", "PWD_P95": "6870.1", "PWD_P96": "7953.3", "PWD_P97": "9254.5", "PWD_P98": "11555.8", "PWD_P99": "15117.6", "PWD_P100": "31148.2" }, "geometry": { "type": "Point", "coordinates": [ 35.144691467285156, -5.501205921173096 ] } },
{ "type": "Feature", "id": 226, "properties": { "lon": -1.9022043943405151, "lat": 12.288207054138184, "year": "2000", "ISO": "BFA", "ISO_No": "854", "Name": "Burkina Faso", "PWC_Lat": "12.2882070541382", "PWC_Lon": "-1.90220439434052", "Pop": "11607951", "Density": "42.2", "Area": "275140.0", "PWD_A": "268.0", "PWD_G": "77.5", "PWD_M": "61.0", "PWD_P1": "7.3", "PWD_P2": "9.8", "PWD_P3": "11.9", "PWD_P4": "13.6", "PWD_P5": "14.8", "PWD_P6": "16.0", "PWD_P7": "17.1", "PWD_P8": "18.1", "PWD_P9": "19.2", "PWD_P10": "20.2", "PWD_P11": "21.2", "PWD_P12": "22.2", "PWD_P13": "23.1", "PWD_P14": "24.0", "PWD_P15": "24.9", "PWD_P16": "25.8", "PWD_P17": "26.7", "PWD_P18": "27.6", "PWD_P19": "28.5", "PWD_P20": "29.4", "PWD_P21": "30.3", "PWD_P22": "31.2", "PWD_P23": "32.1", "PWD_P24": "33.0", "PWD_P25": "33.9", "PWD_P26": "34.8", "PWD_P27": "35.7", "PWD_P28": "36.5", "PWD_P29": "37.4", "PWD_P30": "38.4", "PWD_P31": "39.3", "PWD_P32": "40.3", "PWD_P33": "41.3", "PWD_P34": "42.3", "PWD_P35": "43.3", "PWD_P36": "44.4", "PWD_P37": "45.5", "PWD_P38": "46.6", "PWD_P39": "47.7", "PWD_P40": "48.8", "PWD_P41": "49.9", "PWD_P42": "51.0", "PWD_P43": "52.2", "PWD_P44": "53.4", "PWD_P45": "54.6", "PWD_P46": "55.8", "PWD_P47": "57.0", "PWD_P48": "58.3", "PWD_P49": "59.7", "PWD_P50": "61.0", "PWD_P51": "62.4", "PWD_P52": "63.8", "PWD_P53": "65.2", "PWD_P54": "66.7", "PWD_P55": "68.2", "PWD_P56": "69.7", "PWD_P57": "71.4", "PWD_P58": "73.1", "PWD_P59": "74.8", "PWD_P60": "76.7", "PWD_P61": "78.6", "PWD_P62": "80.6", "PWD_P63": "82.6", "PWD_P64": "84.9", "PWD_P65": "87.4", "PWD_P66": "89.9", "PWD_P67": "92.5", "PWD_P68": "95.3", "PWD_P69": "98.2", "PWD_P70": "101.2", "PWD_P71": "104.4", "PWD_P72": "107.9", "PWD_P73": "111.8", "PWD_P74": "115.9", "PWD_P75": "120.4", "PWD_P76": "125.4", "PWD_P77": "130.9", "PWD_P78": "137.1", "PWD_P79": "144.0", "PWD_P80": "151.5", "PWD_P81": "160.7", "PWD_P82": "171.4", "PWD_P83": "183.9", "PWD_P84": "201.0", "PWD_P85": "221.2", "PWD_P86": "248.5", "PWD_P87": "282.9", "PWD_P88": "324.1", "PWD_P89": "394.1", "PWD_P90": "541.3", "PWD_P91": "710.8", "PWD_P92": "980.5", "PWD_P93": "1546.8", "PWD_P94": "1950.5", "PWD_P95": "2268.2", "PWD_P96": "2483.4", "PWD_P97": "2569.5", "PWD_P98": "2687.3", "PWD_P99": "2807.7", "PWD_P100": "3177.0" }, "geometry": { "type": "Point", "coordinates": [ -1.902204394340515, 12.288207054138184 ] } },
{ "type": "Feature", "id": 227, "properties": { "lon": -56.225727081298828, "lat": -34.006542205810547, "year": "2000", "ISO": "URY", "ISO_No": "858", "Name": "Uruguay", "PWC_Lat": "-34.0065422058105", "PWC_Lon": "-56.2257270812988", "Pop": "3319734", "Density": "18.9", "Area": "175292.3", "PWD_A": "6508.5", "PWD_G": "3037.1", "PWD_M": "4775.6", "PWD_P1": "1.6", "PWD_P2": "4.3", "PWD_P3": "9.8", "PWD_P4": "21.3", "PWD_P5": "48.1", "PWD_P6": "114.9", "PWD_P7": "218.7", "PWD_P8": "335.1", "PWD_P9": "456.4", "PWD_P10": "570.9", "PWD_P11": "678.3", "PWD_P12": "782.0", "PWD_P13": "882.4", "PWD_P14": "980.6", "PWD_P15": "1076.3", "PWD_P16": "1173.1", "PWD_P17": "1269.8", "PWD_P18": "1370.8", "PWD_P19": "1469.6", "PWD_P20": "1568.0", "PWD_P21": "1668.5", "PWD_P22": "1769.1", "PWD_P23": "1870.2", "PWD_P24": "1967.3", "PWD_P25": "2061.0", "PWD_P26": "2160.1", "PWD_P27": "2257.4", "PWD_P28": "2350.3", "PWD_P29": "2448.7", "PWD_P30": "2542.3", "PWD_P31": "2635.1", "PWD_P32": "2736.4", "PWD_P33": "2839.7", "PWD_P34": "2946.1", "PWD_P35": "3053.5", "PWD_P36": "3165.6", "PWD_P37": "3274.2", "PWD_P38": "3384.5", "PWD_P39": "3495.1", "PWD_P40": "3611.3", "PWD_P41": "3726.8", "PWD_P42": "3845.4", "PWD_P43": "3957.7", "PWD_P44": "4066.8", "PWD_P45": "4177.1", "PWD_P46": "4293.3", "PWD_P47": "4408.6", "PWD_P48": "4529.2", "PWD_P49": "4652.7", "PWD_P50": "4775.6", "PWD_P51": "4894.7", "PWD_P52": "5013.9", "PWD_P53": "5134.3", "PWD_P54": "5252.8", "PWD_P55": "5364.0", "PWD_P56": "5479.3", "PWD_P57": "5588.1", "PWD_P58": "5703.3", "PWD_P59": "5818.8", "PWD_P60": "5942.4", "PWD_P61": "6061.0", "PWD_P62": "6190.1", "PWD_P63": "6312.3", "PWD_P64": "6443.9", "PWD_P65": "6581.4", "PWD_P66": "6722.7", "PWD_P67": "6868.3", "PWD_P68": "7029.3", "PWD_P69": "7178.6", "PWD_P70": "7347.4", "PWD_P71": "7515.1", "PWD_P72": "7692.4", "PWD_P73": "7880.4", "PWD_P74": "8079.1", "PWD_P75": "8326.5", "PWD_P76": "8550.5", "PWD_P77": "8782.4", "PWD_P78": "9028.2", "PWD_P79": "9309.3", "PWD_P80": "9576.6", "PWD_P81": "9861.3", "PWD_P82": "10144.1", "PWD_P83": "10437.5", "PWD_P84": "10765.0", "PWD_P85": "11204.1", "PWD_P86": "11659.9", "PWD_P87": "12141.1", "PWD_P88": "12664.6", "PWD_P89": "13272.8", "PWD_P90": "13947.2", "PWD_P91": "14834.7", "PWD_P92": "15852.8", "PWD_P93": "16746.3", "PWD_P94": "17769.2", "PWD_P95": "19095.3", "PWD_P96": "20981.9", "PWD_P97": "24400.4", "PWD_P98": "28116.1", "PWD_P99": "36009.4", "PWD_P100": "75049.1" }, "geometry": { "type": "Point", "coordinates": [ -56.225727081298828, -34.006542205810547 ] } },
{ "type": "Feature", "id": 228, "properties": { "lon": 67.705375671386719, "lat": 40.407993316650391, "year": "2000", "ISO": "UZB", "ISO_No": "860", "Name": "Uzbekistan", "PWC_Lat": "40.4079933166504", "PWC_Lon": "67.7053756713867", "Pop": "24769955", "Density": "57.9", "Area": "427492.6", "PWD_A": "1631.8", "PWD_G": "387.7", "PWD_M": "422.0", "PWD_P1": "2.4", "PWD_P2": "5.5", "PWD_P3": "9.8", "PWD_P4": "13.9", "PWD_P5": "17.9", "PWD_P6": "22.3", "PWD_P7": "28.7", "PWD_P8": "39.8", "PWD_P9": "58.7", "PWD_P10": "75.1", "PWD_P11": "86.3", "PWD_P12": "96.1", "PWD_P13": "104.5", "PWD_P14": "112.7", "PWD_P15": "120.9", "PWD_P16": "128.6", "PWD_P17": "136.3", "PWD_P18": "144.1", "PWD_P19": "152.0", "PWD_P20": "159.8", "PWD_P21": "167.7", "PWD_P22": "175.9", "PWD_P23": "184.0", "PWD_P24": "192.4", "PWD_P25": "200.9", "PWD_P26": "209.3", "PWD_P27": "217.6", "PWD_P28": "225.6", "PWD_P29": "233.5", "PWD_P30": "241.4", "PWD_P31": "249.4", "PWD_P32": "257.5", "PWD_P33": "265.7", "PWD_P34": "274.1", "PWD_P35": "282.5", "PWD_P36": "291.2", "PWD_P37": "300.1", "PWD_P38": "308.8", "PWD_P39": "317.4", "PWD_P40": "326.2", "PWD_P41": "335.6", "PWD_P42": "345.3", "PWD_P43": "354.8", "PWD_P44": "364.0", "PWD_P45": "373.4", "PWD_P46": "383.0", "PWD_P47": "392.7", "PWD_P48": "402.2", "PWD_P49": "411.9", "PWD_P50": "422.0", "PWD_P51": "432.5", "PWD_P52": "442.8", "PWD_P53": "453.2", "PWD_P54": "464.0", "PWD_P55": "475.7", "PWD_P56": "487.6", "PWD_P57": "500.0", "PWD_P58": "513.2", "PWD_P59": "527.3", "PWD_P60": "540.7", "PWD_P61": "553.9", "PWD_P62": "567.6", "PWD_P63": "581.5", "PWD_P64": "595.4", "PWD_P65": "609.4", "PWD_P66": "623.6", "PWD_P67": "637.5", "PWD_P68": "650.9", "PWD_P69": "665.0", "PWD_P70": "679.4", "PWD_P71": "694.0", "PWD_P72": "708.7", "PWD_P73": "724.1", "PWD_P74": "740.4", "PWD_P75": "757.5", "PWD_P76": "776.0", "PWD_P77": "794.6", "PWD_P78": "814.3", "PWD_P79": "834.7", "PWD_P80": "857.6", "PWD_P81": "881.4", "PWD_P82": "904.6", "PWD_P83": "930.1", "PWD_P84": "957.8", "PWD_P85": "987.8", "PWD_P86": "1025.1", "PWD_P87": "1075.3", "PWD_P88": "1124.4", "PWD_P89": "1185.3", "PWD_P90": "1253.8", "PWD_P91": "1380.8", "PWD_P92": "6378.9", "PWD_P93": "11071.7", "PWD_P94": "12721.1", "PWD_P95": "13625.6", "PWD_P96": "14440.3", "PWD_P97": "17025.0", "PWD_P98": "18261.4", "PWD_P99": "18989.8", "PWD_P100": "21105.5" }, "geometry": { "type": "Point", "coordinates": [ 67.705375671386719, 40.407993316650391 ] } },
{ "type": "Feature", "id": 229, "properties": { "lon": -67.972007751464844, "lat": 9.816441535949707, "year": "2000", "ISO": "VEN", "ISO_No": "862", "Name": "Venezuela", "PWC_Lat": "9.81644153594971", "PWC_Lon": "-67.9720077514648", "Pop": "24192449", "Density": "26.7", "Area": "905683.1", "PWD_A": "1860.1", "PWD_G": "524.1", "PWD_M": "850.4", "PWD_P1": "2.1", "PWD_P2": "3.6", "PWD_P3": "5.2", "PWD_P4": "7.3", "PWD_P5": "9.8", "PWD_P6": "12.4", "PWD_P7": "15.3", "PWD_P8": "18.4", "PWD_P9": "21.8", "PWD_P10": "25.5", "PWD_P11": "29.5", "PWD_P12": "33.5", "PWD_P13": "37.4", "PWD_P14": "41.4", "PWD_P15": "45.7", "PWD_P16": "50.2", "PWD_P17": "55.3", "PWD_P18": "60.7", "PWD_P19": "66.7", "PWD_P20": "73.3", "PWD_P21": "80.7", "PWD_P22": "88.9", "PWD_P23": "98.4", "PWD_P24": "109.0", "PWD_P25": "120.5", "PWD_P26": "133.3", "PWD_P27": "148.0", "PWD_P28": "164.5", "PWD_P29": "182.7", "PWD_P30": "202.3", "PWD_P31": "222.8", "PWD_P32": "244.1", "PWD_P33": "266.6", "PWD_P34": "291.7", "PWD_P35": "316.2", "PWD_P36": "341.7", "PWD_P37": "370.2", "PWD_P38": "399.7", "PWD_P39": "429.2", "PWD_P40": "459.6", "PWD_P41": "490.4", "PWD_P42": "522.4", "PWD_P43": "555.5", "PWD_P44": "590.6", "PWD_P45": "628.7", "PWD_P46": "670.6", "PWD_P47": "714.8", "PWD_P48": "760.1", "PWD_P49": "803.4", "PWD_P50": "850.4", "PWD_P51": "900.8", "PWD_P52": "956.5", "PWD_P53": "1011.6", "PWD_P54": "1065.8", "PWD_P55": "1120.9", "PWD_P56": "1179.6", "PWD_P57": "1244.4", "PWD_P58": "1312.3", "PWD_P59": "1378.4", "PWD_P60": "1454.7", "PWD_P61": "1535.9", "PWD_P62": "1624.5", "PWD_P63": "1730.9", "PWD_P64": "1830.5", "PWD_P65": "1930.7", "PWD_P66": "2025.1", "PWD_P67": "2118.4", "PWD_P68": "2203.7", "PWD_P69": "2290.7", "PWD_P70": "2383.0", "PWD_P71": "2481.8", "PWD_P72": "2586.6", "PWD_P73": "2697.6", "PWD_P74": "2827.6", "PWD_P75": "2952.4", "PWD_P76": "3081.8", "PWD_P77": "3220.6", "PWD_P78": "3354.1", "PWD_P79": "3480.3", "PWD_P80": "3601.2", "PWD_P81": "3714.4", "PWD_P82": "3841.9", "PWD_P83": "4000.5", "PWD_P84": "4176.0", "PWD_P85": "4373.2", "PWD_P86": "4635.6", "PWD_P87": "4982.4", "PWD_P88": "5292.9", "PWD_P89": "5551.6", "PWD_P90": "5747.0", "PWD_P91": "5889.2", "PWD_P92": "6029.6", "PWD_P93": "6187.3", "PWD_P94": "6381.8", "PWD_P95": "6653.0", "PWD_P96": "6958.3", "PWD_P97": "7302.4", "PWD_P98": "7792.1", "PWD_P99": "8367.5", "PWD_P100": "10417.6" }, "geometry": { "type": "Point", "coordinates": [ -67.972007751464844, 9.816441535949707 ] } },
{ "type": "Feature", "id": 230, "properties": { "lon": -176.85200500488281, "lat": -13.620816230773926, "year": "2000", "ISO": "WLF", "ISO_No": "876", "Name": "Wallis and Futuna", "PWC_Lat": "-13.6208162307739", "PWC_Lon": "-176.852005004883", "Pop": "14697", "Density": "96.1", "Area": "152.9", "PWD_A": "147.7", "PWD_G": "125.5", "PWD_M": "142.3", "PWD_P1": "13.9", "PWD_P2": "17.2", "PWD_P3": "24.4", "PWD_P4": "30.2", "PWD_P5": "39.7", "PWD_P6": "45.9", "PWD_P7": "50.4", "PWD_P8": "53.9", "PWD_P9": "56.6", "PWD_P10": "59.3", "PWD_P11": "61.6", "PWD_P12": "63.8", "PWD_P13": "66.2", "PWD_P14": "68.1", "PWD_P15": "69.7", "PWD_P16": "71.3", "PWD_P17": "73.1", "PWD_P18": "75.3", "PWD_P19": "77.2", "PWD_P20": "79.3", "PWD_P21": "81.5", "PWD_P22": "83.6", "PWD_P23": "85.4", "PWD_P24": "87.0", "PWD_P25": "88.6", "PWD_P26": "90.2", "PWD_P27": "91.8", "PWD_P28": "93.7", "PWD_P29": "95.4", "PWD_P30": "97.4", "PWD_P31": "99.6", "PWD_P32": "101.6", "PWD_P33": "103.6", "PWD_P34": "105.4", "PWD_P35": "107.3", "PWD_P36": "109.4", "PWD_P37": "111.7", "PWD_P38": "114.0", "PWD_P39": "116.2", "PWD_P40": "118.9", "PWD_P41": "121.0", "PWD_P42": "123.6", "PWD_P43": "125.8", "PWD_P44": "127.5", "PWD_P45": "129.9", "PWD_P46": "132.4", "PWD_P47": "134.7", "PWD_P48": "137.7", "PWD_P49": "139.9", "PWD_P50": "142.3", "PWD_P51": "144.5", "PWD_P52": "146.8", "PWD_P53": "149.4", "PWD_P54": "151.7", "PWD_P55": "154.0", "PWD_P56": "156.3", "PWD_P57": "158.5", "PWD_P58": "161.1", "PWD_P59": "163.3", "PWD_P60": "165.4", "PWD_P61": "167.1", "PWD_P62": "169.2", "PWD_P63": "170.5", "PWD_P64": "172.6", "PWD_P65": "174.5", "PWD_P66": "176.9", "PWD_P67": "179.4", "PWD_P68": "181.4", "PWD_P69": "183.8", "PWD_P70": "186.4", "PWD_P71": "189.3", "PWD_P72": "192.1", "PWD_P73": "194.3", "PWD_P74": "197.2", "PWD_P75": "199.7", "PWD_P76": "202.3", "PWD_P77": "204.9", "PWD_P78": "207.6", "PWD_P79": "210.1", "PWD_P80": "212.4", "PWD_P81": "214.9", "PWD_P82": "217.4", "PWD_P83": "220.2", "PWD_P84": "223.0", "PWD_P85": "225.6", "PWD_P86": "229.0", "PWD_P87": "233.5", "PWD_P88": "237.8", "PWD_P89": "243.6", "PWD_P90": "249.5", "PWD_P91": "255.0", "PWD_P92": "261.9", "PWD_P93": "268.0", "PWD_P94": "274.5", "PWD_P95": "284.3", "PWD_P96": "292.5", "PWD_P97": "300.2", "PWD_P98": "309.8", "PWD_P99": "322.8", "PWD_P100": "408.2" }, "geometry": { "type": "Point", "coordinates": [ -176.852005004882812, -13.620816230773926 ] } },
{ "type": "Feature", "id": 231, "properties": { "lon": -171.94708251953125, "lat": -13.8233642578125, "year": "2000", "ISO": "WSM", "ISO_No": "882", "Name": "Samoa", "PWC_Lat": "-13.8233642578125", "PWC_Lon": "-171.947082519531", "Pop": "174454", "Density": "60.4", "Area": "2889.7", "PWD_A": "253.0", "PWD_G": "134.3", "PWD_M": "123.4", "PWD_P1": "6.8", "PWD_P2": "9.7", "PWD_P3": "13.3", "PWD_P4": "15.3", "PWD_P5": "17.0", "PWD_P6": "18.5", "PWD_P7": "20.1", "PWD_P8": "21.9", "PWD_P9": "23.7", "PWD_P10": "25.9", "PWD_P11": "27.7", "PWD_P12": "29.4", "PWD_P13": "30.8", "PWD_P14": "32.1", "PWD_P15": "33.5", "PWD_P16": "35.1", "PWD_P17": "36.8", "PWD_P18": "38.8", "PWD_P19": "40.4", "PWD_P20": "42.2", "PWD_P21": "44.1", "PWD_P22": "46.2", "PWD_P23": "47.9", "PWD_P24": "49.7", "PWD_P25": "52.3", "PWD_P26": "55.4", "PWD_P27": "58.5", "PWD_P28": "61.1", "PWD_P29": "63.6", "PWD_P30": "65.5", "PWD_P31": "67.1", "PWD_P32": "68.9", "PWD_P33": "71.2", "PWD_P34": "74.1", "PWD_P35": "76.5", "PWD_P36": "78.7", "PWD_P37": "81.2", "PWD_P38": "83.2", "PWD_P39": "85.0", "PWD_P40": "87.3", "PWD_P41": "90.1", "PWD_P42": "93.2", "PWD_P43": "96.5", "PWD_P44": "99.5", "PWD_P45": "102.6", "PWD_P46": "107.5", "PWD_P47": "111.1", "PWD_P48": "114.7", "PWD_P49": "118.2", "PWD_P50": "123.4", "PWD_P51": "130.4", "PWD_P52": "144.4", "PWD_P53": "155.7", "PWD_P54": "162.5", "PWD_P55": "169.1", "PWD_P56": "176.4", "PWD_P57": "184.9", "PWD_P58": "193.6", "PWD_P59": "210.2", "PWD_P60": "229.9", "PWD_P61": "241.9", "PWD_P62": "248.4", "PWD_P63": "255.2", "PWD_P64": "268.3", "PWD_P65": "283.5", "PWD_P66": "298.4", "PWD_P67": "309.2", "PWD_P68": "317.5", "PWD_P69": "326.2", "PWD_P70": "333.1", "PWD_P71": "345.4", "PWD_P72": "364.5", "PWD_P73": "400.0", "PWD_P74": "456.7", "PWD_P75": "478.4", "PWD_P76": "497.9", "PWD_P77": "517.3", "PWD_P78": "532.1", "PWD_P79": "539.1", "PWD_P80": "545.0", "PWD_P81": "549.9", "PWD_P82": "555.4", "PWD_P83": "561.3", "PWD_P84": "568.3", "PWD_P85": "576.6", "PWD_P86": "584.6", "PWD_P87": "593.6", "PWD_P88": "603.4", "PWD_P89": "636.4", "PWD_P90": "697.3", "PWD_P91": "711.0", "PWD_P92": "723.5", "PWD_P93": "738.1", "PWD_P94": "747.8", "PWD_P95": "755.7", "PWD_P96": "761.6", "PWD_P97": "767.8", "PWD_P98": "774.0", "PWD_P99": "782.6", "PWD_P100": "818.5" }, "geometry": { "type": "Point", "coordinates": [ -171.94708251953125, -13.8233642578125 ] } },
{ "type": "Feature", "id": 232, "properties": { "lon": 44.426872253417969, "lat": 14.73021125793457, "year": "2000", "ISO": "YEM", "ISO_No": "887", "Name": "Yemen", "PWC_Lat": "14.7302112579346", "PWC_Lon": "44.426872253418", "Pop": "17409071", "Density": "38.4", "Area": "453940.1", "PWD_A": "1863.7", "PWD_G": "329.2", "PWD_M": "256.1", "PWD_P1": "3.7", "PWD_P2": "6.8", "PWD_P3": "9.8", "PWD_P4": "13.1", "PWD_P5": "17.1", "PWD_P6": "21.2", "PWD_P7": "25.6", "PWD_P8": "30.1", "PWD_P9": "34.7", "PWD_P10": "39.4", "PWD_P11": "44.4", "PWD_P12": "49.2", "PWD_P13": "53.8", "PWD_P14": "58.2", "PWD_P15": "62.4", "PWD_P16": "66.4", "PWD_P17": "70.3", "PWD_P18": "74.1", "PWD_P19": "78.1", "PWD_P20": "82.2", "PWD_P21": "86.2", "PWD_P22": "90.3", "PWD_P23": "94.5", "PWD_P24": "98.7", "PWD_P25": "102.8", "PWD_P26": "107.0", "PWD_P27": "111.1", "PWD_P28": "115.3", "PWD_P29": "119.6", "PWD_P30": "124.0", "PWD_P31": "128.3", "PWD_P32": "132.7", "PWD_P33": "137.3", "PWD_P34": "142.2", "PWD_P35": "147.1", "PWD_P36": "152.3", "PWD_P37": "157.7", "PWD_P38": "163.3", "PWD_P39": "169.1", "PWD_P40": "175.1", "PWD_P41": "181.3", "PWD_P42": "187.8", "PWD_P43": "194.4", "PWD_P44": "201.3", "PWD_P45": "208.6", "PWD_P46": "216.4", "PWD_P47": "225.2", "PWD_P48": "234.9", "PWD_P49": "245.2", "PWD_P50": "256.1", "PWD_P51": "267.9", "PWD_P52": "280.4", "PWD_P53": "293.9", "PWD_P54": "308.0", "PWD_P55": "322.7", "PWD_P56": "338.1", "PWD_P57": "354.3", "PWD_P58": "370.8", "PWD_P59": "387.5", "PWD_P60": "404.5", "PWD_P61": "421.9", "PWD_P62": "441.5", "PWD_P63": "462.2", "PWD_P64": "483.9", "PWD_P65": "506.5", "PWD_P66": "531.3", "PWD_P67": "558.4", "PWD_P68": "588.5", "PWD_P69": "622.9", "PWD_P70": "661.7", "PWD_P71": "703.6", "PWD_P72": "745.3", "PWD_P73": "791.5", "PWD_P74": "845.9", "PWD_P75": "911.4", "PWD_P76": "993.3", "PWD_P77": "1092.1", "PWD_P78": "1221.6", "PWD_P79": "1369.5", "PWD_P80": "1548.1", "PWD_P81": "1800.8", "PWD_P82": "2059.6", "PWD_P83": "2366.8", "PWD_P84": "2726.9", "PWD_P85": "3158.0", "PWD_P86": "3719.1", "PWD_P87": "4509.7", "PWD_P88": "5216.8", "PWD_P89": "5958.8", "PWD_P90": "6911.8", "PWD_P91": "7889.6", "PWD_P92": "8566.7", "PWD_P93": "9429.5", "PWD_P94": "10294.5", "PWD_P95": "11066.3", "PWD_P96": "11967.9", "PWD_P97": "13252.2", "PWD_P98": "15344.1", "PWD_P99": "20581.7", "PWD_P100": "39732.1" }, "geometry": { "type": "Point", "coordinates": [ 44.426872253417969, 14.73021125793457 ] } },
{ "type": "Feature", "id": 233, "properties": { "lon": 28.609066009521484, "lat": -13.598681449890137, "year": "2000", "ISO": "ZMB", "ISO_No": "894", "Name": "Zambia", "PWC_Lat": "-13.5986814498901", "PWC_Lon": "28.6090660095215", "Pop": "10415942", "Density": "14.1", "Area": "740053.9", "PWD_A": "632.1", "PWD_G": "64.7", "PWD_M": "37.8", "PWD_P1": "1.6", "PWD_P2": "2.1", "PWD_P3": "2.5", "PWD_P4": "2.9", "PWD_P5": "3.3", "PWD_P6": "3.7", "PWD_P7": "4.1", "PWD_P8": "4.5", "PWD_P9": "4.9", "PWD_P10": "5.3", "PWD_P11": "5.7", "PWD_P12": "6.1", "PWD_P13": "6.6", "PWD_P14": "7.0", "PWD_P15": "7.4", "PWD_P16": "7.9", "PWD_P17": "8.4", "PWD_P18": "8.9", "PWD_P19": "9.4", "PWD_P20": "10.0", "PWD_P21": "10.5", "PWD_P22": "11.1", "PWD_P23": "11.6", "PWD_P24": "12.2", "PWD_P25": "12.7", "PWD_P26": "13.2", "PWD_P27": "13.8", "PWD_P28": "14.3", "PWD_P29": "14.9", "PWD_P30": "15.5", "PWD_P31": "16.1", "PWD_P32": "16.7", "PWD_P33": "17.4", "PWD_P34": "18.1", "PWD_P35": "18.8", "PWD_P36": "19.6", "PWD_P37": "20.4", "PWD_P38": "21.2", "PWD_P39": "22.1", "PWD_P40": "23.0", "PWD_P41": "24.0", "PWD_P42": "25.0", "PWD_P43": "26.1", "PWD_P44": "27.3", "PWD_P45": "28.7", "PWD_P46": "30.2", "PWD_P47": "32.0", "PWD_P48": "33.9", "PWD_P49": "35.8", "PWD_P50": "37.8", "PWD_P51": "39.7", "PWD_P52": "41.7", "PWD_P53": "43.9", "PWD_P54": "46.1", "PWD_P55": "48.5", "PWD_P56": "51.0", "PWD_P57": "53.6", "PWD_P58": "56.2", "PWD_P59": "59.2", "PWD_P60": "62.3", "PWD_P61": "65.7", "PWD_P62": "69.4", "PWD_P63": "73.5", "PWD_P64": "78.1", "PWD_P65": "83.7", "PWD_P66": "91.4", "PWD_P67": "101.5", "PWD_P68": "116.0", "PWD_P69": "135.0", "PWD_P70": "157.8", "PWD_P71": "185.1", "PWD_P72": "215.8", "PWD_P73": "255.2", "PWD_P74": "301.5", "PWD_P75": "356.1", "PWD_P76": "420.6", "PWD_P77": "494.8", "PWD_P78": "575.6", "PWD_P79": "672.8", "PWD_P80": "782.4", "PWD_P81": "890.4", "PWD_P82": "995.7", "PWD_P83": "1107.1", "PWD_P84": "1243.9", "PWD_P85": "1358.3", "PWD_P86": "1489.4", "PWD_P87": "1706.7", "PWD_P88": "1968.3", "PWD_P89": "2225.0", "PWD_P90": "2442.8", "PWD_P91": "2589.4", "PWD_P92": "2735.0", "PWD_P93": "3008.0", "PWD_P94": "3471.3", "PWD_P95": "3776.9", "PWD_P96": "4089.2", "PWD_P97": "4869.9", "PWD_P98": "5939.6", "PWD_P99": "6931.3", "PWD_P100": "8783.6" }, "geometry": { "type": "Point", "coordinates": [ 28.609066009521484, -13.598681449890137 ] } }
]
}
